date,HUFL,HULL,MUFL,MULL,LUFL,LULL,OT
2016-07-01 00:00:00,41.13000106811523,12.480999946594238,36.5359992980957,9.354999542236328,4.423999786376953,1.3109999895095823,38.6619987487793
2016-07-01 01:00:00,37.52799987792969,10.13599967956543,33.93600082397461,7.532000064849853,4.434999942779541,1.2150000333786009,37.124000549316406
2016-07-01 02:00:00,37.946998596191406,11.309000015258787,35.33000183105469,9.006999969482422,2.0999999046325684,0.0,36.46500015258789
2016-07-01 03:00:00,38.95199966430664,11.895000457763672,35.54399871826172,9.435999870300291,3.380000114440918,1.2150000333786009,33.60850143432617
2016-07-01 04:00:00,38.11399841308594,11.47599983215332,35.40999984741211,9.623000144958496,2.0360000133514404,0.0,31.850500106811523
2016-07-01 05:00:00,36.77399826049805,10.973999977111816,34.928001403808594,9.248000144958496,2.0360000133514404,0.0,30.53199958801269
2016-07-01 06:00:00,39.0359992980957,11.810999870300291,37.15299987792969,10.07900047302246,2.0360000133514404,0.0,30.093000411987305
2016-07-01 07:00:00,39.37099838256836,11.309000015258787,36.5359992980957,9.409000396728516,2.068000078201294,0.0,29.87299919128418
2016-07-01 08:00:00,33.92599868774414,8.461000442504883,31.89900016784668,6.486999988555907,2.0150001049041752,0.0,29.65299987792969
2016-07-01 09:00:00,38.44900131225586,13.904999732971191,37.2869987487793,12.142999649047852,1.2690000534057615,0.0,29.21349906921387
2016-07-01 10:00:00,35.93600082397461,9.550000190734863,34.257999420166016,8.041999816894531,1.2690000534057615,0.0,27.45599937438965
2016-07-01 11:00:00,35.76900100708008,9.465999603271484,33.93600082397461,7.907999992370605,1.2690000534057615,0.0,27.45599937438965
2016-07-01 12:00:00,40.20899963378906,12.984000205993652,38.76100158691406,11.097999572753906,1.343000054359436,0.0,27.236499786376957
2016-07-01 13:00:00,37.025001525878906,11.895000457763672,35.73199844360352,10.427000045776367,1.3860000371932983,0.0,26.57699966430664
2016-07-01 14:00:00,39.95700073242188,13.319000244140623,38.573001861572266,11.418999671936035,1.2899999618530271,0.0,26.79700088500977
2016-07-01 15:00:00,40.29199981689453,13.487000465393065,39.055999755859375,11.875,1.2690000534057615,0.0,26.79700088500977
2016-07-01 16:00:00,40.87900161743164,13.56999969482422,39.45800018310547,11.847999572753904,1.493000030517578,0.0,26.79700088500977
2016-07-01 17:00:00,42.1349983215332,13.402999877929688,39.24399948120117,11.28499984741211,2.7079999446868896,0.0,26.57749938964844
2016-07-01 18:00:00,42.72200012207031,13.98900032043457,39.37799835205078,11.607000350952148,2.7079999446868896,0.0,26.57749938964844
2016-07-01 19:00:00,37.36100006103516,10.470999717712402,34.472000122070305,8.604999542236326,2.7079999446868896,0.0,26.13750076293945
2016-07-01 20:00:00,41.13000106811523,12.64900016784668,37.76900100708008,10.401000022888184,2.7079999446868896,0.0,26.13750076293945
2016-07-01 21:00:00,36.52299880981445,10.470999717712402,33.50699996948242,8.496999740600586,2.7079999446868896,0.0,25.69849967956543
2016-07-01 22:00:00,36.104000091552734,10.38700008392334,34.12400054931641,9.006999969482422,2.7079999446868896,0.0,25.917999267578125
2016-07-01 23:00:00,36.43899917602539,10.638999938964844,33.47999954223633,8.925999641418457,2.7079999446868896,0.0,25.917999267578125
2016-07-02 00:00:00,35.60100173950195,11.47599983215332,33.69499969482422,9.890999794006348,1.5349999666213991,0.0,25.917999267578125
2016-07-02 01:00:00,32.92100143432617,9.968000411987305,32.273998260498054,8.819000244140625,0.0,0.0,26.357500076293945
2016-07-02 02:00:00,31.32900047302246,9.550000190734863,30.3439998626709,8.496999740600586,0.0,0.0,26.13750076293945
2016-07-02 03:00:00,30.65900039672852,9.21399974822998,29.834999084472656,8.255999565124513,0.0,0.0,25.69849967956543
2016-07-02 04:00:00,30.82699966430664,9.130999565124512,29.75399971008301,8.015000343322754,1.2150000333786009,0.0,25.69849967956543
2016-07-02 05:00:00,29.48600006103516,8.293000221252441,28.54800033569336,7.1570000648498535,0.0,0.0,25.917999267578125
2016-07-02 06:00:00,30.072999954223643,7.454999923706055,28.68199920654297,6.111999988555907,1.2899999618530271,0.0,25.917999267578125
2016-07-02 07:00:00,33.088001251220696,8.711999893188478,30.961000442504893,7.0229997634887695,1.2580000162124634,0.0,25.917999267578125
2016-07-02 08:00:00,34.09400177001953,8.878999710083008,31.54999923706055,7.3979997634887695,2.483999967575073,0.0,25.478500366210927
2016-07-02 09:00:00,34.59600067138672,9.381999969482422,31.97900009155273,7.61299991607666,2.483999967575073,0.0,25.697999954223643
2016-07-02 10:00:00,29.82099914550781,8.125,27.50300025939941,6.620999813079834,2.483999967575073,0.0,25.917999267578125
2016-07-02 11:00:00,31.58099937438965,7.706999778747559,28.76300048828125,6.004000186920166,2.483999967575073,0.0,25.917999267578125
2016-07-02 12:00:00,30.57500076293945,7.203999996185303,27.95800018310547,5.789999961853027,2.483999967575073,0.0,26.13750076293945
2016-07-02 13:00:00,30.1560001373291,7.203999996185303,27.395000457763672,5.5219998359680185,2.483999967575073,0.0,26.357500076293945
2016-07-02 14:00:00,29.319000244140625,6.449999809265138,26.40399932861328,4.879000186920166,2.483999967575073,0.0,26.57749938964844
2016-07-02 15:00:00,30.90999984741211,7.454999923706055,27.82399940490723,5.736000061035156,2.483999967575073,0.0,27.45599937438965
2016-07-02 16:00:00,32.333999633789055,8.711999893188478,28.36000061035156,6.620999813079834,3.88100004196167,1.22599995136261,27.67600059509277
2016-07-02 17:00:00,32.16699981689453,7.706999778747559,28.36000061035156,5.736000061035156,3.763000011444092,0.0,28.11549949645996
2016-07-02 18:00:00,31.832000732421875,7.539000034332275,28.95000076293945,5.789999961853027,3.753000020980835,0.0,28.554500579833984
2016-07-02 19:00:00,32.250999450683594,8.293000221252441,27.82399940490723,5.978000164031982,3.753000020980835,1.22599995136261,28.77449989318848
2016-07-02 20:00:00,31.916000366210927,7.539000034332275,27.42200088500977,5.388000011444092,5.043000221252441,1.2369999885559082,29.653499603271484
2016-07-02 21:00:00,31.32900047302246,8.376999855041504,28.68199920654297,6.5939998626708975,3.6040000915527344,0.0,29.21349906921387
2016-07-02 22:00:00,36.104000091552734,9.550000190734863,32.514999389648445,7.1570000648498535,4.882999897003174,1.5889999866485596,27.89550018310547
2016-07-02 23:00:00,36.02000045776367,10.052000045776367,32.569000244140625,7.907999992370605,3.433000087738037,0.0,27.236499786376957
2016-07-03 00:00:00,36.35499954223633,9.968000411987305,32.514999389648445,7.827000141143799,3.433000087738037,0.0,27.675500869750977
2016-07-03 01:00:00,35.182998657226555,12.062999725341797,31.38999938964844,9.784000396728516,3.433000087738037,1.3220000267028809,28.554500579833984
2016-07-03 02:00:00,36.858001708984375,11.225000381469728,32.67599868774414,8.791999816894531,3.433000087738037,1.2369999885559082,28.554500579833984
2016-07-03 03:00:00,35.182998657226555,10.470999717712402,32.060001373291016,8.52400016784668,3.433000087738037,0.0,28.554500579833984
2016-07-03 04:00:00,32.16699981689453,8.878999710083008,28.708999633789062,6.915999889373777,3.433000087738037,0.0,28.11549949645996
2016-07-03 05:00:00,34.0099983215332,10.13599967956543,30.45100021362305,8.282999992370605,3.433000087738037,0.0,28.11549949645996
2016-07-03 06:00:00,34.17699813842773,10.220000267028809,32.30099868774414,8.899999618530273,1.9830000400543213,0.0,27.89550018310547
2016-07-03 07:00:00,32.75299835205078,8.963000297546387,29.5939998626709,7.077000141143799,3.1559998989105225,0.0,27.675500869750977
2016-07-03 08:00:00,32.417999267578125,8.878999710083008,29.4060001373291,7.130000114440918,3.1559998989105225,0.0,27.236499786376957
2016-07-03 09:00:00,29.56999969482422,10.722000122070312,27.34199905395508,9.56999969482422,3.1559998989105225,0.0,28.11549949645996
2016-07-03 10:00:00,34.512001037597656,12.062999725341797,30.98699951171875,9.99899959564209,3.1559998989105225,0.0,28.77400016784668
2016-07-03 11:00:00,33.590999603271484,11.392000198364258,29.9689998626709,9.32800006866455,3.1559998989105225,0.0,29.653499603271484
2016-07-03 12:00:00,35.518001556396484,12.815999984741213,32.03300094604492,10.722000122070312,3.1559998989105225,0.0,31.41150093078613
2016-07-03 13:00:00,35.685001373291016,13.152000427246096,33.13199996948242,11.071000099182127,3.1559998989105225,0.0,31.41150093078613
2016-07-03 14:00:00,33.84199905395508,12.480999946594238,30.61199951171875,10.401000022888184,3.0169999599456787,0.0,31.41150093078613
2016-07-03 15:00:00,32.669998168945305,12.314000129699709,29.86199951171875,10.29300022125244,3.0169999599456787,0.0,31.41150093078613
2016-07-03 16:00:00,34.09400177001953,12.314000129699709,31.06800079345703,10.29300022125244,3.0169999599456787,0.0,32.5099983215332
2016-07-03 17:00:00,40.459999084472656,14.324000358581545,36.8849983215332,11.847999572753904,3.0169999599456787,0.0,32.72949981689453
2016-07-03 18:00:00,40.29199981689453,13.654000282287598,37.04600143432617,11.5,3.0169999599456787,0.0,32.94900131225586
2016-07-03 19:00:00,35.60100173950195,11.392000198364258,32.72999954223633,9.354999542236328,2.5160000324249268,0.0,32.94900131225586
2016-07-03 20:00:00,37.36100006103516,11.644000053405762,34.097000122070305,9.48900032043457,3.92300009727478,0.0,31.850500106811523
2016-07-03 21:00:00,38.28200149536133,12.732999801635742,35.089000701904304,10.588000297546388,3.92300009727478,0.0,30.75200080871582
2016-07-03 22:00:00,38.198001861572266,13.067999839782717,34.365001678466804,10.560999870300291,3.92300009727478,1.246999979019165,29.87299919128418
2016-07-03 23:00:00,37.52799987792969,12.64900016784668,33.990001678466804,10.401000022888184,3.4219999313354488,0.0,29.43350028991699
2016-07-04 00:00:00,36.43899917602539,13.152000427246096,33.990001678466804,10.989999771118164,3.325999975204468,0.0,28.99399948120117
2016-07-04 01:00:00,37.36100006103516,13.56999969482422,35.4640007019043,11.982000350952148,2.0999999046325684,0.0,28.334999084472656
2016-07-04 02:00:00,31.2450008392334,10.220000267028809,29.351999282836918,8.819000244140625,1.940000057220459,0.0,28.77449989318848
2016-07-04 03:00:00,34.68000030517578,12.732999801635742,32.38100051879883,11.12399959564209,1.940000057220459,0.0,28.55500030517578
2016-07-04 04:00:00,31.16200065612793,11.5600004196167,29.13800048828125,9.595999717712402,1.919000029563904,0.0,28.55500030517578
2016-07-04 05:00:00,33.34000015258789,12.5649995803833,30.53199958801269,10.642000198364258,3.1879999637603764,0.0,28.334999084472656
2016-07-04 06:00:00,38.198001861572266,13.821999549865724,34.713001251220696,11.66100025177002,3.1879999637603764,0.0,27.89550018310547
2016-07-04 07:00:00,37.77899932861328,13.654000282287598,34.41899871826172,11.472999572753904,3.2090001106262207,0.0,27.67600059509277
2016-07-04 08:00:00,33.84199905395508,9.465999603271484,31.631000518798828,8.203000068664549,1.962000012397766,0.0,27.89550018310547
2016-07-04 09:00:00,35.93600082397461,11.47599983215332,34.01599884033203,9.890999794006348,1.962000012397766,0.0,28.99399948120117
2016-07-04 10:00:00,35.014999389648445,10.052000045776367,32.89099884033203,8.416999816894531,1.962000012397766,0.0,30.97150039672852
2016-07-04 11:00:00,38.28200149536133,12.64900016784668,36.027000427246094,10.722000122070312,1.962000012397766,0.0,32.50949859619141
2016-07-04 12:00:00,41.96799850463867,13.654000282287598,39.67300033569336,11.741000175476074,1.962000012397766,0.0,35.146499633789055
2016-07-04 13:00:00,40.459999084472656,13.487000465393065,38.49300003051758,11.579999923706056,1.962000012397766,0.0,36.46500015258789
2016-07-04 14:00:00,38.78499984741211,13.067999839782717,36.7509994506836,11.178000450134276,1.962000012397766,0.0,37.78350067138672
2016-07-04 15:00:00,39.790000915527344,12.39799976348877,37.823001861572266,10.614999771118164,1.962000012397766,0.0,37.34349822998047
2016-07-04 16:00:00,38.86800003051758,12.480999946594238,36.777000427246094,10.480999946594238,1.962000012397766,0.0,36.90449905395508
2016-07-04 17:00:00,39.62200164794922,12.39799976348877,36.9379997253418,10.213000297546388,1.962000012397766,0.0,33.827999114990234
2016-07-04 18:00:00,43.97800064086914,13.487000465393065,40.28900146484375,10.776000022888184,3.1879999637603764,0.0,32.94900131225586
2016-07-04 19:00:00,37.44400024414063,9.968000411987305,34.98199844360352,7.747000217437744,3.1879999637603764,0.0,33.16899871826172
2016-07-04 20:00:00,40.29199981689453,11.979000091552734,36.027000427246094,9.11400032043457,4.370999813079834,1.3109999895095823,32.72949981689453
2016-07-04 21:00:00,41.38100051879883,12.314000129699709,38.62699890136719,10.07900047302246,3.0920000076293945,0.0,32.070499420166016
2016-07-04 22:00:00,36.52299880981445,9.800999641418455,33.21200180053711,7.692999839782715,4.455999851226807,0.0,31.631000518798828
2016-07-04 23:00:00,37.025001525878906,10.805999755859377,33.077999114990234,8.604999542236326,4.446000099182129,1.246999979019165,31.631000518798828
2016-07-05 00:00:00,35.518001556396484,10.220000267028809,32.30099868774414,8.444000244140625,3.2090001106262207,0.0,31.41150093078613
2016-07-05 01:00:00,34.429000854492195,9.465999603271484,31.09499931335449,7.479000091552732,3.2090001106262207,0.0,30.97150039672852
2016-07-05 02:00:00,35.60100173950195,10.38700008392334,32.194000244140625,8.550999641418457,3.220000028610228,0.0,30.53249931335449
2016-07-05 03:00:00,37.025001525878906,11.644000053405762,34.28499984741211,9.729999542236328,3.220000028610228,0.0,28.99399948120117
2016-07-05 04:00:00,33.50699996948242,9.717000007629396,30.82699966430664,7.960999965667725,2.984999895095825,0.0,28.77449989318848
2016-07-05 05:00:00,35.60100173950195,10.220000267028809,32.54199981689453,8.444000244140625,2.984999895095825,0.0,29.43350028991699
2016-07-05 06:00:00,39.53799819946289,12.314000129699709,36.1879997253418,10.185999870300291,2.9749999046325684,0.0,30.09250068664551
2016-07-05 07:00:00,37.946998596191406,12.062999725341797,35.57099914550781,10.024999618530272,2.9749999046325684,0.0,31.19149971008301
2016-07-05 08:00:00,36.35499954223633,9.968000411987305,33.400001525878906,7.960999965667725,2.9749999046325684,0.0,31.631000518798828
2016-07-05 09:00:00,36.77399826049805,11.47599983215332,34.928001403808594,9.756999969482422,2.9749999046325684,0.0,31.631000518798828
2016-07-05 10:00:00,38.11399841308594,11.392000198364258,36.10699844360352,9.729999542236328,2.9749999046325684,0.0,33.388999938964844
2016-07-05 11:00:00,41.88399887084961,13.402999877929688,39.75299835205078,11.472999572753904,1.715999960899353,0.0,34.487499237060554
2016-07-05 12:00:00,42.1349983215332,13.56999969482422,40.50299835205078,11.66100025177002,1.715999960899353,0.0,34.047500610351555
2016-07-05 13:00:00,41.71599960327149,13.067999839782717,39.18999862670898,10.96399974822998,2.943000078201294,0.0,32.070499420166016
2016-07-05 14:00:00,39.37099838256836,11.5600004196167,36.24100112915039,9.48900032043457,2.943000078201294,0.0,30.97150039672852
2016-07-05 15:00:00,42.88899993896485,14.156999588012695,40.07500076293945,11.902000427246096,2.943000078201294,0.0,30.75200080871582
2016-07-05 16:00:00,39.11999893188477,12.815999984741213,36.24100112915039,10.668999671936035,2.943000078201294,0.0,31.850500106811523
2016-07-05 17:00:00,39.20299911499024,12.480999946594238,35.678001403808594,10.07900047302246,2.943000078201294,0.0,32.94900131225586
2016-07-05 18:00:00,40.54399871826172,13.319000244140623,36.7509994506836,10.829999923706056,4.2109999656677255,0.0,33.60850143432617
2016-07-05 19:00:00,34.763999938964844,9.633000373840332,31.54999923706055,7.532000064849853,2.996000051498413,0.0,33.388999938964844
2016-07-05 20:00:00,37.19300079345703,11.727999687194824,33.077999114990234,9.515999794006348,4.254000186920166,1.246999979019165,33.388999938964844
2016-07-05 21:00:00,39.2869987487793,12.39799976348877,35.11600112915039,9.864999771118164,4.190000057220459,1.3109999895095823,33.388999938964844
2016-07-05 22:00:00,36.35499954223633,11.810999870300291,33.90900039672852,9.890999794006348,2.9749999046325684,0.0,33.16899871826172
2016-07-05 23:00:00,40.04100036621094,12.39799976348877,37.2599983215332,10.427000045776367,2.9749999046325684,0.0,33.16899871826172
2016-07-06 00:00:00,37.44400024414063,11.47599983215332,34.44499969482422,9.435999870300291,2.9749999046325684,0.0,33.16899871826172
2016-07-06 01:00:00,40.20899963378906,12.5649995803833,36.13399887084961,9.91800022125244,4.190000057220459,1.2690000534057615,33.16899871826172
2016-07-06 02:00:00,38.44900131225586,11.979000091552734,35.54399871826172,9.91800022125244,2.815000057220459,0.0,32.949501037597656
2016-07-06 03:00:00,37.36100006103516,11.895000457763672,34.41899871826172,9.729999542236328,2.7079999446868896,0.0,32.949501037597656
2016-07-06 04:00:00,38.78499984741211,11.895000457763672,34.766998291015625,9.595999717712402,2.7079999446868896,0.0,32.72949981689453
2016-07-06 05:00:00,37.10900115966797,11.5600004196167,34.98199844360352,9.890999794006348,2.7720000743865967,0.0,32.72949981689453
2016-07-06 06:00:00,39.53799819946289,12.39799976348877,35.40999984741211,9.810999870300291,3.986999988555908,1.2150000333786009,32.72949981689453
2016-07-06 07:00:00,39.70600128173828,13.067999839782717,37.18000030517578,10.883000373840332,2.7720000743865967,0.0,32.5099983215332
2016-07-06 08:00:00,36.43899917602539,10.722000122070312,32.83700180053711,8.52400016784668,2.7720000743865967,0.0,32.290000915527344
2016-07-06 09:00:00,40.29199981689453,14.743000030517578,38.25199890136719,12.812999725341797,2.7720000743865967,0.0,32.50949859619141
2016-07-06 10:00:00,35.76900100708008,11.225000381469728,32.327999114990234,9.248000144958496,2.7720000743865967,0.0,32.72949981689453
2016-07-06 11:00:00,36.68999862670898,9.800999641418455,33.238998413085945,7.907999992370605,2.740000009536743,0.0,33.388500213623054
2016-07-06 12:00:00,36.60699844360352,10.973999977111816,34.257999420166016,9.381999969482422,2.740000009536743,0.0,34.487499237060554
2016-07-06 13:00:00,39.20299911499024,11.392000198364258,36.64300155639648,9.461999893188477,2.740000009536743,0.0,34.926498413085945
2016-07-06 14:00:00,38.617000579833984,10.722000122070312,35.597999572753906,8.604999542236326,2.740000009536743,0.0,35.36650085449219
2016-07-06 15:00:00,43.30799865722656,13.904999732971191,41.20000076293945,11.526000022888184,2.740000009536743,0.0,36.24549865722656
2016-07-06 16:00:00,46.57500076293945,15.161999702453612,43.02299880981445,12.357000350952148,2.740000009536743,0.0,33.827999114990234
2016-07-06 17:00:00,46.49100112915039,14.072999954223633,43.74700164794922,11.607000350952148,2.5160000324249268,0.0,33.388500213623054
2016-07-06 18:00:00,48.33399963378906,14.241000175476074,43.72000122070313,10.989999771118164,3.785000085830689,1.246999979019165,33.827999114990234
2016-07-06 19:00:00,42.97299957275391,10.805999755859377,38.573001861572266,8.095000267028809,3.6989998817443848,1.406999945640564,34.267501831054695
2016-07-06 20:00:00,46.90999984741211,13.067999839782717,42.24599838256836,9.890999794006348,3.816999912261963,1.2790000438690186,32.94900131225586
2016-07-06 21:00:00,46.74300003051758,14.241000175476074,44.04199981689453,11.71399974822998,2.9110000133514404,0.0,32.290000915527344
2016-07-06 22:00:00,43.81100082397461,12.899999618530272,39.13600158691406,9.810999870300291,4.125999927520752,1.2580000162124634,32.94900131225586
2016-07-06 23:00:00,43.72700119018555,13.067999839782717,39.83300018310547,10.37399959564209,3.9340000152587886,0.0,33.16899871826172
2016-07-07 00:00:00,40.04100036621094,11.979000091552734,37.01900100708008,9.70400047302246,3.9340000152587886,0.0,33.60850143432617
2016-07-07 01:00:00,40.71099853515625,11.979000091552734,37.2869987487793,9.381999969482422,3.816999912261963,0.0,33.60850143432617
2016-07-07 02:00:00,41.2140007019043,12.229999542236328,38.01100158691406,9.91800022125244,2.2709999084472656,0.0,33.60850143432617
2016-07-07 03:00:00,41.38100051879883,12.480999946594238,37.76900100708008,9.864999771118164,3.6459999084472656,0.0,32.949501037597656
2016-07-07 04:00:00,39.11999893188477,11.644000053405762,36.29499816894531,9.515999794006348,3.6459999084472656,0.0,32.949501037597656
2016-07-07 05:00:00,39.11999893188477,11.140999794006348,36.96500015258789,9.194000244140623,2.430999994277954,0.0,32.949501037597656
2016-07-07 06:00:00,42.80500030517578,12.732999801635742,40.31600189208984,10.560999870300291,2.430999994277954,0.0,33.16899871826172
2016-07-07 07:00:00,42.303001403808594,12.815999984741213,39.29700088500977,10.427000045776367,2.430999994277954,0.0,33.16899871826172
2016-07-07 08:00:00,38.53300094604492,10.805999755859377,36.402000427246094,9.006999969482422,2.430999994277954,0.0,33.60850143432617
2016-07-07 09:00:00,43.72700119018555,14.156999588012695,40.58399963378906,11.633999824523926,2.430999994277954,0.0,34.707000732421875
2016-07-07 10:00:00,38.44900131225586,9.465999603271484,35.625,7.585999965667725,2.3559999465942383,0.0,35.80550003051758
2016-07-07 11:00:00,42.1349983215332,10.470999717712402,39.83300018310547,8.550999641418457,2.3559999465942383,0.0,38.00299835205078
2016-07-07 12:00:00,44.0620002746582,12.5649995803833,41.54899978637695,10.024999618530272,2.3989999294281006,0.0,40.20000076293945
2016-07-07 13:00:00,45.56999969482422,13.487000465393065,42.64799880981445,10.855999946594238,2.259999990463257,0.0,43.2760009765625
2016-07-07 14:00:00,44.39699935913086,14.491999626159668,40.98600006103516,11.633999824523926,3.486000061035156,0.0,48.11000061035156
2016-07-07 15:00:00,42.88899993896485,12.732999801635742,39.75299835205078,10.052000045776367,3.4539999961853027,0.0,49.86800003051758
2016-07-07 16:00:00,45.1510009765625,16.334999084472653,42.459999084472656,12.517999649047852,2.227999925613404,0.0,48.98899841308594
2016-07-07 17:00:00,49.00400161743164,15.916000366210938,45.43600082397461,12.760000228881836,3.507999897003174,0.0,45.91299819946289
2016-07-07 18:00:00,48.75299835205078,14.576000213623049,44.87300109863281,11.526000022888184,3.507999897003174,0.0,43.71549987792969
2016-07-07 19:00:00,42.21900177001953,10.470999717712402,39.72600173950195,8.496999740600586,2.259999990463257,0.0,42.397499084472656
2016-07-07 20:00:00,46.15599822998047,12.899999618530272,42.11199951171875,10.07900047302246,3.496999979019165,0.0,41.29899978637695
2016-07-07 21:00:00,50.00899887084961,14.659000396728516,45.8650016784668,11.204999923706056,3.753000020980835,1.2369999885559082,40.20050048828125
2016-07-07 22:00:00,46.82600021362305,14.743000030517578,44.41699981689453,12.222999572753904,2.5799999237060547,0.0,39.32149887084961
2016-07-07 23:00:00,45.23500061035156,13.904999732971191,43.02299880981445,11.71399974822998,2.664999961853028,0.0,38.88150024414063
2016-07-08 00:00:00,44.73199844360352,13.904999732971191,42.43399810791016,11.741000175476074,1.3109999895095823,0.0,38.22299957275391
2016-07-08 01:00:00,41.79999923706055,12.5649995803833,40.85200119018555,10.937000274658203,0.0,0.0,38.00299835205078
2016-07-08 02:00:00,43.14099884033203,12.984000205993652,40.02099990844727,10.239999771118164,2.559000015258789,0.0,37.5634994506836
2016-07-08 03:00:00,41.71599960327149,12.5649995803833,39.61899948120117,10.052000045776367,2.559000015258789,0.0,37.124000549316406
2016-07-08 04:00:00,40.79499816894531,12.314000129699709,38.59999847412109,10.45400047302246,1.962000012397766,0.0,36.68450164794922
2016-07-08 05:00:00,38.78499984741211,11.140999794006348,36.80400085449219,9.461999893188477,1.950999975204468,0.0,36.24549865722656
2016-07-08 06:00:00,40.29199981689453,11.47599983215332,37.5009994506836,9.54300022125244,1.950999975204468,0.0,36.24549865722656
2016-07-08 07:00:00,42.1349983215332,12.899999618530272,40.39599990844727,10.776000022888184,1.2150000333786009,0.0,36.46500015258789
2016-07-08 08:00:00,41.71599960327149,11.895000457763672,39.72600173950195,9.838000297546388,2.430999994277954,0.0,37.78300094604492
2016-07-08 09:00:00,42.387001037597656,14.407999992370604,41.38800048828125,12.62600040435791,0.0,0.0,39.10150146484375
2016-07-08 10:00:00,47.41299819946289,15.581000328063965,44.73899841308594,12.894000053405762,2.505000114440918,0.0,40.85950088500977
2016-07-08 11:00:00,52.43899917602539,17.926000595092773,50.87699890136719,15.01099967956543,2.505000114440918,0.0,43.05649948120117
2016-07-08 12:00:00,49.50699996948242,16.0,47.47299957275391,13.187999725341797,1.2580000162124634,0.0,44.59500122070313
2016-07-08 13:00:00,50.00899887084961,16.083000183105472,47.6870002746582,13.37600040435791,2.483999967575073,0.0,45.69350051879883
2016-07-08 14:00:00,48.08300018310547,16.083000183105472,45.89099884033203,13.348999977111816,2.494999885559082,0.0,47.23099899291992
2016-07-08 15:00:00,51.01499938964844,17.674999237060547,48.73300170898438,14.58199977874756,2.494999885559082,0.0,48.54999923706055
2016-07-08 16:00:00,50.93099975585938,17.926000595092773,48.7859992980957,14.79699993133545,2.494999885559082,0.0,47.012001037597656
2016-07-08 17:00:00,50.76300048828125,17.423999786376953,48.09000015258789,14.340999603271484,2.494999885559082,0.0,46.352500915527344
2016-07-08 18:00:00,51.60100173950195,16.92099952697754,49.67100143432617,13.885000228881836,1.2790000438690186,0.0,45.25400161743164
2016-07-08 19:00:00,45.06700134277344,13.152000427246096,43.80099868774414,10.937000274658203,1.3329999446868896,0.0,43.93550109863281
2016-07-08 20:00:00,47.32899856567383,13.067999839782717,45.97200012207031,11.071000099182127,1.2150000333786009,0.0,42.617000579833984
2016-07-08 21:00:00,52.27099990844727,16.92099952697754,50.55599975585938,14.072999954223633,1.2150000333786009,0.0,41.29899978637695
2016-07-08 22:00:00,50.26100158691406,16.334999084472653,48.09000015258789,13.510000228881836,2.430999994277954,0.0,40.41999816894531
2016-07-08 23:00:00,47.49599838256836,14.91100025177002,45.78400039672852,12.331000328063965,2.430999994277954,0.0,39.98049926757813
2016-07-09 00:00:00,44.81600189208984,13.98900032043457,42.35300064086914,11.633999824523926,2.430999994277954,0.0,39.32149887084961
2016-07-09 01:00:00,44.0620002746582,13.98900032043457,41.76300048828125,11.847999572753904,1.4390000104904177,0.0,38.6619987487793
2016-07-09 02:00:00,43.05699920654297,13.487000465393065,42.11199951171875,11.767999649047852,0.0,0.0,38.22249984741211
2016-07-09 03:00:00,43.72700119018555,13.821999549865724,41.14699935913086,11.472999572753904,1.246999979019165,0.0,37.5634994506836
2016-07-09 04:00:00,42.97299957275391,13.56999969482422,41.22700119018555,11.633999824523926,1.246999979019165,0.0,37.124000549316406
2016-07-09 05:00:00,41.54899978637695,12.815999984741213,40.45000076293945,11.017000198364258,0.0,0.0,36.68450164794922
2016-07-09 06:00:00,42.21900177001953,13.152000427246096,41.38800048828125,11.472999572753904,0.0,0.0,36.46500015258789
2016-07-09 07:00:00,42.80500030517578,13.654000282287598,41.709999084472656,12.062999725341797,0.0,0.0,36.46500015258789
2016-07-09 08:00:00,40.79499816894531,11.895000457763672,38.76100158691406,10.024999618530272,1.2690000534057615,0.0,37.5634994506836
2016-07-09 09:00:00,43.47600173950195,13.402999877929688,42.165000915527344,11.66100025177002,0.0,0.0,38.22249984741211
2016-07-09 10:00:00,47.915000915527344,15.581000328063965,45.2750015258789,12.678999900817873,2.463000059127808,0.0,39.54100036621094
2016-07-09 11:00:00,50.59600067138672,16.586000442504886,48.6259994506836,13.482999801635742,2.463000059127808,0.0,40.63999938964844
2016-07-09 12:00:00,51.43399810791016,16.753999710083008,49.10800170898438,13.911999702453612,2.463000059127808,0.0,42.83700180053711
2016-07-09 13:00:00,49.92599868774414,16.334999084472653,48.67900085449219,13.911999702453612,2.463000059127808,0.0,42.83700180053711
2016-07-09 14:00:00,50.76300048828125,16.586000442504886,47.875,13.590999603271484,2.5269999504089355,0.0,42.617000579833984
2016-07-09 15:00:00,49.50699996948242,17.089000701904293,47.44599914550781,14.152999877929688,2.5269999504089355,0.0,43.49599838256836
2016-07-09 16:00:00,51.43399810791016,21.025999069213867,48.73300170898438,17.7450008392334,2.5269999504089355,0.0,44.15549850463867
2016-07-09 17:00:00,52.10400009155274,20.77400016784668,49.61700057983398,17.423999786376953,2.5269999504089355,0.0,43.05649948120117
2016-07-09 18:00:00,47.66400146484375,17.004999160766598,45.19400024414063,14.395000457763672,2.5269999504089355,0.0,42.1775016784668
2016-07-09 19:00:00,46.40700149536133,16.419000625610348,44.685001373291016,13.83199977874756,3.1979999542236333,0.0,41.29899978637695
2016-07-09 20:00:00,47.24499893188477,17.674999237060547,45.4630012512207,14.930999755859377,1.22599995136261,0.0,40.63949966430664
2016-07-09 21:00:00,47.41299819946289,16.166999816894528,45.6500015258789,13.482999801635742,2.463000059127808,0.0,40.41999816894531
2016-07-09 22:00:00,47.915000915527344,18.51300048828125,45.73099899291992,15.38700008392334,2.463000059127808,1.2369999885559082,40.20050048828125
2016-07-09 23:00:00,47.24499893188477,17.926000595092773,44.60499954223633,14.984000205993652,2.463000059127808,0.0,39.760501861572266
2016-07-10 00:00:00,44.39699935913086,16.753999710083008,41.49499893188477,13.911999702453612,2.463000059127808,0.0,39.32149887084961
2016-07-10 01:00:00,43.05699920654297,15.581000328063965,40.36899948120117,12.78600025177002,2.463000059127808,0.0,38.88150024414063
2016-07-10 02:00:00,41.632999420166016,14.82699966430664,39.13600158691406,12.331000328063965,2.463000059127808,0.0,38.44250106811523
2016-07-10 03:00:00,41.04600143432617,14.994000434875488,38.76100158691406,12.760000228881836,2.463000059127808,0.0,38.00299835205078
2016-07-10 04:00:00,39.11999893188477,14.324000358581545,35.75899887084961,11.821000099182127,2.463000059127808,0.0,37.5634994506836
2016-07-10 05:00:00,40.3759994506836,14.659000396728516,37.42100143432617,12.46500015258789,2.463000059127808,0.0,36.68450164794922
2016-07-10 06:00:00,41.46500015258789,14.91100025177002,38.09099960327149,12.491000175476074,2.463000059127808,0.0,36.68450164794922
2016-07-10 07:00:00,39.62200164794922,14.241000175476074,37.448001861572266,12.303999900817873,1.3539999723434448,0.0,36.68450164794922
2016-07-10 08:00:00,37.44400024414063,13.067999839782717,34.98199844360352,11.12399959564209,1.3539999723434448,0.0,36.90449905395508
2016-07-10 09:00:00,42.72200012207031,15.748000144958494,40.18199920654297,13.348999977111816,2.611999988555908,0.0,37.34349822998047
2016-07-10 10:00:00,42.80500030517578,14.82699966430664,40.71799850463867,12.517999649047852,2.611999988555908,0.0,37.78350067138672
2016-07-10 11:00:00,46.82600021362305,15.246000289916992,44.01499938964844,12.545000076293944,2.6010000705718994,0.0,37.5634994506836
2016-07-10 12:00:00,45.65399932861328,16.419000625610348,44.49800109863281,14.26099967956543,1.343000054359436,0.0,39.10150146484375
2016-07-10 13:00:00,48.08300018310547,17.843000411987305,45.75699996948242,15.038000106811523,2.463000059127808,0.0,39.98049926757813
2016-07-10 14:00:00,48.66899871826172,19.01499938964844,46.66899871826172,16.405000686645508,1.3109999895095823,0.0,40.85950088500977
2016-07-10 15:00:00,49.3390007019043,19.26700019836425,47.125,16.19099998474121,2.5269999504089355,0.0,41.73849868774414
2016-07-10 16:00:00,49.00400161743164,18.010000228881836,46.90999984741211,15.520999908447266,2.5269999504089355,0.0,42.617000579833984
2016-07-10 17:00:00,51.76900100708008,18.763999938964844,49.32300186157226,15.788999557495115,2.5269999504089355,0.0,41.95800018310547
2016-07-10 18:00:00,52.60599899291992,18.763999938964844,49.64400100708008,15.628000259399414,2.5269999504089355,0.0,41.51850128173828
2016-07-10 19:00:00,46.071998596191406,14.994000434875488,44.229000091552734,12.491000175476074,2.5269999504089355,0.0,41.079498291015625
2016-07-10 20:00:00,50.93099975585938,18.51300048828125,48.38399887084961,15.520999908447266,2.7079999446868896,0.0,40.20050048828125
2016-07-10 21:00:00,54.86800003051758,20.356000900268555,51.30599975585938,16.645999908447266,2.7079999446868896,0.0,39.760501861572266
2016-07-10 22:00:00,49.17200088500977,17.926000595092773,46.9640007019043,15.145000457763672,2.7079999446868896,0.0,39.32149887084961
2016-07-10 23:00:00,49.42300033569336,18.26099967956543,46.05199813842773,15.01099967956543,2.7079999446868896,0.0,39.10150146484375
2016-07-11 00:00:00,45.98899841308594,16.92099952697754,43.80099868774414,14.368000030517578,2.45199990272522,0.0,38.88150024414063
2016-07-11 01:00:00,44.73199844360352,16.419000625610348,42.40700149536133,14.072999954223633,2.45199990272522,0.0,38.44250106811523
2016-07-11 02:00:00,42.80500030517578,15.83199977874756,41.89699935913086,13.777999877929688,1.2580000162124634,0.0,38.00299835205078
2016-07-11 03:00:00,43.64300155639648,16.166999816894528,41.81700134277344,13.80500030517578,1.22599995136261,0.0,37.5634994506836
2016-07-11 04:00:00,40.62699890136719,14.91100025177002,39.53799819946289,13.135000228881836,1.22599995136261,0.0,37.34400177001953
2016-07-11 05:00:00,42.80500030517578,15.748000144958494,40.77199935913086,13.67099952697754,1.3969999551773071,0.0,37.124000549316406
2016-07-11 06:00:00,43.05699920654297,15.07800006866455,41.60300064086914,12.946999549865724,1.2150000333786009,0.0,37.124000549316406
2016-07-11 07:00:00,42.387001037597656,16.166999816894528,41.17399978637695,13.885000228881836,1.2150000333786009,0.0,37.124000549316406
2016-07-11 08:00:00,41.632999420166016,15.161999702453612,40.52999877929688,13.187999725341797,1.22599995136261,0.0,35.58599853515625
2016-07-11 09:00:00,41.632999420166016,14.576000213623049,40.45000076293945,12.894000053405762,0.0,0.0,34.487499237060554
2016-07-11 10:00:00,39.0359992980957,11.225000381469728,37.55500030517578,9.595999717712402,1.2690000534057615,0.0,35.36650085449219
2016-07-11 11:00:00,41.54899978637695,11.644000053405762,40.20899963378906,9.890999794006348,1.2369999885559082,0.0,34.926498413085945
2016-07-11 12:00:00,42.80500030517578,13.067999839782717,41.68299865722656,11.392000198364258,0.0,0.0,35.80550003051758
2016-07-11 13:00:00,46.90999984741211,17.926000595092773,45.91799926757813,15.654999732971191,0.0,0.0,38.22299957275391
2016-07-11 14:00:00,49.0880012512207,18.51300048828125,47.875,16.216999053955078,1.22599995136261,0.0,40.41999816894531
2016-07-11 15:00:00,48.50199890136719,19.01499938964844,47.04399871826172,16.378000259399414,1.22599995136261,0.0,41.079498291015625
2016-07-11 16:00:00,50.512001037597656,19.601999282836918,49.24200057983398,16.861000061035153,1.3009999990463257,0.0,42.83700180053711
2016-07-11 17:00:00,52.35499954223633,19.43400001525879,50.85100173950195,16.67300033569336,1.3650000095367432,0.0,42.617000579833984
2016-07-11 18:00:00,51.34999847412109,18.68000030517578,49.56399917602539,16.003000259399414,1.22599995136261,0.0,41.51850128173828
2016-07-11 19:00:00,45.90499877929688,15.748000144958494,43.77399826049805,13.456000328063965,2.494999885559082,0.0,40.41999816894531
2016-07-11 20:00:00,49.75799942016602,17.34000015258789,47.125,14.743000030517578,2.494999885559082,0.0,39.32149887084961
2016-07-11 21:00:00,47.32899856567383,16.586000442504886,45.03400039672852,13.859000205993652,2.494999885559082,0.0,38.88150024414063
2016-07-11 22:00:00,48.08300018310547,17.759000778198242,45.00699996948242,14.743000030517578,2.494999885559082,0.0,38.44250106811523
2016-07-11 23:00:00,46.49100112915039,16.92099952697754,44.49800109863281,14.340999603271484,2.494999885559082,0.0,38.44250106811523
2016-07-12 00:00:00,46.32400131225586,16.753999710083008,43.104000091552734,14.100000381469728,2.494999885559082,0.0,38.44250106811523
2016-07-12 01:00:00,43.97800064086914,16.083000183105472,40.69100189208984,13.456000328063965,2.559000015258789,0.0,38.22249984741211
2016-07-12 02:00:00,43.05699920654297,14.994000434875488,41.06600189208984,13.107999801635742,1.2899999618530271,0.0,38.00299835205078
2016-07-12 03:00:00,42.80500030517578,15.664999961853027,39.61899948120117,13.107999801635742,2.622999906539917,0.0,37.78350067138672
2016-07-12 04:00:00,44.14599990844727,16.836999893188473,41.17399978637695,14.20699977874756,2.622999906539917,0.0,37.5634994506836
2016-07-12 05:00:00,40.29199981689453,15.246000289916992,38.25199890136719,13.081000328063965,2.622999906539917,0.0,37.124000549316406
2016-07-12 06:00:00,43.2239990234375,15.83199977874756,40.262001037597656,13.321999549865724,2.622999906539917,0.0,37.124000549316406
2016-07-12 07:00:00,41.632999420166016,14.82699966430664,39.32400131225586,12.946999549865724,1.2150000333786009,0.0,36.90449905395508
2016-07-12 08:00:00,38.36600112915039,12.5649995803833,37.2869987487793,10.90999984741211,1.2150000333786009,0.0,37.5634994506836
2016-07-12 09:00:00,44.56499862670898,15.664999961853027,43.479000091552734,13.644000053405762,0.0,0.0,39.54100036621094
2016-07-12 10:00:00,44.81600189208984,14.659000396728516,43.61299896240234,12.706000328063965,1.2150000333786009,0.0,41.73799896240234
2016-07-12 11:00:00,50.59600067138672,17.674999237060547,49.5099983215332,15.333000183105469,0.0,0.0,44.15549850463867
2016-07-12 12:00:00,47.915000915527344,16.753999710083008,46.9370002746582,14.501999855041506,0.0,0.0,46.5724983215332
2016-07-12 13:00:00,47.915000915527344,16.836999893188473,45.75699996948242,14.072999954223633,1.246999979019165,0.0,47.01150131225586
2016-07-12 14:00:00,51.51699829101562,18.93199920654297,49.77799987792969,16.19099998474121,2.483999967575073,0.0,49.42900085449219
2016-07-12 15:00:00,51.34999847412109,18.93199920654297,49.18899917602539,16.056999206542972,1.22599995136261,0.0,49.20899963378906
2016-07-12 16:00:00,50.34500122070313,17.759000778198242,47.84799957275391,14.715999603271484,2.440999984741211,0.0,47.45100021362305
2016-07-12 17:00:00,53.19300079345703,19.01499938964844,50.74300003051758,15.708000183105469,2.440999984741211,0.0,47.01150131225586
2016-07-12 18:00:00,51.43399810791016,17.089000701904293,49.32300186157226,14.395000457763672,2.440999984741211,0.0,46.352500915527344
2016-07-12 19:00:00,48.33399963378906,15.161999702453612,45.59700012207031,12.46500015258789,2.440999984741211,0.0,45.25400161743164
2016-07-12 20:00:00,54.02999877929688,18.429000854492188,51.30599975585938,15.145000457763672,2.505000114440918,0.0,43.71549987792969
2016-07-12 21:00:00,50.93099975585938,17.423999786376953,47.553001403808594,14.100000381469728,2.505000114440918,0.0,42.397499084472656
2016-07-12 22:00:00,51.43399810791016,17.926000595092773,48.38399887084961,14.850000381469728,2.505000114440918,0.0,41.95800018310547
2016-07-12 23:00:00,45.1510009765625,15.07800006866455,43.15700149536133,12.732999801635742,2.505000114440918,0.0,41.51850128173828
2016-07-13 00:00:00,46.49100112915039,16.670000076293945,44.33700180053711,14.234000205993652,1.3329999446868896,0.0,41.079498291015625
2016-07-13 01:00:00,46.2400016784668,16.586000442504886,43.53300094604492,13.993000030517578,2.8359999656677246,0.0,40.41999816894531
2016-07-13 02:00:00,43.30799865722656,15.161999702453612,40.18199920654297,12.571999549865724,2.8359999656677246,0.0,40.20050048828125
2016-07-13 03:00:00,42.387001037597656,15.413000106811523,39.37799835205078,13.135000228881836,2.611999988555908,0.0,39.760501861572266
2016-07-13 04:00:00,42.88899993896485,15.916000366210938,40.61100006103516,13.644000053405762,2.611999988555908,0.0,39.32149887084961
2016-07-13 05:00:00,40.9630012512207,14.659000396728516,38.73400115966797,12.84000015258789,1.2690000534057615,0.0,38.88150024414063
2016-07-13 06:00:00,41.96799850463867,15.07800006866455,41.22700119018555,13.37600040435791,0.0,0.0,38.88150024414063
2016-07-13 07:00:00,41.38100051879883,14.743000030517578,40.28900146484375,13.081000328063965,1.22599995136261,0.0,38.88150024414063
2016-07-13 08:00:00,41.29800033569336,13.98900032043457,39.64599990844727,12.116000175476074,1.2150000333786009,0.0,38.88150024414063
2016-07-13 09:00:00,48.08300018310547,16.50200080871582,45.38199996948242,13.80500030517578,2.430999994277954,0.0,40.41999816894531
2016-07-13 10:00:00,43.2239990234375,12.229999542236328,41.49499893188477,10.213000297546388,1.2150000333786009,0.0,41.29899978637695
2016-07-13 11:00:00,48.33399963378906,13.56999969482422,45.62300109863281,10.855999946594238,2.430999994277954,0.0,41.51850128173828
2016-07-13 12:00:00,44.81600189208984,13.402999877929688,44.14899826049805,11.633999824523926,0.0,0.0,39.54100036621094
2016-07-13 13:00:00,48.91999816894531,15.748000144958494,47.79499816894531,13.564000129699709,1.22599995136261,0.0,38.66249847412109
2016-07-13 14:00:00,50.00899887084961,16.670000076293945,49.02799987792969,14.340999603271484,0.0,0.0,41.73849868774414
2016-07-13 15:00:00,49.42300033569336,16.586000442504886,46.749000549316406,13.725000381469728,2.430999994277954,0.0,44.81449890136719
2016-07-13 16:00:00,49.59099960327149,17.089000701904293,47.23199844360352,14.072999954223633,2.430999994277954,0.0,44.15549850463867
2016-07-13 17:00:00,51.43399810791016,16.670000076293945,48.91999816894531,13.697999954223633,2.430999994277954,0.0,43.71549987792969
2016-07-13 18:00:00,54.11399841308594,19.26700019836425,51.01100158691406,15.8149995803833,3.6459999084472656,1.2790000438690186,43.71549987792969
2016-07-13 19:00:00,48.91999816894531,16.670000076293945,47.3390007019043,13.859000205993652,2.121999979019165,0.0,43.2765007019043
2016-07-13 20:00:00,51.85200119018555,17.926000595092773,49.1349983215332,14.984000205993652,2.121999979019165,0.0,42.83649826049805
2016-07-13 21:00:00,50.84700012207031,17.843000411987305,49.5369987487793,15.092000007629396,0.0,0.0,42.178001403808594
2016-07-13 22:00:00,50.512001037597656,18.010000228881836,47.125,14.850000381469728,2.750999927520752,0.0,37.124000549316406
2016-07-13 23:00:00,45.90499877929688,16.334999084472653,44.38999938964844,14.152999877929688,1.5349999666213991,0.0,37.34400177001953
2016-07-14 00:00:00,46.40700149536133,16.586000442504886,44.01499938964844,13.911999702453612,2.494999885559082,0.0,37.78300094604492
2016-07-14 01:00:00,45.23500061035156,15.496999740600586,42.00500106811523,12.706000328063965,2.494999885559082,0.0,37.78300094604492
2016-07-14 02:00:00,44.229000091552734,15.413000106811523,41.60300064086914,13.107999801635742,2.494999885559082,0.0,38.00299835205078
2016-07-14 03:00:00,42.47000122070313,14.82699966430664,39.77999877929688,12.46500015258789,2.494999885559082,0.0,38.00299835205078
2016-07-14 04:00:00,42.21900177001953,14.91100025177002,40.39599990844727,13.081000328063965,1.2580000162124634,0.0,37.5634994506836
2016-07-14 05:00:00,44.73199844360352,15.581000328063965,41.60300064086914,12.894000053405762,2.494999885559082,0.0,37.34349822998047
2016-07-14 06:00:00,40.87900161743164,13.234999656677244,38.14500045776367,10.989999771118164,2.697000026702881,0.0,35.36650085449219
2016-07-14 07:00:00,43.05699920654297,14.407999992370604,40.82500076293945,12.437999725341797,2.697000026702881,0.0,35.58599853515625
2016-07-14 08:00:00,39.62200164794922,12.229999542236328,38.94900131225586,10.74899959564209,0.0,0.0,36.68450164794922
2016-07-14 09:00:00,42.97299957275391,13.98900032043457,42.29899978637695,12.08899974822998,0.0,0.0,37.78300094604492
2016-07-14 10:00:00,44.983001708984375,13.821999549865724,43.88100051879883,11.928999900817873,1.22599995136261,0.0,38.6619987487793
2016-07-14 11:00:00,49.0880012512207,16.586000442504886,47.5,13.939000129699709,1.2690000534057615,0.0,39.54100036621094
2016-07-14 12:00:00,48.41799926757813,15.413000106811523,46.53499984741211,13.081000328063965,1.2690000534057615,0.0,41.079498291015625
2016-07-14 13:00:00,47.32899856567383,14.91100025177002,44.97999954223633,12.357000350952148,1.2690000534057615,0.0,42.397499084472656
2016-07-14 14:00:00,48.50199890136719,16.250999450683597,46.85599899291992,13.644000053405762,2.5799999237060547,0.0,42.83649826049805
2016-07-14 15:00:00,48.41799926757813,16.166999816894528,46.85599899291992,13.83199977874756,2.5799999237060547,0.0,43.49599838256836
2016-07-14 16:00:00,50.76300048828125,17.507999420166016,48.571998596191406,14.850000381469728,2.494999885559082,0.0,43.05649948120117
2016-07-14 17:00:00,52.10400009155274,18.26099967956543,50.31399917602539,15.333000183105469,2.494999885559082,0.0,40.63949966430664
2016-07-14 18:00:00,45.90499877929688,14.994000434875488,43.69300079345703,12.571999549865724,2.440999984741211,0.0,35.58599853515625
2016-07-14 19:00:00,45.06700134277344,13.821999549865724,44.04199981689453,12.008999824523926,1.2150000333786009,0.0,34.707000732421875
2016-07-14 20:00:00,46.2400016784668,14.491999626159668,43.854000091552734,12.062999725341797,2.664999961853028,0.0,33.60850143432617
2016-07-14 21:00:00,48.83700180053711,17.004999160766598,47.125,14.368000030517578,2.664999961853028,0.0,33.60850143432617
2016-07-14 22:00:00,47.1609992980957,15.916000366210938,44.09500122070313,13.269000053405762,2.664999961853028,0.0,32.94900131225586
2016-07-14 23:00:00,45.82099914550781,15.748000144958494,43.90800094604492,13.510000228881836,2.505000114440918,0.0,33.16899871826172
2016-07-15 00:00:00,40.9630012512207,14.072999954223633,39.48500061035156,11.954999923706056,2.505000114440918,0.0,33.388999938964844
2016-07-15 01:00:00,41.96799850463867,13.654000282287598,39.75299835205078,11.821000099182127,2.505000114440918,0.0,34.04800033569336
2016-07-15 02:00:00,40.9630012512207,12.984000205993652,38.62699890136719,10.855999946594238,2.505000114440918,0.0,34.48699951171875
2016-07-15 03:00:00,40.20899963378906,13.402999877929688,39.11000061035156,11.741000175476074,0.0,0.0,34.48699951171875
2016-07-15 04:00:00,40.79499816894531,13.56999969482422,38.43899917602539,11.366000175476074,2.5369999408721924,0.0,34.48699951171875
2016-07-15 05:00:00,40.79499816894531,13.234999656677244,38.573001861572266,10.989999771118164,2.5369999408721924,0.0,35.146499633789055
2016-07-15 06:00:00,43.391998291015625,14.072999954223633,40.28900146484375,11.687000274658203,2.5369999408721924,0.0,35.146499633789055
2016-07-15 07:00:00,45.23500061035156,16.670000076293945,43.02299880981445,13.939000129699709,2.815000057220459,0.0,36.0255012512207
2016-07-15 08:00:00,41.04600143432617,13.56999969482422,39.512001037597656,11.687000274658203,1.2150000333786009,0.0,37.78350067138672
2016-07-15 09:00:00,49.75799942016602,17.926000595092773,47.47299957275391,15.279000282287598,2.463000059127808,0.0,39.98049926757813
2016-07-15 10:00:00,48.83700180053711,17.34000015258789,47.7140007019043,14.850000381469728,1.2150000333786009,0.0,41.95800018310547
2016-07-15 11:00:00,51.09799957275391,17.590999603271484,48.946998596191406,14.555999755859377,2.494999885559082,0.0,43.05649948120117
2016-07-15 12:00:00,51.60100173950195,18.17799949645996,49.43000030517578,15.01099967956543,2.494999885559082,0.0,42.617000579833984
2016-07-15 13:00:00,48.66899871826172,17.34000015258789,47.5270004272461,14.930999755859377,0.0,0.0,42.617000579833984
2016-07-15 14:00:00,51.51699829101562,18.93199920654297,50.39500045776367,16.351999282836914,1.22599995136261,0.0,42.83649826049805
2016-07-15 15:00:00,48.83700180053711,19.684999465942383,47.58000183105469,17.101999282836914,1.2150000333786009,0.0,43.2765007019043
2016-07-15 16:00:00,45.31800079345703,17.172000885009766,44.06900024414063,14.958000183105469,1.2150000333786009,0.0,37.5634994506836
2016-07-15 17:00:00,46.65900039672852,17.423999786376953,45.6500015258789,15.145000457763672,1.3109999895095823,0.0,37.5634994506836
2016-07-15 18:00:00,47.07799911499024,16.250999450683597,44.25600051879883,13.37600040435791,2.5369999408721924,0.0,34.707000732421875
2016-07-15 19:00:00,43.05699920654297,13.487000465393065,40.34299850463867,11.258000373840332,2.5369999408721924,0.0,34.04800033569336
2016-07-15 20:00:00,45.06700134277344,15.329999923706056,42.94300079345703,12.866999626159668,1.5670000314712524,0.0,33.388500213623054
2016-07-15 21:00:00,45.56999969482422,15.748000144958494,42.86199951171875,13.081000328063965,2.815000057220459,0.0,33.388500213623054
2016-07-15 22:00:00,45.73699951171875,16.50200080871582,43.88100051879883,13.725000381469728,2.815000057220459,0.0,33.827999114990234
2016-07-15 23:00:00,47.32899856567383,18.429000854492188,44.73899841308594,15.680999755859377,2.632999897003174,0.0,33.388500213623054
2016-07-16 00:00:00,45.23500061035156,17.507999420166016,43.15700149536133,15.145000457763672,2.632999897003174,0.0,33.60800170898437
2016-07-16 01:00:00,43.47600173950195,16.586000442504886,41.73699951171875,14.42099952697754,1.6740000247955322,0.0,33.60800170898437
2016-07-16 02:00:00,38.53300094604492,13.152000427246096,36.66999816894531,11.392000198364258,1.3009999990463257,0.0,33.388500213623054
2016-07-16 03:00:00,41.46500015258789,15.916000366210938,39.61899948120117,13.616999626159668,2.5369999408721924,0.0,33.16899871826172
2016-07-16 04:00:00,44.81600189208984,17.423999786376953,41.92399978637695,14.79699993133545,2.5369999408721924,0.0,32.949501037597656
2016-07-16 05:00:00,40.62699890136719,14.407999992370604,38.01100158691406,12.196999549865724,2.4730000495910645,0.0,32.949501037597656
2016-07-16 06:00:00,41.29800033569336,14.659000396728516,39.18999862670898,12.732999801635742,2.4730000495910645,0.0,32.50949859619141
2016-07-16 07:00:00,40.62699890136719,14.324000358581545,39.16299819946289,12.517999649047852,2.4730000495910645,0.0,32.5099983215332
2016-07-16 08:00:00,30.90999984741211,10.470999717712402,29.083999633789062,8.95300006866455,1.246999979019165,0.0,34.267501831054695
2016-07-16 09:00:00,31.32900047302246,9.968000411987305,29.32500076293945,8.336999893188478,2.4730000495910645,0.0,36.464500427246094
2016-07-16 10:00:00,32.83700180053711,9.633000373840332,31.06800079345703,8.229000091552733,1.2580000162124634,0.0,37.124000549316406
2016-07-16 11:00:00,31.74799919128418,8.878999710083008,29.941999435424805,7.3979997634887695,2.5160000324249268,0.0,38.00299835205078
2016-07-16 12:00:00,30.492000579833984,8.293000221252441,28.89699935913086,6.835000038146973,1.2790000438690186,0.0,38.22249984741211
2016-07-16 13:00:00,30.65900039672852,8.795999526977539,28.976999282836918,7.317999839782715,2.505000114440918,0.0,38.22249984741211
2016-07-16 14:00:00,29.48600006103516,8.376999855041504,28.44099998474121,7.263999938964844,0.0,0.0,38.22249984741211
2016-07-16 15:00:00,31.66399955749512,9.04699993133545,29.7810001373291,7.71999979019165,1.5140000581741333,0.0,39.98049926757813
2016-07-16 16:00:00,33.088001251220696,9.717000007629396,31.256000518798828,8.52400016784668,1.3969999551773071,0.0,42.1775016784668
2016-07-16 17:00:00,34.0099983215332,10.303000450134276,31.92600059509277,8.36299991607666,2.611999988555908,0.0,40.85950088500977
2016-07-16 18:00:00,34.17699813842773,9.29800033569336,31.46999931335449,7.61299991607666,2.782999992370605,0.0,39.760501861572266
2016-07-16 19:00:00,34.261001586914055,9.717000007629396,31.38999938964844,7.800000190734862,2.878999948501587,0.0,38.44250106811523
2016-07-16 20:00:00,35.93600082397461,10.13599967956543,33.31999969482422,8.390000343322754,2.632999897003174,0.0,36.68450164794922
2016-07-16 21:00:00,35.0989990234375,9.968000411987305,32.569000244140625,8.041999816894531,2.664999961853028,0.0,35.36650085449219
2016-07-16 22:00:00,33.590999603271484,9.885000228881836,31.631000518798828,8.14900016784668,2.569000005722046,0.0,34.487499237060554
2016-07-16 23:00:00,32.501998901367195,8.711999893188478,29.808000564575195,7.0229997634887695,2.6760001182556152,0.0,34.047500610351555
2016-07-17 00:00:00,34.261001586914055,11.810999870300291,32.863998413085945,10.024999618530272,2.6760001182556152,0.0,33.60850143432617
2016-07-17 01:00:00,36.35499954223633,11.895000457763672,34.28499984741211,9.91800022125244,2.664999961853028,0.0,33.16899871826172
2016-07-17 02:00:00,35.26599884033203,12.39799976348877,33.21200180053711,10.07900047302246,2.7720000743865967,0.0,33.16899871826172
2016-07-17 03:00:00,35.0989990234375,12.314000129699709,32.998001098632805,10.427000045776367,1.3109999895095823,0.0,32.949501037597656
2016-07-17 04:00:00,41.38100051879883,14.491999626159668,38.59999847412109,11.875,2.5480000972747803,0.0,32.949501037597656
2016-07-17 05:00:00,44.3129997253418,16.166999816894528,42.11199951171875,13.777999877929688,1.2150000333786009,0.0,32.949501037597656
2016-07-17 06:00:00,43.64300155639648,15.329999923706056,41.68299865722656,13.135000228881836,2.440999984741211,0.0,32.949501037597656
2016-07-17 07:00:00,43.97800064086914,15.748000144958494,42.56800079345703,13.859000205993652,2.440999984741211,0.0,33.60850143432617
2016-07-17 08:00:00,35.93600082397461,10.470999717712402,33.80199813842773,8.630999565124513,2.440999984741211,0.0,35.146499633789055
2016-07-17 09:00:00,39.70600128173828,12.39799976348877,36.8849983215332,9.99899959564209,2.440999984741211,0.0,37.78300094604492
2016-07-17 10:00:00,50.512001037597656,18.429000854492188,47.92900085449219,15.4399995803833,2.440999984741211,0.0,40.20050048828125
2016-07-17 11:00:00,51.68500137329102,18.010000228881836,48.86700057983398,14.743000030517578,2.440999984741211,0.0,42.397499084472656
2016-07-17 12:00:00,45.98899841308594,14.072999954223633,44.33700180053711,12.062999725341797,1.2790000438690186,0.0,43.05649948120117
2016-07-17 13:00:00,49.50699996948242,17.423999786376953,47.84799957275391,14.26099967956543,2.494999885559082,0.0,45.25400161743164
2016-07-17 14:00:00,47.74800109863281,16.166999816894528,46.34700012207031,13.859000205993652,2.494999885559082,0.0,47.45149993896485
2016-07-17 15:00:00,47.74800109863281,16.586000442504886,45.78400039672852,14.152999877929688,1.22599995136261,0.0,48.54999923706055
2016-07-17 16:00:00,49.25600051879883,17.256000518798828,47.1510009765625,14.368000030517578,1.22599995136261,0.0,47.89099884033203
2016-07-17 17:00:00,48.584999084472656,16.334999084472653,47.28499984741211,14.100000381469728,1.2369999885559082,0.0,45.91299819946289
2016-07-17 18:00:00,47.07799911499024,15.329999923706056,45.4630012512207,12.706000328063965,1.246999979019165,0.0,44.375
2016-07-17 19:00:00,47.49599838256836,15.496999740600586,44.76599884033203,12.812999725341797,2.463000059127808,0.0,43.2760009765625
2016-07-17 20:00:00,47.1609992980957,15.246000289916992,44.685001373291016,12.383999824523926,2.463000059127808,0.0,41.95800018310547
2016-07-17 21:00:00,50.09299850463867,16.50200080871582,47.553001403808594,13.697999954223633,2.463000059127808,0.0,40.63949966430664
2016-07-17 22:00:00,49.92599868774414,17.926000595092773,47.5,14.824000358581545,2.463000059127808,0.0,40.20050048828125
2016-07-17 23:00:00,48.83700180053711,17.590999603271484,45.8380012512207,14.824000358581545,2.463000059127808,0.0,39.760501861572266
2016-07-18 00:00:00,45.48600006103516,15.664999961853027,42.165000915527344,12.78600025177002,2.463000059127808,0.0,39.760501861572266
2016-07-18 01:00:00,44.81600189208984,16.166999816894528,42.56800079345703,13.644000053405762,2.463000059127808,0.0,39.32149887084961
2016-07-18 02:00:00,44.39699935913086,16.250999450683597,41.17399978637695,13.482999801635742,2.5910000801086426,0.0,38.88150024414063
2016-07-18 03:00:00,40.9630012512207,14.743000030517578,39.56499862670898,12.866999626159668,2.5910000801086426,0.0,38.88150024414063
2016-07-18 04:00:00,43.64300155639648,15.664999961853027,40.28900146484375,13.00100040435791,2.5269999504089355,0.0,38.44250106811523
2016-07-18 05:00:00,42.97299957275391,15.246000289916992,40.61100006103516,13.081000328063965,2.5269999504089355,0.0,38.00299835205078
2016-07-18 06:00:00,45.06700134277344,16.334999084472653,42.94300079345703,13.75100040435791,2.5269999504089355,0.0,37.78300094604492
2016-07-18 07:00:00,44.81600189208984,16.334999084472653,42.97000122070313,13.939000129699709,2.5269999504089355,0.0,38.00299835205078
2016-07-18 08:00:00,38.78499984741211,12.145999908447266,37.90299987792969,10.45400047302246,0.0,0.0,38.88150024414063
2016-07-18 09:00:00,44.56499862670898,15.581000328063965,43.02299880981445,13.402999877929688,1.4179999828338623,0.0,39.54100036621094
2016-07-18 10:00:00,44.39699935913086,14.576000213623049,43.42499923706055,12.517999649047852,0.0,0.0,40.85950088500977
2016-07-18 11:00:00,47.32899856567383,15.161999702453612,46.0250015258789,13.00100040435791,1.22599995136261,0.0,43.93550109863281
2016-07-18 12:00:00,51.68500137329102,18.0939998626709,51.01100158691406,15.60099983215332,0.0,0.0,45.91299819946289
2016-07-18 13:00:00,51.76900100708008,18.93199920654297,50.77000045776367,16.351999282836914,0.0,0.0,43.49599838256836
2016-07-18 14:00:00,50.93099975585938,19.937000274658203,49.56399917602539,17.208999633789062,1.22599995136261,0.0,42.83649826049805
2016-07-18 15:00:00,46.65900039672852,17.089000701904293,45.4630012512207,14.58199977874756,1.2150000333786009,0.0,42.1775016784668
2016-07-18 16:00:00,52.10400009155274,19.937000274658203,50.58200073242188,16.968000411987305,1.2369999885559082,0.0,43.2765007019043
2016-07-18 17:00:00,52.02000045776367,19.183000564575195,50.68999862670898,16.378000259399414,1.246999979019165,0.0,44.15549850463867
2016-07-18 18:00:00,53.61100006103516,19.26700019836425,51.41299819946289,16.19099998474121,2.569000005722046,0.0,44.59450149536133
2016-07-18 19:00:00,49.59099960327149,16.419000625610348,46.83000183105469,13.187999725341797,2.569000005722046,0.0,43.49599838256836
2016-07-18 20:00:00,49.84199905395508,16.166999816894528,47.553001403808594,13.348999977111816,2.5369999408721924,0.0,42.397499084472656
2016-07-18 21:00:00,53.10900115966797,18.763999938964844,49.80500030517578,15.333000183105469,2.5369999408721924,0.0,41.29899978637695
2016-07-18 22:00:00,50.26100158691406,17.674999237060547,47.44599914550781,14.743000030517578,2.4730000495910645,0.0,40.63949966430664
2016-07-18 23:00:00,49.25600051879883,17.507999420166016,46.13299942016602,14.18000030517578,2.632999897003174,0.0,40.20050048828125
2016-07-19 00:00:00,44.81600189208984,15.748000144958494,42.32600021362305,13.29599952697754,2.632999897003174,0.0,39.760501861572266
2016-07-19 01:00:00,44.48099899291992,16.0,42.56800079345703,13.402999877929688,2.632999897003174,0.0,39.32149887084961
2016-07-19 02:00:00,43.391998291015625,15.581000328063965,41.30799865722656,13.21500015258789,2.632999897003174,0.0,38.88150024414063
2016-07-19 03:00:00,45.4020004272461,16.250999450683597,42.21900177001953,13.37600040435791,2.632999897003174,0.0,38.44250106811523
2016-07-19 04:00:00,41.96799850463867,15.246000289916992,39.48500061035156,13.053999900817873,2.559000015258789,0.0,38.22299957275391
2016-07-19 05:00:00,45.90499877929688,17.423999786376953,43.07699966430664,14.609000205993652,2.559000015258789,0.0,38.00299835205078
2016-07-19 06:00:00,45.65399932861328,16.166999816894528,42.43399810791016,13.161999702453612,2.559000015258789,0.0,38.00299835205078
2016-07-19 07:00:00,43.72700119018555,15.413000106811523,41.28099822998047,12.760000228881836,2.559000015258789,0.0,38.00299835205078
2016-07-19 08:00:00,39.95700073242188,12.314000129699709,38.54700088500977,10.401000022888184,1.343000054359436,0.0,39.10150146484375
2016-07-19 09:00:00,47.24499893188477,17.004999160766598,45.75699996948242,14.501999855041506,1.343000054359436,0.0,40.85950088500977
2016-07-19 10:00:00,43.89400100708008,13.402999877929688,42.62099838256836,11.33899974822998,1.343000054359436,0.0,42.61750030517578
2016-07-19 11:00:00,49.0880012512207,16.334999084472653,47.74100112915039,13.859000205993652,1.343000054359436,0.0,41.95800018310547
2016-07-19 12:00:00,48.16699981689453,16.586000442504886,46.9370002746582,14.152999877929688,1.2369999885559082,0.0,41.95800018310547
2016-07-19 13:00:00,51.34999847412109,17.926000595092773,49.48300170898438,15.38700008392334,1.2690000534057615,0.0,39.54100036621094
2016-07-19 14:00:00,48.75299835205078,17.423999786376953,47.6870002746582,15.145000457763672,1.2690000534057615,0.0,41.29899978637695
2016-07-19 15:00:00,43.64300155639648,17.172000885009766,42.32600021362305,14.743000030517578,1.2690000534057615,0.0,41.73799896240234
2016-07-19 16:00:00,48.50199890136719,18.0939998626709,46.2130012512207,15.494000434875488,1.2690000534057615,0.0,42.178001403808594
2016-07-19 17:00:00,49.67399978637695,18.34499931335449,47.6609992980957,15.680999755859377,1.2690000534057615,0.0,43.05649948120117
2016-07-19 18:00:00,49.3390007019043,15.581000328063965,47.23199844360352,13.027999877929688,2.483999967575073,0.0,42.397499084472656
2016-07-19 19:00:00,44.0620002746582,12.984000205993652,41.46799850463867,10.401000022888184,3.6989998817443848,0.0,41.95800018310547
2016-07-19 20:00:00,46.32400131225586,13.402999877929688,43.31800079345703,10.74899959564209,2.4730000495910645,0.0,41.51850128173828
2016-07-19 21:00:00,52.77399826049805,17.843000411987305,49.32300186157226,14.20699977874756,2.4730000495910645,0.0,41.07899856567383
2016-07-19 22:00:00,48.16699981689453,15.83199977874756,46.07899856567383,13.187999725341797,2.4730000495910645,0.0,40.63999938964844
2016-07-19 23:00:00,42.97299957275391,13.821999549865724,40.74499893188477,11.33899974822998,2.4730000495910645,0.0,40.20000076293945
2016-07-20 00:00:00,39.874000549316406,12.732999801635742,37.98400115966797,10.722000122070312,2.4730000495910645,0.0,40.20000076293945
2016-07-20 01:00:00,40.79499816894531,11.727999687194824,38.33200073242188,9.435999870300291,2.4730000495910645,0.0,39.76100158691406
2016-07-20 02:00:00,41.46500015258789,13.402999877929688,38.84199905395508,10.90999984741211,2.4730000495910645,0.0,38.88199996948242
2016-07-20 03:00:00,40.20899963378906,11.895000457763672,38.46599960327149,10.105999946594238,1.2369999885559082,0.0,38.88199996948242
2016-07-20 04:00:00,40.79499816894531,13.402999877929688,38.52000045776367,11.043999671936035,2.45199990272522,0.0,38.6619987487793
2016-07-20 05:00:00,40.04100036621094,12.984000205993652,39.21699905395508,11.28499984741211,0.0,0.0,38.44250106811523
2016-07-20 06:00:00,40.71099853515625,12.480999946594238,39.72600173950195,10.74899959564209,1.246999979019165,0.0,38.22299957275391
2016-07-20 07:00:00,43.05699920654297,13.98900032043457,40.52999877929688,11.741000175476074,2.45199990272522,0.0,38.44250106811523
2016-07-20 08:00:00,40.79499816894531,12.984000205993652,39.45800018310547,11.071000099182127,1.2369999885559082,0.0,39.54100036621094
2016-07-20 09:00:00,44.229000091552734,15.916000366210938,42.75500106811523,13.697999954223633,1.2150000333786009,0.0,40.85950088500977
2016-07-20 10:00:00,43.391998291015625,12.984000205993652,41.62900161743164,10.96399974822998,1.2150000333786009,0.0,43.71549987792969
2016-07-20 11:00:00,47.915000915527344,15.413000106811523,46.749000549316406,13.161999702453612,1.22599995136261,0.0,46.79199981689453
2016-07-20 12:00:00,50.512001037597656,16.50200080871582,49.67100143432617,14.20699977874756,0.0,0.0,47.23149871826172
2016-07-20 13:00:00,51.93600082397461,17.759000778198242,49.99300003051758,14.79699993133545,2.430999994277954,0.0,46.352500915527344
2016-07-20 14:00:00,50.59600067138672,17.423999786376953,48.16999816894531,14.447999954223633,2.430999994277954,0.0,46.79199981689453
2016-07-20 15:00:00,47.83200073242188,15.496999740600586,44.92599868774414,12.517999649047852,2.430999994277954,0.0,47.23149871826172
2016-07-20 16:00:00,53.2760009765625,18.0939998626709,50.63600158691406,15.0649995803833,2.430999994277954,0.0,47.23149871826172
2016-07-20 17:00:00,53.61100006103516,19.099000930786133,51.14500045776367,15.842000007629396,2.430999994277954,0.0,46.13249969482422
2016-07-20 18:00:00,51.34999847412109,17.926000595092773,49.1619987487793,15.038000106811523,2.430999994277954,0.0,45.03400039672852
2016-07-20 19:00:00,51.09799957275391,16.92099952697754,48.5989990234375,13.859000205993652,2.430999994277954,0.0,43.93550109863281
2016-07-20 20:00:00,56.3759994506836,19.51799964904785,53.665000915527344,15.680999755859377,2.430999994277954,0.0,43.49599838256836
2016-07-20 21:00:00,57.46500015258789,21.277000427246094,54.81800079345703,17.208999633789062,3.688999891281128,0.0,43.05649948120117
2016-07-20 22:00:00,55.37099838256836,20.27199935913086,52.70000076293945,16.780000686645508,2.3350000381469727,0.0,43.05649948120117
2016-07-20 23:00:00,51.93600082397461,18.51300048828125,50.20700073242188,15.333000183105469,2.3350000381469727,0.0,43.05649948120117
2016-07-21 00:00:00,49.50699996948242,17.926000595092773,47.6870002746582,15.038000106811523,2.3350000381469727,0.0,42.83649826049805
2016-07-21 01:00:00,48.75299835205078,17.004999160766598,45.62300109863281,13.885000228881836,2.3350000381469727,0.0,42.178001403808594
2016-07-21 02:00:00,47.915000915527344,17.004999160766598,44.73899841308594,13.859000205993652,2.3350000381469727,0.0,41.73799896240234
2016-07-21 03:00:00,43.72700119018555,14.659000396728516,40.58399963378906,12.222999572753904,2.4730000495910645,0.0,41.29899978637695
2016-07-21 04:00:00,47.32899856567383,17.34000015258789,45.2750015258789,14.850000381469728,2.4730000495910645,0.0,40.63949966430664
2016-07-21 05:00:00,47.07799911499024,17.507999420166016,45.06000137329102,14.79699993133545,1.503000020980835,0.0,40.20050048828125
2016-07-21 06:00:00,47.999000549316406,17.674999237060547,45.91799926757813,15.0649995803833,1.2369999885559082,0.0,39.760501861572266
2016-07-21 07:00:00,47.49599838256836,17.172000885009766,45.16799926757813,14.368000030517578,1.2369999885559082,0.0,39.98049926757813
2016-07-21 08:00:00,41.46500015258789,13.487000465393065,40.28900146484375,11.767999649047852,0.0,0.0,41.51850128173828
2016-07-21 09:00:00,49.00400161743164,16.92099952697754,47.6870002746582,14.663000106811523,1.3860000371932983,0.0,43.93550109863281
2016-07-21 10:00:00,47.24499893188477,15.07800006866455,45.97200012207031,13.081000328063965,1.246999979019165,0.0,46.13299942016602
2016-07-21 11:00:00,51.18199920654297,17.089000701904293,50.20700073242188,14.609000205993652,1.22599995136261,0.0,48.76950073242188
2016-07-21 12:00:00,55.53799819946289,19.26700019836425,54.01399993896485,15.895999908447266,0.0,0.0,50.0880012512207
2016-07-21 13:00:00,53.52799987792969,18.010000228881836,52.16400146484375,15.359999656677244,0.0,0.0,51.40650177001953
2016-07-21 14:00:00,52.94100189208984,17.590999603271484,51.81600189208984,14.79699993133545,1.22599995136261,0.0,51.6259994506836
2016-07-21 15:00:00,50.59600067138672,16.50200080871582,49.3489990234375,13.75100040435791,1.2369999885559082,0.0,52.50500106811523
2016-07-21 16:00:00,54.19800186157226,18.17799949645996,53.20899963378906,15.4399995803833,0.0,0.0,52.28499984741211
2016-07-21 17:00:00,53.69499969482422,17.759000778198242,52.37799835205078,15.092000007629396,1.3109999895095823,0.0,50.30749893188477
2016-07-21 18:00:00,50.34500122070313,16.0,48.54499816894531,13.081000328063965,2.632999897003174,0.0,48.98899841308594
2016-07-21 19:00:00,45.82099914550781,13.904999732971191,43.07699966430664,11.312000274658203,2.5369999408721924,0.0,47.89049911499024
2016-07-21 20:00:00,47.58000183105469,14.156999588012695,45.35499954223633,11.392000198364258,2.5480000972747803,0.0,46.13299942016602
2016-07-21 21:00:00,55.0359992980957,16.586000442504886,52.40499877929688,13.241999626159668,2.5480000972747803,0.0,45.03450012207031
2016-07-21 22:00:00,53.69499969482422,17.590999603271484,50.58200073242188,14.286999702453612,2.5480000972747803,0.0,44.375
2016-07-21 23:00:00,51.09799957275391,16.250999450683597,48.2239990234375,13.135000228881836,2.5480000972747803,0.0,43.93550109863281
2016-07-22 00:00:00,48.75299835205078,16.334999084472653,47.23199844360352,13.83199977874756,1.3329999446868896,0.0,43.49599838256836
2016-07-22 01:00:00,49.0880012512207,16.50200080871582,46.6150016784668,13.37600040435791,2.622999906539917,0.0,42.83649826049805
2016-07-22 02:00:00,48.41799926757813,16.250999450683597,45.89099884033203,13.21500015258789,2.622999906539917,0.0,42.397499084472656
2016-07-22 03:00:00,45.82099914550781,15.916000366210938,43.02299880981445,13.053999900817873,2.622999906539917,0.0,42.178001403808594
2016-07-22 04:00:00,43.55899810791016,14.743000030517578,41.38800048828125,12.46500015258789,2.687000036239624,0.0,41.95800018310547
2016-07-22 05:00:00,45.56999969482422,15.664999961853027,42.64799880981445,12.866999626159668,2.687000036239624,0.0,41.29899978637695
2016-07-22 06:00:00,43.2239990234375,13.234999656677244,41.60300064086914,11.204999923706056,1.8339999914169312,0.0,40.85950088500977
2016-07-22 07:00:00,42.303001403808594,14.241000175476074,40.262001037597656,12.222999572753904,1.8339999914169312,0.0,40.85950088500977
2016-07-22 08:00:00,42.88899993896485,14.407999992370604,41.84400177001953,12.652000427246096,1.2369999885559082,0.0,42.1775016784668
2016-07-22 09:00:00,49.92599868774414,17.926000595092773,48.67900085449219,15.680999755859377,1.2790000438690186,0.0,44.375
2016-07-22 10:00:00,47.83200073242188,14.743000030517578,46.374000549316406,12.706000328063965,1.2790000438690186,0.0,46.352500915527344
2016-07-22 11:00:00,52.94100189208984,17.172000885009766,51.73500061035156,14.555999755859377,1.22599995136261,0.0,49.42850112915039
2016-07-22 12:00:00,54.86800003051758,18.010000228881836,53.88000106811523,15.359999656677244,0.0,0.0,50.52750015258789
2016-07-22 13:00:00,56.79499816894531,18.847999572753903,55.35400009155274,15.8149995803833,1.2150000333786009,0.0,52.28499984741211
2016-07-22 14:00:00,53.36000061035156,18.26099967956543,51.73500061035156,14.824000358581545,1.2150000333786009,0.0,54.04299926757813
2016-07-22 15:00:00,56.20800018310547,19.350000381469727,54.81800079345703,16.19099998474121,1.2150000333786009,0.0,55.14149856567383
2016-07-22 16:00:00,54.70000076293945,18.93199920654297,53.55799865722656,15.949000358581545,1.22599995136261,0.0,54.48199844360352
2016-07-22 17:00:00,56.125,19.43400001525879,54.14799880981445,15.92300033569336,1.2150000333786009,0.0,52.28549957275391
2016-07-22 18:00:00,56.96200180053711,18.93199920654297,55.40700149536133,15.842000007629396,1.2150000333786009,0.0,51.186500549316406
2016-07-22 19:00:00,52.77399826049805,15.916000366210938,50.77000045776367,13.053999900817873,1.2150000333786009,0.0,49.64849853515625
2016-07-22 20:00:00,60.14500045776367,19.51799964904785,56.90900039672852,15.467000007629396,2.5369999408721924,0.0,47.89049911499024
2016-07-22 21:00:00,58.05099868774414,18.17799949645996,54.87099838256836,14.475000381469728,2.5369999408721924,0.0,47.012001037597656
2016-07-22 22:00:00,58.97299957275391,19.601999282836918,57.65900039672852,16.19099998474121,1.5670000314712524,0.0,46.13299942016602
2016-07-22 23:00:00,53.52799987792969,17.507999420166016,50.74300003051758,14.126999855041506,2.96399998664856,0.0,45.69350051879883
2016-07-23 00:00:00,53.86299896240234,17.926000595092773,51.36000061035156,14.6899995803833,2.494999885559082,0.0,44.81449890136719
2016-07-23 01:00:00,50.34500122070313,16.0,49.0009994506836,13.564000129699709,2.494999885559082,0.0,44.15549850463867
2016-07-23 02:00:00,48.75299835205078,15.916000366210938,46.2130012512207,12.920000076293944,2.494999885559082,0.0,43.2765007019043
2016-07-23 03:00:00,45.56999969482422,14.072999954223633,43.74700164794922,11.821000099182127,1.2790000438690186,0.0,42.617000579833984
2016-07-23 04:00:00,47.1609992980957,15.413000106811523,44.81900024414063,12.84000015258789,2.505000114440918,0.0,41.51850128173828
2016-07-23 05:00:00,45.31800079345703,14.659000396728516,43.479000091552734,12.383999824523926,1.2690000534057615,0.0,41.079498291015625
2016-07-23 06:00:00,46.57500076293945,15.748000144958494,44.229000091552734,13.161999702453612,2.483999967575073,0.0,40.20050048828125
2016-07-23 07:00:00,42.72200012207031,14.491999626159668,41.415000915527344,12.277000427246096,1.2369999885559082,0.0,40.41999816894531
2016-07-23 08:00:00,45.98899841308594,14.82699966430664,44.65800094604492,12.62600040435791,1.2369999885559082,0.0,42.397499084472656
2016-07-23 09:00:00,53.69499969482422,18.010000228881836,51.14500045776367,14.555999755859377,2.45199990272522,0.0,44.59500122070313
2016-07-23 10:00:00,58.38600158691406,21.025999069213867,55.97000122070313,17.26300048828125,2.45199990272522,0.0,47.23149871826172
2016-07-23 11:00:00,59.47499847412109,21.61199951171875,56.61399841308594,17.503999710083008,2.45199990272522,0.0,50.74700164794922
2016-07-23 12:00:00,60.14500045776367,20.27199935913086,57.92699813842773,16.620000839233402,1.2899999618530271,0.0,52.7244987487793
2016-07-23 13:00:00,60.39699935913086,21.19300079345703,58.59700012207031,17.075000762939453,2.5910000801086426,0.0,53.60350036621094
2016-07-23 14:00:00,60.39699935913086,21.44499969482422,58.40999984741211,17.665000915527344,1.3969999551773071,0.0,55.58100128173828
2016-07-23 15:00:00,60.98300170898438,22.70100021362305,58.8120002746582,18.173999786376957,2.611999988555908,1.246999979019165,56.02050018310547
2016-07-23 16:00:00,60.81600189208984,21.780000686645508,58.51699829101562,17.7450008392334,1.3860000371932983,0.0,54.70199966430664
2016-07-23 17:00:00,59.72700119018555,21.527999877929688,57.57899856567383,17.181999206542972,2.6010000705718994,1.2150000333786009,52.7244987487793
2016-07-23 18:00:00,57.54899978637695,19.684999465942383,54.87099838256836,16.030000686645508,2.6010000705718994,0.0,51.6259994506836
2016-07-23 19:00:00,52.60599899291992,15.413000106811523,50.31399917602539,12.383999824523926,2.6010000705718994,0.0,50.30749893188477
2016-07-23 20:00:00,56.62699890136719,17.590999603271484,53.88000106811523,13.965999603271484,2.6010000705718994,0.0,48.76950073242188
2016-07-23 21:00:00,62.32300186157226,21.11000061035156,59.5890007019043,17.04800033569336,2.6010000705718994,0.0,47.45100021362305
2016-07-23 22:00:00,60.89899826049805,20.69099998474121,57.63199996948242,16.29800033569336,2.6010000705718994,1.3109999895095823,46.571998596191406
2016-07-23 23:00:00,58.72100067138672,20.27199935913086,55.38100051879883,15.949000358581545,2.622999906539917,1.2150000333786009,45.91350173950195
2016-07-24 00:00:00,53.52799987792969,18.0939998626709,51.25299835205078,15.038000106811523,2.622999906539917,0.0,45.4734992980957
2016-07-24 01:00:00,52.68999862670898,18.010000228881836,50.98500061035156,15.17199993133545,1.2150000333786009,0.0,44.59450149536133
2016-07-24 02:00:00,52.85800170898438,18.010000228881836,49.99300003051758,14.501999855041506,2.7079999446868896,0.0,43.71549987792969
2016-07-24 03:00:00,51.09799957275391,17.926000595092773,49.8849983215332,15.279000282287598,1.2150000333786009,0.0,43.2765007019043
2016-07-24 04:00:00,52.94100189208984,18.34499931335449,49.40299987792969,14.850000381469728,2.569000005722046,0.0,42.617000579833984
2016-07-24 05:00:00,51.68500137329102,18.17799949645996,49.26900100708008,15.279000282287598,2.697000026702881,0.0,41.95800018310547
2016-07-24 06:00:00,50.76300048828125,18.429000854492188,48.14300155639648,14.904000282287598,2.697000026702881,1.2150000333786009,41.51850128173828
2016-07-24 07:00:00,41.88399887084961,13.654000282287598,40.74499893188477,11.847999572753904,1.2580000162124634,0.0,41.73799896240234
2016-07-24 08:00:00,46.2400016784668,14.82699966430664,44.81900024414063,12.571999549865724,1.3220000267028809,0.0,43.71599960327149
2016-07-24 09:00:00,53.86299896240234,17.759000778198242,51.95000076293945,14.609000205993652,1.3220000267028809,0.0,46.13299942016602
2016-07-24 10:00:00,55.45399856567383,18.26099967956543,53.10200119018555,15.199000358581545,1.3220000267028809,0.0,48.54949951171875
2016-07-24 11:00:00,56.62699890136719,18.429000854492188,54.22800064086914,15.118000030517578,2.5369999408721924,0.0,50.30749893188477
2016-07-24 12:00:00,59.39099884033203,19.099000930786133,57.17699813842773,15.76200008392334,2.440999984741211,0.0,52.94400024414063
2016-07-24 13:00:00,60.98300170898438,19.601999282836918,57.84700012207031,15.8149995803833,2.440999984741211,0.0,54.70199966430664
2016-07-24 14:00:00,58.38600158691406,18.26099967956543,55.48799896240234,14.63599967956543,2.440999984741211,0.0,56.89950180053711
2016-07-24 15:00:00,58.21900177001953,19.26700019836425,56.34600067138672,15.359999656677244,1.246999979019165,0.0,57.77849960327149
2016-07-24 16:00:00,58.72100067138672,19.26700019836425,56.50699996948242,15.895999908447266,2.4730000495910645,0.0,56.459999084472656
2016-07-24 17:00:00,51.93600082397461,15.581000328063965,49.5099983215332,12.41100025177002,2.463000059127808,0.0,54.26300048828125
2016-07-24 18:00:00,56.125,16.836999893188473,53.85300064086914,13.482999801635742,2.463000059127808,0.0,52.94400024414063
2016-07-24 19:00:00,54.02999877929688,16.166999816894528,52.05699920654297,13.135000228881836,2.463000059127808,0.0,51.186500549316406
2016-07-24 20:00:00,60.14500045776367,19.099000930786133,57.36399841308594,15.145000457763672,2.463000059127808,0.0,49.42850112915039
2016-07-24 21:00:00,58.21900177001953,17.674999237060547,56.07799911499024,14.126999855041506,2.463000059127808,0.0,48.33000183105469
2016-07-24 22:00:00,62.49100112915039,21.025999069213867,59.64300155639648,16.110000610351562,3.688999891281128,1.22599995136261,47.67050170898438
2016-07-24 23:00:00,57.29700088500977,19.183000564575195,55.48799896240234,15.574000358581545,2.3559999465942383,0.0,47.23149871826172
2016-07-25 00:00:00,57.13000106811523,19.684999465942383,53.82600021362305,15.574000358581545,3.5720000267028813,1.3109999895095823,46.352500915527344
2016-07-25 01:00:00,49.42300033569336,16.250999450683597,48.35800170898438,13.590999603271484,1.7699999809265137,0.0,45.91350173950195
2016-07-25 02:00:00,52.94100189208984,16.753999710083008,49.40299987792969,12.973999977111816,3.059999942779541,1.246999979019165,45.03450012207031
2016-07-25 03:00:00,51.68500137329102,17.423999786376953,50.82400131225586,14.824000358581545,1.343000054359436,0.0,44.15549850463867
2016-07-25 04:00:00,50.34500122070313,16.836999893188473,47.6609992980957,13.83199977874756,3.006999969482422,0.0,43.71549987792969
2016-07-25 05:00:00,49.59099960327149,16.92099952697754,48.196998596191406,14.42099952697754,0.0,0.0,42.83649826049805
2016-07-25 06:00:00,51.09799957275391,17.34000015258789,48.73300170898438,14.368000030517578,2.5269999504089355,0.0,42.83649826049805
2016-07-25 07:00:00,41.88399887084961,12.984000205993652,40.69100189208984,10.989999771118164,1.7480000257492063,0.0,43.05649948120117
2016-07-25 08:00:00,45.90499877929688,14.576000213623049,45.19400024414063,12.652000427246096,0.0,0.0,43.93550109863281
2016-07-25 09:00:00,54.11399841308594,19.099000930786133,52.64599990844727,16.19099998474121,1.343000054359436,0.0,46.352500915527344
2016-07-25 10:00:00,53.86299896240234,16.586000442504886,52.35200119018555,13.777999877929688,1.2150000333786009,0.0,48.98949813842773
2016-07-25 11:00:00,61.82099914550781,21.780000686645508,60.3129997253418,18.040000915527344,1.2150000333786009,0.0,52.50500106811523
2016-07-25 12:00:00,60.81600189208984,19.601999282836918,59.4020004272461,16.431999206542972,0.0,0.0,54.48249816894531
2016-07-25 13:00:00,59.13999938964844,18.429000854492188,57.68600082397461,15.305999755859377,1.246999979019165,0.0,55.36100006103516
2016-07-25 14:00:00,59.30799865722656,19.937000274658203,57.79299926757813,16.458999633789062,1.246999979019165,0.0,57.11949920654297
2016-07-25 15:00:00,48.16699981689453,13.654000282287598,47.178001403808594,11.312000274658203,0.0,0.0,58.4375
2016-07-25 16:00:00,52.85800170898438,17.256000518798828,51.81600189208984,14.63599967956543,0.0,0.0,56.89950180053711
2016-07-25 17:00:00,52.10400009155274,16.083000183105472,50.52899932861328,13.081000328063965,1.3009999990463257,0.0,54.26300048828125
2016-07-25 18:00:00,54.95199966430664,17.759000778198242,52.80699920654297,14.6899995803833,1.3009999990463257,0.0,52.94400024414063
2016-07-25 19:00:00,49.59099960327149,13.487000465393065,48.35800170898438,11.418999671936035,1.375,0.0,51.186500549316406
2016-07-25 20:00:00,57.88399887084961,17.423999786376953,55.40700149536133,13.590999603271484,2.664999961853028,0.0,48.98949813842773
2016-07-25 21:00:00,60.81600189208984,19.350000381469727,58.03400039672852,15.17199993133545,2.45199990272522,0.0,47.67050170898438
2016-07-25 22:00:00,56.3759994506836,17.843000411987305,54.17399978637695,14.340999603271484,2.440999984741211,0.0,46.79199981689453
2016-07-25 23:00:00,55.0359992980957,17.172000885009766,51.84199905395508,13.29599952697754,3.677999973297119,1.5779999494552612,46.352500915527344
2016-07-26 00:00:00,54.95199966430664,18.0939998626709,52.19100189208984,14.850000381469728,2.463000059127808,0.0,45.4734992980957
2016-07-26 01:00:00,54.86800003051758,18.68000030517578,51.73500061035156,14.824000358581545,3.677999973297119,1.375,44.59450149536133
2016-07-26 02:00:00,52.77399826049805,17.926000595092773,50.28799819946289,14.984000205993652,2.4200000762939453,0.0,43.71549987792969
2016-07-26 03:00:00,51.43399810791016,17.507999420166016,49.61700057983398,14.58199977874756,2.1540000438690186,0.0,43.2765007019043
2016-07-26 04:00:00,51.34999847412109,17.759000778198242,48.5989990234375,14.715999603271484,3.380000114440918,0.0,42.397499084472656
2016-07-26 05:00:00,49.3390007019043,16.753999710083008,47.125,13.993000030517578,1.7480000257492063,0.0,41.95800018310547
2016-07-26 06:00:00,51.93600082397461,18.51300048828125,49.26900100708008,15.305999755859377,2.96399998664856,0.0,41.73799896240234
2016-07-26 07:00:00,49.25600051879883,17.759000778198242,47.6870002746582,15.17199993133545,1.2369999885559082,0.0,41.95800018310547
2016-07-26 08:00:00,49.3390007019043,15.83199977874756,47.98199844360352,13.37600040435791,1.2150000333786009,0.0,43.93550109863281
2016-07-26 09:00:00,56.96200180053711,19.937000274658203,55.99700164794922,17.236000061035153,0.0,0.0,46.13299942016602
2016-07-26 10:00:00,56.04100036621094,17.926000595092773,53.93299865722656,14.770000457763672,1.2150000333786009,0.0,48.33000183105469
2016-07-26 11:00:00,62.2400016784668,21.36100006103516,60.71500015258789,17.63800048828125,1.2150000333786009,0.0,51.84550094604492
2016-07-26 12:00:00,61.1510009765625,20.27199935913086,59.83000183105469,16.861000061035153,1.3109999895095823,0.0,53.60350036621094
2016-07-26 13:00:00,60.3129997253418,19.85300064086914,58.8650016784668,16.458999633789062,1.375,0.0,54.92200088500977
2016-07-26 14:00:00,57.71599960327149,18.763999938964844,56.21200180053711,15.76200008392334,1.2150000333786009,0.0,57.11899948120117
2016-07-26 15:00:00,54.28200149536133,18.847999572753903,52.78099822998047,15.654999732971191,1.2369999885559082,0.0,57.99800109863281
2016-07-26 16:00:00,52.27099990844727,15.83199977874756,50.71599960327149,13.081000328063965,1.22599995136261,0.0,56.67950057983398
2016-07-26 17:00:00,59.30799865722656,20.1879997253418,57.63199996948242,16.88800048828125,1.22599995136261,0.0,54.26300048828125
2016-07-26 18:00:00,61.06700134277344,21.69599914550781,58.35599899291992,17.77199935913086,2.5160000324249268,0.0,52.7244987487793
2016-07-26 19:00:00,55.87300109863281,17.590999603271484,53.53099822998047,14.100000381469728,2.5160000324249268,0.0,51.40599822998047
2016-07-26 20:00:00,59.13999938964844,18.59600067138672,58.06100082397461,15.4399995803833,0.0,0.0,49.64849853515625
2016-07-26 21:00:00,61.56900024414063,20.69099998474121,58.59700012207031,16.270999908447266,3.785000085830689,1.4609999656677246,48.76950073242188
2016-07-26 22:00:00,58.05099868774414,19.183000564575195,55.19300079345703,15.494000434875488,2.494999885559082,0.0,47.89049911499024
2016-07-26 23:00:00,56.3759994506836,18.51300048828125,53.69200134277344,15.038000106811523,3.742000102996826,0.0,47.23149871826172
2016-07-27 00:00:00,53.2760009765625,17.759000778198242,50.20700073242188,14.234000205993652,2.121999979019165,1.2150000333786009,46.571998596191406
2016-07-27 01:00:00,55.53799819946289,18.847999572753903,52.05699920654297,15.118000030517578,2.121999979019165,0.0,45.91350173950195
2016-07-27 02:00:00,54.70000076293945,18.68000030517578,51.65499877929688,15.199000358581545,2.121999979019165,1.2150000333786009,45.25400161743164
2016-07-27 03:00:00,53.86299896240234,18.0939998626709,51.25299835205078,14.850000381469728,2.121999979019165,0.0,44.81449890136719
2016-07-27 04:00:00,53.44400024414063,18.51300048828125,50.47499847412109,15.22599983215332,2.121999979019165,0.0,44.15549850463867
2016-07-27 05:00:00,52.27099990844727,17.590999603271484,49.45700073242188,14.770000457763672,2.121999979019165,0.0,43.93550109863281
2016-07-27 06:00:00,51.09799957275391,17.507999420166016,48.4379997253418,14.529000282287598,2.121999979019165,0.0,43.49599838256836
2016-07-27 07:00:00,51.51699829101562,19.01499938964844,49.5099983215332,15.97599983215332,2.121999979019165,0.0,43.71549987792969
2016-07-27 08:00:00,41.46500015258789,12.732999801635742,40.23500061035156,10.989999771118164,2.121999979019165,0.0,44.81449890136719
2016-07-27 09:00:00,50.59600067138672,16.670000076293945,49.02799987792969,14.340999603271484,1.22599995136261,0.0,46.571998596191406
2016-07-27 10:00:00,51.93600082397461,16.334999084472653,50.31399917602539,13.939000129699709,1.22599995136261,0.0,48.33000183105469
2016-07-27 11:00:00,55.37099838256836,17.843000411987305,53.45100021362305,15.199000358581545,1.2369999885559082,0.0,51.40650177001953
2016-07-27 12:00:00,55.87300109863281,19.01499938964844,54.71099853515625,16.325000762939453,0.0,0.0,52.7244987487793
2016-07-27 13:00:00,54.95199966430664,18.847999572753903,53.77199935913086,16.056999206542972,1.2580000162124634,0.0,53.60350036621094
2016-07-27 14:00:00,55.78900146484375,19.43400001525879,54.25500106811523,16.110000610351562,1.2580000162124634,0.0,54.70199966430664
2016-07-27 15:00:00,57.88399887084961,18.93199920654297,56.29199981689453,15.8149995803833,1.2580000162124634,0.0,48.98899841308594
2016-07-27 16:00:00,60.98300170898438,21.11000061035156,59.50899887084961,17.63800048828125,1.3220000267028809,0.0,51.6259994506836
2016-07-27 17:00:00,61.48600006103516,21.780000686645508,59.72299957275391,17.584999084472653,1.3650000095367432,0.0,51.84550094604492
2016-07-27 18:00:00,60.81600189208984,20.77400016784668,58.51699829101562,16.995000839233402,1.3650000095367432,0.0,51.84550094604492
2016-07-27 19:00:00,56.29199981689453,16.753999710083008,53.07500076293945,13.37600040435791,3.1559998989105225,0.0,50.74700164794922
2016-07-27 20:00:00,58.63800048828125,18.010000228881836,56.21200180053711,14.234000205993652,3.059999942779541,0.0,48.98949813842773
2016-07-27 21:00:00,63.83100128173828,21.94700050354004,60.76900100708008,17.531000137329098,2.9749999046325684,0.0,47.89049911499024
2016-07-27 22:00:00,59.47499847412109,20.43899917602539,56.72100067138672,16.110000610351562,2.9749999046325684,1.246999979019165,46.79199981689453
2016-07-27 23:00:00,57.63199996948242,19.43400001525879,55.13899993896485,15.680999755859377,2.463000059127808,0.0,46.352500915527344
2016-07-28 00:00:00,53.0250015258789,16.419000625610348,50.79700088500977,13.456000328063965,2.463000059127808,0.0,45.69350051879883
2016-07-28 01:00:00,52.35499954223633,17.507999420166016,50.52899932861328,14.501999855041506,1.2150000333786009,0.0,45.25400161743164
2016-07-28 02:00:00,49.00400161743164,16.250999450683597,47.74100112915039,13.725000381469728,2.697000026702881,0.0,44.81449890136719
2016-07-28 03:00:00,50.512001037597656,16.836999893188473,48.11600112915039,14.100000381469728,2.697000026702881,0.0,44.15549850463867
2016-07-28 04:00:00,50.17699813842773,17.507999420166016,47.84799957275391,14.475000381469728,2.697000026702881,0.0,43.49599838256836
2016-07-28 05:00:00,45.4020004272461,14.82699966430664,43.31800079345703,12.41100025177002,1.22599995136261,0.0,43.05649948120117
2016-07-28 06:00:00,41.96799850463867,14.072999954223633,40.15499877929688,11.875,1.3220000267028809,0.0,42.617000579833984
2016-07-28 07:00:00,48.584999084472656,17.256000518798828,46.64199829101562,14.555999755859377,1.2580000162124634,0.0,42.178001403808594
2016-07-28 08:00:00,46.15599822998047,14.407999992370604,44.685001373291016,12.25,1.2580000162124634,0.0,43.2760009765625
2016-07-28 09:00:00,53.36000061035156,17.590999603271484,51.81600189208984,14.79699993133545,1.246999979019165,0.0,45.25400161743164
2016-07-28 10:00:00,54.02999877929688,17.507999420166016,52.512001037597656,14.42099952697754,1.246999979019165,0.0,47.67100143432617
2016-07-28 11:00:00,60.73199844360352,21.69599914550781,59.29399871826172,18.334999084472656,1.246999979019165,0.0,50.74700164794922
2016-07-28 12:00:00,61.06700134277344,20.356000900268555,59.5890007019043,16.995000839233402,1.2580000162124634,0.0,52.7244987487793
2016-07-28 13:00:00,61.65299987792969,20.941999435424805,60.23300170898438,17.423999786376953,1.3539999723434448,0.0,53.82350158691406
2016-07-28 14:00:00,59.39099884033203,20.941999435424805,57.874000549316406,17.611000061035156,1.246999979019165,0.0,56.459999084472656
2016-07-28 15:00:00,59.64300155639648,21.69599914550781,57.98099899291992,18.2549991607666,1.246999979019165,0.0,57.11899948120117
2016-07-28 16:00:00,58.21900177001953,19.768999099731445,56.88199996948242,16.593000411987305,1.2580000162124634,0.0,56.02050018310547
2016-07-28 17:00:00,57.38100051879883,20.27199935913086,55.81000137329102,16.968000411987305,1.2150000333786009,0.0,54.26300048828125
2016-07-28 18:00:00,59.47499847412109,20.77400016784668,58.35599899291992,17.423999786376953,1.3969999551773071,0.0,52.94400024414063
2016-07-28 19:00:00,55.37099838256836,17.256000518798828,54.14799880981445,14.18000030517578,1.2899999618530271,0.0,51.6259994506836
2016-07-28 20:00:00,60.39699935913086,19.183000564575195,57.12300109863281,14.876999855041506,3.82699990272522,1.2150000333786009,49.86800003051758
2016-07-28 21:00:00,61.90499877929688,21.69599914550781,60.17900085449219,17.63800048828125,1.758999943733215,0.0,48.76950073242188
2016-07-28 22:00:00,63.24499893188477,22.36599922180176,60.23300170898438,17.826000213623047,3.006999969482422,1.3329999446868896,47.89049911499024
2016-07-28 23:00:00,59.89400100708008,21.527999877929688,57.76599884033203,17.451000213623047,3.006999969482422,1.3009999990463257,47.45100021362305
2016-07-29 00:00:00,58.05099868774414,19.601999282836918,54.01399993896485,15.520999908447266,2.740000009536743,1.22599995136261,46.79199981689453
2016-07-29 01:00:00,53.946998596191406,18.51300048828125,50.95800018310547,15.22599983215332,2.740000009536743,0.0,45.91350173950195
2016-07-29 02:00:00,51.43399810791016,17.004999160766598,48.7599983215332,14.072999954223633,2.740000009536743,0.0,45.25400161743164
2016-07-29 03:00:00,51.26599884033203,17.507999420166016,49.02799987792969,14.63599967956543,2.740000009536743,0.0,44.59450149536133
2016-07-29 04:00:00,50.93099975585938,17.590999603271484,48.46500015258789,14.395000457763672,2.750999927520752,0.0,43.93550109863281
2016-07-29 05:00:00,52.77399826049805,18.93199920654297,49.61700057983398,15.22599983215332,1.3220000267028809,0.0,43.49599838256836
2016-07-29 06:00:00,52.68999862670898,19.183000564575195,49.48300170898438,15.949000358581545,2.5369999408721924,0.0,42.617000579833984
2016-07-29 07:00:00,49.50699996948242,18.59600067138672,47.28499984741211,15.708000183105469,2.5369999408721924,0.0,42.617000579833984
2016-07-29 08:00:00,50.68000030517578,17.34000015258789,48.196998596191406,14.314000129699709,2.5369999408721924,0.0,43.93550109863281
2016-07-29 09:00:00,57.46500015258789,21.527999877929688,56.10400009155274,18.28199958801269,1.3220000267028809,0.0,46.352500915527344
2016-07-29 10:00:00,55.45399856567383,17.674999237060547,53.71900177001953,14.743000030517578,1.3220000267028809,0.0,48.54949951171875
2016-07-29 11:00:00,60.0620002746582,19.937000274658203,58.6510009765625,16.378000259399414,1.3220000267028809,0.0,52.06549835205078
2016-07-29 12:00:00,62.15599822998047,21.44499969482422,60.76900100708008,17.798999786376953,1.3220000267028809,0.0,53.82350158691406
2016-07-29 13:00:00,59.55899810791016,20.020999908447266,58.678001403808594,16.995000839233402,1.2369999885559082,0.0,53.82350158691406
2016-07-29 14:00:00,62.49100112915039,21.863000869750977,61.0099983215332,18.201000213623047,1.2150000333786009,0.0,54.70199966430664
2016-07-29 15:00:00,61.48600006103516,25.632999420166016,58.6510009765625,17.181999206542972,1.2150000333786009,0.0,55.14149856567383
2016-07-29 16:00:00,58.55400085449219,20.020999908447266,56.90900039672852,17.04800033569336,1.2150000333786009,0.0,54.48199844360352
2016-07-29 17:00:00,60.64799880981445,20.77400016784668,59.0260009765625,17.236000061035153,1.22599995136261,0.0,53.16400146484375
2016-07-29 18:00:00,59.72700119018555,20.60700035095215,58.00799942016602,17.04800033569336,1.246999979019165,0.0,52.28549957275391
2016-07-29 19:00:00,55.95700073242188,17.926000595092773,53.82600021362305,14.743000030517578,2.687000036239624,0.0,51.186500549316406
2016-07-29 20:00:00,62.57500076293945,20.941999435424805,59.0260009765625,16.56599998474121,2.687000036239624,1.3220000267028809,50.0880012512207
2016-07-29 21:00:00,63.32899856567383,21.025999069213867,59.75,16.56599998474121,2.9110000133514404,1.2369999885559082,48.54949951171875
2016-07-29 22:00:00,58.21900177001953,18.68000030517578,56.85499954223633,15.734999656677244,1.4709999561309814,0.0,47.67050170898438
2016-07-29 23:00:00,56.54299926757813,18.763999938964844,54.68399810791016,15.54699993133545,2.719000101089477,0.0,47.23149871826172
2016-07-30 00:00:00,55.0359992980957,18.93199920654297,53.42399978637695,15.895999908447266,2.719000101089477,0.0,46.571998596191406
2016-07-30 01:00:00,53.946998596191406,18.17799949645996,50.82400131225586,14.6899995803833,2.888999938964844,0.0,46.13299942016602
2016-07-30 02:00:00,53.44400024414063,18.429000854492188,51.25299835205078,15.38700008392334,1.22599995136261,0.0,45.91350173950195
2016-07-30 03:00:00,51.93600082397461,17.674999237060547,49.56399917602539,14.79699993133545,2.622999906539917,0.0,45.03450012207031
2016-07-30 04:00:00,52.52299880981445,18.51300048828125,49.61700057983398,15.333000183105469,2.632999897003174,0.0,44.15549850463867
2016-07-30 05:00:00,52.27099990844727,18.68000030517578,49.45700073242188,15.38700008392334,2.632999897003174,0.0,43.71549987792969
2016-07-30 06:00:00,53.10900115966797,19.43400001525879,49.85900115966797,15.97599983215332,2.632999897003174,0.0,42.83649826049805
2016-07-30 07:00:00,49.92599868774414,18.51300048828125,48.4379997253418,15.708000183105469,2.632999897003174,0.0,43.49599838256836
2016-07-30 08:00:00,45.98899841308594,14.491999626159668,44.92599868774414,12.517999649047852,0.0,0.0,44.375
2016-07-30 09:00:00,50.68000030517578,15.83199977874756,49.24200057983398,13.241999626159668,1.246999979019165,0.0,46.352500915527344
2016-07-30 10:00:00,59.81000137329102,21.36100006103516,58.4370002746582,17.826000213623047,1.2150000333786009,0.0,48.98949813842773
2016-07-30 11:00:00,59.55899810791016,19.937000274658203,58.06100082397461,16.511999130249027,1.2150000333786009,0.0,52.94400024414063
2016-07-30 12:00:00,60.0620002746582,19.099000930786133,58.89199829101562,15.8149995803833,1.2150000333786009,0.0,54.04299926757813
2016-07-30 13:00:00,58.88899993896485,18.93199920654297,57.17699813842773,15.628000259399414,1.2150000333786009,0.0,54.70199966430664
2016-07-30 14:00:00,60.3129997253418,20.27199935913086,59.26800155639648,16.861000061035153,1.3329999446868896,0.0,56.89950180053711
2016-07-30 15:00:00,61.4020004272461,21.36100006103516,59.9640007019043,17.691999435424805,1.2150000333786009,0.0,57.55849838256836
2016-07-30 16:00:00,60.89899826049805,21.19300079345703,59.4020004272461,17.691999435424805,1.2150000333786009,0.0,54.92150115966797
2016-07-30 17:00:00,59.13999938964844,19.768999099731445,58.16799926757813,16.700000762939453,0.0,0.0,51.6259994506836
2016-07-30 18:00:00,59.13999938964844,19.183000564575195,56.98899841308594,15.97599983215332,1.2790000438690186,0.0,50.30749893188477
2016-07-30 19:00:00,53.0250015258789,16.836999893188473,52.08399963378906,14.072999954223633,0.0,0.0,49.64849853515625
2016-07-30 20:00:00,63.32899856567383,21.61199951171875,60.01800155639648,17.04800033569336,2.5480000972747803,1.22599995136261,48.54999923706055
2016-07-30 21:00:00,62.2400016784668,20.52300071716309,60.58100128173828,16.726999282836914,1.3329999446868896,0.0,48.33000183105469
2016-07-30 22:00:00,61.31800079345703,0.0,60.09799957275391,0.0,0.0,0.0,48.11050033569336
2016-07-30 23:00:00,56.87799835205078,19.01499938964844,55.75600051879883,15.895999908447266,1.246999979019165,0.0,47.54899978637695
2016-07-31 00:00:00,57.13000106811523,19.43400001525879,56.02399826049805,16.163999557495114,1.2150000333786009,0.0,47.32899856567383
2016-07-31 01:00:00,57.13000106811523,19.43400001525879,56.02399826049805,16.163999557495114,1.2150000333786009,0.0,47.32899856567383
2016-07-31 02:00:00,57.13000106811523,19.43400001525879,56.02399826049805,16.163999557495114,1.2150000333786009,0.0,47.32899856567383
2016-07-31 03:00:00,57.13000106811523,19.43400001525879,56.02399826049805,16.163999557495114,1.2150000333786009,0.0,47.32899856567383
2016-07-31 04:00:00,57.13000106811523,19.43400001525879,56.02399826049805,16.163999557495114,1.2150000333786009,0.0,47.32899856567383
2016-07-31 05:00:00,57.13000106811523,19.43400001525879,56.02399826049805,16.163999557495114,1.2150000333786009,0.0,47.32899856567383
2016-07-31 06:00:00,57.13000106811523,19.43400001525879,56.02399826049805,16.163999557495114,1.2150000333786009,0.0,47.32899856567383
2016-07-31 07:00:00,57.13000106811523,19.43400001525879,56.02399826049805,16.163999557495114,1.2150000333786009,0.0,47.32899856567383
2016-07-31 08:00:00,57.13000106811523,19.43400001525879,56.02399826049805,16.163999557495114,1.2150000333786009,0.0,47.32899856567383
2016-07-31 09:00:00,57.13000106811523,19.43400001525879,56.02399826049805,16.163999557495114,1.2150000333786009,0.0,47.32899856567383
2016-07-31 10:00:00,57.13000106811523,19.43400001525879,56.02399826049805,16.163999557495114,1.2150000333786009,0.0,47.32899856567383
2016-07-31 11:00:00,57.13000106811523,19.43400001525879,56.02399826049805,16.163999557495114,1.2150000333786009,0.0,47.32899856567383
2016-07-31 12:00:00,57.13000106811523,19.43400001525879,56.02399826049805,16.163999557495114,1.2150000333786009,0.0,47.32899856567383
2016-07-31 13:00:00,57.13000106811523,19.43400001525879,56.02399826049805,16.163999557495114,1.2150000333786009,0.0,47.32899856567383
2016-07-31 14:00:00,57.13000106811523,19.43400001525879,56.02399826049805,16.163999557495114,1.2150000333786009,0.0,47.32899856567383
2016-07-31 15:00:00,57.13000106811523,19.43400001525879,56.02399826049805,16.163999557495114,1.2150000333786009,0.0,47.32899856567383
2016-07-31 16:00:00,57.13000106811523,19.43400001525879,56.02399826049805,16.163999557495114,1.2150000333786009,0.0,47.32899856567383
2016-07-31 17:00:00,57.13000106811523,19.43400001525879,56.02399826049805,16.163999557495114,1.2150000333786009,0.0,47.32899856567383
2016-07-31 18:00:00,57.13000106811523,19.43400001525879,56.02399826049805,16.163999557495114,1.2150000333786009,0.0,47.32899856567383
2016-07-31 19:00:00,57.13000106811523,19.43400001525879,56.02399826049805,16.163999557495114,1.2150000333786009,0.0,47.32899856567383
2016-07-31 20:00:00,57.13000106811523,19.43400001525879,56.02399826049805,16.163999557495114,1.2150000333786009,0.0,47.32899856567383
2016-07-31 21:00:00,57.13000106811523,19.43400001525879,56.02399826049805,16.163999557495114,1.2150000333786009,0.0,47.32899856567383
2016-07-31 22:00:00,57.13000106811523,19.43400001525879,56.02399826049805,16.163999557495114,1.2150000333786009,0.0,47.32899856567383
2016-07-31 23:00:00,57.13000106811523,19.43400001525879,56.02399826049805,16.163999557495114,1.2150000333786009,0.0,47.32899856567383
2016-08-01 00:00:00,50.68000030517578,16.836999893188473,48.16999816894531,13.456000328063965,2.719000101089477,0.0,45.13199996948242
2016-08-01 01:00:00,51.76900100708008,17.256000518798828,48.70600128173828,13.725000381469728,2.5910000801086426,0.0,44.69250106811523
2016-08-01 02:00:00,48.66899871826172,16.250999450683597,46.803001403808594,13.321999549865724,2.5910000801086426,0.0,43.8134994506836
2016-08-01 03:00:00,51.68500137329102,17.674999237060547,48.51800155639648,14.26099967956543,2.7929999828338623,0.0,42.93450164794922
2016-08-01 04:00:00,49.59099960327149,17.172000885009766,47.7140007019043,14.100000381469728,2.7929999828338623,0.0,42.49499893188477
2016-08-01 05:00:00,51.01499938964844,17.926000595092773,47.20500183105469,14.529000282287598,2.5910000801086426,1.2150000333786009,41.83599853515625
2016-08-01 06:00:00,49.17200088500977,17.34000015258789,48.16999816894531,14.876999855041506,1.375,0.0,41.17649841308594
2016-08-01 07:00:00,49.67399978637695,17.507999420166016,47.25899887084961,14.609000205993652,2.5910000801086426,0.0,41.17649841308594
2016-08-01 08:00:00,45.48600006103516,15.581000328063965,43.98799896240234,13.29599952697754,2.5910000801086426,0.0,41.39649963378906
2016-08-01 09:00:00,49.67399978637695,16.92099952697754,48.33100128173828,14.100000381469728,2.5910000801086426,0.0,43.374000549316406
2016-08-01 10:00:00,51.09799957275391,16.753999710083008,49.72499847412109,13.83199977874756,2.5910000801086426,0.0,45.35150146484375
2016-08-01 11:00:00,54.86800003051758,17.674999237060547,53.15599822998047,14.6899995803833,1.2790000438690186,0.0,49.5265007019043
2016-08-01 12:00:00,58.80500030517578,18.68000030517578,57.49800109863281,15.680999755859377,1.2790000438690186,0.0,50.84450149536133
2016-08-01 13:00:00,56.54299926757813,18.0939998626709,55.22000122070313,15.038000106811523,1.2790000438690186,0.0,51.7234992980957
2016-08-01 14:00:00,58.63800048828125,19.937000274658203,57.41799926757813,16.67300033569336,1.2150000333786009,0.0,52.38249969482422
2016-08-01 15:00:00,56.96200180053711,19.350000381469727,55.56800079345703,16.270999908447266,1.2150000333786009,0.0,53.92100143432617
2016-08-01 16:00:00,58.303001403808594,19.85300064086914,56.88199996948242,16.378000259399414,1.2150000333786009,0.0,53.04199981689453
2016-08-01 17:00:00,58.80500030517578,20.1879997253418,57.36399841308594,16.726999282836914,1.2150000333786009,0.0,51.50400161743164
2016-08-01 18:00:00,56.71099853515625,19.01499938964844,55.03200149536133,15.734999656677244,1.2150000333786009,0.0,50.18600082397461
2016-08-01 19:00:00,53.44400024414063,16.166999816894528,51.03799819946289,13.21500015258789,2.463000059127808,0.0,48.86700057983398
2016-08-01 20:00:00,59.13999938964844,19.350000381469727,56.72100067138672,15.520999908447266,2.463000059127808,0.0,47.54899978637695
2016-08-01 21:00:00,58.72100067138672,19.350000381469727,56.45299911499024,16.030000686645508,2.463000059127808,0.0,46.88949966430664
2016-08-01 22:00:00,54.61700057983398,17.423999786376953,53.12900161743164,14.475000381469728,2.463000059127808,0.0,46.66999816894531
2016-08-01 23:00:00,55.70600128173828,18.763999938964844,53.55799865722656,15.520999908447266,2.463000059127808,0.0,45.79100036621094
2016-08-02 00:00:00,52.27099990844727,17.507999420166016,50.12699890136719,14.314000129699709,2.463000059127808,0.0,45.35200119018555
2016-08-02 01:00:00,53.44400024414063,17.926000595092773,50.23400115966797,14.019000053405762,2.463000059127808,1.2150000333786009,44.69250106811523
2016-08-02 02:00:00,52.77399826049805,17.423999786376953,49.56399917602539,13.885000228881836,3.7100000381469727,1.3329999446868896,43.8134994506836
2016-08-02 03:00:00,52.02000045776367,17.590999603271484,48.73300170898438,14.286999702453612,2.494999885559082,0.0,43.59400177001953
2016-08-02 04:00:00,51.18199920654297,17.759000778198242,48.2770004272461,14.340999603271484,2.494999885559082,1.2150000333786009,43.15399932861328
2016-08-02 05:00:00,50.34500122070313,17.507999420166016,48.09000015258789,14.447999954223633,2.5269999504089355,0.0,42.71500015258789
2016-08-02 06:00:00,49.42300033569336,17.004999160766598,47.09799957275391,14.20699977874756,2.5269999504089355,0.0,42.275001525878906
2016-08-02 07:00:00,47.74800109863281,16.586000442504886,46.72200012207031,14.340999603271484,0.0,0.0,42.49499893188477
2016-08-02 08:00:00,49.17200088500977,17.674999237060547,47.98199844360352,15.22599983215332,1.2150000333786009,0.0,43.374000549316406
2016-08-02 09:00:00,54.44900131225586,19.768999099731445,53.18299865722656,16.88800048828125,1.2150000333786009,0.0,45.57099914550781
2016-08-02 10:00:00,50.17699813842773,14.241000175476074,48.70600128173828,11.821000099182127,1.22599995136261,0.0,47.54850006103516
2016-08-02 11:00:00,56.87799835205078,18.68000030517578,55.48799896240234,15.574000358581545,1.22599995136261,0.0,49.74599838256836
2016-08-02 12:00:00,58.63800048828125,18.51300048828125,57.39099884033203,15.467000007629396,1.22599995136261,0.0,50.625
2016-08-02 13:00:00,57.96699905395508,18.93199920654297,56.18500137329102,15.8149995803833,1.246999979019165,0.0,50.84450149536133
2016-08-02 14:00:00,52.52299880981445,20.1879997253418,50.39500045776367,15.279000282287598,1.246999979019165,0.0,46.45000076293945
2016-08-02 15:00:00,54.95199966430664,20.1879997253418,53.34299850463867,17.236000061035153,1.246999979019165,0.0,42.71500015258789
2016-08-02 16:00:00,55.70600128173828,20.77400016784668,54.20100021362305,17.7189998626709,1.246999979019165,0.0,43.15449905395508
2016-08-02 17:00:00,55.37099838256836,19.937000274658203,53.53099822998047,16.726999282836914,1.22599995136261,0.0,43.15449905395508
2016-08-02 18:00:00,55.20299911499024,19.26700019836425,53.55799865722656,16.19099998474121,1.22599995136261,0.0,42.71500015258789
2016-08-02 19:00:00,48.584999084472656,16.670000076293945,47.3120002746582,14.314000129699709,1.2150000333786009,0.0,41.39599990844727
2016-08-02 20:00:00,55.45399856567383,18.847999572753903,53.34299850463867,15.17199993133545,2.611999988555908,0.0,41.39599990844727
2016-08-02 21:00:00,56.54299926757813,19.85300064086914,53.36999893188477,15.680999755859377,2.611999988555908,1.2150000333786009,40.95700073242188
2016-08-02 22:00:00,54.86800003051758,19.601999282836918,53.39699935913086,16.378000259399414,1.8980000019073489,0.0,40.51800155639648
2016-08-02 23:00:00,49.50699996948242,15.916000366210938,46.53499984741211,12.598999977111816,3.134000062942505,0.0,36.78200149536133
2016-08-03 00:00:00,49.42300033569336,17.843000411987305,47.28499984741211,14.850000381469728,2.7929999828338623,0.0,34.14550018310547
2016-08-03 01:00:00,49.25600051879883,17.507999420166016,46.9370002746582,14.447999954223633,2.7929999828338623,0.0,34.365501403808594
2016-08-03 02:00:00,47.41299819946289,16.92099952697754,45.2750015258789,14.072999954223633,2.6010000705718994,0.0,34.365001678466804
2016-08-03 03:00:00,46.071998596191406,16.0,44.63199996948242,13.911999702453612,1.2690000534057615,0.0,34.14550018310547
2016-08-03 04:00:00,44.81600189208984,15.83199977874756,41.73699951171875,12.920000076293944,2.483999967575073,0.0,34.80500030517578
2016-08-03 05:00:00,45.48600006103516,16.670000076293945,44.25600051879883,14.340999603271484,1.2690000534057615,0.0,35.02450180053711
2016-08-03 06:00:00,49.25600051879883,17.590999603271484,45.999000549316406,14.340999603271484,2.6010000705718994,0.0,35.24399948120117
2016-08-03 07:00:00,42.05199813842773,14.659000396728516,40.04800033569336,12.652000427246096,1.3539999723434448,0.0,35.903499603271484
2016-08-03 08:00:00,42.88899993896485,14.241000175476074,40.39599990844727,12.170000076293944,2.569000005722046,0.0,36.78200149536133
2016-08-03 09:00:00,47.49599838256836,16.753999710083008,46.29399871826172,14.475000381469728,0.0,0.0,38.10049819946289
2016-08-03 10:00:00,41.632999420166016,12.732999801635742,40.50299835205078,10.642000198364258,1.2150000333786009,0.0,39.85850143432617
2016-08-03 11:00:00,41.2140007019043,11.5600004196167,40.28900146484375,9.756999969482422,0.0,0.0,39.41899871826172
2016-08-03 12:00:00,41.88399887084961,10.722000122070312,40.71799850463867,9.006999969482422,1.2150000333786009,0.0,38.540000915527344
2016-08-03 13:00:00,44.39699935913086,13.821999549865724,42.83599853515625,11.66100025177002,1.2150000333786009,0.0,40.07799911499024
2016-08-03 14:00:00,45.31800079345703,15.581000328063965,44.28300094604492,13.37600040435791,1.2150000333786009,0.0,41.39599990844727
2016-08-03 15:00:00,49.50699996948242,17.34000015258789,47.875,14.395000457763672,1.2150000333786009,0.0,42.05550003051758
2016-08-03 16:00:00,51.76900100708008,17.926000595092773,50.07300186157226,14.930999755859377,1.2150000333786009,0.0,41.83599853515625
2016-08-03 17:00:00,51.60100173950195,17.590999603271484,50.26100158691406,14.79699993133545,1.2150000333786009,0.0,41.17649841308594
2016-08-03 18:00:00,52.1870002746582,17.089000701904293,49.96599960327149,13.859000205993652,2.494999885559082,0.0,39.85850143432617
2016-08-03 19:00:00,48.75299835205078,14.576000213623049,45.94499969482422,11.526000022888184,2.494999885559082,0.0,39.63899993896485
2016-08-03 20:00:00,52.35499954223633,15.83199977874756,50.52899932861328,12.894000053405762,2.494999885559082,0.0,39.19900131225586
2016-08-03 21:00:00,53.2760009765625,17.843000411987305,50.07300186157226,14.100000381469728,2.494999885559082,1.2150000333786009,38.31999969482422
2016-08-03 22:00:00,49.59099960327149,16.250999450683597,46.29399871826172,12.946999549865724,2.740000009536743,0.0,38.10049819946289
2016-08-03 23:00:00,43.72700119018555,12.062999725341797,40.39599990844727,9.194000244140623,2.740000009536743,1.2690000534057615,37.44100189208984
2016-08-04 00:00:00,42.303001403808594,14.072999954223633,39.75299835205078,11.33899974822998,2.559000015258789,0.0,37.6609992980957
2016-08-04 01:00:00,42.05199813842773,13.654000282287598,39.77999877929688,11.33899974822998,2.559000015258789,0.0,37.44100189208984
2016-08-04 02:00:00,36.43899917602539,10.470999717712402,35.141998291015625,8.791999816894531,2.559000015258789,0.0,37.00199890136719
2016-08-04 03:00:00,35.518001556396484,10.303000450134276,34.097000122070305,8.604999542236326,1.343000054359436,0.0,37.00199890136719
2016-08-04 04:00:00,40.3759994506836,13.487000465393065,38.198001861572266,11.28499984741211,1.22599995136261,0.0,36.5620002746582
2016-08-04 05:00:00,45.23500061035156,15.496999740600586,43.104000091552734,13.081000328063965,1.2150000333786009,0.0,36.12300109863281
2016-08-04 06:00:00,46.57500076293945,16.250999450683597,45.73099899291992,14.126999855041506,0.0,0.0,36.12300109863281
2016-08-04 07:00:00,45.90499877929688,16.0,44.95299911499024,14.126999855041506,0.0,0.0,36.12300109863281
2016-08-04 08:00:00,43.64300155639648,14.576000213623049,42.165000915527344,12.598999977111816,1.3220000267028809,0.0,37.22150039672852
2016-08-04 09:00:00,51.01499938964844,19.183000564575195,49.72499847412109,16.511999130249027,1.2580000162124634,0.0,39.63850021362305
2016-08-04 10:00:00,48.66899871826172,16.166999816894528,46.9900016784668,13.348999977111816,1.3969999551773071,0.0,41.39649963378906
2016-08-04 11:00:00,51.01499938964844,17.172000885009766,50.18000030517578,14.368000030517578,0.0,0.0,43.8134994506836
2016-08-04 12:00:00,51.68500137329102,17.34000015258789,50.79700088500977,14.58199977874756,0.0,0.0,45.57099914550781
2016-08-04 13:00:00,53.44400024414063,19.684999465942383,52.512001037597656,16.620000839233402,0.0,0.0,44.91249847412109
2016-08-04 14:00:00,53.36000061035156,20.020999908447266,52.11000061035156,16.753999710083008,0.0,0.0,44.47249984741211
2016-08-04 15:00:00,53.2760009765625,19.768999099731445,52.53900146484375,16.833999633789062,0.0,0.0,46.01100158691406
2016-08-04 16:00:00,52.35499954223633,19.183000564575195,51.43999862670898,16.056999206542972,0.0,0.0,47.32899856567383
2016-08-04 17:00:00,52.77399826049805,18.68000030517578,51.54700088500977,15.708000183105469,0.0,0.0,46.88949966430664
2016-08-04 18:00:00,53.2760009765625,18.847999572753903,51.86899948120117,15.574000358581545,1.2369999885559082,0.0,45.35200119018555
2016-08-04 19:00:00,49.84199905395508,15.83199977874756,47.09799957275391,12.652000427246096,2.45199990272522,0.0,44.03300094604492
2016-08-04 20:00:00,53.946998596191406,18.34499931335449,52.45899963378906,15.54699993133545,2.45199990272522,0.0,42.49499893188477
2016-08-04 21:00:00,58.1349983215332,21.19300079345703,54.41600036621094,17.101999282836914,3.688999891281128,1.2150000333786009,41.61600112915039
2016-08-04 22:00:00,52.43899917602539,18.847999572753903,48.571998596191406,15.305999755859377,3.5720000267028813,1.2580000162124634,40.95700073242188
2016-08-04 23:00:00,51.26599884033203,18.34499931335449,48.67900085449219,14.984000205993652,2.782999992370605,0.0,40.51800155639648
2016-08-05 00:00:00,49.59099960327149,18.34499931335449,45.97200012207031,14.984000205993652,2.782999992370605,0.0,40.07799911499024
2016-08-05 01:00:00,47.49599838256836,16.92099952697754,45.32899856567383,14.340999603271484,2.611999988555908,0.0,39.63899993896485
2016-08-05 02:00:00,46.57500076293945,16.50200080871582,43.98799896240234,13.725000381469728,2.984999895095825,0.0,39.19900131225586
2016-08-05 03:00:00,45.4020004272461,16.250999450683597,42.43399810791016,13.510000228881836,2.984999895095825,0.0,38.7599983215332
2016-08-05 04:00:00,44.14599990844727,16.419000625610348,40.93199920654297,13.777999877929688,2.984999895095825,0.0,38.540000915527344
2016-08-05 05:00:00,43.97800064086914,16.0,41.09299850463867,13.269000053405762,2.6010000705718994,0.0,38.31999969482422
2016-08-05 06:00:00,45.56999969482422,17.423999786376953,42.88899993896485,14.609000205993652,2.6010000705718994,0.0,38.10049819946289
2016-08-05 07:00:00,43.55899810791016,15.161999702453612,41.17399978637695,12.760000228881836,2.6010000705718994,0.0,38.10049819946289
2016-08-05 08:00:00,39.874000549316406,12.229999542236328,38.680999755859375,10.508000373840332,0.0,0.0,38.97949981689453
2016-08-05 09:00:00,49.25600051879883,18.010000228881836,48.49200057983398,15.17199993133545,0.0,0.0,41.39649963378906
2016-08-05 10:00:00,46.99399948120117,15.496999740600586,45.73099899291992,12.894000053405762,0.0,0.0,43.374000549316406
2016-08-05 11:00:00,50.34500122070313,16.670000076293945,49.24200057983398,14.04599952697754,0.0,0.0,43.59400177001953
2016-08-05 12:00:00,49.92599868774414,17.089000701904293,49.1349983215332,14.26099967956543,0.0,0.0,44.25299835205078
2016-08-05 13:00:00,48.41799926757813,17.004999160766598,47.74100112915039,14.58199977874756,0.0,0.0,42.05550003051758
2016-08-05 14:00:00,51.34999847412109,19.85300064086914,50.23400115966797,17.128999710083008,1.2580000162124634,0.0,41.61600112915039
2016-08-05 15:00:00,51.93600082397461,19.937000274658203,50.74300003051758,16.94099998474121,0.0,0.0,46.45000076293945
2016-08-05 16:00:00,48.41799926757813,18.68000030517578,47.7140007019043,15.895999908447266,0.0,0.0,46.01050186157226
2016-08-05 17:00:00,50.26100158691406,18.763999938964844,49.24200057983398,15.869000434875488,0.0,0.0,45.35150146484375
2016-08-05 18:00:00,53.69499969482422,19.43400001525879,51.43999862670898,16.29800033569336,2.505000114440918,0.0,44.47299957275391
2016-08-05 19:00:00,51.18199920654297,17.590999603271484,47.3120002746582,14.18000030517578,3.720999956130981,1.2150000333786009,43.59400177001953
2016-08-05 20:00:00,55.11899948120117,19.350000381469727,51.52099990844727,15.413000106811523,3.4219999313354488,1.22599995136261,42.71500015258789
2016-08-05 21:00:00,52.60599899291992,18.26099967956543,49.72499847412109,15.01099967956543,3.4219999313354488,0.0,41.83599853515625
2016-08-05 22:00:00,52.35499954223633,19.099000930786133,48.84000015258789,15.494000434875488,3.3580000400543213,1.2150000333786009,41.61600112915039
2016-08-05 23:00:00,47.915000915527344,17.089000701904293,46.2130012512207,13.83199977874756,1.758999943733215,0.0,41.17649841308594
2016-08-06 00:00:00,48.83700180053711,17.926000595092773,46.05199813842773,15.01099967956543,3.0699999332427983,0.0,40.51800155639648
2016-08-06 01:00:00,46.49100112915039,16.250999450683597,43.58599853515625,13.564000129699709,2.868000030517578,0.0,40.07799911499024
2016-08-06 02:00:00,47.41299819946289,16.753999710083008,44.20299911499024,13.83199977874756,2.868000030517578,0.0,39.19900131225586
2016-08-06 03:00:00,45.56999969482422,16.250999450683597,43.104000091552734,13.67099952697754,3.0280001163482666,0.0,38.7599983215332
2016-08-06 04:00:00,42.303001403808594,15.664999961853027,39.59199905395508,12.866999626159668,3.0280001163482666,0.0,38.31999969482422
2016-08-06 05:00:00,42.63800048828125,13.654000282287598,39.80699920654297,10.937000274658203,2.931999921798706,1.3329999446868896,37.88100051879883
2016-08-06 06:00:00,41.96799850463867,13.821999549865724,39.430999755859375,11.392000198364258,2.9210000038146973,1.2150000333786009,37.44100189208984
2016-08-06 07:00:00,48.08300018310547,17.926000595092773,45.89099884033203,15.145000457763672,2.430999994277954,0.0,37.6609992980957
2016-08-06 08:00:00,43.391998291015625,14.491999626159668,41.01300048828125,11.875,2.430999994277954,0.0,39.41899871826172
2016-08-06 09:00:00,49.17200088500977,18.51300048828125,46.5880012512207,15.494000434875488,2.430999994277954,0.0,41.61600112915039
2016-08-06 10:00:00,52.77399826049805,18.34499931335449,49.83200073242188,14.958000183105469,2.430999994277954,0.0,43.59400177001953
2016-08-06 11:00:00,53.69499969482422,18.010000228881836,50.71599960327149,14.6899995803833,2.430999994277954,0.0,46.22999954223633
2016-08-06 12:00:00,53.36000061035156,18.34499931335449,52.08399963378906,15.54699993133545,2.430999994277954,0.0,47.10950088500977
2016-08-06 13:00:00,50.76300048828125,17.843000411987305,48.7599983215332,14.715999603271484,2.430999994277954,0.0,46.88949966430664
2016-08-06 14:00:00,53.52799987792969,19.684999465942383,51.17200088500977,16.378000259399414,2.430999994277954,0.0,45.79100036621094
2016-08-06 15:00:00,53.2760009765625,19.099000930786133,51.54700088500977,16.163999557495114,2.430999994277954,0.0,47.54899978637695
2016-08-06 16:00:00,53.44400024414063,19.183000564575195,52.19100189208984,16.351999282836914,2.430999994277954,0.0,49.30699920654297
2016-08-06 17:00:00,52.60599899291992,17.507999420166016,50.58200073242188,14.475000381469728,2.430999994277954,0.0,47.98799896240234
2016-08-06 18:00:00,51.43399810791016,17.089000701904293,49.93899917602539,14.475000381469728,2.430999994277954,0.0,47.10900115966797
2016-08-06 19:00:00,49.17200088500977,16.334999084472653,45.67699813842773,13.29599952697754,2.430999994277954,0.0,45.35200119018555
2016-08-06 20:00:00,54.61700057983398,19.26700019836425,52.02999877929688,15.708000183105469,2.45199990272522,0.0,44.03300094604492
2016-08-06 21:00:00,55.70600128173828,19.51799964904785,53.34299850463867,16.030000686645508,2.45199990272522,0.0,42.93450164794922
2016-08-06 22:00:00,55.62200164794922,20.27199935913086,52.512001037597656,16.378000259399414,2.45199990272522,1.3650000095367432,42.49499893188477
2016-08-06 23:00:00,51.09799957275391,18.17799949645996,48.30400085449219,14.904000282287598,2.45199990272522,0.0,42.275001525878906
2016-08-07 00:00:00,47.41299819946289,16.836999893188473,45.30199813842773,14.019000053405762,2.45199990272522,0.0,41.83599853515625
2016-08-07 01:00:00,46.82600021362305,16.586000442504886,44.63199996948242,13.75100040435791,2.45199990272522,0.0,41.39599990844727
2016-08-07 02:00:00,46.32400131225586,15.748000144958494,43.55899810791016,13.053999900817873,2.45199990272522,0.0,40.95700073242188
2016-08-07 03:00:00,45.48600006103516,16.083000183105472,42.13899993896485,13.187999725341797,2.45199990272522,0.0,40.07799911499024
2016-08-07 04:00:00,45.56999969482422,16.0,43.42499923706055,13.482999801635742,2.750999927520752,0.0,39.41899871826172
2016-08-07 05:00:00,46.74300003051758,16.50200080871582,43.37200164794922,13.75100040435791,2.750999927520752,0.0,39.19900131225586
2016-08-07 06:00:00,43.72700119018555,14.407999992370604,40.69100189208984,11.795000076293944,2.4730000495910645,0.0,38.7599983215332
2016-08-07 07:00:00,44.81600189208984,15.664999961853027,43.55899810791016,13.590999603271484,1.2580000162124634,0.0,39.19900131225586
2016-08-07 08:00:00,45.31800079345703,14.576000213623049,42.99599838256836,12.277000427246096,2.4730000495910645,0.0,40.29800033569336
2016-08-07 09:00:00,51.18199920654297,18.26099967956543,48.4379997253418,14.930999755859377,2.4730000495910645,0.0,41.39649963378906
2016-08-07 10:00:00,51.76900100708008,17.423999786376953,49.21500015258789,14.475000381469728,2.4730000495910645,0.0,43.8134994506836
2016-08-07 11:00:00,45.90499877929688,14.659000396728516,42.99599838256836,11.795000076293944,2.4730000495910645,1.22599995136261,47.54850006103516
2016-08-07 12:00:00,47.41299819946289,15.916000366210938,45.16799926757813,13.402999877929688,2.4730000495910645,0.0,48.86750030517578
2016-08-07 13:00:00,49.0880012512207,16.670000076293945,47.74100112915039,14.286999702453612,2.4730000495910645,0.0,49.74649810791016
2016-08-07 14:00:00,51.09799957275391,18.26099967956543,47.84799957275391,15.118000030517578,2.4730000495910645,0.0,51.28450012207031
2016-08-07 15:00:00,48.584999084472656,17.34000015258789,46.72200012207031,14.447999954223633,1.2369999885559082,0.0,52.16299819946289
2016-08-07 16:00:00,46.82600021362305,15.664999961853027,45.2750015258789,13.29599952697754,1.2790000438690186,0.0,49.74649810791016
2016-08-07 17:00:00,47.41299819946289,17.256000518798828,46.2130012512207,14.475000381469728,1.2150000333786009,0.0,48.428001403808594
2016-08-07 18:00:00,49.50699996948242,17.004999160766598,47.3120002746582,14.368000030517578,2.505000114440918,0.0,47.10900115966797
2016-08-07 19:00:00,45.90499877929688,14.241000175476074,43.18399810791016,11.579999923706056,2.559000015258789,0.0,46.22999954223633
2016-08-07 20:00:00,52.85800170898438,16.250999450683597,49.45700073242188,12.652000427246096,2.559000015258789,1.246999979019165,45.35200119018555
2016-08-07 21:00:00,55.87300109863281,19.768999099731445,54.46900177001953,16.486000061035153,1.343000054359436,0.0,44.25299835205078
2016-08-07 22:00:00,54.61700057983398,19.099000930786133,52.61999893188477,16.110000610351562,2.687000036239624,0.0,43.8134994506836
2016-08-07 23:00:00,51.51699829101562,18.010000228881836,49.29600143432617,14.58199977874756,2.687000036239624,1.2790000438690186,43.59400177001953
2016-08-08 00:00:00,47.49599838256836,16.753999710083008,45.2750015258789,13.83199977874756,2.687000036239624,0.0,42.71500015258789
2016-08-08 01:00:00,48.08300018310547,16.50200080871582,45.75699996948242,13.644000053405762,2.687000036239624,0.0,42.49499893188477
2016-08-08 02:00:00,47.41299819946289,16.250999450683597,44.81900024414063,13.00100040435791,2.687000036239624,1.3860000371932983,41.83599853515625
2016-08-08 03:00:00,46.65900039672852,16.083000183105472,43.21099853515625,12.973999977111816,2.687000036239624,0.0,41.39599990844727
2016-08-08 04:00:00,45.90499877929688,16.083000183105472,43.18399810791016,13.29599952697754,2.697000026702881,0.0,40.73749923706055
2016-08-08 05:00:00,47.83200073242188,16.670000076293945,44.95299911499024,13.859000205993652,2.697000026702881,0.0,40.07799911499024
2016-08-08 06:00:00,43.391998291015625,14.659000396728516,41.11999893188477,12.277000427246096,1.343000054359436,0.0,39.63899993896485
2016-08-08 07:00:00,45.31800079345703,15.664999961853027,42.91600036621094,13.107999801635742,2.5799999237060547,0.0,39.63899993896485
2016-08-08 08:00:00,41.632999420166016,13.402999877929688,40.61100006103516,11.446000099182127,0.0,0.0,40.51750183105469
2016-08-08 09:00:00,46.65900039672852,14.91100025177002,45.14099884033203,12.760000228881836,0.0,0.0,42.2755012512207
2016-08-08 10:00:00,47.24499893188477,14.576000213623049,46.29399871826172,12.277000427246096,0.0,0.0,44.25299835205078
2016-08-08 11:00:00,53.61100006103516,18.93199920654297,52.45899963378906,15.97599983215332,0.0,0.0,47.54899978637695
2016-08-08 12:00:00,53.77899932861328,17.674999237060547,52.94100189208984,14.715999603271484,0.0,0.0,47.98849868774414
2016-08-08 13:00:00,53.946998596191406,18.429000854492188,53.26300048828125,15.76200008392334,0.0,0.0,47.76850128173828
2016-08-08 14:00:00,54.11399841308594,19.099000930786133,53.665000915527344,16.270999908447266,0.0,0.0,47.76850128173828
2016-08-08 15:00:00,55.37099838256836,19.684999465942383,54.60300064086914,16.913999557495114,0.0,0.0,49.30649948120117
2016-08-08 16:00:00,52.60599899291992,18.010000228881836,51.84199905395508,15.413000106811523,0.0,0.0,49.5265007019043
2016-08-08 17:00:00,55.11899948120117,19.26700019836425,54.92499923706055,16.458999633789062,0.0,0.0,48.428001403808594
2016-08-08 18:00:00,55.62200164794922,18.68000030517578,53.88000106811523,15.60099983215332,1.3009999990463257,0.0,47.54899978637695
2016-08-08 19:00:00,50.26100158691406,16.334999084472653,47.553001403808594,13.348999977111816,2.6760001182556152,0.0,46.66999816894531
2016-08-08 20:00:00,51.01499938964844,15.413000106811523,49.69800186157226,12.46500015258789,1.4500000476837158,0.0,45.79100036621094
2016-08-08 21:00:00,56.3759994506836,18.429000854492188,54.22800064086914,15.092000007629396,2.7290000915527344,0.0,44.69250106811523
2016-08-08 22:00:00,53.2760009765625,17.507999420166016,51.89599990844727,14.850000381469728,1.3009999990463257,0.0,43.8134994506836
2016-08-08 23:00:00,53.44400024414063,18.0939998626709,50.20700073242188,14.6899995803833,2.5269999504089355,0.0,43.15399932861328
2016-08-09 00:00:00,50.428001403808594,16.92099952697754,48.51800155639648,14.26099967956543,1.4290000200271606,0.0,43.15399932861328
2016-08-09 01:00:00,48.75299835205078,16.670000076293945,45.62300109863281,13.269000053405762,2.6549999713897705,0.0,42.71500015258789
2016-08-09 02:00:00,46.49100112915039,15.413000106811523,44.81900024414063,12.946999549865724,1.4290000200271606,0.0,41.83599853515625
2016-08-09 03:00:00,47.58000183105469,15.83199977874756,44.95299911499024,13.027999877929688,2.6549999713897705,0.0,41.39599990844727
2016-08-09 04:00:00,43.89400100708008,15.246000289916992,42.56800079345703,13.027999877929688,1.2690000534057615,0.0,40.95700073242188
2016-08-09 05:00:00,47.49599838256836,16.334999084472653,44.76599884033203,13.725000381469728,2.505000114440918,0.0,40.07799911499024
2016-08-09 06:00:00,46.65900039672852,15.916000366210938,45.59700012207031,13.83199977874756,1.2690000534057615,0.0,39.63899993896485
2016-08-09 07:00:00,46.65900039672852,16.0,44.229000091552734,13.482999801635742,2.5799999237060547,0.0,39.63899993896485
2016-08-09 08:00:00,42.47000122070313,13.821999549865724,41.49499893188477,11.928999900817873,0.0,0.0,40.51800155639648
2016-08-09 09:00:00,50.76300048828125,18.17799949645996,50.12699890136719,15.788999557495115,0.0,0.0,42.93450164794922
2016-08-09 10:00:00,48.584999084472656,15.07800006866455,47.47299957275391,12.598999977111816,0.0,0.0,44.69250106811523
2016-08-09 11:00:00,49.59099960327149,16.166999816894528,48.46500015258789,13.510000228881836,0.0,0.0,46.88949966430664
2016-08-09 12:00:00,53.52799987792969,17.843000411987305,52.61999893188477,15.0649995803833,0.0,0.0,48.20800018310547
2016-08-09 13:00:00,52.85800170898438,16.92099952697754,51.84199905395508,14.18000030517578,0.0,0.0,49.5265007019043
2016-08-09 14:00:00,53.10900115966797,17.590999603271484,51.95000076293945,14.6899995803833,0.0,0.0,50.625
2016-08-09 15:00:00,50.512001037597656,16.753999710083008,49.0009994506836,14.18000030517578,1.2790000438690186,0.0,48.647499084472656
2016-08-09 16:00:00,52.77399826049805,17.926000595092773,51.33300018310547,14.79699993133545,1.246999979019165,0.0,49.08700180053711
2016-08-09 17:00:00,54.61700057983398,18.763999938964844,53.26300048828125,15.54699993133545,0.0,0.0,48.647499084472656
2016-08-09 18:00:00,55.0359992980957,18.34499931335449,53.90599822998047,15.467000007629396,1.2369999885559082,0.0,47.10900115966797
2016-08-09 19:00:00,50.84700012207031,16.166999816894528,49.08100128173828,13.027999877929688,1.2369999885559082,0.0,45.57149887084961
2016-08-09 20:00:00,54.78400039672852,17.256000518798828,52.56600189208984,13.885000228881836,2.463000059127808,0.0,44.47299957275391
2016-08-09 21:00:00,57.63199996948242,19.51799964904785,54.73699951171875,15.628000259399414,2.463000059127808,0.0,43.59400177001953
2016-08-09 22:00:00,53.946998596191406,18.010000228881836,50.02000045776367,14.340999603271484,3.753000020980835,1.22599995136261,43.15399932861328
2016-08-09 23:00:00,51.01499938964844,17.004999160766598,48.49200057983398,13.75100040435791,2.388000011444092,0.0,42.71500015258789
2016-08-10 00:00:00,46.82600021362305,15.07800006866455,44.87300109863281,12.706000328063965,2.388000011444092,0.0,42.275001525878906
2016-08-10 01:00:00,50.26100158691406,16.753999710083008,47.553001403808594,13.482999801635742,2.388000011444092,0.0,41.83599853515625
2016-08-10 02:00:00,49.3390007019043,16.50200080871582,46.803001403808594,13.29599952697754,2.388000011444092,0.0,41.61600112915039
2016-08-10 03:00:00,47.41299819946289,16.083000183105472,45.06000137329102,13.187999725341797,2.388000011444092,0.0,41.17649841308594
2016-08-10 04:00:00,48.16699981689453,16.250999450683597,45.2750015258789,13.37600040435791,2.388000011444092,0.0,40.29800033569336
2016-08-10 05:00:00,47.1609992980957,16.166999816894528,44.47100067138672,13.536999702453612,2.388000011444092,0.0,39.41899871826172
2016-08-10 06:00:00,44.14599990844727,14.994000434875488,41.25400161743164,12.571999549865724,2.388000011444092,0.0,39.41899871826172
2016-08-10 07:00:00,46.99399948120117,16.166999816894528,43.935001373291016,13.321999549865724,2.388000011444092,0.0,38.10049819946289
2016-08-10 08:00:00,44.81600189208984,14.994000434875488,43.26399993896485,12.383999824523926,2.388000011444092,0.0,38.540000915527344
2016-08-10 09:00:00,47.41299819946289,17.590999603271484,46.48099899291992,15.01099967956543,0.0,0.0,40.51800155639648
2016-08-10 10:00:00,49.59099960327149,16.419000625610348,48.54499816894531,13.939000129699709,1.2369999885559082,0.0,41.83599853515625
2016-08-10 11:00:00,53.946998596191406,18.17799949645996,52.915000915527344,15.38700008392334,1.2150000333786009,0.0,44.69250106811523
2016-08-10 12:00:00,56.459999084472656,20.1879997253418,55.51499938964844,16.833999633789062,0.0,0.0,46.23049926757813
2016-08-10 13:00:00,57.13000106811523,20.60700035095215,55.86299896240234,17.370000839233402,1.2150000333786009,0.0,47.76850128173828
2016-08-10 14:00:00,55.53799819946289,20.857999801635746,54.12099838256836,17.7189998626709,0.0,0.0,46.88949966430664
2016-08-10 15:00:00,55.62200164794922,0.0,54.63000106811523,17.558000564575195,0.0,0.0,46.45000076293945
2016-08-10 16:00:00,55.62200164794922,0.0,52.72700119018555,16.861000061035153,0.0,0.0,46.66999816894531
2016-08-10 17:00:00,55.62200164794922,0.0,54.040000915527344,15.92300033569336,0.0,0.0,47.10900115966797
2016-08-10 18:00:00,55.62200164794922,0.0,53.55799865722656,14.958000183105469,2.6760001182556152,0.0,47.10900115966797
2016-08-10 19:00:00,55.62200164794922,0.0,49.1349983215332,12.973999977111816,2.6760001182556152,0.0,46.22999954223633
2016-08-10 20:00:00,55.62200164794922,0.0,49.5099983215332,12.357000350952148,2.6760001182556152,0.0,45.35200119018555
2016-08-10 21:00:00,55.62200164794922,0.0,49.67100143432617,12.331000328063965,2.6760001182556152,0.0,44.69250106811523
2016-08-10 22:00:00,55.62200164794922,0.0,52.32500076293945,14.904000282287598,2.6760001182556152,0.0,43.8134994506836
2016-08-10 23:00:00,55.62200164794922,0.0,49.45700073242188,13.616999626159668,2.6760001182556152,1.2150000333786009,43.374000549316406
2016-08-11 00:00:00,55.62200164794922,0.0,48.7599983215332,14.04599952697754,2.6760001182556152,0.0,43.15399932861328
2016-08-11 01:00:00,55.62200164794922,0.0,43.02299880981445,11.687000274658203,2.6760001182556152,0.0,42.93450164794922
2016-08-11 02:00:00,55.62200164794922,0.0,43.77399826049805,11.579999923706056,2.6760001182556152,0.0,42.05550003051758
2016-08-11 03:00:00,55.62200164794922,0.0,43.69300079345703,12.170000076293944,2.6760001182556152,0.0,41.61600112915039
2016-08-11 04:00:00,55.62200164794922,0.0,41.95100021362305,11.821000099182127,2.6760001182556152,0.0,41.17649841308594
2016-08-11 05:00:00,55.62200164794922,0.0,43.55899810791016,12.25,1.22599995136261,0.0,40.95700073242188
2016-08-11 06:00:00,55.62200164794922,0.0,43.98799896240234,12.46500015258789,2.622999906539917,0.0,40.51800155639648
2016-08-11 07:00:00,55.62200164794922,0.0,43.02299880981445,12.383999824523926,1.2790000438690186,0.0,40.51800155639648
2016-08-11 08:00:00,55.62200164794922,0.0,39.29700088500977,10.185999870300291,0.0,0.0,41.39649963378906
2016-08-11 09:00:00,55.62200164794922,0.0,47.25899887084961,13.564000129699709,0.0,0.0,43.15449905395508
2016-08-11 10:00:00,55.62200164794922,0.0,43.02299880981445,11.017000198364258,0.0,0.0,45.13199996948242
2016-08-11 11:00:00,48.83700180053711,14.994000434875488,47.5270004272461,12.222999572753904,0.0,0.0,48.20800018310547
2016-08-11 12:00:00,55.37099838256836,17.674999237060547,54.71099853515625,14.447999954223633,0.0,0.0,49.74599838256836
2016-08-11 13:00:00,55.37099838256836,18.0939998626709,54.68399810791016,14.850000381469728,0.0,0.0,50.18550109863281
2016-08-11 14:00:00,56.54299926757813,19.85300064086914,55.35400009155274,16.378000259399414,0.0,0.0,52.16299819946289
2016-08-11 15:00:00,56.96200180053711,20.43899917602539,55.64899826049805,16.861000061035153,1.22599995136261,0.0,52.16299819946289
2016-08-11 16:00:00,56.71099853515625,20.69099998474121,55.67599868774414,17.101999282836914,0.0,0.0,51.94300079345703
2016-08-11 17:00:00,57.54899978637695,20.43899917602539,56.69400024414063,16.806999206542972,0.0,0.0,50.625
2016-08-11 18:00:00,55.0359992980957,18.763999938964844,53.36999893188477,15.17199993133545,1.2150000333786009,0.0,49.08700180053711
2016-08-11 19:00:00,55.45399856567383,18.34499931335449,51.43999862670898,14.286999702453612,2.687000036239624,1.343000054359436,47.32899856567383
2016-08-11 20:00:00,58.72100067138672,19.85300064086914,55.48799896240234,15.38700008392334,2.687000036239624,1.2150000333786009,46.45000076293945
2016-08-11 21:00:00,58.97299957275391,20.857999801635746,57.01599884033203,16.88800048828125,2.7290000915527344,0.0,45.79100036621094
2016-08-11 22:00:00,57.29700088500977,20.857999801635746,53.82600021362305,16.700000762939453,2.7290000915527344,1.246999979019165,45.79100036621094
2016-08-11 23:00:00,55.0359992980957,19.43400001525879,51.19900131225586,15.54699993133545,2.7290000915527344,0.0,44.9119987487793
2016-08-12 00:00:00,52.94100189208984,19.183000564575195,49.72499847412109,15.574000358581545,2.7290000915527344,0.0,44.47299957275391
2016-08-12 01:00:00,48.41799926757813,16.836999893188473,45.08700180053711,13.37600040435791,2.740000009536743,0.0,44.03300094604492
2016-08-12 02:00:00,50.26100158691406,18.26099967956543,48.33100128173828,14.984000205993652,2.760999917984009,0.0,43.374000549316406
2016-08-12 03:00:00,49.25600051879883,17.926000595092773,46.0250015258789,14.529000282287598,2.760999917984009,0.0,42.71500015258789
2016-08-12 04:00:00,48.91999816894531,17.843000411987305,46.2400016784668,14.904000282287598,2.760999917984009,0.0,42.275001525878906
2016-08-12 05:00:00,48.584999084472656,17.590999603271484,45.81100082397461,14.340999603271484,2.760999917984009,0.0,41.61600112915039
2016-08-12 06:00:00,48.91999816894531,16.670000076293945,47.5,15.145000457763672,2.760999917984009,0.0,41.17649841308594
2016-08-12 07:00:00,39.874000549316406,14.156999588012695,37.90299987792969,11.553000450134276,2.760999917984009,0.0,41.17649841308594
2016-08-12 08:00:00,44.56499862670898,15.161999702453612,43.39899826049805,12.812999725341797,0.0,0.0,42.05550003051758
2016-08-12 09:00:00,36.43899917602539,14.659000396728516,34.98199844360352,12.760000228881836,0.0,0.0,43.374000549316406
2016-08-12 10:00:00,31.832000732421875,11.057000160217283,30.77300071716309,9.409000396728516,0.0,0.0,45.13199996948242
2016-08-12 11:00:00,34.512001037597656,11.727999687194824,33.69499969482422,10.29300022125244,0.0,0.0,46.88949966430664
2016-08-12 12:00:00,35.43399810791016,13.319000244140623,34.740001678466804,11.633999824523926,0.0,0.0,47.98849868774414
2016-08-12 13:00:00,36.35499954223633,13.487000465393065,35.11600112915039,11.741000175476074,0.0,0.0,49.08700180053711
2016-08-12 14:00:00,37.69599914550781,15.748000144958494,36.9119987487793,13.67099952697754,0.0,0.0,51.50400161743164
2016-08-12 15:00:00,39.45500183105469,16.753999710083008,39.055999755859375,14.876999855041506,0.0,0.0,52.16299819946289
2016-08-12 16:00:00,38.44900131225586,15.581000328063965,38.11800003051758,13.993000030517578,0.0,0.0,50.84450149536133
2016-08-12 17:00:00,38.78499984741211,15.83199977874756,37.93000030517578,13.993000030517578,0.0,0.0,49.08700180053711
2016-08-12 18:00:00,38.03099822998047,15.329999923706056,37.18000030517578,13.67099952697754,0.0,0.0,47.54899978637695
2016-08-12 19:00:00,35.518001556396484,12.732999801635742,33.13199996948242,10.883000373840332,2.697000026702881,0.0,46.22999954223633
2016-08-12 20:00:00,38.44900131225586,13.73799991607666,35.73199844360352,11.178000450134276,2.632999897003174,1.2150000333786009,44.9119987487793
2016-08-12 21:00:00,38.86800003051758,14.994000434875488,36.1879997253418,12.41100025177002,2.632999897003174,0.0,44.25299835205078
2016-08-12 22:00:00,39.70600128173828,15.83199977874756,37.448001861572266,13.536999702453612,2.5910000801086426,0.0,43.374000549316406
2016-08-12 23:00:00,33.50699996948242,12.39799976348877,31.52400016784668,10.560999870300291,2.5910000801086426,0.0,42.71500015258789
2016-08-13 00:00:00,35.60100173950195,13.904999732971191,32.514999389648445,11.579999923706056,2.5910000801086426,0.0,42.49499893188477
2016-08-13 01:00:00,35.518001556396484,13.152000427246096,32.72999954223633,10.722000122070312,2.4730000495910645,0.0,42.05550003051758
2016-08-13 02:00:00,47.915000915527344,16.166999816894528,45.6500015258789,12.973999977111816,2.4730000495910645,0.0,41.39599990844727
2016-08-13 03:00:00,49.00400161743164,16.419000625610348,45.8380012512207,13.00100040435791,2.4730000495910645,0.0,41.39599990844727
2016-08-13 04:00:00,49.25600051879883,17.172000885009766,47.44599914550781,14.20699977874756,2.4730000495910645,0.0,40.95700073242188
2016-08-13 05:00:00,47.74800109863281,16.753999710083008,45.62300109863281,13.885000228881836,2.4730000495910645,0.0,40.95700073242188
2016-08-13 06:00:00,45.06700134277344,15.496999740600586,42.97000122070313,12.84000015258789,2.4730000495910645,0.0,40.95700073242188
2016-08-13 07:00:00,46.90999984741211,16.753999710083008,44.95299911499024,13.965999603271484,2.4730000495910645,0.0,40.73749923706055
2016-08-13 08:00:00,42.47000122070313,13.067999839782717,41.17399978637695,10.668999671936035,1.2690000534057615,0.0,42.2755012512207
2016-08-13 09:00:00,49.25600051879883,15.581000328063965,47.58000183105469,12.732999801635742,1.2690000534057615,0.0,44.03350067138672
2016-08-13 10:00:00,54.95199966430664,18.763999938964844,53.45100021362305,15.4399995803833,1.2690000534057615,0.0,46.01100158691406
2016-08-13 11:00:00,55.53799819946289,19.26700019836425,54.20100021362305,15.788999557495115,1.2690000534057615,0.0,49.08700180053711
2016-08-13 12:00:00,54.78400039672852,17.590999603271484,53.71900177001953,14.340999603271484,0.0,0.0,50.625
2016-08-13 13:00:00,56.87799835205078,19.937000274658203,55.94400024414063,16.56599998474121,1.2150000333786009,0.0,51.06449890136719
2016-08-13 14:00:00,56.29199981689453,19.183000564575195,54.84500122070313,15.949000358581545,1.22599995136261,0.0,53.70149993896485
2016-08-13 15:00:00,57.46500015258789,20.69099998474121,56.05099868774414,17.208999633789062,1.22599995136261,0.0,55.01950073242188
2016-08-13 16:00:00,56.125,20.27199935913086,54.44200134277344,16.726999282836914,1.22599995136261,0.0,53.92100143432617
2016-08-13 17:00:00,56.459999084472656,18.763999938964844,54.12099838256836,15.17199993133545,2.440999984741211,0.0,52.16299819946289
2016-08-13 18:00:00,57.71599960327149,20.10400009155273,54.65700149536133,16.003000259399414,2.440999984741211,0.0,50.40549850463867
2016-08-13 19:00:00,54.70000076293945,17.843000411987305,52.05699920654297,14.20699977874756,2.440999984741211,0.0,49.30699920654297
2016-08-13 20:00:00,53.2760009765625,16.0,49.67100143432617,12.222999572753904,3.720999956130981,1.22599995136261,47.98799896240234
2016-08-13 21:00:00,59.55899810791016,20.27199935913086,55.94400024414063,15.628000259399414,3.5179998874664307,1.2150000333786009,47.32899856567383
2016-08-13 22:00:00,51.85200119018555,18.763999938964844,50.12699890136719,15.60099983215332,2.2920000553131104,0.0,46.66999816894531
2016-08-13 23:00:00,51.93600082397461,15.916000366210938,48.30400085449219,12.170000076293944,3.507999897003174,1.2150000333786009,46.22999954223633
2016-08-14 00:00:00,53.19300079345703,17.843000411987305,50.66299819946289,14.340999603271484,1.8229999542236328,0.0,45.35200119018555
2016-08-14 01:00:00,52.1870002746582,17.507999420166016,48.89400100708008,13.644000053405762,3.0380001068115234,1.2580000162124634,44.25299835205078
2016-08-14 02:00:00,48.08300018310547,15.329999923706056,45.06000137329102,11.847999572753904,2.6549999713897705,1.2150000333786009,43.8134994506836
2016-08-14 03:00:00,48.91999816894531,16.670000076293945,47.178001403808594,13.590999603271484,1.4179999828338623,0.0,43.59400177001953
2016-08-14 04:00:00,45.31800079345703,15.413000106811523,42.86199951171875,12.196999549865724,2.687000036239624,0.0,43.15399932861328
2016-08-14 05:00:00,44.3129997253418,14.994000434875488,42.35300064086914,12.46500015258789,2.0899999141693115,0.0,42.275001525878906
2016-08-14 06:00:00,46.82600021362305,16.0,43.935001373291016,13.081000328063965,2.0899999141693115,0.0,41.61600112915039
2016-08-14 07:00:00,46.49100112915039,16.083000183105472,44.09500122070313,13.29599952697754,1.2150000333786009,0.0,41.61600112915039
2016-08-14 08:00:00,42.88899993896485,11.895000457763672,40.71799850463867,9.409000396728516,2.4730000495910645,0.0,42.49499893188477
2016-08-14 09:00:00,42.88899993896485,10.638999938964844,41.76300048828125,8.604999542236326,1.2150000333786009,0.0,44.25299835205078
2016-08-14 10:00:00,47.24499893188477,13.56999969482422,45.75699996948242,10.803000450134276,1.343000054359436,0.0,46.88949966430664
2016-08-14 11:00:00,49.42300033569336,13.654000282287598,47.98199844360352,10.96399974822998,1.3969999551773071,0.0,49.96599960327149
2016-08-14 12:00:00,55.0359992980957,16.083000183105472,53.85300064086914,12.812999725341797,1.2580000162124634,0.0,50.40499877929688
2016-08-14 13:00:00,52.43899917602539,15.329999923706056,51.49399948120117,12.41100025177002,1.22599995136261,0.0,52.16299819946289
2016-08-14 14:00:00,50.512001037597656,13.98900032043457,49.02799987792969,11.071000099182127,1.22599995136261,0.0,53.262001037597656
2016-08-14 15:00:00,50.34500122070313,13.654000282287598,48.84000015258789,11.043999671936035,1.22599995136261,0.0,54.14099884033203
2016-08-14 16:00:00,50.84700012207031,14.491999626159668,49.7509994506836,11.553000450134276,1.22599995136261,0.0,52.821998596191406
2016-08-14 17:00:00,51.85200119018555,14.82699966430664,50.28799819946289,11.902000427246096,1.22599995136261,0.0,51.50400161743164
2016-08-14 18:00:00,54.11399841308594,15.581000328063965,51.762001037597656,11.795000076293944,1.22599995136261,0.0,50.18600082397461
2016-08-14 19:00:00,51.18199920654297,13.654000282287598,47.9020004272461,10.105999946594238,2.45199990272522,0.0,48.86700057983398
2016-08-14 20:00:00,52.35499954223633,14.156999588012695,49.7509994506836,10.642000198364258,2.45199990272522,0.0,47.76850128173828
2016-08-14 21:00:00,54.28200149536133,16.250999450683597,50.79700088500977,12.517999649047852,3.6679999828338623,1.2150000333786009,46.88949966430664
2016-08-14 22:00:00,48.75299835205078,13.904999732971191,45.78400039672852,10.776000022888184,2.45199990272522,0.0,46.45000076293945
2016-08-14 23:00:00,49.50699996948242,14.156999588012695,45.62300109863281,10.427000045776367,3.720999956130981,0.0,45.79100036621094
2016-08-15 00:00:00,48.08300018310547,14.156999588012695,45.30199813842773,11.017000198364258,2.3989999294281006,0.0,44.9119987487793
2016-08-15 01:00:00,46.57500076293945,14.072999954223633,43.34500122070313,10.803000450134276,3.720999956130981,0.0,44.03300094604492
2016-08-15 02:00:00,45.65399932861328,13.73799991607666,42.35300064086914,10.614999771118164,3.486000061035156,0.0,43.59400177001953
2016-08-15 03:00:00,41.88399887084961,12.229999542236328,38.62699890136719,9.248000144958496,3.486000061035156,1.2150000333786009,42.49499893188477
2016-08-15 04:00:00,42.21900177001953,13.067999839782717,39.02899932861328,10.427000045776367,2.4730000495910645,0.0,41.83599853515625
2016-08-15 05:00:00,44.0620002746582,14.072999954223633,41.60300064086914,11.33899974822998,2.430999994277954,0.0,40.95700073242188
2016-08-15 06:00:00,41.29800033569336,12.732999801635742,37.87699890136719,9.864999771118164,2.430999994277954,0.0,40.07799911499024
2016-08-15 07:00:00,36.02000045776367,10.973999977111816,35.089000701904304,9.623000144958496,2.131999969482422,0.0,40.07799911499024
2016-08-15 08:00:00,39.53799819946289,11.309000015258787,38.09099960327149,9.354999542236328,1.2899999618530271,0.0,41.61600112915039
2016-08-15 09:00:00,49.42300033569336,18.17799949645996,47.95500183105469,15.413000106811523,1.2899999618530271,0.0,43.59400177001953
2016-08-15 10:00:00,48.08300018310547,14.91100025177002,46.10599899291992,12.196999549865724,1.2899999618530271,0.0,45.79100036621094
2016-08-15 11:00:00,51.93600082397461,16.50200080871582,50.26100158691406,13.37600040435791,1.2899999618530271,0.0,49.5265007019043
2016-08-15 12:00:00,53.69499969482422,17.843000411987305,53.10200119018555,14.770000457763672,0.0,0.0,51.28400039672852
2016-08-15 13:00:00,53.52799987792969,17.590999603271484,52.61999893188477,14.58199977874756,0.0,0.0,53.26150131225586
2016-08-15 14:00:00,54.70000076293945,18.68000030517578,53.61100006103516,15.628000259399414,1.246999979019165,0.0,55.23949813842773
2016-08-15 15:00:00,49.0880012512207,15.07800006866455,47.95500183105469,12.277000427246096,1.246999979019165,0.0,56.11800003051758
2016-08-15 16:00:00,53.19300079345703,18.26099967956543,52.29800033569336,15.251999855041506,1.246999979019165,0.0,55.45899963378906
2016-08-15 17:00:00,54.3650016784668,18.17799949645996,53.02199935913086,15.01099967956543,1.246999979019165,0.0,53.48149871826172
2016-08-15 18:00:00,54.53300094604492,18.17799949645996,51.762001037597656,14.663000106811523,2.5269999504089355,0.0,51.50400161743164
2016-08-15 19:00:00,52.35499954223633,16.50200080871582,48.7859992980957,12.760000228881836,2.5269999504089355,1.3009999990463257,49.74599838256836
2016-08-15 20:00:00,55.20299911499024,17.34000015258789,51.762001037597656,13.053999900817873,2.5269999504089355,1.2369999885559082,48.20800018310547
2016-08-15 21:00:00,55.62200164794922,19.01499938964844,53.53099822998047,14.984000205993652,3.753000020980835,1.503000020980835,47.10900115966797
2016-08-15 22:00:00,55.95700073242188,19.099000930786133,52.11000061035156,14.79699993133545,3.390000104904175,1.2580000162124634,46.22999954223633
2016-08-15 23:00:00,51.85200119018555,16.836999893188473,49.45700073242188,13.43000030517578,3.390000104904175,0.0,45.79100036621094
2016-08-16 00:00:00,51.93600082397461,17.843000411987305,48.46500015258789,13.590999603271484,3.433000087738037,1.4290000200271606,45.13199996948242
2016-08-16 01:00:00,47.915000915527344,14.743000030517578,45.03400039672852,11.607000350952148,3.2839999198913574,0.0,44.47299957275391
2016-08-16 02:00:00,49.42300033569336,16.0,45.73099899291992,12.517999649047852,3.2839999198913574,1.2150000333786009,43.59400177001953
2016-08-16 03:00:00,47.24499893188477,15.581000328063965,44.71200180053711,12.491000175476074,2.227999925613404,0.0,42.93450164794922
2016-08-16 04:00:00,41.13000106811523,13.487000465393065,39.887001037597656,11.472999572753904,2.227999925613404,0.0,42.275001525878906
2016-08-16 05:00:00,35.014999389648445,9.465999603271484,32.435001373291016,7.184000015258789,2.430999994277954,0.0,41.39599990844727
2016-08-16 06:00:00,25.04700088500977,6.701000213623048,23.347999572753903,5.1469998359680185,1.22599995136261,0.0,40.51800155639648
2016-08-16 07:00:00,24.459999084472656,6.533999919891357,22.382999420166016,4.90500020980835,2.440999984741211,0.0,40.51800155639648
2016-08-16 08:00:00,21.69599914550781,5.445000171661377,20.66699981689453,4.3429999351501465,0.0,0.0,41.39599990844727
2016-08-16 09:00:00,23.37100028991699,7.037000179290772,22.757999420166016,5.869999885559082,0.0,0.0,43.15449905395508
2016-08-16 10:00:00,25.80100059509277,6.86899995803833,25.0629997253418,5.923999786376952,0.0,0.0,44.69250106811523
2016-08-16 11:00:00,26.88999938964844,6.7849998474121085,26.00200080871582,5.763000011444093,0.0,0.0,48.20800018310547
2016-08-16 12:00:00,28.145999908447266,5.947999954223633,27.690000534057607,4.932000160217285,0.0,0.0,49.96599960327149
2016-08-16 13:00:00,28.81599998474121,6.449999809265138,28.011999130249023,5.254000186920166,0.0,0.0,51.28400039672852
2016-08-16 14:00:00,28.145999908447266,7.454999923706055,27.44899940490723,6.245999813079834,0.0,0.0,53.262001037597656
2016-08-16 15:00:00,28.229999542236328,7.037000179290772,27.288000106811523,5.683000087738037,0.0,0.0,52.38299942016602
2016-08-16 16:00:00,27.559999465942383,7.372000217437744,27.12700080871582,6.191999912261963,0.0,0.0,51.06399917602539
2016-08-16 17:00:00,29.40299987792969,7.789999961853027,28.09199905395508,5.763000011444093,1.2690000534057615,0.0,49.74599838256836
2016-08-16 18:00:00,29.82099914550781,8.125,28.06599998474121,6.164999961853027,1.2369999885559082,0.0,47.98799896240234
2016-08-16 19:00:00,29.90500068664551,7.874000072479247,27.82399940490723,5.869999885559082,1.2369999885559082,0.0,45.79100036621094
2016-08-16 20:00:00,30.32399940490723,7.623000144958496,28.386999130249023,5.602000236511231,2.5369999408721924,0.0,44.03300094604492
2016-08-16 21:00:00,32.16699981689453,8.125,30.23699951171875,6.191999912261963,2.5369999408721924,0.0,43.15399932861328
2016-08-16 22:00:00,28.31399917602539,7.372000217437744,26.322999954223643,5.548999786376953,1.22599995136261,0.0,42.275001525878906
2016-08-16 23:00:00,27.895000457763672,6.953000068664551,25.65299987792969,5.065999984741211,2.45199990272522,0.0,41.39599990844727
2016-08-17 00:00:00,29.40299987792969,8.041999816894531,26.940000534057607,6.058000087738037,2.463000059127808,0.0,40.51800155639648
2016-08-17 01:00:00,32.92100143432617,8.376999855041504,30.10300064086914,6.138999938964844,2.463000059127808,1.2150000333786009,40.07799911499024
2016-08-17 02:00:00,35.85300064086914,9.550000190734863,32.91699981689453,7.130000114440918,2.463000059127808,1.2150000333786009,39.63899993896485
2016-08-17 03:00:00,35.518001556396484,10.973999977111816,34.17699813842773,8.899999618530273,2.463000059127808,0.0,39.41899871826172
2016-08-17 04:00:00,35.60100173950195,11.727999687194824,34.57899856567383,9.784000396728516,1.2369999885559082,0.0,38.97949981689453
2016-08-17 05:00:00,37.44400024414063,11.47599983215332,35.11600112915039,9.086999893188477,2.505000114440918,0.0,38.7599983215332
2016-08-17 06:00:00,37.86299896240234,12.145999908447266,36.027000427246094,9.864999771118164,1.3860000371932983,0.0,38.7599983215332
2016-08-17 07:00:00,34.763999938964844,10.890000343322754,32.89099884033203,8.604999542236326,2.6010000705718994,0.0,38.7599983215332
2016-08-17 08:00:00,34.09400177001953,10.722000122070312,33.588001251220696,9.11400032043457,0.0,0.0,39.85850143432617
2016-08-17 09:00:00,40.29199981689453,14.156999588012695,39.80699920654297,11.982000350952148,0.0,0.0,41.83549880981445
2016-08-17 10:00:00,43.05699920654297,14.156999588012695,42.78200149536133,11.954999923706056,0.0,0.0,44.03300094604492
2016-08-17 11:00:00,45.23500061035156,14.91100025177002,44.79199981689453,12.652000427246096,0.0,0.0,47.10950088500977
2016-08-17 12:00:00,45.90499877929688,14.407999992370604,45.70399856567383,12.25,0.0,0.0,48.86750030517578
2016-08-17 13:00:00,47.41299819946289,15.496999740600586,47.25899887084961,13.348999977111816,0.0,0.0,50.625
2016-08-17 14:00:00,45.73699951171875,16.334999084472653,45.2750015258789,14.019000053405762,0.0,0.0,51.06399917602539
2016-08-17 15:00:00,42.387001037597656,12.64900016784668,41.89699935913086,10.722000122070312,0.0,0.0,51.7234992980957
2016-08-17 16:00:00,41.46500015258789,12.64900016784668,40.58399963378906,10.480999946594238,0.0,0.0,51.28400039672852
2016-08-17 17:00:00,44.0620002746582,14.491999626159668,43.50600051879883,12.277000427246096,0.0,0.0,50.18600082397461
2016-08-17 18:00:00,43.89400100708008,14.324000358581545,41.76300048828125,11.767999649047852,1.2790000438690186,0.0,48.86700057983398
2016-08-17 19:00:00,42.387001037597656,12.229999542236328,41.49499893188477,9.94499969482422,0.0,0.0,47.32899856567383
2016-08-17 20:00:00,44.73199844360352,13.56999969482422,42.00500106811523,10.480999946594238,2.463000059127808,0.0,45.79100036621094
2016-08-17 21:00:00,44.81600189208984,13.067999839782717,42.24599838256836,9.864999771118164,2.687000036239624,0.0,44.47299957275391
2016-08-17 22:00:00,41.46500015258789,12.5649995803833,40.04800033569336,10.37399959564209,2.687000036239624,0.0,43.59400177001953
2016-08-17 23:00:00,40.87900161743164,12.815999984741213,38.73400115966797,10.347000122070312,2.931999921798706,0.0,42.93450164794922
2016-08-18 00:00:00,44.64799880981445,14.576000213623049,42.459999084472656,11.821000099182127,2.8359999656677246,0.0,42.05550003051758
2016-08-18 01:00:00,39.790000915527344,12.229999542236328,38.22499847412109,9.99899959564209,1.7799999713897705,0.0,41.39599990844727
2016-08-18 02:00:00,41.632999420166016,13.234999656677244,39.37799835205078,10.74899959564209,2.45199990272522,0.0,40.95700073242188
2016-08-18 03:00:00,39.790000915527344,11.727999687194824,36.858001708984375,9.274999618530272,2.6549999713897705,0.0,40.51800155639648
2016-08-18 04:00:00,37.19300079345703,11.225000381469728,36.24100112915039,9.354999542236328,0.0,0.0,40.07799911499024
2016-08-18 05:00:00,39.95700073242188,12.480999946594238,36.992000579833984,9.864999771118164,2.664999961853028,0.0,39.41899871826172
2016-08-18 06:00:00,36.02000045776367,11.309000015258787,33.42699813842773,9.0600004196167,2.7290000915527344,0.0,38.97949981689453
2016-08-18 07:00:00,38.53300094604492,12.984000205993652,36.42900085449219,10.37399959564209,1.493000030517578,0.0,38.97949981689453
2016-08-18 08:00:00,35.349998474121094,10.890000343322754,34.98199844360352,9.48900032043457,0.0,0.0,40.73749923706055
2016-08-18 09:00:00,41.04600143432617,13.654000282287598,40.23500061035156,11.66100025177002,0.0,0.0,42.275001525878906
2016-08-18 10:00:00,45.1510009765625,14.576000213623049,44.25600051879883,12.170000076293944,0.0,0.0,44.69250106811523
2016-08-18 11:00:00,49.0880012512207,15.496999740600586,48.4109992980957,12.78600025177002,0.0,0.0,48.20800018310547
2016-08-18 12:00:00,47.49599838256836,13.904999732971191,46.749000549316406,11.366000175476074,0.0,0.0,49.96549987792969
2016-08-18 13:00:00,50.93099975585938,17.256000518798828,50.20700073242188,14.340999603271484,0.0,0.0,51.50350189208984
2016-08-18 14:00:00,49.25600051879883,17.590999603271484,48.54499816894531,14.824000358581545,0.0,0.0,53.92100143432617
2016-08-18 15:00:00,49.17200088500977,16.836999893188473,48.38399887084961,14.019000053405762,0.0,0.0,55.01950073242188
2016-08-18 16:00:00,58.21900177001953,21.780000686645508,56.96200180053711,18.121000289916992,1.22599995136261,0.0,53.92100143432617
2016-08-18 17:00:00,60.73199844360352,22.53400039672852,58.249000549316406,17.9060001373291,2.6440000534057617,0.0,52.602500915527344
2016-08-18 18:00:00,59.97800064086914,22.53400039672852,57.41799926757813,18.173999786376957,2.6440000534057617,0.0,51.06449890136719
2016-08-18 19:00:00,53.946998596191406,18.429000854492188,51.73500061035156,14.340999603271484,3.220000028610228,1.375,49.96599960327149
2016-08-18 20:00:00,54.78400039672852,16.753999710083008,52.02999877929688,12.760000228881836,3.240999937057495,1.2150000333786009,48.647499084472656
2016-08-18 21:00:00,56.71099853515625,18.68000030517578,54.63000106811523,14.79699993133545,2.0150001049041752,0.0,47.76850128173828
2016-08-18 22:00:00,53.52799987792969,18.17799949645996,51.62799835205078,14.743000030517578,1.8550000190734863,0.0,47.32899856567383
2016-08-18 23:00:00,50.512001037597656,16.586000442504886,47.6870002746582,12.812999725341797,2.687000036239624,1.246999979019165,46.66999816894531
2016-08-19 00:00:00,54.78400039672852,20.10400009155273,53.69200134277344,16.431999206542972,0.0,0.0,45.79100036621094
2016-08-19 01:00:00,54.11399841308594,19.601999282836918,50.90399932861328,15.520999908447266,2.7720000743865967,1.2150000333786009,45.57149887084961
2016-08-19 02:00:00,49.92599868774414,17.674999237060547,46.7760009765625,13.885000228881836,2.5910000801086426,1.2369999885559082,45.13199996948242
2016-08-19 03:00:00,50.09299850463867,17.926000595092773,48.30400085449219,14.663000106811523,1.375,0.0,44.69250106811523
2016-08-19 04:00:00,49.0880012512207,17.089000701904293,48.2239990234375,14.529000282287598,0.0,0.0,44.03300094604492
2016-08-19 05:00:00,48.584999084472656,17.590999603271484,48.0359992980957,14.930999755859377,0.0,0.0,43.374000549316406
2016-08-19 06:00:00,48.83700180053711,17.507999420166016,48.30400085449219,14.984000205993652,0.0,0.0,42.71500015258789
2016-08-19 07:00:00,45.23500061035156,16.250999450683597,44.900001525878906,14.126999855041506,0.0,0.0,42.71500015258789
2016-08-19 08:00:00,43.89400100708008,14.072999954223633,43.04999923706055,11.875,0.0,0.0,43.8134994506836
2016-08-19 09:00:00,51.26599884033203,18.0939998626709,50.39500045776367,15.22599983215332,0.0,0.0,46.01050186157226
2016-08-19 10:00:00,49.92599868774414,14.91100025177002,48.89400100708008,12.357000350952148,0.0,0.0,47.32899856567383
2016-08-19 11:00:00,51.68500137329102,15.413000106811523,51.19900131225586,12.760000228881836,0.0,0.0,49.08700180053711
2016-08-19 12:00:00,56.125,18.010000228881836,55.86299896240234,15.145000457763672,0.0,0.0,50.18600082397461
2016-08-19 13:00:00,57.63199996948242,18.93199920654297,57.04299926757813,15.654999732971191,0.0,0.0,51.28400039672852
2016-08-19 14:00:00,54.78400039672852,18.17799949645996,53.93299865722656,14.984000205993652,0.0,0.0,52.602500915527344
2016-08-19 15:00:00,49.17200088500977,16.166999816894528,48.35800170898438,13.75100040435791,0.0,0.0,55.89799880981445
2016-08-19 16:00:00,51.34999847412109,17.423999786376953,50.55599975585938,14.850000381469728,0.0,0.0,56.11800003051758
2016-08-19 17:00:00,57.04600143432617,19.51799964904785,56.15800094604492,16.083000183105472,0.0,0.0,53.48149871826172
2016-08-19 18:00:00,58.72100067138672,20.941999435424805,57.55199813842773,17.423999786376953,0.0,0.0,51.7234992980957
2016-08-19 19:00:00,53.52799987792969,16.753999710083008,52.29800033569336,13.777999877929688,0.0,0.0,50.18600082397461
2016-08-19 20:00:00,56.459999084472656,17.843000411987305,54.09400177001953,13.83199977874756,2.505000114440918,0.0,49.08700180053711
2016-08-19 21:00:00,61.31800079345703,21.44499969482422,58.0880012512207,16.88800048828125,3.720999956130981,1.2369999885559082,48.20800018310547
2016-08-19 22:00:00,60.22900009155274,21.94700050354004,57.95399856567383,17.503999710083008,2.494999885559082,0.0,47.76850128173828
2016-08-19 23:00:00,59.2239990234375,21.19300079345703,55.40700149536133,16.270999908447266,3.753000020980835,1.493000030517578,47.10900115966797
2016-08-20 00:00:00,55.37099838256836,19.43400001525879,52.53900146484375,15.734999656677244,2.5269999504089355,0.0,46.45000076293945
2016-08-20 01:00:00,51.68500137329102,17.590999603271484,49.5369987487793,14.234000205993652,2.45199990272522,0.0,45.79100036621094
2016-08-20 02:00:00,53.0250015258789,18.429000854492188,49.59099960327149,14.501999855041506,3.677999973297119,1.2150000333786009,44.9119987487793
2016-08-20 03:00:00,51.26599884033203,18.59600067138672,48.0629997253418,14.876999855041506,3.401000022888184,0.0,44.47299957275391
2016-08-20 04:00:00,49.59099960327149,17.759000778198242,46.9900016784668,14.368000030517578,3.401000022888184,0.0,43.8134994506836
2016-08-20 05:00:00,48.16699981689453,16.92099952697754,45.16799926757813,13.37600040435791,2.664999961853028,1.2150000333786009,43.15399932861328
2016-08-20 06:00:00,50.26100158691406,17.926000595092773,47.84799957275391,14.58199977874756,2.7079999446868896,0.0,42.71500015258789
2016-08-20 07:00:00,46.65900039672852,16.586000442504886,44.44400024414063,13.75100040435791,2.7079999446868896,0.0,42.49499893188477
2016-08-20 08:00:00,45.48600006103516,14.659000396728516,44.09500122070313,12.277000427246096,1.3650000095367432,0.0,43.374000549316406
2016-08-20 09:00:00,54.19800186157226,19.26700019836425,52.67300033569336,15.76200008392334,1.3650000095367432,0.0,45.35150146484375
2016-08-20 10:00:00,58.303001403808594,21.44499969482422,56.72100067138672,17.558000564575195,1.3650000095367432,0.0,47.32899856567383
2016-08-20 11:00:00,61.1510009765625,22.198999404907227,59.72299957275391,18.066999435424805,1.3650000095367432,0.0,49.30649948120117
2016-08-20 12:00:00,56.29199981689453,19.01499938964844,55.11299896240234,15.76200008392334,0.0,0.0,51.06449890136719
2016-08-20 13:00:00,56.79499816894531,19.51799964904785,55.19300079345703,15.788999557495115,1.246999979019165,0.0,49.30699920654297
2016-08-20 14:00:00,53.19300079345703,19.01499938964844,52.43199920654297,15.97599983215332,0.0,0.0,41.83599853515625
2016-08-20 15:00:00,52.68999862670898,18.51300048828125,51.33300018310547,15.708000183105469,1.2150000333786009,0.0,38.97949981689453
2016-08-20 16:00:00,52.68999862670898,18.51300048828125,51.46699905395508,15.494000434875488,1.3329999446868896,0.0,38.97949981689453
2016-08-20 17:00:00,54.95199966430664,18.847999572753903,52.48600006103516,15.17199993133545,2.463000059127808,0.0,40.51750183105469
2016-08-20 18:00:00,55.11899948120117,18.847999572753903,52.99499893188477,15.145000457763672,2.4730000495910645,0.0,38.7599983215332
2016-08-20 19:00:00,48.83700180053711,15.496999740600586,46.05199813842773,12.062999725341797,2.4730000495910645,0.0,35.68349838256836
2016-08-20 20:00:00,53.19300079345703,18.010000228881836,51.14500045776367,14.395000457763672,2.5269999504089355,0.0,35.68399810791016
2016-08-20 21:00:00,54.02999877929688,17.507999420166016,50.52899932861328,13.510000228881836,2.5269999504089355,0.0,36.78200149536133
2016-08-20 22:00:00,51.34999847412109,17.423999786376953,48.9739990234375,13.777999877929688,2.611999988555908,0.0,37.44100189208984
2016-08-20 23:00:00,49.00400161743164,16.419000625610348,47.84799957275391,13.80500030517578,1.3220000267028809,0.0,38.10049819946289
2016-08-21 00:00:00,48.33399963378906,16.166999816894528,46.05199813842773,13.241999626159668,1.662999987602234,0.0,38.540000915527344
2016-08-21 01:00:00,45.56999969482422,14.407999992370604,43.854000091552734,12.196999549865724,1.662999987602234,0.0,38.540000915527344
2016-08-21 02:00:00,45.23500061035156,14.491999626159668,42.67499923706055,11.954999923706056,1.246999979019165,0.0,38.540000915527344
2016-08-21 03:00:00,44.229000091552734,14.743000030517578,42.48699951171875,12.331000328063965,1.22599995136261,0.0,37.88050079345703
2016-08-21 04:00:00,41.88399887084961,13.654000282287598,39.67300033569336,11.12399959564209,2.440999984741211,0.0,37.88050079345703
2016-08-21 05:00:00,45.65399932861328,15.664999961853027,43.50600051879883,12.946999549865724,1.3329999446868896,0.0,36.78200149536133
2016-08-21 06:00:00,44.983001708984375,15.664999961853027,44.44400024414063,13.644000053405762,0.0,0.0,37.22150039672852
2016-08-21 07:00:00,41.13000106811523,14.491999626159668,39.11000061035156,12.303999900817873,1.22599995136261,0.0,37.6609992980957
2016-08-21 08:00:00,42.55400085449219,15.748000144958494,41.57600021362305,13.67099952697754,0.0,0.0,37.6609992980957
2016-08-21 09:00:00,47.999000549316406,17.926000595092773,46.85599899291992,15.305999755859377,0.0,0.0,37.6609992980957
2016-08-21 10:00:00,50.76300048828125,18.51300048828125,49.69800186157226,15.869000434875488,1.2150000333786009,0.0,38.540000915527344
2016-08-21 11:00:00,52.35499954223633,18.59600067138672,50.95800018310547,15.38700008392334,1.3329999446868896,0.0,40.73749923706055
2016-08-21 12:00:00,54.11399841308594,18.763999938964844,53.18299865722656,15.8149995803833,0.0,0.0,43.8134994506836
2016-08-21 13:00:00,55.62200164794922,19.684999465942383,54.73699951171875,16.620000839233402,0.0,0.0,45.79100036621094
2016-08-21 14:00:00,50.00899887084961,17.507999420166016,48.70600128173828,14.663000106811523,1.22599995136261,0.0,47.54899978637695
2016-08-21 15:00:00,53.946998596191406,19.85300064086914,52.915000915527344,16.538999557495114,1.22599995136261,0.0,44.03350067138672
2016-08-21 16:00:00,54.44900131225586,19.601999282836918,53.04899978637695,16.29800033569336,1.22599995136261,0.0,44.47249984741211
2016-08-21 17:00:00,55.95700073242188,19.601999282836918,53.584999084472656,15.949000358581545,2.440999984741211,0.0,44.47249984741211
2016-08-21 18:00:00,55.78900146484375,19.183000564575195,53.36999893188477,15.413000106811523,2.440999984741211,0.0,43.8134994506836
2016-08-21 19:00:00,51.34999847412109,17.172000885009766,48.91999816894531,13.725000381469728,2.440999984741211,0.0,42.93450164794922
2016-08-21 20:00:00,56.29199981689453,19.099000930786133,53.88000106811523,15.467000007629396,2.440999984741211,0.0,42.275001525878906
2016-08-21 21:00:00,57.38100051879883,20.1879997253418,54.60300064086914,15.949000358581545,2.440999984741211,0.0,41.83599853515625
2016-08-21 22:00:00,54.53300094604492,20.43899917602539,53.04899978637695,16.511999130249027,2.440999984741211,0.0,41.61600112915039
2016-08-21 23:00:00,50.84700012207031,18.010000228881836,48.49200057983398,14.79699993133545,2.440999984741211,0.0,41.39599990844727
2016-08-22 00:00:00,49.59099960327149,17.843000411987305,48.33100128173828,14.984000205993652,2.440999984741211,0.0,41.17649841308594
2016-08-22 01:00:00,45.82099914550781,15.916000366210938,43.31800079345703,13.00100040435791,2.440999984741211,0.0,40.95700073242188
2016-08-22 02:00:00,47.24499893188477,16.586000442504886,46.05199813842773,14.019000053405762,2.440999984741211,0.0,40.51800155639648
2016-08-22 03:00:00,47.07799911499024,16.836999893188473,44.20299911499024,13.564000129699709,2.440999984741211,0.0,40.29800033569336
2016-08-22 04:00:00,42.387001037597656,15.161999702453612,41.709999084472656,13.135000228881836,0.0,0.0,40.07799911499024
2016-08-22 05:00:00,46.32400131225586,17.004999160766598,43.98799896240234,14.126999855041506,2.6440000534057617,0.0,39.63899993896485
2016-08-22 06:00:00,45.90499877929688,16.50200080871582,44.60499954223633,13.885000228881836,1.4290000200271606,0.0,39.63899993896485
2016-08-22 07:00:00,41.96799850463867,14.659000396728516,39.72600173950195,12.142999649047852,2.697000026702881,0.0,39.63899993896485
2016-08-22 08:00:00,44.64799880981445,15.161999702453612,43.23799896240234,12.678999900817873,2.687000036239624,0.0,40.07799911499024
2016-08-22 09:00:00,51.68500137329102,19.350000381469727,50.47499847412109,16.29800033569336,1.4609999656677246,0.0,41.39599990844727
2016-08-22 10:00:00,50.09299850463867,19.01499938964844,48.30400085449219,15.76200008392334,1.4609999656677246,0.0,41.61600112915039
2016-08-22 11:00:00,51.51699829101562,19.601999282836918,49.69800186157226,16.270999908447266,1.4609999656677246,0.0,42.275001525878906
2016-08-22 12:00:00,53.44400024414063,18.847999572753903,52.02999877929688,15.60099983215332,1.4609999656677246,0.0,44.03300094604492
2016-08-22 13:00:00,56.54299926757813,20.69099998474121,54.68399810791016,17.208999633789062,1.4609999656677246,0.0,45.79100036621094
2016-08-22 14:00:00,53.77899932861328,20.60700035095215,52.08399963378906,17.290000915527347,1.4609999656677246,0.0,47.98799896240234
2016-08-22 15:00:00,56.3759994506836,21.780000686645508,55.08599853515625,18.334999084472656,1.4609999656677246,0.0,48.86700057983398
2016-08-22 16:00:00,55.78900146484375,21.19300079345703,54.41600036621094,17.611000061035156,1.4609999656677246,0.0,49.30699920654297
2016-08-22 17:00:00,58.21900177001953,22.36599922180176,56.82799911499024,18.41600036621093,1.4609999656677246,0.0,48.428001403808594
2016-08-22 18:00:00,57.38100051879883,21.863000869750977,55.99700164794922,18.2549991607666,1.4609999656677246,0.0,47.98799896240234
2016-08-22 19:00:00,53.44400024414063,18.93199920654297,51.97600173950195,15.8149995803833,1.3329999446868896,0.0,47.10900115966797
2016-08-22 20:00:00,57.88399887084961,20.857999801635746,55.99700164794922,17.101999282836914,2.569000005722046,0.0,46.01050186157226
2016-08-22 21:00:00,58.21900177001953,20.857999801635746,55.51499938964844,16.833999633789062,2.569000005722046,0.0,45.13199996948242
2016-08-22 22:00:00,55.53799819946289,21.025999069213867,53.77199935913086,17.7189998626709,1.3650000095367432,0.0,44.47299957275391
2016-08-22 23:00:00,52.27099990844727,19.51799964904785,50.71599960327149,16.325000762939453,1.2150000333786009,0.0,43.8134994506836
2016-08-23 00:00:00,51.18199920654297,19.01499938964844,50.02000045776367,16.136999130249027,1.2150000333786009,0.0,43.15399932861328
2016-08-23 01:00:00,46.82600021362305,17.674999237060547,44.14899826049805,14.555999755859377,2.5269999504089355,0.0,42.49499893188477
2016-08-23 02:00:00,48.584999084472656,18.51300048828125,47.3390007019043,15.654999732971191,1.3109999895095823,0.0,42.05550003051758
2016-08-23 03:00:00,49.0880012512207,19.099000930786133,46.4010009765625,15.574000358581545,2.7929999828338623,0.0,41.83599853515625
2016-08-23 04:00:00,47.83200073242188,19.099000930786133,45.43600082397461,16.030000686645508,1.5460000038146973,0.0,41.39599990844727
2016-08-23 05:00:00,45.1510009765625,17.34000015258789,43.02299880981445,14.475000381469728,1.5460000038146973,0.0,40.73749923706055
2016-08-23 06:00:00,47.32899856567383,17.926000595092773,44.92599868774414,14.555999755859377,2.740000009536743,0.0,40.51800155639648
2016-08-23 07:00:00,40.3759994506836,15.496999740600586,38.94900131225586,13.00100040435791,1.4609999656677246,0.0,40.07799911499024
2016-08-23 08:00:00,43.05699920654297,14.743000030517578,41.57600021362305,12.437999725341797,1.22599995136261,0.0,41.39599990844727
2016-08-23 09:00:00,52.02000045776367,13.904999732971191,50.50199890136719,11.071000099182127,1.22599995136261,0.0,42.49499893188477
2016-08-23 10:00:00,44.3129997253418,13.73799991607666,42.56800079345703,11.204999923706056,1.22599995136261,0.0,45.13199996948242
2016-08-23 11:00:00,50.76300048828125,16.92099952697754,49.67100143432617,14.04599952697754,1.22599995136261,0.0,48.20800018310547
2016-08-23 12:00:00,53.2760009765625,17.674999237060547,52.19100189208984,14.609000205993652,0.0,0.0,49.74599838256836
2016-08-23 13:00:00,54.95199966430664,18.93199920654297,53.85300064086914,15.76200008392334,1.2580000162124634,0.0,49.96599960327149
2016-08-23 14:00:00,57.29700088500977,21.61199951171875,55.51499938964844,18.0939998626709,1.246999979019165,0.0,51.06399917602539
2016-08-23 15:00:00,57.79999923706055,22.0310001373291,56.26499938964844,18.36199951171875,1.246999979019165,0.0,53.04199981689453
2016-08-23 16:00:00,57.29700088500977,22.28199958801269,55.56800079345703,18.6299991607666,1.5989999771118164,0.0,52.16299819946289
2016-08-23 17:00:00,55.53799819946289,20.356000900268555,53.42399978637695,16.806999206542972,1.3220000267028809,0.0,50.84450149536133
2016-08-23 18:00:00,57.04600143432617,21.11000061035156,55.86299896240234,17.798999786376953,1.2150000333786009,0.0,49.30699920654297
2016-08-23 19:00:00,55.37099838256836,19.601999282836918,52.16400146484375,15.895999908447266,2.687000036239624,0.0,47.54899978637695
2016-08-23 20:00:00,58.303001403808594,22.36599922180176,55.19300079345703,18.01300048828125,2.687000036239624,0.0,46.66999816894531
2016-08-23 21:00:00,58.38600158691406,21.69599914550781,56.23799896240234,18.066999435424805,1.4709999561309814,0.0,45.57149887084961
2016-08-23 22:00:00,51.60100173950195,19.183000564575195,49.32300186157226,16.136999130249027,2.687000036239624,0.0,44.9119987487793
2016-08-23 23:00:00,52.43899917602539,19.684999465942383,51.22600173950195,16.753999710083008,1.3539999723434448,0.0,44.25299835205078
2016-08-24 00:00:00,50.512001037597656,18.51300048828125,47.1510009765625,15.038000106811523,2.9210000038146973,0.0,43.59400177001953
2016-08-24 01:00:00,50.428001403808594,18.93199920654297,47.95500183105469,15.494000434875488,1.7059999704360962,0.0,43.15399932861328
2016-08-24 02:00:00,49.50699996948242,18.26099967956543,46.803001403808594,14.824000358581545,3.0920000076293945,0.0,42.275001525878906
2016-08-24 03:00:00,49.84199905395508,19.43400001525879,47.01699829101562,15.949000358581545,2.6760001182556152,0.0,41.61600112915039
2016-08-24 04:00:00,48.33399963378906,18.59600067138672,46.07899856567383,15.38700008392334,2.6760001182556152,0.0,40.95700073242188
2016-08-24 05:00:00,48.16699981689453,18.010000228881836,44.900001525878906,14.876999855041506,2.5799999237060547,0.0,40.51800155639648
2016-08-24 06:00:00,48.75299835205078,18.763999938964844,46.374000549316406,15.413000106811523,2.5799999237060547,0.0,40.07799911499024
2016-08-24 07:00:00,38.70100021362305,12.64900016784668,36.321998596191406,10.642000198364258,1.3329999446868896,0.0,40.07799911499024
2016-08-24 08:00:00,40.87900161743164,13.402999877929688,39.48500061035156,11.5,0.0,0.0,40.73749923706055
2016-08-24 09:00:00,47.07799911499024,17.759000778198242,45.97200012207031,15.333000183105469,0.0,0.0,42.2755012512207
2016-08-24 10:00:00,45.65399932861328,14.407999992370604,44.36399841308594,12.08899974822998,1.2150000333786009,0.0,44.91249847412109
2016-08-24 11:00:00,49.00400161743164,15.161999702453612,47.76800155639648,12.652000427246096,1.246999979019165,0.0,47.98799896240234
2016-08-24 12:00:00,52.52299880981445,17.843000411987305,51.65499877929688,14.770000457763672,0.0,0.0,50.18550109863281
2016-08-24 13:00:00,52.94100189208984,17.926000595092773,51.92300033569336,15.0649995803833,0.0,0.0,51.94350051879883
2016-08-24 14:00:00,51.93600082397461,17.674999237060547,50.79700088500977,14.876999855041506,1.22599995136261,0.0,54.36050033569336
2016-08-24 15:00:00,55.62200164794922,21.277000427246094,54.09400177001953,17.476999282836914,1.22599995136261,0.0,55.67850112915039
2016-08-24 16:00:00,54.44900131225586,21.11000061035156,53.04899978637695,17.451000213623047,1.2150000333786009,0.0,54.58050155639648
2016-08-24 17:00:00,55.70600128173828,21.11000061035156,54.41600036621094,17.423999786376953,1.2150000333786009,0.0,51.7234992980957
2016-08-24 18:00:00,52.68999862670898,19.85300064086914,50.66299819946289,16.431999206542972,1.343000054359436,0.0,49.30699920654297
2016-08-24 19:00:00,49.84199905395508,17.089000701904293,48.11600112915039,13.965999603271484,2.569000005722046,0.0,47.54899978637695
2016-08-24 20:00:00,55.78900146484375,20.10400009155273,53.02199935913086,16.270999908447266,2.569000005722046,0.0,46.22999954223633
2016-08-24 21:00:00,56.79499816894531,20.77400016784668,53.34299850463867,16.645999908447266,2.569000005722046,0.0,44.9119987487793
2016-08-24 22:00:00,52.52299880981445,19.684999465942383,49.99300003051758,16.19099998474121,2.569000005722046,0.0,44.03300094604492
2016-08-24 23:00:00,47.1609992980957,16.334999084472653,46.64199829101562,14.314000129699709,0.0,0.0,43.374000549316406
2016-08-25 00:00:00,47.07799911499024,16.836999893188473,45.24800109863281,14.100000381469728,1.3650000095367432,0.0,42.275001525878906
2016-08-25 01:00:00,47.1609992980957,16.670000076293945,44.09500122070313,13.590999603271484,2.6549999713897705,0.0,41.39599990844727
2016-08-25 02:00:00,45.48600006103516,15.83199977874756,43.02299880981445,13.161999702453612,2.719000101089477,0.0,40.51800155639648
2016-08-25 03:00:00,39.37099838256836,13.234999656677244,36.50899887084961,10.96399974822998,2.5799999237060547,0.0,40.07799911499024
2016-08-25 04:00:00,34.345001220703125,11.057000160217283,33.15900039672852,9.409000396728516,1.5570000410079956,0.0,39.19900131225586
2016-08-25 05:00:00,44.81600189208984,16.419000625610348,42.72800064086914,13.75100040435791,2.8469998836517334,0.0,38.31999969482422
2016-08-25 06:00:00,45.90499877929688,15.83199977874756,43.18399810791016,12.946999549865724,2.7079999446868896,0.0,37.88100051879883
2016-08-25 07:00:00,44.81600189208984,16.083000183105472,42.99599838256836,13.697999954223633,1.4609999656677246,0.0,37.88100051879883
2016-08-25 08:00:00,39.20299911499024,12.64900016784668,37.233001708984375,10.642000198364258,1.4609999656677246,0.0,39.41899871826172
2016-08-25 09:00:00,48.83700180053711,17.590999603271484,48.0629997253418,15.413000106811523,0.0,0.0,41.39649963378906
2016-08-25 10:00:00,46.57500076293945,14.659000396728516,45.75699996948242,12.491000175476074,0.0,0.0,43.8134994506836
2016-08-25 11:00:00,52.94100189208984,17.926000595092773,52.35200119018555,15.251999855041506,0.0,0.0,47.32899856567383
2016-08-25 12:00:00,54.70000076293945,19.601999282836918,54.06700134277344,16.726999282836914,0.0,0.0,49.96599960327149
2016-08-25 13:00:00,56.62699890136719,20.69099998474121,55.78300094604492,17.584999084472653,0.0,0.0,51.7234992980957
2016-08-25 14:00:00,56.04100036621094,21.11000061035156,55.11299896240234,17.77199935913086,0.0,0.0,54.14099884033203
2016-08-25 15:00:00,55.11899948120117,20.69099998474121,54.22800064086914,17.691999435424805,0.0,0.0,55.67850112915039
2016-08-25 16:00:00,55.95700073242188,21.69599914550781,55.05899810791016,18.28199958801269,0.0,0.0,53.70100021362305
2016-08-25 17:00:00,55.87300109863281,21.61199951171875,54.60300064086914,17.959999084472656,1.3329999446868896,0.0,51.7234992980957
2016-08-25 18:00:00,55.95700073242188,20.941999435424805,54.49599838256836,17.63800048828125,1.3329999446868896,0.0,50.18600082397461
2016-08-25 19:00:00,51.51699829101562,17.926000595092773,50.87699890136719,15.199000358581545,0.0,0.0,48.428001403808594
2016-08-25 20:00:00,53.946998596191406,18.34499931335449,52.27099990844727,15.22599983215332,2.505000114440918,0.0,47.10900115966797
2016-08-25 21:00:00,56.04100036621094,21.277000427246094,54.38899993896485,17.7189998626709,2.505000114440918,0.0,45.79100036621094
2016-08-25 22:00:00,55.53799819946289,21.44499969482422,52.80699920654297,17.691999435424805,2.505000114440918,0.0,44.9119987487793
2016-08-25 23:00:00,53.946998596191406,20.52300071716309,51.54700088500977,16.968000411987305,2.494999885559082,0.0,44.47299957275391
2016-08-26 00:00:00,50.59600067138672,18.847999572753903,49.10800170898438,16.136999130249027,2.494999885559082,0.0,43.59400177001953
2016-08-26 01:00:00,48.75299835205078,18.010000228881836,47.07099914550781,15.4399995803833,2.494999885559082,0.0,42.93450164794922
2016-08-26 02:00:00,47.83200073242188,18.34499931335449,45.81100082397461,15.680999755859377,2.5369999408721924,0.0,42.05550003051758
2016-08-26 03:00:00,47.58000183105469,17.926000595092773,44.97999954223633,14.824000358581545,2.996000051498413,0.0,41.39599990844727
2016-08-26 04:00:00,47.915000915527344,18.26099967956543,45.30199813842773,15.22599983215332,2.803999900817871,0.0,40.73749923706055
2016-08-26 05:00:00,45.1510009765625,17.256000518798828,44.47100067138672,15.038000106811523,0.0,0.0,40.51800155639648
2016-08-26 06:00:00,48.08300018310547,18.17799949645996,45.43600082397461,15.038000106811523,2.664999961853028,0.0,39.41899871826172
2016-08-26 07:00:00,40.9630012512207,14.659000396728516,39.45800018310547,12.760000228881836,1.2690000534057615,0.0,38.97949981689453
2016-08-26 08:00:00,37.10900115966797,12.145999908447266,35.19599914550781,10.105999946594238,1.2690000534057615,0.0,38.540000915527344
2016-08-26 09:00:00,41.13000106811523,14.241000175476074,40.52999877929688,12.46500015258789,0.0,0.0,38.759498596191406
2016-08-26 10:00:00,41.29800033569336,13.73799991607666,40.18199920654297,12.062999725341797,1.2369999885559082,0.0,39.41899871826172
2016-08-26 11:00:00,42.21900177001953,14.324000358581545,41.01300048828125,12.196999549865724,1.2150000333786009,0.0,41.39599990844727
2016-08-26 12:00:00,43.391998291015625,14.82699966430664,42.084999084472656,12.78600025177002,0.0,0.0,42.49499893188477
2016-08-26 13:00:00,43.391998291015625,16.0,42.13899993896485,13.83199977874756,0.0,0.0,39.85850143432617
2016-08-26 14:00:00,42.80500030517578,16.334999084472653,41.76300048828125,14.152999877929688,0.0,0.0,38.10049819946289
2016-08-26 15:00:00,43.30799865722656,16.250999450683597,42.48699951171875,14.234000205993652,0.0,0.0,37.6609992980957
2016-08-26 16:00:00,43.391998291015625,16.836999893188473,42.32600021362305,14.314000129699709,0.0,0.0,37.22150039672852
2016-08-26 17:00:00,45.06700134277344,16.250999450683597,42.88899993896485,13.510000228881836,2.45199990272522,0.0,37.22150039672852
2016-08-26 18:00:00,41.46500015258789,14.407999992370604,40.31600189208984,12.357000350952148,1.3329999446868896,0.0,36.5620002746582
2016-08-26 19:00:00,40.54399871826172,13.067999839782717,39.45800018310547,10.90999984741211,0.0,0.0,35.68399810791016
2016-08-26 20:00:00,44.48099899291992,14.659000396728516,41.46799850463867,11.687000274658203,2.7290000915527344,0.0,35.02450180053711
2016-08-26 21:00:00,41.46500015258789,12.899999618530272,38.52000045776367,10.31999969482422,3.124000072479248,0.0,34.584999084472656
2016-08-26 22:00:00,41.46500015258789,13.152000427246096,39.56499862670898,11.071000099182127,2.6010000705718994,0.0,34.14550018310547
2016-08-26 23:00:00,40.62699890136719,13.487000465393065,37.34000015258789,10.96399974822998,3.0699999332427983,0.0,33.92599868774414
2016-08-27 00:00:00,36.94200134277344,13.487000465393065,34.365001678466804,11.258000373840332,2.440999984741211,0.0,33.92599868774414
2016-08-27 01:00:00,36.1879997253418,13.402999877929688,34.41899871826172,11.526000022888184,1.2899999618530271,0.0,33.70600128173828
2016-08-27 02:00:00,37.277000427246094,13.152000427246096,34.01599884033203,10.642000198364258,2.8469998836517334,0.0,33.48600006103516
2016-08-27 03:00:00,37.44400024414063,14.241000175476074,35.35699844360352,12.08899974822998,2.494999885559082,0.0,33.04700088500977
2016-08-27 04:00:00,36.858001708984375,13.487000465393065,35.141998291015625,11.446000099182127,2.494999885559082,0.0,32.60699844360352
2016-08-27 05:00:00,35.0989990234375,12.984000205993652,32.03300094604492,10.668999671936035,2.611999988555908,0.0,32.167999267578125
2016-08-27 06:00:00,36.858001708984375,12.984000205993652,35.03499984741211,11.232000350952148,1.2899999618530271,0.0,32.167999267578125
2016-08-27 07:00:00,37.61199951171875,13.73799991607666,36.42900085449219,11.982000350952148,0.0,0.0,32.167999267578125
2016-08-27 08:00:00,33.50699996948242,10.805999755859377,31.65800094604492,9.006999969482422,1.2150000333786009,0.0,32.387500762939446
2016-08-27 09:00:00,36.52299880981445,11.392000198364258,35.70500183105469,9.864999771118164,0.0,0.0,33.70600128173828
2016-08-27 10:00:00,39.790000915527344,13.56999969482422,38.59999847412109,11.687000274658203,1.22599995136261,0.0,35.903499603271484
2016-08-27 11:00:00,42.387001037597656,15.161999702453612,41.17399978637695,12.866999626159668,0.0,0.0,38.540000915527344
2016-08-27 12:00:00,39.62200164794922,12.39799976348877,38.70800018310547,10.614999771118164,0.0,0.0,41.61600112915039
2016-08-27 13:00:00,38.28200149536133,13.067999839782717,37.4739990234375,11.232000350952148,0.0,0.0,45.13150024414063
2016-08-27 14:00:00,45.56999969482422,16.419000625610348,44.63199996948242,14.152999877929688,0.0,0.0,44.69250106811523
2016-08-27 15:00:00,45.90499877929688,16.166999816894528,45.22100067138672,13.80500030517578,0.0,0.0,43.59349822998047
2016-08-27 16:00:00,48.16699981689453,17.926000595092773,47.178001403808594,15.4399995803833,0.0,0.0,41.61600112915039
2016-08-27 17:00:00,49.0880012512207,17.423999786376953,48.14300155639648,14.850000381469728,0.0,0.0,40.29800033569336
2016-08-27 18:00:00,47.999000549316406,16.670000076293945,47.23199844360352,14.18000030517578,0.0,0.0,39.63899993896485
2016-08-27 19:00:00,44.48099899291992,13.654000282287598,42.70199966430664,11.258000373840332,1.2899999618530271,0.0,38.10049819946289
2016-08-27 20:00:00,47.83200073242188,15.07800006866455,45.35499954223633,11.954999923706056,2.505000114440918,0.0,37.44100189208984
2016-08-27 21:00:00,48.33399963378906,16.50200080871582,45.81100082397461,13.321999549865724,2.687000036239624,0.0,36.5620002746582
2016-08-27 22:00:00,47.24499893188477,16.92099952697754,45.35499954223633,13.993000030517578,2.687000036239624,0.0,35.68399810791016
2016-08-27 23:00:00,46.99399948120117,16.419000625610348,44.38999938964844,13.321999549865724,2.664999961853028,0.0,35.02450180053711
2016-08-28 00:00:00,43.97800064086914,16.334999084472653,41.92399978637695,13.697999954223633,2.5480000972747803,0.0,34.14550018310547
2016-08-28 01:00:00,42.72200012207031,15.581000328063965,41.76300048828125,13.402999877929688,2.5480000972747803,0.0,33.26649856567383
2016-08-28 02:00:00,43.89400100708008,16.0,41.38800048828125,13.564000129699709,2.5910000801086426,0.0,31.94849967956543
2016-08-28 03:00:00,42.1349983215332,15.246000289916992,39.512001037597656,12.894000053405762,2.5910000801086426,0.0,31.28899955749512
2016-08-28 04:00:00,43.30799865722656,16.0,41.14699935913086,13.161999702453612,1.4819999933242798,0.0,30.40999984741211
2016-08-28 05:00:00,43.64300155639648,15.748000144958494,41.54899978637695,13.348999977111816,2.430999994277954,0.0,29.5310001373291
2016-08-28 06:00:00,41.38100051879883,14.156999588012695,39.45800018310547,12.062999725341797,2.430999994277954,0.0,29.09199905395508
2016-08-28 07:00:00,34.261001586914055,9.633000373840332,32.35499954223633,8.095000267028809,1.3539999723434448,0.0,28.65200042724609
2016-08-28 08:00:00,34.345001220703125,9.968000411987305,32.648998260498054,8.336999893188478,1.3539999723434448,0.0,31.289499282836918
2016-08-28 09:00:00,42.88899993896485,15.748000144958494,41.790000915527344,13.83199977874756,0.0,0.0,34.14550018310547
2016-08-28 10:00:00,44.229000091552734,16.0,43.61299896240234,13.939000129699709,0.0,0.0,37.88050079345703
2016-08-28 11:00:00,43.2239990234375,15.246000289916992,42.13899993896485,13.269000053405762,0.0,0.0,41.39649963378906
2016-08-28 12:00:00,44.73199844360352,15.413000106811523,44.14899826049805,13.644000053405762,0.0,0.0,43.15449905395508
2016-08-28 13:00:00,44.0620002746582,15.581000328063965,44.04199981689453,14.019000053405762,0.0,0.0,44.69250106811523
2016-08-28 14:00:00,44.14599990844727,16.753999710083008,43.58599853515625,14.609000205993652,0.0,0.0,46.66949844360352
2016-08-28 15:00:00,43.30799865722656,15.83199977874756,42.21900177001953,13.75100040435791,0.0,0.0,48.20800018310547
2016-08-28 16:00:00,44.900001525878906,15.916000366210938,44.310001373291016,13.725000381469728,0.0,0.0,47.10900115966797
2016-08-28 17:00:00,45.82099914550781,15.581000328063965,43.80099868774414,13.00100040435791,1.343000054359436,0.0,44.69250106811523
2016-08-28 18:00:00,42.72200012207031,12.145999908447266,41.30799865722656,10.052000045776367,1.2369999885559082,0.0,42.49499893188477
2016-08-28 19:00:00,42.21900177001953,12.984000205993652,39.430999755859375,10.401000022888184,2.5799999237060547,0.0,40.73749923706055
2016-08-28 20:00:00,42.303001403808594,12.815999984741213,39.61899948120117,9.972000122070312,2.5799999237060547,0.0,38.7599983215332
2016-08-28 21:00:00,44.0620002746582,13.56999969482422,40.93199920654297,10.937000274658203,2.6010000705718994,0.0,37.00199890136719
2016-08-28 22:00:00,42.97299957275391,14.82699966430664,41.20000076293945,12.973999977111816,1.4709999561309814,0.0,36.12300109863281
2016-08-28 23:00:00,42.97299957275391,14.91100025177002,39.99399948120117,11.928999900817873,2.687000036239624,0.0,34.80500030517578
2016-08-29 00:00:00,39.874000549316406,14.072999954223633,38.41299819946289,11.767999649047852,1.3220000267028809,0.0,33.92599868774414
2016-08-29 01:00:00,40.459999084472656,14.156999588012695,37.52799987792969,11.633999824523926,2.5369999408721924,0.0,33.04700088500977
2016-08-29 02:00:00,37.77899932861328,13.319000244140623,36.402000427246094,11.232000350952148,1.684000015258789,0.0,32.167999267578125
2016-08-29 03:00:00,35.76900100708008,11.979000091552734,33.613998413085945,10.024999618530272,2.664999961853028,0.0,31.72900009155273
2016-08-29 04:00:00,38.03099822998047,13.56999969482422,36.29499816894531,11.151000022888184,2.664999961853028,0.0,30.85000038146973
2016-08-29 05:00:00,40.29199981689453,13.904999732971191,37.448001861572266,11.446000099182127,2.803999900817871,0.0,30.40999984741211
2016-08-29 06:00:00,41.96799850463867,14.241000175476074,39.67300033569336,11.928999900817873,2.803999900817871,0.0,29.750999450683597
2016-08-29 07:00:00,39.874000549316406,12.899999618530272,37.68899917602539,10.69499969482422,2.6440000534057617,0.0,29.750999450683597
2016-08-29 08:00:00,37.52799987792969,12.984000205993652,36.5629997253418,11.258000373840332,0.0,0.0,31.94849967956543
2016-08-29 09:00:00,44.3129997253418,15.748000144958494,43.45199966430664,13.75100040435791,0.0,0.0,35.02450180053711
2016-08-29 10:00:00,39.95700073242188,12.314000129699709,38.78799819946289,10.347000122070312,1.3539999723434448,0.0,38.97949981689453
2016-08-29 11:00:00,41.04600143432617,12.480999946594238,39.53799819946289,10.560999870300291,0.0,0.0,42.71500015258789
2016-08-29 12:00:00,44.900001525878906,15.246000289916992,43.854000091552734,13.081000328063965,0.0,0.0,44.69250106811523
2016-08-29 13:00:00,44.0620002746582,15.07800006866455,43.53300094604492,13.081000328063965,0.0,0.0,46.01050186157226
2016-08-29 14:00:00,43.72700119018555,15.664999961853027,42.83599853515625,13.482999801635742,0.0,0.0,47.98799896240234
2016-08-29 15:00:00,42.1349983215332,15.413000106811523,40.85200119018555,13.269000053405762,0.0,0.0,49.5265007019043
2016-08-29 16:00:00,42.88899993896485,15.581000328063965,42.084999084472656,13.697999954223633,0.0,0.0,47.54850006103516
2016-08-29 17:00:00,44.81600189208984,15.916000366210938,43.104000091552734,13.564000129699709,1.3860000371932983,0.0,45.35200119018555
2016-08-29 18:00:00,44.14599990844727,15.246000289916992,42.56800079345703,13.053999900817873,1.503000020980835,0.0,42.93450164794922
2016-08-29 19:00:00,43.30799865722656,14.743000030517578,39.96699905395508,11.954999923706056,2.505000114440918,0.0,40.73749923706055
2016-08-29 20:00:00,46.65900039672852,15.748000144958494,44.310001373291016,12.866999626159668,2.505000114440918,0.0,38.7599983215332
2016-08-29 21:00:00,45.98899841308594,16.166999816894528,43.479000091552734,13.402999877929688,2.7720000743865967,0.0,36.78200149536133
2016-08-29 22:00:00,44.900001525878906,16.0,41.95100021362305,13.081000328063965,2.7720000743865967,0.0,35.4640007019043
2016-08-29 23:00:00,44.3129997253418,16.0,41.30799865722656,13.161999702453612,2.494999885559082,0.0,34.365001678466804
2016-08-30 00:00:00,40.9630012512207,14.407999992370604,39.27000045776367,12.062999725341797,1.3109999895095823,0.0,33.26649856567383
2016-08-30 01:00:00,41.79999923706055,14.91100025177002,38.73400115966797,12.116000175476074,2.5269999504089355,0.0,32.167999267578125
2016-08-30 02:00:00,38.78499984741211,13.98900032043457,36.08100128173828,11.71399974822998,2.5269999504089355,0.0,31.72900009155273
2016-08-30 03:00:00,36.94200134277344,12.39799976348877,33.722000122070305,10.024999618530272,2.5269999504089355,0.0,30.85000038146973
2016-08-30 04:00:00,39.37099838256836,14.072999954223633,36.9119987487793,11.767999649047852,2.5269999504089355,0.0,29.97100067138672
2016-08-30 05:00:00,40.79499816894531,14.576000213623049,38.01100158691406,11.902000427246096,2.5269999504089355,0.0,29.31150054931641
2016-08-30 06:00:00,42.05199813842773,14.82699966430664,39.91400146484375,12.303999900817873,2.505000114440918,0.0,28.871999740600582
2016-08-30 07:00:00,39.95700073242188,13.98900032043457,38.27899932861328,11.821000099182127,1.2150000333786009,0.0,29.09199905395508
2016-08-30 08:00:00,37.946998596191406,13.234999656677244,35.946998596191406,10.90999984741211,2.430999994277954,0.0,31.50900077819824
2016-08-30 09:00:00,38.78499984741211,13.821999549865724,37.98400115966797,12.142999649047852,0.0,0.0,34.584999084472656
2016-08-30 10:00:00,33.005001068115234,10.052000045776367,32.24700164794922,8.819000244140625,0.0,0.0,38.540000915527344
2016-08-30 11:00:00,34.17699813842773,11.140999794006348,33.45399856567383,10.024999618530272,0.0,0.0,41.17699813842773
2016-08-30 12:00:00,36.52299880981445,11.5600004196167,35.678001403808594,10.105999946594238,0.0,0.0,43.15399932861328
2016-08-30 13:00:00,34.59600067138672,11.140999794006348,33.56100082397461,9.91800022125244,0.0,0.0,44.9119987487793
2016-08-30 14:00:00,39.790000915527344,13.402999877929688,38.84199905395508,11.392000198364258,0.0,0.0,47.32899856567383
2016-08-30 15:00:00,42.387001037597656,14.994000434875488,41.20000076293945,12.78600025177002,0.0,0.0,47.98799896240234
2016-08-30 16:00:00,41.71599960327149,14.82699966430664,40.50299835205078,12.545000076293944,0.0,0.0,45.57099914550781
2016-08-30 17:00:00,46.74300003051758,15.161999702453612,44.92599868774414,12.571999549865724,1.246999979019165,0.0,43.374000549316406
2016-08-30 18:00:00,45.56999969482422,14.576000213623049,44.38999938964844,12.142999649047852,1.246999979019165,0.0,41.83549880981445
2016-08-30 19:00:00,43.55899810791016,12.5649995803833,41.040000915527344,9.972000122070312,2.494999885559082,0.0,40.29800033569336
2016-08-30 20:00:00,43.81100082397461,12.062999725341797,41.36100006103516,9.461999893188477,2.45199990272522,0.0,38.31999969482422
2016-08-30 21:00:00,46.2400016784668,14.407999992370604,43.96099853515625,11.767999649047852,2.45199990272522,0.0,36.34249877929688
2016-08-30 22:00:00,42.05199813842773,13.234999656677244,39.21699905395508,10.722000122070312,2.5799999237060547,0.0,35.24399948120117
2016-08-30 23:00:00,42.47000122070313,13.821999549865724,40.31600189208984,11.33899974822998,2.5799999237060547,0.0,33.92599868774414
2016-08-31 00:00:00,42.63800048828125,13.402999877929688,39.83300018310547,10.668999671936035,2.5799999237060547,0.0,33.48600006103516
2016-08-31 01:00:00,42.63800048828125,13.402999877929688,39.83300018310547,10.668999671936035,2.5799999237060547,0.0,33.48600006103516
2016-08-31 02:00:00,42.63800048828125,13.402999877929688,39.83300018310547,10.668999671936035,2.5799999237060547,0.0,33.48600006103516
2016-08-31 03:00:00,42.63800048828125,13.402999877929688,39.83300018310547,10.668999671936035,2.5799999237060547,0.0,33.48600006103516
2016-08-31 04:00:00,42.63800048828125,13.402999877929688,39.83300018310547,10.668999671936035,2.5799999237060547,0.0,33.48600006103516
2016-08-31 05:00:00,42.63800048828125,13.402999877929688,39.83300018310547,10.668999671936035,2.5799999237060547,0.0,33.48600006103516
2016-08-31 06:00:00,42.63800048828125,13.402999877929688,39.83300018310547,10.668999671936035,2.5799999237060547,0.0,33.48600006103516
2016-08-31 07:00:00,42.63800048828125,13.402999877929688,39.83300018310547,10.668999671936035,2.5799999237060547,0.0,33.48600006103516
2016-08-31 08:00:00,42.63800048828125,13.402999877929688,39.83300018310547,10.668999671936035,2.5799999237060547,0.0,33.48600006103516
2016-08-31 09:00:00,42.63800048828125,13.402999877929688,39.83300018310547,10.668999671936035,2.5799999237060547,0.0,33.48600006103516
2016-08-31 10:00:00,42.63800048828125,13.402999877929688,39.83300018310547,10.668999671936035,2.5799999237060547,0.0,33.48600006103516
2016-08-31 11:00:00,42.63800048828125,13.402999877929688,39.83300018310547,10.668999671936035,2.5799999237060547,0.0,33.48600006103516
2016-08-31 12:00:00,42.63800048828125,13.402999877929688,39.83300018310547,10.668999671936035,2.5799999237060547,0.0,33.48600006103516
2016-08-31 13:00:00,42.63800048828125,13.402999877929688,39.83300018310547,10.668999671936035,2.5799999237060547,0.0,33.48600006103516
2016-08-31 14:00:00,42.63800048828125,13.402999877929688,39.83300018310547,10.668999671936035,2.5799999237060547,0.0,33.48600006103516
2016-08-31 15:00:00,42.63800048828125,13.402999877929688,39.83300018310547,10.668999671936035,2.5799999237060547,0.0,33.48600006103516
2016-08-31 16:00:00,42.63800048828125,13.402999877929688,39.83300018310547,10.668999671936035,2.5799999237060547,0.0,33.48600006103516
2016-08-31 17:00:00,42.63800048828125,13.402999877929688,39.83300018310547,10.668999671936035,2.5799999237060547,0.0,33.48600006103516
2016-08-31 18:00:00,42.63800048828125,13.402999877929688,39.83300018310547,10.668999671936035,2.5799999237060547,0.0,33.48600006103516
2016-08-31 19:00:00,42.63800048828125,13.402999877929688,39.83300018310547,10.668999671936035,2.5799999237060547,0.0,33.48600006103516
2016-08-31 20:00:00,42.63800048828125,13.402999877929688,39.83300018310547,10.668999671936035,2.5799999237060547,0.0,33.48600006103516
2016-08-31 21:00:00,42.63800048828125,13.402999877929688,39.83300018310547,10.668999671936035,2.5799999237060547,0.0,33.48600006103516
2016-08-31 22:00:00,42.63800048828125,13.402999877929688,39.83300018310547,10.668999671936035,2.5799999237060547,0.0,33.48600006103516
2016-08-31 23:00:00,42.63800048828125,13.402999877929688,39.83300018310547,10.668999671936035,2.5799999237060547,0.0,33.48600006103516
2016-09-01 00:00:00,41.632999420166016,13.234999656677244,40.12799835205078,11.204999923706056,1.22599995136261,0.0,36.12300109863281
2016-09-01 01:00:00,41.29800033569336,13.152000427246096,39.08300018310547,10.668999671936035,2.440999984741211,0.0,35.903499603271484
2016-09-01 02:00:00,38.78499984741211,12.145999908447266,35.86600112915039,9.70400047302246,2.7929999828338623,0.0,35.4640007019043
2016-09-01 03:00:00,41.2140007019043,12.899999618530272,38.14500045776367,10.239999771118164,2.7929999828338623,0.0,34.80500030517578
2016-09-01 04:00:00,39.62200164794922,12.314000129699709,37.5009994506836,10.185999870300291,2.760999917984009,0.0,34.584999084472656
2016-09-01 05:00:00,37.19300079345703,11.810999870300291,36.24100112915039,10.052000045776367,0.0,0.0,34.14550018310547
2016-09-01 06:00:00,40.125,12.899999618530272,37.39400100708008,10.347000122070312,2.697000026702881,0.0,33.70600128173828
2016-09-01 07:00:00,40.125,12.815999984741213,37.34000015258789,10.480999946594238,2.697000026702881,0.0,33.70600128173828
2016-09-01 08:00:00,36.104000091552734,9.717000007629396,34.042999267578125,7.665999889373777,2.697000026702881,0.0,34.804500579833984
2016-09-01 09:00:00,41.54899978637695,13.904999732971191,40.69100189208984,11.821000099182127,0.0,0.0,36.34299850463867
2016-09-01 10:00:00,37.69599914550781,10.220000267028809,36.777000427246094,8.550999641418457,0.0,0.0,38.97949981689453
2016-09-01 11:00:00,39.95700073242188,11.225000381469728,38.92200088500977,9.32800006866455,0.0,0.0,41.83599853515625
2016-09-01 12:00:00,44.3129997253418,13.654000282287598,43.26399993896485,11.553000450134276,0.0,0.0,44.03350067138672
2016-09-01 13:00:00,44.73199844360352,14.82699966430664,43.63999938964844,12.571999549865724,0.0,0.0,45.79100036621094
2016-09-01 14:00:00,44.983001708984375,15.496999740600586,44.33700180053711,13.107999801635742,0.0,0.0,47.98849868774414
2016-09-01 15:00:00,44.81600189208984,14.994000434875488,43.82699966430664,12.894000053405762,0.0,0.0,48.647499084472656
2016-09-01 16:00:00,47.66400146484375,16.083000183105472,46.26699829101562,13.321999549865724,1.3329999446868896,0.0,47.32899856567383
2016-09-01 17:00:00,49.42300033569336,16.0,47.3390007019043,13.081000328063965,1.3329999446868896,0.0,45.13199996948242
2016-09-01 18:00:00,48.75299835205078,15.748000144958494,47.23199844360352,12.84000015258789,2.611999988555908,0.0,43.8134994506836
2016-09-01 19:00:00,45.06700134277344,13.067999839782717,42.48699951171875,10.508000373840332,2.5269999504089355,0.0,42.05550003051758
2016-09-01 20:00:00,49.0880012512207,14.994000434875488,47.23199844360352,12.116000175476074,1.7910000085830688,0.0,40.73749923706055
2016-09-01 21:00:00,46.2400016784668,13.487000465393065,43.66699981689453,10.803000450134276,3.0169999599456787,0.0,39.85850143432617
2016-09-01 22:00:00,45.48600006103516,14.324000358581545,43.53300094604492,11.847999572753904,2.8469998836517334,0.0,38.97949981689453
2016-09-01 23:00:00,42.97299957275391,13.402999877929688,42.21900177001953,11.5,0.0,0.0,38.540000915527344
2016-09-02 00:00:00,40.79499816894531,12.5649995803833,38.14500045776367,9.972000122070312,2.878999948501587,0.0,38.10049819946289
2016-09-02 01:00:00,40.9630012512207,12.732999801635742,39.27000045776367,10.588000297546388,2.6549999713897705,0.0,37.22150039672852
2016-09-02 02:00:00,42.47000122070313,13.402999877929688,39.37799835205078,10.776000022888184,2.6549999713897705,0.0,36.78200149536133
2016-09-02 03:00:00,41.96799850463867,13.234999656677244,39.37799835205078,10.642000198364258,2.719000101089477,0.0,35.903499603271484
2016-09-02 04:00:00,39.874000549316406,12.64900016784668,36.59000015258789,10.052000045776367,2.719000101089477,0.0,35.4640007019043
2016-09-02 05:00:00,40.04100036621094,13.152000427246096,36.80400085449219,10.53499984741211,2.9749999046325684,0.0,34.80500030517578
2016-09-02 06:00:00,39.790000915527344,12.64900016784668,38.54700088500977,10.560999870300291,1.63100004196167,0.0,34.584999084472656
2016-09-02 07:00:00,41.71599960327149,13.56999969482422,38.52000045776367,11.043999671936035,2.9530000686645512,0.0,34.365001678466804
2016-09-02 08:00:00,35.60100173950195,9.717000007629396,34.713001251220696,8.496999740600586,0.0,0.0,35.24449920654297
2016-09-02 09:00:00,41.71599960327149,14.156999588012695,41.09299850463867,12.222999572753904,0.0,0.0,36.78200149536133
2016-09-02 10:00:00,39.874000549316406,11.392000198364258,39.13600158691406,9.515999794006348,0.0,0.0,39.85850143432617
2016-09-02 11:00:00,41.29800033569336,12.062999725341797,40.58399963378906,10.159000396728516,0.0,0.0,43.374000549316406
2016-09-02 12:00:00,46.49100112915039,14.659000396728516,45.32899856567383,12.383999824523926,0.0,0.0,46.01050186157226
2016-09-02 13:00:00,47.58000183105469,15.246000289916992,46.5620002746582,12.812999725341797,0.0,0.0,48.20800018310547
2016-09-02 14:00:00,45.56999969482422,15.07800006866455,44.63199996948242,12.84000015258789,0.0,0.0,48.4275016784668
2016-09-02 15:00:00,47.66400146484375,16.334999084472653,46.6150016784668,13.965999603271484,0.0,0.0,49.30699920654297
2016-09-02 16:00:00,47.74800109863281,16.083000183105472,46.749000549316406,13.67099952697754,0.0,0.0,49.30649948120117
2016-09-02 17:00:00,46.57500076293945,14.82699966430664,44.52399826049805,12.03600025177002,1.2790000438690186,0.0,47.54899978637695
2016-09-02 18:00:00,49.59099960327149,15.748000144958494,47.04399871826172,12.62600040435791,2.494999885559082,0.0,45.57149887084961
2016-09-02 19:00:00,44.900001525878906,13.152000427246096,42.70199966430664,10.45400047302246,2.6549999713897705,0.0,43.8134994506836
2016-09-02 20:00:00,47.915000915527344,15.07800006866455,46.10599899291992,12.652000427246096,1.2690000534057615,0.0,41.83599853515625
2016-09-02 21:00:00,49.25600051879883,16.250999450683597,47.04399871826172,13.456000328063965,1.7380000352859497,0.0,40.29800033569336
2016-09-02 22:00:00,42.80500030517578,13.152000427246096,41.06600189208984,11.017000198364258,2.5369999408721924,0.0,39.19900131225586
2016-09-02 23:00:00,45.1510009765625,14.576000213623049,43.18399810791016,12.008999824523926,2.5369999408721924,0.0,38.31999969482422
2016-09-03 00:00:00,43.89400100708008,13.904999732971191,40.71799850463867,11.258000373840332,2.5369999408721924,0.0,37.44100189208984
2016-09-03 01:00:00,41.29800033569336,12.5649995803833,38.62699890136719,10.267000198364258,2.750999927520752,0.0,36.5620002746582
2016-09-03 02:00:00,41.38100051879883,12.984000205993652,39.29700088500977,10.668999671936035,2.750999927520752,0.0,35.68399810791016
2016-09-03 03:00:00,41.54899978637695,13.152000427246096,39.08300018310547,10.45400047302246,2.750999927520752,0.0,35.24399948120117
2016-09-03 04:00:00,37.86299896240234,11.644000053405762,35.303001403808594,9.381999969482422,2.750999927520752,0.0,35.02450180053711
2016-09-03 05:00:00,37.86299896240234,11.225000381469728,35.4370002746582,9.034000396728516,2.750999927520752,0.0,34.365001678466804
2016-09-03 06:00:00,43.72700119018555,14.324000358581545,41.46799850463867,11.847999572753904,2.750999927520752,0.0,33.92599868774414
2016-09-03 07:00:00,41.04600143432617,13.487000465393065,38.198001861572266,10.937000274658203,2.750999927520752,0.0,33.92599868774414
2016-09-03 08:00:00,38.198001861572266,10.805999755859377,37.76900100708008,11.312000274658203,0.0,0.0,35.903499603271484
2016-09-03 09:00:00,42.88899993896485,14.576000213623049,41.73699951171875,12.437999725341797,0.0,0.0,38.10049819946289
2016-09-03 10:00:00,44.39699935913086,14.576000213623049,43.77399826049805,12.652000427246096,0.0,0.0,40.07799911499024
2016-09-03 11:00:00,46.32400131225586,15.07800006866455,45.30199813842773,12.84000015258789,1.2150000333786009,0.0,43.374000549316406
2016-09-03 12:00:00,42.88899993896485,13.487000465393065,42.13899993896485,11.607000350952148,0.0,0.0,46.23049926757813
2016-09-03 13:00:00,43.97800064086914,13.56999969482422,42.83599853515625,11.472999572753904,0.0,0.0,47.76850128173828
2016-09-03 14:00:00,43.81100082397461,14.407999992370604,42.99599838256836,12.491000175476074,0.0,0.0,48.86700057983398
2016-09-03 15:00:00,42.387001037597656,13.904999732971191,41.65599822998047,12.008999824523926,0.0,0.0,46.66949844360352
2016-09-03 16:00:00,44.56499862670898,14.91100025177002,43.29100036621094,12.652000427246096,0.0,0.0,47.10900115966797
2016-09-03 17:00:00,48.25,15.161999702453612,46.66899871826172,12.383999824523926,1.375,0.0,46.45000076293945
2016-09-03 18:00:00,50.84700012207031,16.50200080871582,47.79499816894531,13.21500015258789,2.8469998836517334,0.0,45.35200119018555
2016-09-03 19:00:00,44.39699935913086,12.64900016784668,41.62900161743164,10.024999618530272,2.782999992370605,0.0,43.8134994506836
2016-09-03 20:00:00,47.999000549316406,13.654000282287598,45.78400039672852,11.017000198364258,2.782999992370605,0.0,41.83599853515625
2016-09-03 21:00:00,46.49100112915039,14.659000396728516,43.69300079345703,11.526000022888184,2.45199990272522,0.0,40.51800155639648
2016-09-03 22:00:00,46.65900039672852,14.91100025177002,45.75699996948242,12.678999900817873,0.0,0.0,40.07799911499024
2016-09-03 23:00:00,44.39699935913086,13.904999732971191,41.97800064086914,11.151000022888184,2.494999885559082,0.0,39.63899993896485
2016-09-04 00:00:00,42.88899993896485,13.402999877929688,40.39599990844727,10.776000022888184,1.2790000438690186,0.0,38.7599983215332
2016-09-04 01:00:00,43.391998291015625,13.402999877929688,40.23500061035156,10.74899959564209,2.494999885559082,0.0,37.88100051879883
2016-09-04 02:00:00,41.88399887084961,13.487000465393065,39.72600173950195,10.883000373840332,3.252000093460083,0.0,37.44100189208984
2016-09-04 03:00:00,41.38100051879883,12.984000205993652,39.32400131225586,10.642000198364258,3.252000093460083,0.0,37.00199890136719
2016-09-04 04:00:00,41.632999420166016,13.319000244140623,38.680999755859375,10.69499969482422,2.8250000476837163,0.0,36.78200149536133
2016-09-04 05:00:00,41.38100051879883,13.487000465393065,39.21699905395508,11.204999923706056,1.493000030517578,0.0,36.78200149536133
2016-09-04 06:00:00,39.95700073242188,12.229999542236328,36.617000579833984,9.56999969482422,2.45199990272522,0.0,36.5620002746582
2016-09-04 07:00:00,42.1349983215332,13.402999877929688,39.99399948120117,10.989999771118164,2.2920000553131104,0.0,36.12300109863281
2016-09-04 08:00:00,37.10900115966797,9.550000190734863,34.6870002746582,7.61299991607666,2.2920000553131104,0.0,36.12300109863281
2016-09-04 09:00:00,41.54899978637695,12.815999984741213,40.52999877929688,10.937000274658203,0.0,0.0,37.88100051879883
2016-09-04 10:00:00,45.56999969482422,15.496999740600586,44.28300094604492,13.00100040435791,0.0,0.0,42.05550003051758
2016-09-04 11:00:00,46.49100112915039,15.413000106811523,45.32899856567383,13.081000328063965,0.0,0.0,44.25299835205078
2016-09-04 12:00:00,44.3129997253418,13.821999549865724,43.02299880981445,11.66100025177002,0.0,0.0,45.13199996948242
2016-09-04 13:00:00,44.81600189208984,14.491999626159668,43.88100051879883,12.62600040435791,0.0,0.0,44.69250106811523
2016-09-04 14:00:00,41.54899978637695,13.56999969482422,40.42300033569336,11.553000450134276,0.0,0.0,44.9119987487793
2016-09-04 15:00:00,43.97800064086914,14.659000396728516,43.23799896240234,12.706000328063965,0.0,0.0,44.47299957275391
2016-09-04 16:00:00,38.36600112915039,11.979000091552734,37.52799987792969,10.29300022125244,0.0,0.0,43.374000549316406
2016-09-04 17:00:00,37.277000427246094,10.722000122070312,35.972999572753906,9.140999794006348,1.2150000333786009,0.0,42.275001525878906
2016-09-04 18:00:00,47.41299819946289,14.072999954223633,44.28300094604492,11.12399959564209,2.4730000495910645,0.0,41.39599990844727
2016-09-04 19:00:00,42.88899993896485,12.145999908447266,39.77999877929688,9.220999717712402,2.5480000972747803,0.0,40.29800033569336
2016-09-04 20:00:00,43.14099884033203,12.145999908447266,40.66400146484375,9.756999969482422,1.5989999771118164,0.0,39.63899993896485
2016-09-04 21:00:00,37.86299896240234,10.973999977111816,36.9379997253418,9.48900032043457,0.0,0.0,38.7599983215332
2016-09-04 22:00:00,44.14599990844727,13.73799991607666,41.89699935913086,10.883000373840332,2.440999984741211,0.0,38.31999969482422
2016-09-04 23:00:00,43.89400100708008,13.319000244140623,41.06600189208984,10.69499969482422,1.8760000467300413,0.0,37.44100189208984
2016-09-05 00:00:00,37.277000427246094,10.973999977111816,35.089000701904304,8.979999542236328,3.16599988937378,0.0,36.34249877929688
2016-09-05 01:00:00,40.9630012512207,12.39799976348877,37.68899917602539,9.70400047302246,2.5269999504089355,0.0,35.68399810791016
2016-09-05 02:00:00,37.36100006103516,10.890000343322754,36.5629997253418,9.435999870300291,0.0,0.0,34.80500030517578
2016-09-05 03:00:00,39.20299911499024,11.47599983215332,36.1609992980957,9.16800022125244,2.6440000534057617,0.0,33.92599868774414
2016-09-05 04:00:00,36.104000091552734,10.55500030517578,34.31100082397461,8.979999542236328,2.6760001182556152,0.0,33.48600006103516
2016-09-05 05:00:00,40.29199981689453,12.314000129699709,37.1259994506836,9.677000045776367,2.6760001182556152,1.2150000333786009,33.04700088500977
2016-09-05 06:00:00,36.60699844360352,9.885000228881836,34.391998291015625,8.041999816894531,1.3969999551773071,0.0,32.60699844360352
2016-09-05 07:00:00,39.2869987487793,11.644000053405762,38.43899917602539,9.91800022125244,0.0,0.0,32.387500762939446
2016-09-05 08:00:00,36.52299880981445,11.140999794006348,35.57099914550781,9.409000396728516,1.2150000333786009,0.0,34.365001678466804
2016-09-05 09:00:00,39.45500183105469,12.229999542236328,38.14500045776367,10.37399959564209,1.22599995136261,0.0,37.00199890136719
2016-09-05 10:00:00,39.37099838256836,10.13599967956543,38.33200073242188,8.550999641418457,0.0,0.0,39.19900131225586
2016-09-05 11:00:00,43.30799865722656,12.314000129699709,42.084999084472656,10.133000373840332,0.0,0.0,42.2755012512207
2016-09-05 12:00:00,43.97800064086914,11.979000091552734,43.07699966430664,9.94499969482422,0.0,0.0,44.9119987487793
2016-09-05 13:00:00,44.64799880981445,13.319000244140623,43.69300079345703,11.392000198364258,0.0,0.0,45.13199996948242
2016-09-05 14:00:00,41.79999923706055,12.5649995803833,40.66400146484375,10.588000297546388,0.0,0.0,44.91249847412109
2016-09-05 15:00:00,45.31800079345703,14.576000213623049,44.12200164794922,12.222999572753904,0.0,0.0,45.57149887084961
2016-09-05 16:00:00,46.57500076293945,15.161999702453612,45.40900039672852,12.598999977111816,0.0,0.0,44.03300094604492
2016-09-05 17:00:00,48.41799926757813,14.82699966430664,47.3390007019043,12.437999725341797,0.0,0.0,44.03300094604492
2016-09-05 18:00:00,48.83700180053711,14.91100025177002,46.2400016784668,11.875,2.5160000324249268,0.0,43.374000549316406
2016-09-05 19:00:00,44.48099899291992,11.895000457763672,40.93199920654297,9.0600004196167,2.5160000324249268,0.0,42.275001525878906
2016-09-05 20:00:00,45.56999969482422,14.072999954223633,43.66699981689453,11.418999671936035,2.5369999408721924,0.0,41.39599990844727
2016-09-05 21:00:00,49.50699996948242,16.0,46.85599899291992,12.894000053405762,2.5369999408721924,0.0,40.07799911499024
2016-09-05 22:00:00,46.82600021362305,15.664999961853027,44.229000091552734,12.678999900817873,1.2580000162124634,0.0,39.63899993896485
2016-09-05 23:00:00,44.14599990844727,14.82699966430664,41.65599822998047,12.196999549865724,2.4730000495910645,0.0,38.7599983215332
2016-09-06 00:00:00,43.64300155639648,14.491999626159668,41.415000915527344,12.116000175476074,1.3109999895095823,0.0,38.31999969482422
2016-09-06 01:00:00,39.95700073242188,13.152000427246096,39.45800018310547,11.312000274658203,0.0,0.0,38.31999969482422
2016-09-06 02:00:00,40.125,13.234999656677244,37.608001708984375,10.668999671936035,1.3329999446868896,0.0,37.88100051879883
2016-09-06 03:00:00,40.87900161743164,13.234999656677244,38.35900115966797,10.560999870300291,2.5910000801086426,0.0,37.22150039672852
2016-09-06 04:00:00,40.125,13.402999877929688,38.14500045776367,11.097999572753906,1.2150000333786009,0.0,36.78200149536133
2016-09-06 05:00:00,40.29199981689453,13.654000282287598,37.84999847412109,11.017000198364258,2.430999994277954,0.0,35.903499603271484
2016-09-06 06:00:00,41.54899978637695,13.904999732971191,38.65399932861328,11.204999923706056,2.5269999504089355,0.0,34.584999084472656
2016-09-06 07:00:00,39.11999893188477,12.899999618530272,38.0369987487793,11.071000099182127,0.0,0.0,33.48600006103516
2016-09-06 08:00:00,35.60100173950195,10.722000122070312,33.238998413085945,8.470999717712402,2.463000059127808,0.0,32.38800048828125
2016-09-06 09:00:00,40.79499816894531,13.98900032043457,39.64599990844727,12.03600025177002,0.0,0.0,31.728500366210927
2016-09-06 10:00:00,34.0099983215332,9.717000007629396,33.722000122070305,8.041999816894531,0.0,0.0,31.728500366210927
2016-09-06 11:00:00,34.512001037597656,9.29800033569336,33.31999969482422,7.800000190734862,1.22599995136261,0.0,31.94849967956543
2016-09-06 12:00:00,38.617000579833984,11.392000198364258,37.04600143432617,9.409000396728516,1.2150000333786009,0.0,33.26649856567383
2016-09-06 13:00:00,37.025001525878906,10.638999938964844,35.972999572753906,8.791999816894531,1.22599995136261,0.0,33.70600128173828
2016-09-06 14:00:00,39.874000549316406,11.309000015258787,38.65399932861328,9.140999794006348,1.2369999885559082,0.0,32.607498168945305
2016-09-06 15:00:00,40.87900161743164,12.145999908447266,39.72600173950195,9.756999969482422,1.2150000333786009,0.0,31.72900009155273
2016-09-06 16:00:00,40.87900161743164,12.145999908447266,38.70800018310547,9.623000144958496,1.2150000333786009,0.0,31.28899955749512
2016-09-06 17:00:00,47.58000183105469,13.56999969482422,44.44400024414063,10.45400047302246,2.440999984741211,0.0,31.28899955749512
2016-09-06 18:00:00,45.98899841308594,13.152000427246096,44.06900024414063,10.45400047302246,2.440999984741211,0.0,30.85000038146973
2016-09-06 19:00:00,38.36600112915039,8.628000259399414,35.7859992980957,6.138999938964844,2.440999984741211,0.0,29.97100067138672
2016-09-06 20:00:00,41.632999420166016,11.140999794006348,38.54700088500977,8.310000419616701,3.6570000648498535,0.0,29.750999450683597
2016-09-06 21:00:00,40.29199981689453,12.815999984741213,37.6619987487793,10.07900047302246,3.6570000648498535,1.662999987602234,29.5310001373291
2016-09-06 22:00:00,40.29199981689453,13.152000427246096,37.367000579833984,10.401000022888184,3.2939999103546143,0.0,27.77300071716309
2016-09-06 23:00:00,37.77899932861328,12.145999908447266,36.08100128173828,9.864999771118164,1.9299999475479128,0.0,27.11450004577637
2016-09-07 00:00:00,39.0359992980957,12.5649995803833,35.893001556396484,9.838000297546388,3.16599988937378,0.0,26.894500732421875
2016-09-07 01:00:00,38.53300094604492,12.062999725341797,35.678001403808594,9.677000045776367,2.5269999504089355,0.0,27.333999633789062
2016-09-07 02:00:00,36.104000091552734,11.140999794006348,33.775001525878906,8.845999717712402,2.5269999504089355,0.0,27.11450004577637
2016-09-07 03:00:00,37.61199951171875,11.810999870300291,34.49900054931641,9.220999717712402,2.664999961853028,0.0,26.894500732421875
2016-09-07 04:00:00,33.757999420166016,10.470999717712402,32.38100051879883,8.630999565124513,1.4390000104904177,0.0,27.333999633789062
2016-09-07 05:00:00,39.0359992980957,12.64900016784668,35.8120002746582,9.972000122070312,2.6760001182556152,0.0,27.77300071716309
2016-09-07 06:00:00,39.45500183105469,12.5649995803833,36.1609992980957,9.756999969482422,3.0380001068115234,0.0,28.21299934387207
2016-09-07 07:00:00,38.78499984741211,12.39799976348877,36.96500015258789,10.159000396728516,1.6529999971389768,0.0,28.21299934387207
2016-09-07 08:00:00,38.78499984741211,11.727999687194824,35.73199844360352,9.32800006866455,1.684000015258789,0.0,28.65200042724609
2016-09-07 09:00:00,40.29199981689453,13.234999656677244,39.16299819946289,11.366000175476074,1.2580000162124634,0.0,29.09199905395508
2016-09-07 10:00:00,36.35499954223633,9.885000228881836,34.928001403808594,8.015000343322754,1.246999979019165,0.0,29.97100067138672
2016-09-07 11:00:00,36.27199935913086,9.29800033569336,35.38399887084961,7.827000141143799,1.246999979019165,0.0,31.72900009155273
2016-09-07 12:00:00,39.53799819946289,12.39799976348877,38.35900115966797,10.347000122070312,1.2899999618530271,0.0,33.26649856567383
2016-09-07 13:00:00,40.125,13.402999877929688,38.573001861572266,11.151000022888184,1.246999979019165,0.0,35.02450180053711
2016-09-07 14:00:00,40.79499816894531,13.654000282287598,39.61899948120117,11.418999671936035,1.246999979019165,0.0,37.44150161743164
2016-09-07 15:00:00,41.2140007019043,14.156999588012695,40.12799835205078,11.66100025177002,1.246999979019165,0.0,38.759498596191406
2016-09-07 16:00:00,37.025001525878906,11.309000015258787,35.33000183105469,9.194000244140623,1.246999979019165,0.0,38.97949981689453
2016-09-07 17:00:00,42.63800048828125,13.98900032043457,40.15499877929688,11.178000450134276,2.463000059127808,0.0,37.6609992980957
2016-09-07 18:00:00,41.88399887084961,13.319000244140623,38.78799819946289,10.53499984741211,2.463000059127808,0.0,35.903499603271484
2016-09-07 19:00:00,40.29199981689453,11.979000091552734,37.31399917602539,9.515999794006348,2.463000059127808,0.0,34.584999084472656
2016-09-07 20:00:00,44.81600189208984,14.576000213623049,41.52199935913086,11.446000099182127,2.463000059127808,0.0,33.70600128173828
2016-09-07 21:00:00,44.14599990844727,14.407999992370604,41.76300048828125,11.633999824523926,2.463000059127808,0.0,32.82699966430664
2016-09-07 22:00:00,37.946998596191406,12.39799976348877,35.70500183105469,9.91800022125244,2.463000059127808,0.0,32.387500762939446
2016-09-07 23:00:00,40.20899963378906,13.234999656677244,37.6349983215332,10.588000297546388,2.4730000495910645,0.0,31.94849967956543
2016-09-08 00:00:00,40.459999084472656,13.402999877929688,36.9379997253418,10.45400047302246,2.4730000495910645,1.2150000333786009,31.28899955749512
2016-09-08 01:00:00,35.85300064086914,11.5600004196167,33.21200180053711,9.16800022125244,2.4730000495910645,0.0,30.85000038146973
2016-09-08 02:00:00,37.36100006103516,12.062999725341797,34.49900054931641,9.302000045776367,2.4730000495910645,0.0,30.40999984741211
2016-09-08 03:00:00,37.44400024414063,12.062999725341797,35.007999420166016,9.623000144958496,2.4730000495910645,0.0,29.97100067138672
2016-09-08 04:00:00,36.77399826049805,11.644000053405762,34.31100082397461,9.435999870300291,2.4730000495910645,0.0,29.5310001373291
2016-09-08 05:00:00,35.85300064086914,11.5600004196167,33.10499954223633,9.274999618530272,2.4730000495910645,0.0,29.5310001373291
2016-09-08 06:00:00,36.858001708984375,10.973999977111816,34.553001403808594,9.006999969482422,2.4730000495910645,0.0,29.09199905395508
2016-09-08 07:00:00,39.0359992980957,12.64900016784668,36.617000579833984,10.29300022125244,2.45199990272522,0.0,29.09199905395508
2016-09-08 08:00:00,36.1879997253418,10.470999717712402,35.33000183105469,8.791999816894531,1.2150000333786009,0.0,30.40999984741211
2016-09-08 09:00:00,39.874000549316406,11.47599983215332,38.680999755859375,9.54300022125244,0.0,0.0,31.94849967956543
2016-09-08 10:00:00,36.94200134277344,9.04699993133545,35.8390007019043,6.915999889373777,1.2790000438690186,0.0,34.14550018310547
2016-09-08 11:00:00,37.52799987792969,8.963000297546387,36.64300155639648,7.372000217437744,1.2150000333786009,0.0,35.68399810791016
2016-09-08 12:00:00,41.632999420166016,11.895000457763672,40.66400146484375,10.052000045776367,0.0,0.0,38.759498596191406
2016-09-08 13:00:00,41.96799850463867,12.984000205993652,40.87900161743164,10.883000373840332,1.2369999885559082,0.0,41.83549880981445
2016-09-08 14:00:00,41.96799850463867,13.234999656677244,40.74499893188477,10.803000450134276,1.2369999885559082,0.0,44.69250106811523
2016-09-08 15:00:00,42.47000122070313,13.319000244140623,41.11999893188477,10.829999923706056,1.2369999885559082,0.0,44.03300094604492
2016-09-08 16:00:00,42.88899993896485,12.899999618530272,40.71799850463867,10.185999870300291,1.2150000333786009,0.0,43.8134994506836
2016-09-08 17:00:00,45.65399932861328,14.324000358581545,43.23799896240234,11.392000198364258,2.440999984741211,0.0,42.05550003051758
2016-09-08 18:00:00,45.1510009765625,13.402999877929688,42.29899978637695,10.31999969482422,2.440999984741211,0.0,40.29800033569336
2016-09-08 19:00:00,43.81100082397461,11.5600004196167,40.07500076293945,8.416999816894531,3.720999956130981,1.2369999885559082,38.7599983215332
2016-09-08 20:00:00,42.21900177001953,10.722000122070312,39.37799835205078,8.069000244140625,2.6440000534057617,0.0,37.00199890136719
2016-09-08 21:00:00,46.071998596191406,13.73799991607666,42.67499923706055,10.427000045776367,2.6440000534057617,1.3860000371932983,36.12300109863281
2016-09-08 22:00:00,43.97800064086914,13.319000244140623,40.69100189208984,10.185999870300291,2.6760001182556152,1.2150000333786009,35.4640007019043
2016-09-08 23:00:00,41.04600143432617,12.145999908447266,38.78799819946289,9.595999717712402,2.687000036239624,0.0,35.24399948120117
2016-09-09 00:00:00,40.71099853515625,12.39799976348877,37.55500030517578,9.649999618530272,2.687000036239624,1.2150000333786009,34.80500030517578
2016-09-09 01:00:00,37.61199951171875,10.890000343322754,35.089000701904304,8.52400016784668,2.697000026702881,0.0,34.365001678466804
2016-09-09 02:00:00,38.53300094604492,10.973999977111816,35.7859992980957,8.36299991607666,2.697000026702881,0.0,33.48600006103516
2016-09-09 03:00:00,36.02000045776367,10.303000450134276,33.400001525878906,7.907999992370605,2.45199990272522,0.0,32.82699966430664
2016-09-09 04:00:00,35.518001556396484,10.052000045776367,33.47999954223633,8.041999816894531,2.131999969482422,0.0,32.167999267578125
2016-09-09 05:00:00,36.43899917602539,10.220000267028809,34.01599884033203,8.175999641418457,2.6549999713897705,0.0,31.72900009155273
2016-09-09 06:00:00,40.459999084472656,11.225000381469728,37.95700073242188,8.444000244140625,2.6549999713897705,0.0,31.28899955749512
2016-09-09 07:00:00,39.62200164794922,11.057000160217283,37.2869987487793,8.765000343322754,2.6549999713897705,0.0,31.28899955749512
2016-09-09 08:00:00,38.198001861572266,9.21399974822998,36.96500015258789,7.425000190734862,1.22599995136261,0.0,33.04700088500977
2016-09-09 09:00:00,41.88399887084961,12.815999984741213,40.58399963378906,10.480999946594238,1.2369999885559082,0.0,35.4640007019043
2016-09-09 10:00:00,40.459999084472656,10.55500030517578,39.11000061035156,8.550999641418457,1.2369999885559082,0.0,38.97949981689453
2016-09-09 11:00:00,42.63800048828125,14.241000175476074,41.60300064086914,11.847999572753904,1.2369999885559082,0.0,41.61600112915039
2016-09-09 12:00:00,44.3129997253418,15.07800006866455,43.21099853515625,12.866999626159668,0.0,0.0,44.25299835205078
2016-09-09 13:00:00,37.86299896240234,13.067999839782717,36.7239990234375,11.33899974822998,0.0,0.0,45.57099914550781
2016-09-09 14:00:00,37.61199951171875,13.73799991607666,36.5629997253418,11.847999572753904,0.0,0.0,46.66949844360352
2016-09-09 15:00:00,37.52799987792969,10.722000122070312,36.3489990234375,8.73900032043457,1.22599995136261,0.0,46.88949966430664
2016-09-09 16:00:00,45.4020004272461,14.576000213623049,43.53300094604492,11.902000427246096,1.22599995136261,0.0,45.13199996948242
2016-09-09 17:00:00,48.66899871826172,16.166999816894528,47.04399871826172,13.107999801635742,1.22599995136261,0.0,43.15449905395508
2016-09-09 18:00:00,48.91999816894531,16.334999084472653,46.85599899291992,13.135000228881836,1.2580000162124634,0.0,42.275001525878906
2016-09-09 19:00:00,45.1510009765625,12.732999801635742,42.32600021362305,9.729999542236328,2.6549999713897705,0.0,40.95700073242188
2016-09-09 20:00:00,48.08300018310547,13.821999549865724,44.65800094604492,10.614999771118164,2.6549999713897705,1.246999979019165,40.07799911499024
2016-09-09 21:00:00,48.584999084472656,15.496999740600586,45.56999969482422,12.170000076293944,3.134000062942505,0.0,39.63899993896485
2016-09-09 22:00:00,46.99399948120117,15.329999923706056,44.63199996948242,12.196999549865724,3.134000062942505,0.0,39.19900131225586
2016-09-09 23:00:00,45.73699951171875,14.91100025177002,42.94300079345703,11.847999572753904,3.134000062942505,0.0,38.7599983215332
2016-09-10 00:00:00,41.632999420166016,13.152000427246096,39.21699905395508,10.401000022888184,3.134000062942505,0.0,37.6609992980957
2016-09-10 01:00:00,42.55400085449219,13.487000465393065,39.18999862670898,10.29300022125244,3.134000062942505,1.3650000095367432,37.44150161743164
2016-09-10 02:00:00,40.9630012512207,12.480999946594238,38.11800003051758,9.784000396728516,3.124000072479248,1.2150000333786009,36.78200149536133
2016-09-10 03:00:00,42.303001403808594,13.402999877929688,38.73400115966797,10.668999671936035,3.124000072479248,0.0,36.5620002746582
2016-09-10 04:00:00,41.88399887084961,13.234999656677244,38.30500030517578,10.347000122070312,2.559000015258789,1.2150000333786009,36.34249877929688
2016-09-10 05:00:00,41.13000106811523,13.319000244140623,38.680999755859375,10.776000022888184,2.6549999713897705,0.0,35.68399810791016
2016-09-10 06:00:00,41.13000106811523,13.402999877929688,38.14500045776367,10.588000297546388,3.869999885559082,0.0,35.24399948120117
2016-09-10 07:00:00,42.63800048828125,14.072999954223633,40.66400146484375,11.847999572753904,2.45199990272522,0.0,35.02450180053711
2016-09-10 08:00:00,36.68999862670898,10.220000267028809,34.1510009765625,8.203000068664549,2.45199990272522,0.0,34.804500579833984
2016-09-10 09:00:00,38.617000579833984,10.805999755859377,37.34000015258789,8.578000068664549,1.2150000333786009,0.0,34.804500579833984
2016-09-10 10:00:00,41.71599960327149,15.83199977874756,39.86000061035156,13.269000053405762,1.2150000333786009,0.0,36.34249877929688
2016-09-10 11:00:00,46.40700149536133,8.878999710083008,44.52399826049805,6.031000137329103,1.2150000333786009,0.0,37.44100189208984
2016-09-10 12:00:00,45.31800079345703,7.874000072479247,44.12200164794922,5.548999786376953,1.2150000333786009,0.0,38.97949981689453
2016-09-10 13:00:00,43.391998291015625,7.539000034332275,42.29899978637695,5.227000236511231,1.2150000333786009,0.0,41.39599990844727
2016-09-10 14:00:00,45.56999969482422,8.125,44.229000091552734,5.602000236511231,1.2150000333786009,0.0,43.59400177001953
2016-09-10 15:00:00,46.57500076293945,9.04699993133545,44.97999954223633,6.326000213623048,1.2150000333786009,0.0,45.57149887084961
2016-09-10 16:00:00,46.32400131225586,8.711999893188478,43.77399826049805,5.978000164031982,2.7720000743865967,0.0,44.69250106811523
2016-09-10 17:00:00,48.83700180053711,8.963000297546387,46.18600082397461,6.164999961853027,2.7720000743865967,0.0,42.2755012512207
2016-09-10 18:00:00,40.87900161743164,5.52899980545044,40.66400146484375,4.0209999084472665,0.0,0.0,39.41899871826172
2016-09-10 19:00:00,44.81600189208984,12.480999946594238,40.98600006103516,9.0600004196167,3.9660000801086426,1.2150000333786009,37.88050079345703
2016-09-10 20:00:00,45.4020004272461,12.732999801635742,43.21099853515625,10.052000045776367,2.750999927520752,0.0,37.22150039672852
2016-09-10 21:00:00,47.58000183105469,15.581000328063965,44.63199996948242,12.383999824523926,2.750999927520752,0.0,36.5625
2016-09-10 22:00:00,45.06700134277344,14.91100025177002,41.97800064086914,11.633999824523926,2.750999927520752,1.2150000333786009,36.34249877929688
2016-09-10 23:00:00,41.46500015258789,13.821999549865724,37.84999847412109,10.855999946594238,2.750999927520752,1.2150000333786009,36.34249877929688
2016-09-11 00:00:00,44.229000091552734,14.743000030517578,40.71799850463867,11.446000099182127,2.750999927520752,1.2690000534057615,36.34249877929688
2016-09-11 01:00:00,40.125,13.402999877929688,38.49300003051758,11.017000198364258,2.750999927520752,0.0,36.12300109863281
2016-09-11 02:00:00,41.71599960327149,13.821999549865724,38.73400115966797,11.043999671936035,2.750999927520752,1.2150000333786009,35.903499603271484
2016-09-11 03:00:00,38.617000579833984,12.815999984741213,36.21500015258789,10.239999771118164,3.252000093460083,0.0,35.4640007019043
2016-09-11 04:00:00,41.79999923706055,14.156999588012695,38.11800003051758,11.043999671936035,3.252000093460083,1.2150000333786009,35.24399948120117
2016-09-11 05:00:00,40.71099853515625,13.654000282287598,37.5009994506836,10.69499969482422,3.240999937057495,1.2150000333786009,35.02450180053711
2016-09-11 06:00:00,41.13000106811523,13.319000244140623,39.80699920654297,11.312000274658203,1.5889999866485596,0.0,34.584999084472656
2016-09-11 07:00:00,42.21900177001953,13.56999969482422,39.055999755859375,10.642000198364258,2.8250000476837163,1.22599995136261,34.584999084472656
2016-09-11 08:00:00,34.93099975585937,9.717000007629396,33.613998413085945,8.121999740600586,1.4390000104904177,0.0,34.365001678466804
2016-09-11 09:00:00,38.36600112915039,12.314000129699709,37.15299987792969,10.427000045776367,1.4390000104904177,0.0,34.584999084472656
2016-09-11 10:00:00,40.71099853515625,12.732999801635742,39.27000045776367,10.53499984741211,1.4390000104904177,0.0,34.80500030517578
2016-09-11 11:00:00,44.56499862670898,14.407999992370604,42.91600036621094,12.008999824523926,1.4390000104904177,0.0,35.02450180053711
2016-09-11 12:00:00,41.54899978637695,13.487000465393065,40.66400146484375,11.5,1.4390000104904177,0.0,35.4640007019043
2016-09-11 13:00:00,40.04100036621094,12.899999618530272,38.52000045776367,10.883000373840332,1.3650000095367432,0.0,35.68349838256836
2016-09-11 14:00:00,41.88399887084961,14.072999954223633,40.77199935913086,11.875,1.22599995136261,0.0,35.68349838256836
2016-09-11 15:00:00,42.80500030517578,14.324000358581545,41.54899978637695,11.982000350952148,1.2150000333786009,0.0,36.34249877929688
2016-09-11 16:00:00,43.05699920654297,14.072999954223633,41.790000915527344,11.902000427246096,1.2150000333786009,0.0,35.903499603271484
2016-09-11 17:00:00,36.1879997253418,10.722000122070312,34.87400054931641,9.006999969482422,1.2150000333786009,0.0,34.365501403808594
2016-09-11 18:00:00,36.77399826049805,11.392000198364258,34.12400054931641,9.194000244140623,2.430999994277954,0.0,33.70600128173828
2016-09-11 19:00:00,41.38100051879883,11.5600004196167,38.49300003051758,8.791999816894531,3.486000061035156,0.0,32.60699844360352
2016-09-11 20:00:00,41.632999420166016,11.979000091552734,38.49300003051758,9.006999969482422,3.4649999141693115,1.2790000438690186,31.94849967956543
2016-09-11 21:00:00,46.2400016784668,15.329999923706056,43.58599853515625,12.222999572753904,2.740000009536743,0.0,31.069499969482425
2016-09-11 22:00:00,43.2239990234375,14.241000175476074,40.95899963378906,11.579999923706056,2.803999900817871,0.0,31.069499969482425
2016-09-11 23:00:00,39.20299911499024,12.64900016784668,35.678001403808594,9.972000122070312,2.740000009536743,1.3860000371932983,31.069499969482425
2016-09-12 00:00:00,38.86800003051758,12.229999542236328,35.35699844360352,9.354999542236328,2.8250000476837163,1.3650000095367432,30.6299991607666
2016-09-12 01:00:00,38.86800003051758,12.984000205993652,37.4739990234375,10.855999946594238,1.2580000162124634,0.0,30.6299991607666
2016-09-12 02:00:00,39.874000549316406,12.899999618530272,36.321998596191406,10.133000373840332,2.494999885559082,1.22599995136261,30.40999984741211
2016-09-12 03:00:00,39.70600128173828,12.984000205993652,36.5359992980957,10.213000297546388,2.6549999713897705,1.2150000333786009,29.5310001373291
2016-09-12 04:00:00,38.53300094604492,12.062999725341797,35.597999572753906,9.595999717712402,2.6549999713897705,0.0,29.09199905395508
2016-09-12 05:00:00,41.2140007019043,13.487000465393065,37.39400100708008,10.347000122070312,2.6549999713897705,1.2150000333786009,28.65200042724609
2016-09-12 06:00:00,41.96799850463867,12.984000205993652,39.16299819946289,10.239999771118164,2.5160000324249268,0.0,28.65200042724609
2016-09-12 07:00:00,40.125,12.815999984741213,37.93000030517578,10.427000045776367,2.5160000324249268,0.0,28.65200042724609
2016-09-12 08:00:00,38.617000579833984,12.314000129699709,37.31399917602539,10.159000396728516,0.0,0.0,30.40999984741211
2016-09-12 09:00:00,38.70100021362305,12.815999984741213,37.6619987487793,10.642000198364258,0.0,0.0,32.387500762939446
2016-09-12 10:00:00,38.03099822998047,11.392000198364258,37.15299987792969,9.677000045776367,0.0,0.0,35.4640007019043
2016-09-12 11:00:00,43.2239990234375,12.899999618530272,41.81700134277344,10.508000373840332,1.4390000104904177,0.0,38.97949981689453
2016-09-12 12:00:00,44.0620002746582,13.98900032043457,43.104000091552734,11.633999824523926,0.0,0.0,41.61650085449219
2016-09-12 13:00:00,46.15599822998047,15.748000144958494,44.73899841308594,12.920000076293944,1.2150000333786009,0.0,43.59349822998047
2016-09-12 14:00:00,44.983001708984375,15.581000328063965,43.63999938964844,12.920000076293944,1.2150000333786009,0.0,44.47249984741211
2016-09-12 15:00:00,41.29800033569336,13.98900032043457,39.99399948120117,11.633999824523926,1.2150000333786009,0.0,45.35150146484375
2016-09-12 16:00:00,44.14599990844727,14.82699966430664,43.23799896240234,12.357000350952148,1.3009999990463257,0.0,44.25299835205078
2016-09-12 17:00:00,48.584999084472656,16.083000183105472,47.09799957275391,12.866999626159668,1.2150000333786009,0.0,42.49499893188477
2016-09-12 18:00:00,46.2400016784668,14.491999626159668,43.37200164794922,11.687000274658203,2.45199990272522,0.0,40.73749923706055
2016-09-12 19:00:00,43.64300155639648,12.480999946594238,40.52999877929688,9.32800006866455,2.494999885559082,1.3109999895095823,38.97949981689453
2016-09-12 20:00:00,48.66899871826172,16.419000625610348,45.40900039672852,12.84000015258789,3.7100000381469727,1.2369999885559082,37.88100051879883
2016-09-12 21:00:00,46.74300003051758,15.413000106811523,43.26399993896485,11.954999923706056,2.483999967575073,1.2580000162124634,37.44100189208984
2016-09-12 22:00:00,43.72700119018555,14.743000030517578,41.25400161743164,11.795000076293944,2.4730000495910645,1.246999979019165,36.78200149536133
2016-09-12 23:00:00,42.80500030517578,13.73799991607666,40.04800033569336,10.90999984741211,3.688999891281128,0.0,36.5620002746582
2016-09-13 00:00:00,41.71599960327149,13.152000427246096,38.680999755859375,10.347000122070312,2.5799999237060547,0.0,35.903499603271484
2016-09-13 01:00:00,39.874000549316406,12.480999946594238,37.2869987487793,10.159000396728516,2.5799999237060547,0.0,34.80500030517578
2016-09-13 02:00:00,39.70600128173828,12.984000205993652,37.2869987487793,10.37399959564209,2.5799999237060547,0.0,33.92599868774414
2016-09-13 03:00:00,38.36600112915039,12.64900016784668,35.33000183105469,9.94499969482422,2.5799999237060547,0.0,33.26649856567383
2016-09-13 04:00:00,39.45500183105469,13.319000244140623,36.617000579833984,10.427000045776367,2.5799999237060547,0.0,33.04700088500977
2016-09-13 05:00:00,39.2869987487793,12.64900016784668,36.59000015258789,10.185999870300291,2.5799999237060547,0.0,32.82699966430664
2016-09-13 06:00:00,41.04600143432617,12.5649995803833,38.89500045776367,10.133000373840332,2.483999967575073,0.0,32.167999267578125
2016-09-13 07:00:00,40.29199981689453,12.815999984741213,38.06399917602539,10.401000022888184,2.483999967575073,0.0,32.167999267578125
2016-09-13 08:00:00,36.52299880981445,9.633000373840332,35.007999420166016,7.747000217437744,2.483999967575073,0.0,33.26649856567383
2016-09-13 09:00:00,40.62699890136719,11.810999870300291,39.08300018310547,9.354999542236328,1.2369999885559082,0.0,35.24399948120117
2016-09-13 10:00:00,35.349998474121094,9.130999565124512,33.667999267578125,7.184000015258789,1.2369999885559082,0.0,38.759498596191406
2016-09-13 11:00:00,37.10900115966797,11.392000198364258,35.518001556396484,9.54300022125244,1.2369999885559082,0.0,41.17699813842773
2016-09-13 12:00:00,36.1879997253418,10.805999755859377,34.766998291015625,8.819000244140625,1.2369999885559082,0.0,43.59400177001953
2016-09-13 13:00:00,39.790000915527344,13.067999839782717,38.97600173950195,11.043999671936035,0.0,0.0,45.13150024414063
2016-09-13 14:00:00,36.52299880981445,11.140999794006348,34.820999145507805,9.006999969482422,1.2150000333786009,0.0,46.66949844360352
2016-09-13 15:00:00,38.198001861572266,11.895000457763672,37.0989990234375,9.677000045776367,1.2150000333786009,0.0,47.32899856567383
2016-09-13 16:00:00,43.30799865722656,13.654000282287598,41.76300048828125,11.017000198364258,1.2150000333786009,0.0,45.57099914550781
2016-09-13 17:00:00,45.23500061035156,13.487000465393065,42.43399810791016,10.45400047302246,2.430999994277954,1.2580000162124634,43.374000549316406
2016-09-13 18:00:00,49.3390007019043,14.994000434875488,45.67699813842773,11.232000350952148,3.7100000381469727,1.2369999885559082,41.17649841308594
2016-09-13 19:00:00,44.81600189208984,12.899999618530272,42.35300064086914,9.784000396728516,3.7100000381469727,1.5140000581741333,39.85850143432617
2016-09-13 20:00:00,48.91999816894531,14.241000175476074,44.81900024414063,10.267000198364258,3.1559998989105225,1.22599995136261,39.19900131225586
2016-09-13 21:00:00,46.99399948120117,13.402999877929688,43.74700164794922,10.024999618530272,3.1559998989105225,1.2580000162124634,38.31999969482422
2016-09-13 22:00:00,46.2400016784668,14.156999588012695,43.31800079345703,10.883000373840332,3.1559998989105225,1.2369999885559082,37.6609992980957
2016-09-13 23:00:00,42.63800048828125,12.899999618530272,38.94900131225586,9.32800006866455,3.1559998989105225,1.3220000267028809,37.22150039672852
2016-09-14 00:00:00,39.2869987487793,11.140999794006348,37.0989990234375,8.657999992370605,3.1559998989105225,0.0,36.5625
2016-09-14 01:00:00,39.790000915527344,11.727999687194824,37.95700073242188,9.248000144958496,1.7480000257492063,0.0,36.12300109863281
2016-09-14 02:00:00,39.20299911499024,11.5600004196167,37.71599960327149,9.194000244140623,1.7480000257492063,0.0,35.24399948120117
2016-09-14 03:00:00,39.62200164794922,11.057000160217283,37.34000015258789,8.416999816894531,1.7480000257492063,0.0,34.365001678466804
2016-09-14 04:00:00,37.946998596191406,10.55500030517578,36.5629997253418,8.711999893188478,1.7480000257492063,0.0,33.48600006103516
2016-09-14 05:00:00,40.79499816894531,12.145999908447266,38.89500045776367,9.649999618530272,2.483999967575073,0.0,32.60699844360352
2016-09-14 06:00:00,39.62200164794922,11.057000160217283,38.49300003051758,9.0600004196167,2.483999967575073,0.0,32.167999267578125
2016-09-14 07:00:00,40.62699890136719,12.062999725341797,39.59199905395508,10.239999771118164,1.2150000333786009,0.0,31.94849967956543
2016-09-14 08:00:00,38.03099822998047,10.470999717712402,36.5629997253418,8.711999893188478,1.2150000333786009,0.0,32.60699844360352
2016-09-14 09:00:00,43.391998291015625,13.904999732971191,41.92399978637695,11.767999649047852,1.22599995136261,0.0,34.365001678466804
2016-09-14 10:00:00,41.46500015258789,12.39799976348877,40.31600189208984,10.07900047302246,1.2150000333786009,0.0,34.80500030517578
2016-09-14 11:00:00,42.88899993896485,11.810999870300291,41.57600021362305,9.409000396728516,1.2150000333786009,0.0,35.4640007019043
2016-09-14 12:00:00,41.632999420166016,10.973999977111816,40.66400146484375,8.925999641418457,0.0,0.0,36.5620002746582
2016-09-14 13:00:00,42.97299957275391,12.984000205993652,41.790000915527344,10.722000122070312,1.22599995136261,0.0,35.90299987792969
2016-09-14 14:00:00,39.37099838256836,11.309000015258787,37.55500030517578,9.302000045776367,1.2369999885559082,0.0,35.903499603271484
2016-09-14 15:00:00,38.86800003051758,11.392000198364258,37.79600143432617,9.48900032043457,0.0,0.0,34.584999084472656
2016-09-14 16:00:00,42.303001403808594,12.5649995803833,40.95899963378906,10.560999870300291,1.22599995136261,0.0,34.365001678466804
2016-09-14 17:00:00,43.97800064086914,12.899999618530272,42.459999084472656,10.347000122070312,1.2150000333786009,0.0,33.70600128173828
2016-09-14 18:00:00,46.2400016784668,13.402999877929688,43.21099853515625,10.74899959564209,2.45199990272522,0.0,33.04700088500977
2016-09-14 19:00:00,39.874000549316406,9.717000007629396,38.38600158691406,7.71999979019165,2.45199990272522,0.0,32.387500762939446
2016-09-14 20:00:00,43.64300155639648,13.152000427246096,40.10100173950195,9.784000396728516,3.677999973297119,1.22599995136261,32.167999267578125
2016-09-14 21:00:00,45.90499877929688,13.98900032043457,42.43399810791016,10.427000045776367,3.4649999141693115,1.2899999618530271,31.94849967956543
2016-09-14 22:00:00,41.88399887084961,13.402999877929688,39.18999862670898,10.239999771118164,3.4649999141693115,1.2899999618530271,31.94849967956543
2016-09-14 23:00:00,41.632999420166016,12.984000205993652,38.76100158691406,10.159000396728516,3.101999998092652,0.0,31.94849967956543
2016-09-15 00:00:00,39.62200164794922,11.810999870300291,37.233001708984375,9.515999794006348,1.715999960899353,0.0,31.72900009155273
2016-09-15 01:00:00,37.52799987792969,10.805999755859377,34.01599884033203,8.14900016784668,3.0699999332427983,1.4500000476837158,31.72900009155273
2016-09-15 02:00:00,39.37099838256836,11.727999687194824,36.26800155639648,9.086999893188477,2.7290000915527344,0.0,31.50900077819824
2016-09-15 03:00:00,36.52299880981445,10.470999717712402,32.97100067138672,7.934999942779541,2.7290000915527344,1.2150000333786009,30.6299991607666
2016-09-15 04:00:00,36.68999862670898,10.55500030517578,34.042999267578125,8.336999893188478,2.7290000915527344,0.0,29.09149932861328
2016-09-15 05:00:00,38.03099822998047,11.140999794006348,34.820999145507805,8.685000419616701,2.5910000801086426,0.0,29.09149932861328
2016-09-15 06:00:00,38.86800003051758,11.140999794006348,36.1609992980957,8.765000343322754,2.5910000801086426,0.0,29.5310001373291
2016-09-15 07:00:00,39.53799819946289,11.727999687194824,36.9119987487793,9.302000045776367,2.5910000801086426,0.0,29.750999450683597
2016-09-15 08:00:00,36.52299880981445,9.717000007629396,35.38399887084961,8.310000419616701,1.3109999895095823,0.0,30.19050025939941
2016-09-15 09:00:00,39.45500183105469,11.225000381469728,38.38600158691406,9.54300022125244,1.2150000333786009,0.0,28.65200042724609
2016-09-15 10:00:00,34.0099983215332,7.037000179290772,33.077999114990234,5.896999835968018,0.0,0.0,27.55349922180176
2016-09-15 11:00:00,35.93600082397461,14.072999954223633,33.775001525878906,7.692999839782715,0.0,0.0,27.11450004577637
2016-09-15 12:00:00,35.43399810791016,10.55500030517578,33.88199996948242,8.979999542236328,2.7929999828338623,0.0,27.11450004577637
2016-09-15 13:00:00,38.11399841308594,11.057000160217283,36.24100112915039,9.006999969482422,1.503000020980835,0.0,27.77300071716309
2016-09-15 14:00:00,38.36600112915039,11.140999794006348,36.59000015258789,9.354999542236328,1.503000020980835,0.0,27.993000030517567
2016-09-15 15:00:00,38.44900131225586,11.47599983215332,37.15299987792969,9.810999870300291,1.503000020980835,0.0,27.993000030517567
2016-09-15 16:00:00,40.459999084472656,11.895000457763672,38.54700088500977,9.810999870300291,1.503000020980835,0.0,27.993000030517567
2016-09-15 17:00:00,41.13000106811523,11.47599983215332,38.73400115966797,9.595999717712402,2.719000101089477,0.0,27.773500442504893
2016-09-15 18:00:00,42.303001403808594,12.229999542236328,38.81499862670898,9.70400047302246,2.719000101089477,0.0,27.773500442504893
2016-09-15 19:00:00,35.60100173950195,9.381999969482422,32.863998413085945,7.532000064849853,2.719000101089477,0.0,27.773500442504893
2016-09-15 20:00:00,40.04100036621094,11.895000457763672,38.0369987487793,9.972000122070312,2.719000101089477,0.0,27.333999633789062
2016-09-15 21:00:00,39.11999893188477,11.644000053405762,35.70500183105469,9.274999618530272,2.719000101089477,0.0,27.11450004577637
2016-09-15 22:00:00,39.37099838256836,11.225000381469728,36.321998596191406,9.006999969482422,2.719000101089477,0.0,26.894500732421875
2016-09-15 23:00:00,36.104000091552734,10.13599967956543,34.257999420166016,8.604999542236326,2.719000101089477,0.0,26.67499923706055
2016-09-16 00:00:00,35.43399810791016,10.470999717712402,32.59600067138672,8.444000244140625,2.719000101089477,0.0,26.67499923706055
2016-09-16 01:00:00,35.43399810791016,10.38700008392334,32.514999389648445,8.282999992370605,2.719000101089477,0.0,26.67499923706055
2016-09-16 02:00:00,32.75299835205078,8.963000297546387,30.45100021362305,7.34499979019165,2.719000101089477,0.0,25.576499938964844
2016-09-16 03:00:00,33.674999237060554,9.465999603271484,31.363000869750977,7.907999992370605,2.719000101089477,0.0,25.35650062561035
2016-09-16 04:00:00,33.50699996948242,10.052000045776367,31.22900009155273,8.310000419616701,2.719000101089477,0.0,24.91699981689453
2016-09-16 05:00:00,35.685001373291016,11.392000198364258,32.78300094604492,9.409000396728516,2.719000101089477,0.0,24.91699981689453
2016-09-16 06:00:00,36.858001708984375,11.309000015258787,33.64099884033203,9.32800006866455,2.719000101089477,0.0,24.477500915527344
2016-09-16 07:00:00,35.26599884033203,10.805999755859377,33.775001525878906,9.381999969482422,2.719000101089477,0.0,24.477500915527344
2016-09-16 08:00:00,35.60100173950195,10.303000450134276,32.435001373291016,8.416999816894531,2.719000101089477,0.0,24.257999420166016
2016-09-16 09:00:00,38.03099822998047,11.895000457763672,36.42900085449219,10.37399959564209,1.4819999933242798,0.0,24.257999420166016
2016-09-16 10:00:00,40.20899963378906,12.39799976348877,38.198001861572266,10.722000122070312,1.4819999933242798,0.0,24.477500915527344
2016-09-16 11:00:00,40.29199981689453,12.732999801635742,38.70800018310547,10.96399974822998,1.4819999933242798,0.0,24.91699981689453
2016-09-16 12:00:00,39.790000915527344,12.732999801635742,38.38600158691406,10.855999946594238,1.4819999933242798,0.0,25.35650062561035
2016-09-16 13:00:00,37.61199951171875,11.644000053405762,36.5629997253418,10.239999771118164,1.4819999933242798,0.0,25.79599952697754
2016-09-16 14:00:00,34.847000122070305,10.052000045776367,33.31999969482422,8.711999893188478,1.4819999933242798,0.0,26.23550033569336
2016-09-16 15:00:00,36.60699844360352,11.057000160217283,35.38399887084961,9.677000045776367,1.4819999933242798,0.0,26.67499923706055
2016-09-16 16:00:00,39.37099838256836,12.64900016784668,38.01100158691406,10.937000274658203,1.4819999933242798,0.0,26.45499992370605
2016-09-16 17:00:00,42.1349983215332,12.899999618530272,38.680999755859375,10.31999969482422,2.7079999446868896,0.0,26.23550033569336
2016-09-16 18:00:00,43.14099884033203,13.654000282287598,39.512001037597656,11.017000198364258,3.954999923706055,0.0,26.67499923706055
2016-09-16 19:00:00,38.70100021362305,11.140999794006348,35.4640007019043,8.578000068664549,3.869999885559082,1.2369999885559082,27.333999633789062
2016-09-16 20:00:00,41.13000106811523,12.732999801635742,37.71599960327149,10.347000122070312,3.6570000648498535,0.0,27.993000030517567
2016-09-16 21:00:00,41.88399887084961,12.984000205993652,37.98400115966797,10.347000122070312,4.872000217437744,0.0,28.65200042724609
2016-09-16 22:00:00,40.62699890136719,13.067999839782717,36.858001708984375,10.45400047302246,3.5820000171661377,1.2150000333786009,29.09199905395508
2016-09-16 23:00:00,38.95199966430664,12.815999984741213,34.391998291015625,9.99899959564209,4.914999961853027,1.4390000104904177,29.5310001373291
2016-09-17 00:00:00,38.36600112915039,12.145999908447266,34.01599884033203,9.56999969482422,3.4649999141693115,0.0,29.750999450683597
2016-09-17 01:00:00,37.025001525878906,11.225000381469728,33.025001525878906,8.979999542236328,2.803999900817871,0.0,29.97100067138672
2016-09-17 02:00:00,37.69599914550781,11.47599983215332,34.01599884033203,9.11400032043457,4.030000209808351,1.2150000333786009,29.97100067138672
2016-09-17 03:00:00,35.60100173950195,10.722000122070312,31.97900009155273,8.444000244140625,3.4440000057220463,0.0,29.97100067138672
2016-09-17 04:00:00,36.858001708984375,11.47599983215332,33.13199996948242,9.140999794006348,4.679999828338623,0.0,29.750999450683597
2016-09-17 05:00:00,37.10900115966797,11.225000381469728,34.17699813842773,9.274999618530272,3.4219999313354488,0.0,29.5310001373291
2016-09-17 06:00:00,37.025001525878906,11.810999870300291,34.17699813842773,9.838000297546388,3.4219999313354488,0.0,29.5310001373291
2016-09-17 07:00:00,38.28200149536133,11.979000091552734,34.65999984741211,9.409000396728516,3.4219999313354488,0.0,29.5310001373291
2016-09-17 08:00:00,36.104000091552734,10.890000343322754,32.91699981689453,8.657999992370605,3.2090001106262207,0.0,30.19050025939941
2016-09-17 09:00:00,37.277000427246094,11.979000091552734,35.49100112915039,10.427000045776367,1.7799999713897705,0.0,31.72900009155273
2016-09-17 10:00:00,39.2869987487793,11.644000053405762,37.76900100708008,9.864999771118164,1.7799999713897705,0.0,34.14550018310547
2016-09-17 11:00:00,40.125,12.314000129699709,38.11800003051758,10.45400047302246,1.7799999713897705,0.0,37.44150161743164
2016-09-17 12:00:00,40.125,11.979000091552734,38.38600158691406,10.185999870300291,1.7799999713897705,0.0,38.10049819946289
2016-09-17 13:00:00,40.29199981689453,13.234999656677244,38.76100158691406,11.33899974822998,1.7799999713897705,0.0,38.10049819946289
2016-09-17 14:00:00,39.37099838256836,12.899999618530272,37.84999847412109,11.12399959564209,1.7799999713897705,0.0,37.6609992980957
2016-09-17 15:00:00,36.52299880981445,11.140999794006348,34.87400054931641,9.354999542236328,1.7799999713897705,0.0,39.19900131225586
2016-09-17 16:00:00,42.80500030517578,13.654000282287598,40.95899963378906,11.366000175476074,1.7799999713897705,0.0,39.41899871826172
2016-09-17 17:00:00,45.4020004272461,13.73799991607666,41.06600189208984,10.239999771118164,4.243000030517578,1.2580000162124634,39.63850021362305
2016-09-17 18:00:00,45.90499877929688,14.407999992370604,41.57600021362305,10.855999946594238,4.243000030517578,1.2580000162124634,38.31999969482422
2016-09-17 19:00:00,42.1349983215332,11.057000160217283,36.7509994506836,7.61299991607666,5.427000045776367,1.2790000438690186,36.5620002746582
2016-09-17 20:00:00,42.21900177001953,12.64900016784668,38.92200088500977,10.024999618530272,2.6010000705718994,0.0,35.68399810791016
2016-09-17 21:00:00,44.3129997253418,13.152000427246096,39.83300018310547,9.838000297546388,5.117000102996826,1.22599995136261,34.80500030517578
2016-09-17 22:00:00,40.9630012512207,12.229999542236328,36.10699844360352,9.354999542236328,3.785000085830689,1.2790000438690186,33.92599868774414
2016-09-17 23:00:00,39.790000915527344,11.810999870300291,37.84999847412109,10.105999946594238,1.7910000085830688,0.0,33.48600006103516
2016-09-18 00:00:00,41.46500015258789,12.229999542236328,36.80400085449219,9.32800006866455,4.392000198364259,1.2580000162124634,32.60699844360352
2016-09-18 01:00:00,37.52799987792969,10.722000122070312,33.15900039672852,8.36299991607666,4.1579999923706055,1.2580000162124634,32.167999267578125
2016-09-18 02:00:00,38.95199966430664,10.890000343322754,35.35699844360352,8.685000419616701,4.1579999923706055,0.0,31.28899955749512
2016-09-18 03:00:00,38.28200149536133,10.973999977111816,35.625,8.899999618530273,3.5720000267028813,0.0,30.40999984741211
2016-09-18 04:00:00,38.11399841308594,11.140999794006348,34.472000122070305,8.73900032043457,3.5720000267028813,0.0,29.97100067138672
2016-09-18 05:00:00,37.69599914550781,11.309000015258787,34.49900054931641,9.0600004196167,3.4219999313354488,0.0,29.31150054931641
2016-09-18 06:00:00,38.28200149536133,11.057000160217283,34.44499969482422,8.604999542236326,4.690999984741211,0.0,28.871999740600582
2016-09-18 07:00:00,40.54399871826172,12.5649995803833,36.1609992980957,9.94499969482422,4.690999984741211,1.22599995136261,28.65200042724609
2016-09-18 08:00:00,38.36600112915039,10.38700008392334,35.38399887084961,8.203000068664549,3.3159999847412114,0.0,29.97100067138672
2016-09-18 09:00:00,39.37099838256836,12.145999908447266,37.15299987792969,9.810999870300291,3.3159999847412114,0.0,32.167999267578125
2016-09-18 10:00:00,37.025001525878906,8.878999710083008,35.16899871826172,6.888999938964844,2.0999999046325684,0.0,35.68349838256836
2016-09-18 11:00:00,40.20899963378906,9.885000228881836,37.71599960327149,7.77400016784668,2.0999999046325684,0.0,38.7599983215332
2016-09-18 12:00:00,42.88899993896485,12.062999725341797,40.61100006103516,9.972000122070312,2.0999999046325684,0.0,41.17699813842773
2016-09-18 13:00:00,41.46500015258789,12.64900016784668,39.45800018310547,10.31999969482422,2.0999999046325684,0.0,42.93450164794922
2016-09-18 14:00:00,41.2140007019043,12.815999984741213,38.86800003051758,10.401000022888184,2.0999999046325684,0.0,44.69250106811523
2016-09-18 15:00:00,39.790000915527344,12.39799976348877,37.31399917602539,9.864999771118164,2.0999999046325684,0.0,45.79100036621094
2016-09-18 16:00:00,43.391998291015625,13.487000465393065,40.02099990844727,10.239999771118164,3.4119999408721924,1.2690000534057615,44.03350067138672
2016-09-18 17:00:00,42.88899993896485,12.64900016784668,39.32400131225586,9.677000045776367,4.541999816894531,1.3539999723434448,41.61600112915039
2016-09-18 18:00:00,43.47600173950195,12.229999542236328,38.30500030517578,8.604999542236326,4.541999816894531,1.3539999723434448,38.97949981689453
2016-09-18 19:00:00,42.1349983215332,11.5600004196167,37.20600128173828,8.175999641418457,4.59499979019165,1.5889999866485596,37.00199890136719
2016-09-18 20:00:00,44.3129997253418,12.815999984741213,39.21699905395508,9.194000244140623,4.6479997634887695,1.2690000534057615,35.68399810791016
2016-09-18 21:00:00,42.303001403808594,13.067999839782717,37.448001861572266,9.248000144958496,4.6479997634887695,1.2690000534057615,34.80500030517578
2016-09-18 22:00:00,41.29800033569336,12.39799976348877,36.26800155639648,8.979999542236328,4.6479997634887695,2.483999967575073,33.92599868774414
2016-09-18 23:00:00,39.11999893188477,11.140999794006348,34.766998291015625,8.14900016784668,4.6479997634887695,2.483999967575073,33.04700088500977
2016-09-19 00:00:00,39.95700073242188,12.229999542236328,36.45600128173828,9.140999794006348,4.6479997634887695,2.483999967575073,32.167999267578125
2016-09-19 01:00:00,39.37099838256836,11.727999687194824,34.31100082397461,8.390000343322754,4.6479997634887695,2.5369999408721924,31.28899955749512
2016-09-19 02:00:00,38.53300094604492,10.890000343322754,34.097000122070305,7.88100004196167,4.169000148773193,1.3009999990463257,30.40999984741211
2016-09-19 03:00:00,35.518001556396484,9.800999641418455,31.22900009155273,7.1040000915527335,4.169000148773193,1.3009999990463257,29.5310001373291
2016-09-19 04:00:00,37.10900115966797,10.722000122070312,33.077999114990234,8.282999992370605,3.901999950408936,1.2369999885559082,28.65200042724609
2016-09-19 05:00:00,36.43899917602539,10.638999938964844,33.85599899291992,8.336999893188478,2.3989999294281006,0.0,28.4325008392334
2016-09-19 06:00:00,41.29800033569336,11.979000091552734,36.80400085449219,8.873000144958496,3.6459999084472656,1.2150000333786009,28.21299934387207
2016-09-19 07:00:00,41.46500015258789,12.64900016784668,37.18000030517578,9.381999969482422,3.6459999084472656,1.2580000162124634,28.21299934387207
2016-09-19 08:00:00,36.02000045776367,8.376999855041504,32.060001373291016,5.763000011444093,3.6459999084472656,1.684000015258789,29.31150054931641
2016-09-19 09:00:00,40.29199981689453,12.145999908447266,37.742000579833984,9.756999969482422,2.3559999465942383,0.0,30.85000038146973
2016-09-19 10:00:00,35.85300064086914,8.376999855041504,33.93600082397461,6.486999988555907,2.3559999465942383,0.0,33.925498962402344
2016-09-19 11:00:00,38.03099822998047,10.722000122070312,35.4640007019043,8.255999565124513,2.3559999465942383,0.0,37.22150039672852
2016-09-19 12:00:00,41.88399887084961,12.899999618530272,39.56499862670898,10.159000396728516,2.3559999465942383,0.0,38.97949981689453
2016-09-19 13:00:00,40.62699890136719,13.402999877929688,38.25199890136719,10.642000198364258,2.3559999465942383,0.0,39.41899871826172
2016-09-19 14:00:00,38.95199966430664,13.067999839782717,36.29499816894531,10.159000396728516,2.3559999465942383,1.22599995136261,40.51800155639648
2016-09-19 15:00:00,41.71599960327149,14.072999954223633,39.21699905395508,11.204999923706056,2.3559999465942383,1.22599995136261,41.39599990844727
2016-09-19 16:00:00,44.14599990844727,14.82699966430664,40.58399963378906,11.418999671936035,3.5820000171661377,1.2369999885559082,40.51750183105469
2016-09-19 17:00:00,46.57500076293945,15.664999961853027,40.52999877929688,11.097999572753906,6.0980000495910645,2.5269999504089355,38.31999969482422
2016-09-19 18:00:00,44.900001525878906,13.98900032043457,39.08300018310547,9.810999870300291,5.96999979019165,2.5269999504089355,36.12300109863281
2016-09-19 19:00:00,39.62200164794922,10.38700008392334,34.713001251220696,7.130000114440918,4.797999858856201,2.5269999504089355,34.584999084472656
2016-09-19 20:00:00,40.9630012512207,11.895000457763672,35.946998596191406,8.14900016784668,4.958000183105469,2.5269999504089355,33.48600006103516
2016-09-19 21:00:00,45.31800079345703,14.156999588012695,39.08300018310547,9.784000396728516,6.248000144958496,2.5269999504089355,32.60699844360352
2016-09-19 22:00:00,40.9630012512207,12.899999618530272,35.73199844360352,9.302000045776367,4.787000179290772,2.5269999504089355,31.72900009155273
2016-09-19 23:00:00,36.858001708984375,10.890000343322754,32.35499954223633,7.747000217437744,4.797999858856201,2.5269999504089355,30.85000038146973
2016-09-20 00:00:00,36.858001708984375,12.062999725341797,30.961000442504893,7.452000141143799,4.829999923706055,1.3109999895095823,29.750999450683597
2016-09-20 01:00:00,38.11399841308594,11.895000457763672,33.26599884033203,8.711999893188478,4.829999923706055,1.246999979019165,28.65200042724609
2016-09-20 02:00:00,35.685001373291016,10.973999977111816,33.21200180053711,8.604999542236326,3.3580000400543213,1.2899999618530271,27.77300071716309
2016-09-20 03:00:00,39.20299911499024,11.979000091552734,33.80199813842773,8.578000068664549,4.605999946594238,1.343000054359436,27.333999633789062
2016-09-20 04:00:00,38.44900131225586,12.229999542236328,33.748001098632805,8.925999641418457,4.285999774932861,1.343000054359436,26.23550033569336
2016-09-20 05:00:00,39.62200164794922,12.480999946594238,35.16899871826172,9.56999969482422,4.285999774932861,1.343000054359436,25.79599952697754
2016-09-20 06:00:00,39.874000549316406,12.39799976348877,35.089000701904304,9.248000144958496,5.554999828338623,1.2369999885559082,25.35650062561035
2016-09-20 07:00:00,38.11399841308594,11.5600004196167,33.82899856567383,8.95300006866455,3.997999906539917,1.375,25.136999130249023
2016-09-20 08:00:00,34.847000122070305,9.04699993133545,32.623001098632805,7.263999938964844,2.750999927520752,0.0,27.333999633789062
2016-09-20 09:00:00,40.62699890136719,12.815999984741213,38.22499847412109,10.560999870300291,2.750999927520752,0.0,29.5310001373291
2016-09-20 10:00:00,35.518001556396484,8.461000442504883,33.21200180053711,6.540999889373777,2.750999927520752,0.0,33.70600128173828
2016-09-20 11:00:00,39.45500183105469,10.052000045776367,36.9379997253418,7.854000091552732,2.750999927520752,0.0,37.00199890136719
2016-09-20 12:00:00,38.617000579833984,10.220000267028809,36.5359992980957,8.416999816894531,2.750999927520752,0.0,39.63850021362305
2016-09-20 13:00:00,41.2140007019043,12.815999984741213,38.92200088500977,10.642000198364258,2.750999927520752,0.0,40.73749923706055
2016-09-20 14:00:00,40.125,12.314000129699709,37.52799987792969,9.756999969482422,2.750999927520752,0.0,41.83599853515625
2016-09-20 15:00:00,40.29199981689453,13.319000244140623,37.98400115966797,10.508000373840332,2.750999927520752,0.0,42.93450164794922
2016-09-20 16:00:00,42.55400085449219,13.487000465393065,39.35100173950195,10.480999946594238,2.750999927520752,1.3009999990463257,41.17699813842773
2016-09-20 17:00:00,44.0620002746582,13.821999549865724,39.72600173950195,10.159000396728516,4.051000118255615,1.3009999990463257,38.97949981689453
2016-09-20 18:00:00,44.3129997253418,13.319000244140623,39.61899948120117,9.890999794006348,3.4119999408721924,1.5460000038146973,36.34249877929688
2016-09-20 19:00:00,41.46500015258789,10.722000122070312,36.321998596191406,7.34499979019165,4.958000183105469,1.5460000038146973,33.92599868774414
2016-09-20 20:00:00,46.071998596191406,14.407999992370604,40.39599990844727,10.31999969482422,4.958000183105469,1.5460000038146973,32.167999267578125
2016-09-20 21:00:00,45.65399932861328,13.98900032043457,40.18199920654297,9.99899959564209,5.223999977111816,1.5779999494552612,31.28899955749512
2016-09-20 22:00:00,41.29800033569336,12.64900016784668,37.233001708984375,9.461999893188477,3.954999923706055,1.5779999494552612,30.6299991607666
2016-09-20 23:00:00,38.70100021362305,11.5600004196167,33.90900039672852,8.36299991607666,5.203000068664551,1.5779999494552612,29.97100067138672
2016-09-21 00:00:00,36.60699844360352,11.309000015258787,31.76499938964844,8.255999565124513,5.2129998207092285,1.4709999561309814,29.5310001373291
2016-09-21 01:00:00,38.86800003051758,11.727999687194824,34.28499984741211,8.604999542236326,5.171000003814697,1.4709999561309814,28.871999740600582
2016-09-21 02:00:00,38.86800003051758,11.392000198364258,34.01599884033203,8.310000419616701,4.85099983215332,1.3009999990463257,28.21299934387207
2016-09-21 03:00:00,38.03099822998047,11.057000160217283,33.64099884033203,8.175999641418457,4.872000217437744,1.3009999990463257,27.77300071716309
2016-09-21 04:00:00,34.93099975585937,10.220000267028809,31.14800071716309,7.747000217437744,4.872000217437744,1.246999979019165,27.55349922180176
2016-09-21 05:00:00,40.29199981689453,11.895000457763672,35.19599914550781,8.819000244140625,4.861999988555908,1.2150000333786009,27.55349922180176
2016-09-21 06:00:00,41.29800033569336,12.39799976348877,36.13399887084961,8.979999542236328,5.736000061035156,1.246999979019165,27.333999633789062
2016-09-21 07:00:00,40.62699890136719,12.314000129699709,37.1259994506836,9.32800006866455,3.763000011444092,1.2150000333786009,27.11450004577637
2016-09-21 08:00:00,37.44400024414063,10.638999938964844,34.472000122070305,8.175999641418457,2.4730000495910645,0.0,27.55349922180176
2016-09-21 09:00:00,41.29800033569336,12.984000205993652,38.81499862670898,10.37399959564209,2.302999973297119,0.0,28.871999740600582
2016-09-21 10:00:00,37.025001525878906,9.381999969482422,34.632999420166016,7.290999889373777,2.302999973297119,0.0,30.6299991607666
2016-09-21 11:00:00,37.277000427246094,9.465999603271484,35.222999572753906,7.692999839782715,2.302999973297119,0.0,33.925498962402344
2016-09-21 12:00:00,39.11999893188477,11.392000198364258,37.15299987792969,9.354999542236328,2.302999973297119,0.0,35.68349838256836
2016-09-21 13:00:00,41.2140007019043,13.067999839782717,38.70800018310547,10.883000373840332,2.302999973297119,0.0,36.34249877929688
2016-09-21 14:00:00,37.946998596191406,12.145999908447266,35.972999572753906,9.864999771118164,2.302999973297119,0.0,36.12300109863281
2016-09-21 15:00:00,40.87900161743164,13.487000465393065,38.70800018310547,10.855999946594238,2.302999973297119,0.0,35.24399948120117
2016-09-21 16:00:00,41.13000106811523,12.899999618530272,38.49300003051758,10.37399959564209,2.302999973297119,0.0,34.365001678466804
2016-09-21 17:00:00,44.48099899291992,13.152000427246096,39.45800018310547,9.56999969482422,4.755000114440918,1.2580000162124634,33.26649856567383
2016-09-21 18:00:00,46.65900039672852,13.654000282287598,41.01300048828125,9.756999969482422,4.755000114440918,1.2580000162124634,32.60699844360352
2016-09-21 19:00:00,41.13000106811523,11.225000381469728,36.66999816894531,8.14900016784668,4.679999828338623,1.2580000162124634,31.72900009155273
2016-09-21 20:00:00,44.81600189208984,13.821999549865724,40.12799835205078,10.159000396728516,5.671999931335449,1.2580000162124634,31.069499969482425
2016-09-21 21:00:00,44.48099899291992,13.73799991607666,39.45800018310547,9.838000297546388,5.491000175476074,1.2580000162124634,30.40999984741211
2016-09-21 22:00:00,40.3759994506836,12.480999946594238,36.321998596191406,9.32800006866455,4.072999954223634,1.2580000162124634,29.97100067138672
2016-09-21 23:00:00,40.459999084472656,12.815999984741213,35.49100112915039,9.302000045776367,4.679999828338623,1.375,29.5310001373291
2016-09-22 00:00:00,38.36600112915039,11.727999687194824,34.12400054931641,8.470999717712402,4.317999839782715,1.375,28.871999740600582
2016-09-22 01:00:00,37.277000427246094,11.057000160217283,32.91699981689453,7.854000091552732,4.317999839782715,2.611999988555908,28.21299934387207
2016-09-22 02:00:00,37.77899932861328,11.225000381469728,32.648998260498054,7.77400016784668,4.339000225067139,1.2150000333786009,27.77300071716309
2016-09-22 03:00:00,33.005001068115234,9.465999603271484,29.298999786376957,6.861999988555907,4.339000225067139,1.2150000333786009,27.11450004577637
2016-09-22 04:00:00,38.53300094604492,12.145999908447266,33.990001678466804,8.711999893188478,4.1579999923706055,1.246999979019165,26.67499923706055
2016-09-22 05:00:00,34.512001037597656,10.470999717712402,30.3439998626709,7.3979997634887695,4.061999797821045,1.3220000267028809,26.45549964904785
2016-09-22 06:00:00,37.946998596191406,10.805999755859377,33.025001525878906,7.532000064849853,5.330999851226807,1.3220000267028809,26.23550033569336
2016-09-22 07:00:00,39.53799819946289,11.309000015258787,36.777000427246094,8.925999641418457,2.888999938964844,0.0,25.79599952697754
2016-09-22 08:00:00,33.17200088500977,9.21399974822998,30.85300064086914,7.184000015258789,2.888999938964844,0.0,27.333999633789062
2016-09-22 09:00:00,35.85300064086914,10.805999755859377,33.85599899291992,9.0600004196167,1.662999987602234,0.0,29.750999450683597
2016-09-22 10:00:00,37.44400024414063,11.309000015258787,35.652000427246094,9.32800006866455,1.662999987602234,0.0,33.92599868774414
2016-09-22 11:00:00,41.96799850463867,13.56999969482422,39.75299835205078,11.28499984741211,1.662999987602234,0.0,37.22150039672852
2016-09-22 12:00:00,41.71599960327149,13.73799991607666,39.77999877929688,11.579999923706056,1.662999987602234,0.0,39.858001708984375
2016-09-22 13:00:00,38.53300094604492,13.319000244140623,36.42900085449219,11.232000350952148,1.662999987602234,0.0,40.73699951171875
2016-09-22 14:00:00,41.96799850463867,15.413000106811523,40.07500076293945,12.920000076293944,1.662999987602234,0.0,42.05550003051758
2016-09-22 15:00:00,38.36600112915039,13.487000465393065,36.42900085449219,11.446000099182127,1.662999987602234,0.0,39.85850143432617
2016-09-22 16:00:00,42.303001403808594,14.82699966430664,39.99399948120117,12.008999824523926,1.662999987602234,0.0,37.88100051879883
2016-09-22 17:00:00,44.983001708984375,14.324000358581545,40.79800033569336,10.776000022888184,4.114999771118163,1.2690000534057615,37.44100189208984
2016-09-22 18:00:00,41.88399887084961,13.654000282287598,38.35900115966797,10.855999946594238,4.114999771118163,0.0,36.5620002746582
2016-09-22 19:00:00,40.71099853515625,12.062999725341797,36.59000015258789,9.302000045776367,4.040999889373778,1.2580000162124634,34.365001678466804
2016-09-22 20:00:00,41.632999420166016,12.39799976348877,37.95700073242188,9.515999794006348,3.986999988555908,0.0,33.04700088500977
2016-09-22 21:00:00,45.06700134277344,15.329999923706056,40.262001037597656,11.71399974822998,5.235000133514403,1.22599995136261,31.94849967956543
2016-09-22 22:00:00,39.62200164794922,13.73799991607666,34.955001831054695,10.401000022888184,4.2109999656677255,1.2690000534057615,30.85000038146973
2016-09-22 23:00:00,36.52299880981445,12.480999946594238,33.42699813842773,9.972000122070312,4.2109999656677255,1.2690000534057615,30.19050025939941
2016-09-23 00:00:00,35.518001556396484,12.062999725341797,31.738000869750977,9.409000396728516,4.0939998626708975,1.22599995136261,29.750999450683597
2016-09-23 01:00:00,36.1879997253418,12.39799976348877,33.025001525878906,9.91800022125244,4.061999797821045,0.0,29.31150054931641
2016-09-23 02:00:00,35.93600082397461,12.480999946594238,32.327999114990234,9.409000396728516,4.061999797821045,1.524999976158142,29.31150054931641
2016-09-23 03:00:00,35.93600082397461,12.229999542236328,31.28199958801269,9.086999893188477,4.1579999923706055,1.4609999656677246,29.31150054931641
2016-09-23 04:00:00,35.182998657226555,11.979000091552734,31.22900009155273,9.381999969482422,4.040999889373778,1.2790000438690186,28.871999740600582
2016-09-23 05:00:00,37.52799987792969,12.732999801635742,32.46200180053711,9.595999717712402,5.298999786376953,1.2790000438690186,28.65200042724609
2016-09-23 06:00:00,40.3759994506836,13.234999656677244,35.38399887084961,10.052000045776367,5.117000102996826,1.4390000104904177,28.4325008392334
2016-09-23 07:00:00,40.29199981689453,13.487000465393065,36.777000427246094,10.69499969482422,3.6989998817443848,1.2899999618530271,28.65200042724609
2016-09-23 08:00:00,34.345001220703125,9.381999969482422,31.20199966430664,7.077000141143799,3.6989998817443848,1.2150000333786009,29.750999450683597
2016-09-23 09:00:00,39.37099838256836,13.067999839782717,37.42100143432617,10.642000198364258,1.962000012397766,0.0,31.069499969482425
2016-09-23 10:00:00,35.685001373291016,9.800999641418455,33.56100082397461,7.800000190734862,1.962000012397766,0.0,32.82699966430664
2016-09-23 11:00:00,40.62699890136719,12.39799976348877,38.70800018310547,10.052000045776367,1.962000012397766,0.0,36.5625
2016-09-23 12:00:00,41.54899978637695,13.487000465393065,39.29700088500977,11.312000274658203,1.962000012397766,0.0,38.10049819946289
2016-09-23 13:00:00,41.632999420166016,14.324000358581545,39.430999755859375,12.08899974822998,1.962000012397766,0.0,39.63850021362305
2016-09-23 14:00:00,40.04100036621094,13.98900032043457,37.79600143432617,11.472999572753904,1.962000012397766,0.0,41.39649963378906
2016-09-23 15:00:00,39.790000915527344,13.654000282287598,37.6349983215332,11.312000274658203,1.962000012397766,0.0,42.49499893188477
2016-09-23 16:00:00,41.38100051879883,14.407999992370604,39.32400131225586,11.902000427246096,1.962000012397766,0.0,40.73749923706055
2016-09-23 17:00:00,45.31800079345703,15.748000144958494,41.09299850463867,12.03600025177002,4.563000202178955,1.2580000162124634,39.199501037597656
2016-09-23 18:00:00,46.15599822998047,15.83199977874756,41.09299850463867,11.875,5.789000034332275,2.4730000495910645,37.6609992980957
2016-09-23 19:00:00,41.46500015258789,12.229999542236328,36.66999816894531,8.765000343322754,4.275000095367432,1.2369999885559082,35.68399810791016
2016-09-23 20:00:00,41.04600143432617,12.314000129699709,37.448001861572266,9.11400032043457,4.392000198364259,1.2369999885559082,34.365001678466804
2016-09-23 21:00:00,44.229000091552734,15.413000106811523,40.45000076293945,11.847999572753904,4.392000198364259,2.483999967575073,33.48600006103516
2016-09-23 22:00:00,42.88899993896485,14.994000434875488,38.17100143432617,11.312000274658203,4.573999881744385,2.483999967575073,32.60699844360352
2016-09-23 23:00:00,40.459999084472656,14.491999626159668,36.96500015258789,11.446000099182127,4.573999881744385,2.483999967575073,32.167999267578125
2016-09-24 00:00:00,40.29199981689453,14.156999588012695,35.7859992980957,11.12399959564209,3.3580000400543213,1.22599995136261,31.72900009155273
2016-09-24 01:00:00,35.685001373291016,11.895000457763672,31.363000869750977,9.086999893188477,4.573999881744385,1.524999976158142,31.28899955749512
2016-09-24 02:00:00,37.69599914550781,12.899999618530272,34.41899871826172,10.480999946594238,3.240999937057495,0.0,31.28899955749512
2016-09-24 03:00:00,35.182998657226555,11.727999687194824,30.61199951171875,8.819000244140625,4.455999851226807,1.246999979019165,30.85000038146973
2016-09-24 04:00:00,38.198001861572266,13.56999969482422,34.766998291015625,10.776000022888184,3.753000020980835,0.0,30.40999984741211
2016-09-24 05:00:00,38.53300094604492,13.402999877929688,36.24100112915039,11.472999572753904,2.4730000495910645,0.0,30.19050025939941
2016-09-24 06:00:00,41.04600143432617,13.73799991607666,37.15299987792969,11.043999671936035,3.6989998817443848,1.343000054359436,29.97100067138672
2016-09-24 07:00:00,40.04100036621094,13.821999549865724,37.233001708984375,11.392000198364258,3.5720000267028813,0.0,29.97100067138672
2016-09-24 08:00:00,37.36100006103516,11.5600004196167,34.31100082397461,9.32800006866455,3.5720000267028813,0.0,31.28899955749512
2016-09-24 09:00:00,39.874000549316406,13.98900032043457,37.39400100708008,11.151000022888184,2.3239998817443848,1.2790000438690186,33.04700088500977
2016-09-24 10:00:00,38.03099822998047,12.229999542236328,35.73199844360352,10.159000396728516,2.3239998817443848,0.0,35.4640007019043
2016-09-24 11:00:00,44.48099899291992,15.581000328063965,42.21900177001953,13.053999900817873,2.3239998817443848,0.0,38.540000915527344
2016-09-24 12:00:00,43.14099884033203,14.659000396728516,40.98600006103516,12.196999549865724,2.3239998817443848,0.0,40.95700073242188
2016-09-24 13:00:00,44.3129997253418,15.83199977874756,41.87099838256836,13.21500015258789,2.3239998817443848,0.0,42.49499893188477
2016-09-24 14:00:00,41.71599960327149,14.91100025177002,39.37799835205078,12.277000427246096,2.3239998817443848,0.0,43.8134994506836
2016-09-24 15:00:00,44.900001525878906,16.670000076293945,42.19200134277344,13.482999801635742,2.3239998817443848,1.3009999990463257,43.8134994506836
2016-09-24 16:00:00,46.74300003051758,17.172000885009766,42.83599853515625,13.348999977111816,3.549999952316284,1.246999979019165,42.71500015258789
2016-09-24 17:00:00,46.99399948120117,16.419000625610348,43.07699966430664,12.46500015258789,3.549999952316284,1.246999979019165,40.95700073242188
2016-09-24 18:00:00,47.07799911499024,16.083000183105472,42.88899993896485,12.383999824523926,3.4219999313354488,1.22599995136261,39.63899993896485
2016-09-24 19:00:00,44.56499862670898,13.98900032043457,39.27000045776367,10.239999771118164,4.882999897003174,1.22599995136261,38.31999969482422
2016-09-24 20:00:00,46.071998596191406,14.407999992370604,41.06600189208984,10.614999771118164,4.4780001640319815,1.2369999885559082,37.44100189208984
2016-09-24 21:00:00,42.387001037597656,12.64900016784668,38.52000045776367,9.623000144958496,3.625,1.2369999885559082,36.5620002746582
2016-09-24 22:00:00,44.73199844360352,15.413000106811523,40.10100173950195,11.954999923706056,5.0,1.2369999885559082,36.34249877929688
2016-09-24 23:00:00,42.88899993896485,15.161999702453612,38.14500045776367,11.553000450134276,5.0219998359680185,1.2369999885559082,35.903499603271484
2016-09-25 00:00:00,38.70100021362305,13.402999877929688,35.946998596191406,11.232000350952148,2.174999952316284,0.0,35.68399810791016
2016-09-25 01:00:00,33.42300033569336,10.38700008392334,29.433000564575195,7.71999979019165,4.083000183105469,1.2899999618530271,34.80500030517578
2016-09-25 02:00:00,39.0359992980957,12.229999542236328,34.042999267578125,9.274999618530272,4.072999954223634,1.22599995136261,34.14550018310547
2016-09-25 03:00:00,34.429000854492195,10.722000122070312,31.76499938964844,8.73900032043457,2.8469998836517334,0.0,33.92599868774414
2016-09-25 04:00:00,35.182998657226555,11.057000160217283,31.041000366210927,8.444000244140625,4.13700008392334,1.3220000267028809,33.48600006103516
2016-09-25 05:00:00,36.35499954223633,11.979000091552734,31.711000442504893,8.925999641418457,4.125999927520752,1.343000054359436,33.04700088500977
2016-09-25 06:00:00,39.874000549316406,12.815999984741213,35.86600112915039,10.052000045776367,3.9660000801086426,1.22599995136261,32.60699844360352
2016-09-25 07:00:00,39.20299911499024,12.984000205993652,34.98199844360352,9.838000297546388,3.9660000801086426,1.2150000333786009,32.387500762939446
2016-09-25 08:00:00,34.512001037597656,11.057000160217283,31.22900009155273,8.604999542236326,3.9660000801086426,1.22599995136261,32.60699844360352
2016-09-25 09:00:00,39.45500183105469,13.98900032043457,37.071998596191406,11.526000022888184,2.5799999237060547,0.0,34.365001678466804
2016-09-25 10:00:00,40.9630012512207,13.402999877929688,38.198001861572266,10.855999946594238,2.5799999237060547,0.0,36.5620002746582
2016-09-25 11:00:00,40.9630012512207,13.487000465393065,38.62699890136719,10.668999671936035,2.5799999237060547,0.0,39.41899871826172
2016-09-25 12:00:00,42.72200012207031,13.821999549865724,40.15499877929688,11.258000373840332,2.5799999237060547,0.0,41.83599853515625
2016-09-25 13:00:00,42.88899993896485,14.156999588012695,40.262001037597656,11.472999572753904,2.5799999237060547,0.0,44.25299835205078
2016-09-25 14:00:00,42.1349983215332,14.324000358581545,40.02099990844727,11.71399974822998,2.5799999237060547,0.0,44.91249847412109
2016-09-25 15:00:00,42.72200012207031,14.156999588012695,40.15499877929688,11.366000175476074,2.5799999237060547,0.0,45.35150146484375
2016-09-25 16:00:00,44.73199844360352,15.748000144958494,42.00500106811523,12.652000427246096,2.5799999237060547,1.246999979019165,43.59349822998047
2016-09-25 17:00:00,47.1609992980957,15.916000366210938,43.104000091552734,12.25,3.82699990272522,1.2580000162124634,41.83549880981445
2016-09-25 18:00:00,46.15599822998047,14.659000396728516,41.73699951171875,11.204999923706056,5.085000038146973,1.2580000162124634,40.29800033569336
2016-09-25 19:00:00,40.9630012512207,11.47599983215332,36.05400085449219,7.960999965667725,5.14900016784668,2.4730000495910645,38.97949981689453
2016-09-25 20:00:00,37.86299896240234,11.309000015258787,31.92600059509277,7.50600004196167,5.138999938964844,2.4730000495910645,37.88100051879883
2016-09-25 21:00:00,37.025001525878906,10.220000267028809,33.93600082397461,7.559000015258789,3.913000106811523,2.4730000495910645,37.22150039672852
2016-09-25 22:00:00,36.68999862670898,10.052000045776367,31.76499938964844,7.130000114440918,5.459000110626222,1.22599995136261,36.5620002746582
2016-09-25 23:00:00,39.790000915527344,11.810999870300291,36.42900085449219,8.979999542236328,3.7309999465942383,1.3009999990463257,35.903499603271484
2016-09-26 00:00:00,40.125,11.979000091552734,36.42900085449219,9.32800006866455,3.7309999465942383,1.2150000333786009,35.24399948120117
2016-09-26 01:00:00,37.69599914550781,11.140999794006348,32.97100067138672,8.069000244140625,3.496999979019165,1.343000054359436,34.80500030517578
2016-09-26 02:00:00,38.78499984741211,11.47599983215332,35.007999420166016,8.711999893188478,3.614000082015991,0.0,34.365001678466804
2016-09-26 03:00:00,37.44400024414063,11.225000381469728,34.12400054931641,8.444000244140625,3.795000076293945,1.4390000104904177,33.92599868774414
2016-09-26 04:00:00,35.26599884033203,10.220000267028809,31.738000869750977,7.559000015258789,3.785000085830689,1.22599995136261,33.48600006103516
2016-09-26 05:00:00,38.95199966430664,11.979000091552734,36.13399887084961,9.220999717712402,3.785000085830689,0.0,33.04700088500977
2016-09-26 06:00:00,40.29199981689453,12.145999908447266,36.80400085449219,9.302000045776367,3.7309999465942383,1.2369999885559082,32.60699844360352
2016-09-26 07:00:00,38.198001861572266,10.973999977111816,35.303001403808594,8.657999992370605,2.494999885559082,0.0,32.60699844360352
2016-09-26 08:00:00,30.40800094604492,7.119999885559082,28.28000068664551,5.308000087738037,2.494999885559082,0.0,33.26649856567383
2016-09-26 09:00:00,22.617000579833984,6.366000175476074,20.426000595092773,5.065999984741211,2.494999885559082,0.0,34.14550018310547
2016-09-26 10:00:00,27.392000198364247,8.376999855041504,25.46500015258789,6.620999813079834,2.494999885559082,0.0,37.6609992980957
2016-09-26 11:00:00,29.066999435424805,7.874000072479247,26.72500038146973,6.111999988555907,2.494999885559082,0.0,40.73699951171875
2016-09-26 12:00:00,27.97900009155273,7.119999885559082,25.840999603271484,5.4679999351501465,2.494999885559082,0.0,43.374000549316406
2016-09-26 13:00:00,29.65399932861328,8.711999893188478,27.26099967956543,6.888999938964844,2.494999885559082,0.0,44.9119987487793
2016-09-26 14:00:00,27.22500038146973,8.376999855041504,25.09000015258789,6.540999889373777,2.494999885559082,0.0,46.45000076293945
2016-09-26 15:00:00,28.565000534057607,7.789999961853027,25.97500038146973,5.548999786376953,2.494999885559082,0.0,46.88949966430664
2016-09-26 16:00:00,29.319000244140625,7.789999961853027,26.993000030517567,5.736000061035156,2.494999885559082,0.0,44.9119987487793
2016-09-26 17:00:00,31.74799919128418,8.125,28.36000061035156,5.896999835968018,2.494999885559082,1.2790000438690186,42.714500427246094
2016-09-26 18:00:00,38.03099822998047,10.303000450134276,34.553001403808594,7.77400016784668,2.5269999504089355,1.2580000162124634,40.29800033569336
2016-09-26 19:00:00,36.104000091552734,9.381999969482422,32.78300094604492,6.915999889373777,3.763000011444092,1.343000054359436,38.540000915527344
2016-09-26 20:00:00,36.27199935913086,9.465999603271484,32.514999389648445,6.861999988555907,3.753000020980835,1.2369999885559082,37.22150039672852
2016-09-26 21:00:00,38.53300094604492,11.140999794006348,34.1510009765625,7.50600004196167,4.861999988555908,1.2369999885559082,36.34249877929688
2016-09-26 22:00:00,38.28200149536133,11.140999794006348,34.17699813842773,7.98799991607666,3.614000082015991,1.2369999885559082,35.903499603271484
2016-09-26 23:00:00,42.1349983215332,14.324000358581545,38.41299819946289,11.232000350952148,4.85099983215332,1.2150000333786009,35.68399810791016
2016-09-27 00:00:00,40.459999084472656,13.56999969482422,36.402000427246094,10.267000198364258,4.85099983215332,1.2150000333786009,35.4640007019043
2016-09-27 01:00:00,40.29199981689453,13.319000244140623,35.49100112915039,9.756999969482422,4.679999828338623,1.2150000333786009,35.24399948120117
2016-09-27 02:00:00,36.858001708984375,12.062999725341797,32.16699981689453,8.765000343322754,4.679999828338623,1.2150000333786009,34.80500030517578
2016-09-27 03:00:00,37.86299896240234,12.229999542236328,33.50699996948242,8.979999542236328,4.679999828338623,1.2150000333786009,34.14550018310547
2016-09-27 04:00:00,37.52799987792969,11.979000091552734,33.50699996948242,8.899999618530273,4.328999996185304,1.2150000333786009,33.48600006103516
2016-09-27 05:00:00,38.86800003051758,12.39799976348877,34.41899871826172,9.248000144958496,4.434999942779541,1.3220000267028809,33.04700088500977
2016-09-27 06:00:00,40.9630012512207,12.899999618530272,35.972999572753906,9.381999969482422,4.434999942779541,1.3220000267028809,32.60699844360352
2016-09-27 07:00:00,41.46500015258789,13.319000244140623,36.21500015258789,9.381999969482422,4.434999942779541,1.3220000267028809,32.60699844360352
2016-09-27 08:00:00,38.44900131225586,12.984000205993652,35.597999572753906,10.31999969482422,2.96399998664856,1.2369999885559082,33.48600006103516
2016-09-27 09:00:00,37.61199951171875,11.057000160217283,35.2760009765625,8.630999565124513,2.96399998664856,0.0,35.4640007019043
2016-09-27 10:00:00,38.53300094604492,12.5649995803833,36.42900085449219,10.07900047302246,2.96399998664856,0.0,37.6609992980957
2016-09-27 11:00:00,43.05699920654297,13.319000244140623,40.39599990844727,10.69499969482422,2.96399998664856,0.0,39.63850021362305
2016-09-27 12:00:00,41.88399887084961,11.810999870300291,39.512001037597656,9.48900032043457,2.96399998664856,0.0,41.61650085449219
2016-09-27 13:00:00,41.79999923706055,12.062999725341797,39.83300018310547,10.105999946594238,2.96399998664856,0.0,44.03350067138672
2016-09-27 14:00:00,40.62699890136719,12.480999946594238,38.0369987487793,9.623000144958496,2.96399998664856,0.0,44.9119987487793
2016-09-27 15:00:00,45.1510009765625,16.250999450683597,41.92399978637695,12.760000228881836,2.96399998664856,1.246999979019165,46.23049926757813
2016-09-27 16:00:00,47.49599838256836,16.586000442504886,43.61299896240234,12.760000228881836,4.232999801635741,1.246999979019165,45.35150146484375
2016-09-27 17:00:00,48.33399963378906,16.419000625610348,43.34500122070313,12.25,4.243000030517578,2.5269999504089355,43.8134994506836
2016-09-27 18:00:00,49.17200088500977,16.670000076293945,43.72000122070313,11.982000350952148,5.459000110626222,2.5269999504089355,42.275001525878906
2016-09-27 19:00:00,46.15599822998047,15.413000106811523,40.63800048828125,10.96399974822998,5.61899995803833,2.6440000534057617,41.17649841308594
2016-09-27 20:00:00,46.57500076293945,15.916000366210938,42.24599838256836,12.222999572753904,4.381999969482422,1.4179999828338623,39.85850143432617
2016-09-27 21:00:00,48.83700180053711,17.004999160766598,43.02299880981445,12.46500015258789,5.724999904632568,1.4179999828338623,38.97949981689453
2016-09-27 22:00:00,45.48600006103516,15.581000328063965,40.90599822998047,11.875,4.4780001640319815,2.687000036239624,38.10049819946289
2016-09-27 23:00:00,45.23500061035156,16.50200080871582,39.94100189208984,12.008999824523926,5.703999996185303,2.687000036239624,37.6609992980957
2016-09-28 00:00:00,41.54899978637695,14.994000434875488,36.9379997253418,11.12399959564209,5.352000236511231,1.4709999561309814,37.00199890136719
2016-09-28 01:00:00,41.46500015258789,14.241000175476074,36.696998596191406,10.53499984741211,3.9660000801086426,1.4709999561309814,36.78200149536133
2016-09-28 02:00:00,38.70100021362305,13.234999656677244,34.632999420166016,9.972000122070312,5.2129998207092285,1.4709999561309814,35.903499603271484
2016-09-28 03:00:00,37.69599914550781,12.815999984741213,32.702999114990234,9.274999618530272,5.244999885559082,1.3539999723434448,34.584999084472656
2016-09-28 04:00:00,34.512001037597656,11.225000381469728,32.139999389648445,9.140999794006348,2.697000026702881,0.0,34.365001678466804
2016-09-28 05:00:00,38.11399841308594,12.899999618530272,33.400001525878906,9.864999771118164,4.008999824523927,1.2369999885559082,33.70600128173828
2016-09-28 06:00:00,41.54899978637695,13.654000282287598,37.52799987792969,10.668999671936035,4.190000057220459,1.2150000333786009,33.26649856567383
2016-09-28 07:00:00,39.53799819946289,13.402999877929688,36.9119987487793,10.829999923706056,2.8570001125335693,0.0,33.04700088500977
2016-09-28 08:00:00,38.03099822998047,12.5649995803833,34.740001678466804,10.133000373840332,2.8570001125335693,1.2150000333786009,32.82699966430664
2016-09-28 09:00:00,41.88399887084961,14.407999992370604,39.37799835205078,11.795000076293944,2.8570001125335693,0.0,31.94849967956543
2016-09-28 10:00:00,38.36600112915039,11.644000053405762,35.70500183105469,9.006999969482422,2.8570001125335693,0.0,31.50900077819824
2016-09-28 11:00:00,37.44400024414063,10.470999717712402,35.40999984741211,8.496999740600586,2.8570001125335693,0.0,29.09199905395508
2016-09-28 12:00:00,40.29199981689453,13.234999656677244,38.14500045776367,10.937000274658203,2.8570001125335693,0.0,27.77300071716309
2016-09-28 13:00:00,40.459999084472656,13.904999732971191,38.97600173950195,11.875,2.8570001125335693,0.0,27.333999633789062
2016-09-28 14:00:00,37.946998596191406,13.319000244140623,35.972999572753906,10.90999984741211,2.8570001125335693,0.0,27.55349922180176
2016-09-28 15:00:00,41.54899978637695,15.83199977874756,39.69900131225586,13.269000053405762,2.8570001125335693,0.0,27.55349922180176
2016-09-28 16:00:00,35.518001556396484,11.644000053405762,32.623001098632805,9.194000244140623,2.8570001125335693,0.0,27.55349922180176
2016-09-28 17:00:00,41.632999420166016,12.480999946594238,38.84199905395508,9.972000122070312,2.8570001125335693,0.0,27.333999633789062
2016-09-28 18:00:00,41.88399887084961,12.815999984741213,38.680999755859375,9.810999870300291,4.114999771118163,1.2369999885559082,26.67499923706055
2016-09-28 19:00:00,38.03099822998047,8.878999710083008,34.472000122070305,6.353000164031982,2.697000026702881,0.0,25.136999130249023
2016-09-28 20:00:00,41.79999923706055,12.815999984741213,37.79600143432617,9.756999969482422,3.92300009727478,1.2369999885559082,24.69700050354004
2016-09-28 21:00:00,40.3759994506836,12.480999946594238,35.678001403808594,9.0600004196167,4.829999923706055,1.684000015258789,24.257999420166016
2016-09-28 22:00:00,40.54399871826172,12.5649995803833,35.652000427246094,9.381999969482422,4.829999923706055,1.2369999885559082,24.257999420166016
2016-09-28 23:00:00,36.104000091552734,11.140999794006348,32.89099884033203,8.819000244140625,3.6989998817443848,0.0,24.257999420166016
2016-09-29 00:00:00,35.76900100708008,11.225000381469728,31.57699966430664,8.550999641418457,3.6989998817443848,1.5779999494552612,23.81800079345703
2016-09-29 01:00:00,37.10900115966797,11.140999794006348,32.91699981689453,8.604999542236326,3.858999967575073,1.2369999885559082,22.93899917602539
2016-09-29 02:00:00,36.52299880981445,11.392000198364258,32.488998413085945,8.657999992370605,3.858999967575073,1.6529999971389768,22.06100082397461
2016-09-29 03:00:00,36.43899917602539,11.309000015258787,32.24700164794922,8.36299991607666,4.169000148773193,1.2580000162124634,21.621000289916992
2016-09-29 04:00:00,36.02000045776367,11.392000198364258,32.863998413085945,8.925999641418457,2.9530000686645512,0.0,21.621000289916992
2016-09-29 05:00:00,36.60699844360352,11.644000053405762,33.373001098632805,9.32800006866455,2.9530000686645512,0.0,21.401500701904297
2016-09-29 06:00:00,39.11999893188477,11.644000053405762,34.472000122070305,8.657999992370605,4.455999851226807,1.343000054359436,20.96199989318848
2016-09-29 07:00:00,37.61199951171875,11.057000160217283,35.089000701904304,8.899999618530273,2.622999906539917,0.0,20.742000579833984
2016-09-29 08:00:00,32.501998901367195,7.203999996185303,30.53199958801269,5.576000213623047,2.622999906539917,0.0,20.522499084472656
2016-09-29 09:00:00,39.53799819946289,12.145999908447266,37.95700073242188,10.133000373840332,2.622999906539917,0.0,20.522499084472656
2016-09-29 10:00:00,31.2450008392334,7.203999996185303,29.433000564575195,5.763000011444093,2.622999906539917,0.0,20.96199989318848
2016-09-29 11:00:00,38.617000579833984,11.057000160217283,36.8849983215332,9.248000144958496,2.622999906539917,0.0,21.401500701904297
2016-09-29 12:00:00,35.85300064086914,10.973999977111816,33.990001678466804,9.302000045776367,2.622999906539917,0.0,21.401500701904297
2016-09-29 13:00:00,38.53300094604492,12.39799976348877,36.858001708984375,10.31999969482422,2.622999906539917,0.0,22.280500411987305
2016-09-29 14:00:00,36.104000091552734,11.727999687194824,34.257999420166016,9.864999771118164,2.622999906539917,0.0,22.280500411987305
2016-09-29 15:00:00,36.27199935913086,11.979000091552734,34.820999145507805,10.052000045776367,2.622999906539917,0.0,22.280500411987305
2016-09-29 16:00:00,40.125,12.984000205993652,38.25199890136719,10.855999946594238,2.622999906539917,0.0,22.280500411987305
2016-09-29 17:00:00,42.47000122070313,13.402999877929688,39.055999755859375,10.722000122070312,2.622999906539917,0.0,22.71949958801269
2016-09-29 18:00:00,43.72700119018555,13.904999732971191,38.70800018310547,10.722000122070312,3.88100004196167,1.4609999656677246,22.71949958801269
2016-09-29 19:00:00,37.61199951171875,10.638999938964844,33.45399856567383,8.121999740600586,5.10699987411499,1.2150000333786009,22.5
2016-09-29 20:00:00,37.36100006103516,10.890000343322754,32.810001373291016,7.827000141143799,5.171000003814697,1.2369999885559082,22.5
2016-09-29 21:00:00,40.71099853515625,13.654000282287598,38.01100158691406,11.204999923706056,3.9449999332427983,0.0,22.5
2016-09-29 22:00:00,35.85300064086914,12.314000129699709,33.26599884033203,10.133000373840332,2.6760001182556152,0.0,22.280500411987305
2016-09-29 23:00:00,39.11999893188477,12.984000205993652,34.79399871826172,10.159000396728516,3.901999950408936,1.22599995136261,22.280500411987305
2016-09-30 00:00:00,34.429000854492195,11.225000381469728,30.42499923706055,8.73900032043457,3.88100004196167,0.0,22.06100082397461
2016-09-30 01:00:00,35.85300064086914,11.644000053405762,32.03300094604492,9.034000396728516,3.88100004196167,1.22599995136261,21.840999603271484
2016-09-30 02:00:00,33.757999420166016,9.885000228881836,31.06800079345703,7.960999965667725,3.816999912261963,0.0,21.840999603271484
2016-09-30 03:00:00,34.429000854492195,10.973999977111816,31.416000366210927,8.899999618530273,2.483999967575073,0.0,21.840999603271484
2016-09-30 04:00:00,31.74799919128418,10.052000045776367,29.88800048828125,8.550999641418457,2.463000059127808,0.0,21.401500701904297
2016-09-30 05:00:00,34.429000854492195,10.470999717712402,30.961000442504893,8.229000091552733,3.6040000915527344,0.0,20.96199989318848
2016-09-30 06:00:00,37.19300079345703,11.727999687194824,34.766998291015625,9.756999969482422,2.3559999465942383,0.0,20.522499084472656
2016-09-30 07:00:00,39.874000549316406,12.815999984741213,35.8390007019043,10.105999946594238,3.5720000267028813,0.0,20.522499084472656
2016-09-30 08:00:00,35.76900100708008,10.973999977111816,33.26599884033203,8.925999641418457,2.3350000381469727,0.0,21.18149948120117
2016-09-30 09:00:00,39.11999893188477,13.487000465393065,37.42100143432617,11.472999572753904,2.3350000381469727,0.0,21.18149948120117
2016-09-30 10:00:00,36.35499954223633,10.805999755859377,34.65999984741211,9.086999893188477,2.3350000381469727,0.0,21.62150001525879
2016-09-30 11:00:00,37.277000427246094,10.220000267028809,35.75899887084961,8.604999542236326,2.3350000381469727,0.0,22.280500411987305
2016-09-30 12:00:00,37.61199951171875,11.47599983215332,36.26800155639648,9.756999969482422,2.3350000381469727,0.0,22.71949958801269
2016-09-30 13:00:00,35.518001556396484,11.644000053405762,34.097000122070305,10.052000045776367,2.3350000381469727,0.0,23.15900039672852
2016-09-30 14:00:00,35.685001373291016,12.229999542236328,34.472000122070305,10.31999969482422,1.4390000104904177,0.0,23.598499298095703
2016-09-30 15:00:00,35.26599884033203,12.145999908447266,33.722000122070305,10.508000373840332,1.4819999933242798,0.0,24.477500915527344
2016-09-30 16:00:00,39.37099838256836,13.319000244140623,37.608001708984375,11.232000350952148,1.4819999933242798,0.0,25.136999130249023
2016-09-30 17:00:00,42.55400085449219,13.402999877929688,38.573001861572266,10.855999946594238,3.9660000801086426,0.0,25.13649940490723
2016-09-30 18:00:00,39.70600128173828,12.480999946594238,35.86600112915039,9.972000122070312,2.6760001182556152,0.0,25.13649940490723
2016-09-30 19:00:00,37.36100006103516,10.890000343322754,33.45399856567383,8.416999816894531,3.913000106811523,0.0,24.91699981689453
2016-09-30 20:00:00,39.62200164794922,11.727999687194824,35.972999572753906,9.409000396728516,3.8059999942779537,0.0,25.13649940490723
2016-09-30 21:00:00,37.10900115966797,11.979000091552734,34.31100082397461,9.99899959564209,3.8059999942779537,0.0,25.35650062561035
2016-09-30 22:00:00,40.20899963378906,13.402999877929688,35.625,10.29300022125244,3.82699990272522,1.5779999494552612,25.136999130249023
2016-09-30 23:00:00,37.19300079345703,12.39799976348877,33.400001525878906,9.864999771118164,3.82699990272522,0.0,25.35650062561035
2016-10-01 00:00:00,37.025001525878906,12.480999946594238,33.613998413085945,10.133000373840332,3.82699990272522,0.0,25.79599952697754
2016-10-01 01:00:00,37.025001525878906,12.145999908447266,33.05099868774414,9.756999969482422,3.5290000438690186,0.0,25.79599952697754
2016-10-01 02:00:00,32.669998168945305,10.303000450134276,28.708999633789062,8.282999992370605,3.5290000438690186,0.0,25.79599952697754
2016-10-01 03:00:00,35.43399810791016,11.644000053405762,31.363000869750977,9.086999893188477,3.5290000438690186,1.2790000438690186,26.23550033569336
2016-10-01 04:00:00,34.763999938964844,11.392000198364258,31.76499938964844,9.302000045776367,3.2730000019073486,0.0,26.23550033569336
2016-10-01 05:00:00,37.61199951171875,12.5649995803833,33.400001525878906,9.972000122070312,4.563000202178955,1.2580000162124634,26.23550033569336
2016-10-01 06:00:00,36.94200134277344,12.062999725341797,32.623001098632805,9.435999870300291,4.519999980926514,1.2150000333786009,25.79599952697754
2016-10-01 07:00:00,36.02000045776367,11.727999687194824,34.17699813842773,10.31999969482422,2.6440000534057617,0.0,25.136999130249023
2016-10-01 08:00:00,31.832000732421875,8.293000221252441,28.92300033569336,6.164999961853027,4.040999889373778,1.246999979019165,24.91699981689453
2016-10-01 09:00:00,35.76900100708008,10.13599967956543,33.963001251220696,8.604999542236326,2.003999948501587,0.0,25.136999130249023
2016-10-01 10:00:00,34.09400177001953,9.04699993133545,31.871999740600582,7.50600004196167,2.003999948501587,0.0,25.79599952697754
2016-10-01 11:00:00,41.13000106811523,13.654000282287598,39.24399948120117,11.741000175476074,2.003999948501587,0.0,26.45499992370605
2016-10-01 12:00:00,40.04100036621094,12.984000205993652,37.98400115966797,10.989999771118164,2.003999948501587,0.0,27.333999633789062
2016-10-01 13:00:00,38.617000579833984,13.067999839782717,36.80400085449219,11.258000373840332,2.003999948501587,0.0,28.871999740600582
2016-10-01 14:00:00,38.53300094604492,12.732999801635742,36.50899887084961,10.883000373840332,2.003999948501587,0.0,31.28899955749512
2016-10-01 15:00:00,38.03099822998047,13.152000427246096,36.375,11.472999572753904,2.003999948501587,0.0,32.60699844360352
2016-10-01 16:00:00,37.10900115966797,12.229999542236328,35.4370002746582,10.508000373840332,2.003999948501587,0.0,32.387500762939446
2016-10-01 17:00:00,39.53799819946289,12.480999946594238,36.45600128173828,10.267000198364258,3.240999937057495,0.0,32.60699844360352
2016-10-01 18:00:00,37.86299896240234,11.810999870300291,34.44499969482422,9.515999794006348,4.499000072479248,0.0,32.387500762939446
2016-10-01 19:00:00,37.77899932861328,10.470999717712402,33.963001251220696,8.229000091552733,4.201000213623047,0.0,31.94849967956543
2016-10-01 20:00:00,37.77899932861328,10.890000343322754,33.13199996948242,8.121999740600586,4.201000213623047,1.22599995136261,31.28899955749512
2016-10-01 21:00:00,41.29800033569336,13.904999732971191,36.5629997253418,10.989999771118164,4.2220001220703125,1.3009999990463257,31.28899955749512
2016-10-01 22:00:00,41.04600143432617,14.241000175476074,36.0,11.043999671936035,4.2220001220703125,1.406999945640564,30.85000038146973
2016-10-01 23:00:00,38.78499984741211,13.73799991607666,34.820999145507805,11.071000099182127,4.030000209808351,0.0,30.6299991607666
2016-10-02 00:00:00,36.52299880981445,12.64900016784668,33.50699996948242,10.53499984741211,2.7929999828338623,0.0,30.40999984741211
2016-10-02 01:00:00,33.674999237060554,11.392000198364258,30.3439998626709,9.435999870300291,4.051000118255615,0.0,30.40999984741211
2016-10-02 02:00:00,35.349998474121094,12.062999725341797,32.08599853515625,9.890999794006348,2.8250000476837163,0.0,29.97100067138672
2016-10-02 03:00:00,35.85300064086914,12.39799976348877,31.92600059509277,9.972000122070312,4.243000030517578,0.0,29.750999450683597
2016-10-02 04:00:00,36.27199935913086,12.732999801635742,32.327999114990234,10.133000373840332,3.677999973297119,1.22599995136261,29.750999450683597
2016-10-02 05:00:00,36.43899917602539,12.732999801635742,32.59600067138672,10.052000045776367,4.914999961853027,0.0,29.750999450683597
2016-10-02 06:00:00,36.02000045776367,12.145999908447266,31.496999740600582,9.677000045776367,4.414000034332275,1.22599995136261,29.750999450683597
2016-10-02 07:00:00,37.025001525878906,11.979000091552734,33.667999267578125,9.838000297546388,2.6549999713897705,0.0,29.750999450683597
2016-10-02 08:00:00,35.349998474121094,9.800999641418455,31.06800079345703,7.585999965667725,3.891000032424927,0.0,29.750999450683597
2016-10-02 09:00:00,36.858001708984375,12.314000129699709,35.007999420166016,10.642000198364258,2.632999897003174,0.0,30.40999984741211
2016-10-02 10:00:00,33.088001251220696,9.465999603271484,31.06800079345703,7.77400016784668,2.632999897003174,0.0,31.069499969482425
2016-10-02 11:00:00,37.277000427246094,11.727999687194824,35.11600112915039,9.94499969482422,2.632999897003174,0.0,30.19050025939941
2016-10-02 12:00:00,37.52799987792969,12.145999908447266,35.678001403808594,10.347000122070312,2.632999897003174,0.0,29.5310001373291
2016-10-02 13:00:00,36.02000045776367,12.062999725341797,34.06999969482422,10.480999946594238,2.632999897003174,0.0,30.19050025939941
2016-10-02 14:00:00,36.104000091552734,12.39799976348877,34.01599884033203,10.855999946594238,2.632999897003174,0.0,30.40999984741211
2016-10-02 15:00:00,34.93099975585937,11.979000091552734,33.292999267578125,10.508000373840332,2.632999897003174,0.0,30.85000038146973
2016-10-02 16:00:00,38.70100021362305,13.402999877929688,35.86600112915039,11.232000350952148,2.632999897003174,0.0,30.6299991607666
2016-10-02 17:00:00,41.46500015258789,13.98900032043457,37.68899917602539,11.071000099182127,3.901999950408936,1.2899999618530271,29.09149932861328
2016-10-02 18:00:00,39.790000915527344,12.480999946594238,35.40999984741211,9.70400047302246,4.2109999656677255,0.0,27.77300071716309
2016-10-02 19:00:00,36.60699844360352,9.800999641418455,32.40800094604492,7.665999889373777,4.2109999656677255,0.0,27.55349922180176
2016-10-02 20:00:00,37.10900115966797,10.052000045776367,33.21200180053711,7.88100004196167,4.2109999656677255,0.0,27.77300071716309
2016-10-02 21:00:00,37.277000427246094,12.39799976348877,32.569000244140625,9.435999870300291,4.2109999656677255,1.3539999723434448,27.993000030517567
2016-10-02 22:00:00,37.946998596191406,12.64900016784668,33.50699996948242,9.972000122070312,4.125999927520752,1.22599995136261,28.212499618530277
2016-10-02 23:00:00,35.518001556396484,12.229999542236328,32.89099884033203,10.185999870300291,2.697000026702881,0.0,28.4325008392334
2016-10-03 00:00:00,34.345001220703125,11.392000198364258,29.72800064086914,9.034000396728516,3.9340000152587886,1.5140000581741333,28.4325008392334
2016-10-03 01:00:00,35.685001373291016,11.47599983215332,32.112998962402344,9.409000396728516,3.954999923706055,0.0,28.65200042724609
2016-10-03 02:00:00,36.77399826049805,12.5649995803833,32.569000244140625,9.99899959564209,3.954999923706055,1.6419999599456787,28.65200042724609
2016-10-03 03:00:00,33.088001251220696,9.717000007629396,29.64699935913086,7.71999979019165,2.697000026702881,0.0,28.65200042724609
2016-10-03 04:00:00,34.17699813842773,11.727999687194824,29.9689998626709,9.11400032043457,3.986999988555908,1.4179999828338623,28.65250015258789
2016-10-03 05:00:00,37.19300079345703,13.234999656677244,33.588001251220696,10.668999671936035,4.061999797821045,0.0,28.65250015258789
2016-10-03 06:00:00,39.70600128173828,13.402999877929688,35.40999984741211,10.588000297546388,4.061999797821045,0.0,28.871999740600582
2016-10-03 07:00:00,36.77399826049805,12.229999542236328,33.963001251220696,10.427000045776367,2.8359999656677246,0.0,29.09199905395508
2016-10-03 08:00:00,34.512001037597656,10.220000267028809,30.45100021362305,7.479000091552732,4.105000019073486,1.343000054359436,29.5310001373291
2016-10-03 09:00:00,36.27199935913086,11.392000198364258,34.472000122070305,9.623000144958496,2.0580000877380367,0.0,29.750999450683597
2016-10-03 10:00:00,34.512001037597656,9.717000007629396,32.54199981689453,8.175999641418457,2.0580000877380367,0.0,29.97100067138672
2016-10-03 11:00:00,40.29199981689453,13.487000465393065,38.11800003051758,11.553000450134276,2.0580000877380367,0.0,32.167999267578125
2016-10-03 12:00:00,39.53799819946289,12.984000205993652,37.34000015258789,11.043999671936035,2.0580000877380367,0.0,35.903499603271484
2016-10-03 13:00:00,39.11999893188477,13.487000465393065,37.01900100708008,11.28499984741211,2.0580000877380367,0.0,38.10049819946289
2016-10-03 14:00:00,38.78499984741211,13.402999877929688,36.83100128173828,11.5,2.0580000877380367,0.0,40.73749923706055
2016-10-03 15:00:00,38.28200149536133,13.402999877929688,36.13399887084961,11.418999671936035,2.0580000877380367,0.0,41.61600112915039
2016-10-03 16:00:00,40.29199981689453,15.07800006866455,38.01100158691406,12.78600025177002,2.0580000877380367,0.0,40.73699951171875
2016-10-03 17:00:00,37.52799987792969,13.402999877929688,33.93600082397461,10.937000274658203,3.5290000438690186,0.0,39.41899871826172
2016-10-03 18:00:00,42.63800048828125,15.07800006866455,38.43899917602539,12.142999649047852,4.829999923706055,1.246999979019165,37.00199890136719
2016-10-03 19:00:00,40.125,12.732999801635742,35.141998291015625,9.729999542236328,4.829999923706055,1.2369999885559082,34.365001678466804
2016-10-03 20:00:00,42.97299957275391,14.407999992370604,38.46599960327149,11.28499984741211,4.829999923706055,1.22599995136261,32.60699844360352
2016-10-03 21:00:00,42.1349983215332,15.246000289916992,38.35900115966797,12.331000328063965,3.614000082015991,1.246999979019165,31.72900009155273
2016-10-03 22:00:00,40.71099853515625,14.743000030517578,37.58200073242188,12.357000350952148,3.625,0.0,30.85000038146973
2016-10-03 23:00:00,37.69599914550781,12.732999801635742,34.57899856567383,10.45400047302246,2.559000015258789,0.0,30.40999984741211
2016-10-04 00:00:00,35.85300064086914,12.229999542236328,32.91699981689453,10.347000122070312,2.45199990272522,0.0,29.5310001373291
2016-10-04 01:00:00,32.333999633789055,9.29800033569336,29.083999633789062,7.34499979019165,3.677999973297119,0.0,29.09199905395508
2016-10-04 02:00:00,30.743000030517567,8.208999633789062,27.636999130249023,6.380000114440918,3.561000108718872,0.0,29.09199905395508
2016-10-04 03:00:00,31.99900054931641,8.963000297546387,28.54800033569336,7.23799991607666,3.4760000705718994,0.0,28.65200042724609
2016-10-04 04:00:00,36.104000091552734,12.314000129699709,33.400001525878906,10.37399959564209,3.240999937057495,0.0,28.21299934387207
2016-10-04 05:00:00,37.52799987792969,12.815999984741213,34.713001251220696,10.776000022888184,3.240999937057495,0.0,27.77300071716309
2016-10-04 06:00:00,38.28200149536133,12.815999984741213,35.35699844360352,10.401000022888184,3.240999937057495,0.0,27.77300071716309
2016-10-04 07:00:00,33.25600051879883,10.722000122070312,30.77300071716309,9.006999969482422,2.0150001049041752,0.0,27.55349922180176
2016-10-04 08:00:00,33.25600051879883,9.717000007629396,30.61199951171875,8.041999816894531,2.0150001049041752,0.0,28.65200042724609
2016-10-04 09:00:00,36.858001708984375,10.973999977111816,34.49900054931641,9.220999717712402,3.2730000019073486,0.0,30.40999984741211
2016-10-04 10:00:00,37.025001525878906,11.979000091552734,34.60599899291992,9.91800022125244,3.2730000019073486,0.0,32.387500762939446
2016-10-04 11:00:00,41.29800033569336,13.98900032043457,38.81499862670898,11.954999923706056,3.2730000019073486,0.0,33.48600006103516
2016-10-04 12:00:00,38.95199966430664,12.815999984741213,37.0989990234375,10.937000274658203,2.0469999313354488,0.0,34.14550018310547
2016-10-04 13:00:00,39.790000915527344,13.654000282287598,37.608001708984375,11.607000350952148,2.0469999313354488,0.0,34.365001678466804
2016-10-04 14:00:00,40.459999084472656,14.407999992370604,38.573001861572266,12.357000350952148,2.0469999313354488,0.0,34.365001678466804
2016-10-04 15:00:00,37.44400024414063,13.402999877929688,35.2760009765625,11.392000198364258,2.0469999313354488,0.0,34.365001678466804
2016-10-04 16:00:00,40.87900161743164,14.324000358581545,39.16299819946289,12.303999900817873,2.0469999313354488,0.0,33.70600128173828
2016-10-04 17:00:00,42.55400085449219,13.904999732971191,39.48500061035156,11.607000350952148,2.0469999313354488,0.0,33.04700088500977
2016-10-04 18:00:00,41.2140007019043,13.654000282287598,38.09099960327149,11.071000099182127,2.0469999313354488,0.0,32.167999267578125
2016-10-04 19:00:00,33.92599868774414,10.38700008392334,31.06800079345703,8.578000068664549,3.26200008392334,0.0,31.72900009155273
2016-10-04 20:00:00,40.125,11.895000457763672,35.91999816894531,8.711999893188478,3.26200008392334,1.22599995136261,31.50900077819824
2016-10-04 21:00:00,41.71599960327149,14.407999992370604,37.20600128173828,10.937000274658203,4.48799991607666,1.22599995136261,31.069499969482425
2016-10-04 22:00:00,42.1349983215332,15.246000289916992,37.42100143432617,11.767999649047852,4.605999946594238,1.22599995136261,30.6299991607666
2016-10-04 23:00:00,38.198001861572266,12.229999542236328,34.1510009765625,9.56999969482422,4.510000228881836,1.406999945640564,30.40999984741211
2016-10-05 00:00:00,39.790000915527344,14.407999992370604,34.766998291015625,10.937000274658203,4.510000228881836,1.406999945640564,30.40999984741211
2016-10-05 01:00:00,38.44900131225586,13.319000244140623,33.667999267578125,9.91800022125244,4.285999774932861,1.3969999551773071,30.40999984741211
2016-10-05 02:00:00,39.0359992980957,13.654000282287598,33.80199813842773,10.133000373840332,4.285999774932861,1.3969999551773071,30.19050025939941
2016-10-05 03:00:00,37.025001525878906,12.815999984741213,32.83700180053711,9.91800022125244,4.370999813079834,1.5570000410079956,30.19050025939941
2016-10-05 04:00:00,37.36100006103516,13.234999656677244,33.238998413085945,10.29300022125244,4.370999813079834,1.5570000410079956,29.97100067138672
2016-10-05 05:00:00,38.617000579833984,13.73799991607666,34.17699813842773,10.347000122070312,4.381999969482422,1.2150000333786009,29.750999450683597
2016-10-05 06:00:00,35.60100173950195,11.727999687194824,32.810001373291016,9.595999717712402,3.006999969482422,0.0,29.5310001373291
2016-10-05 07:00:00,39.95700073242188,13.73799991607666,36.1879997253418,10.937000274658203,4.2220001220703125,0.0,29.5310001373291
2016-10-05 08:00:00,34.09400177001953,10.220000267028809,31.28199958801269,7.98799991607666,2.984999895095825,1.2580000162124634,30.40999984741211
2016-10-05 09:00:00,38.617000579833984,12.732999801635742,36.13399887084961,10.347000122070312,2.984999895095825,0.0,32.60699844360352
2016-10-05 10:00:00,37.277000427246094,12.145999908447266,34.65999984741211,9.91800022125244,2.984999895095825,0.0,36.34249877929688
2016-10-05 11:00:00,40.87900161743164,13.98900032043457,38.30500030517578,11.847999572753904,2.984999895095825,0.0,38.540000915527344
2016-10-05 12:00:00,41.04600143432617,13.821999549865724,38.573001861572266,11.392000198364258,2.984999895095825,0.0,37.44150161743164
2016-10-05 13:00:00,40.29199981689453,14.576000213623049,38.33200073242188,12.303999900817873,2.984999895095825,0.0,37.00149917602539
2016-10-05 14:00:00,36.27199935913086,12.5649995803833,34.12400054931641,10.508000373840332,2.984999895095825,0.0,37.22150039672852
2016-10-05 15:00:00,39.790000915527344,14.743000030517578,37.79600143432617,11.954999923706056,2.984999895095825,0.0,38.10049819946289
2016-10-05 16:00:00,39.70600128173828,13.73799991607666,37.71599960327149,11.446000099182127,1.7380000352859497,0.0,38.10049819946289
2016-10-05 17:00:00,39.0359992980957,12.64900016784668,34.847000122070305,9.515999794006348,4.169000148773193,1.2150000333786009,37.44100189208984
2016-10-05 18:00:00,44.14599990844727,14.743000030517578,39.91400146484375,11.33899974822998,4.169000148773193,1.2150000333786009,36.12300109863281
2016-10-05 19:00:00,38.53300094604492,10.973999977111816,35.0620002746582,8.52400016784668,4.1579999923706055,1.2150000333786009,34.80500030517578
2016-10-05 20:00:00,41.71599960327149,12.64900016784668,36.96500015258789,9.11400032043457,5.491000175476074,2.4730000495910645,33.48600006103516
2016-10-05 21:00:00,39.20299911499024,13.234999656677244,35.35699844360352,10.267000198364258,4.829999923706055,1.3650000095367432,32.60699844360352
2016-10-05 22:00:00,43.05699920654297,14.91100025177002,38.30500030517578,11.579999923706056,4.361000061035156,1.2899999618530271,32.167999267578125
2016-10-05 23:00:00,39.874000549316406,14.072999954223633,35.25,10.74899959564209,3.891000032424927,1.3650000095367432,31.72900009155273
2016-10-06 00:00:00,35.518001556396484,12.64900016784668,30.961000442504893,9.677000045776367,4.935999870300293,1.3650000095367432,31.72900009155273
2016-10-06 01:00:00,38.53300094604492,13.319000244140623,34.391998291015625,10.105999946594238,3.795000076293945,1.3650000095367432,31.28899955749512
2016-10-06 02:00:00,34.429000854492195,11.895000457763672,30.316999435424805,8.925999641418457,3.561000108718872,1.3650000095367432,30.85000038146973
2016-10-06 03:00:00,33.590999603271484,11.309000015258787,29.37899971008301,8.390000343322754,5.011000156402588,1.3650000095367432,30.40999984741211
2016-10-06 04:00:00,33.84199905395508,12.229999542236328,29.70100021362305,9.220999717712402,4.797999858856201,1.3650000095367432,29.97100067138672
2016-10-06 05:00:00,38.95199966430664,13.487000465393065,34.257999420166016,10.401000022888184,4.499000072479248,1.3650000095367432,29.31150054931641
2016-10-06 06:00:00,40.29199981689453,13.98900032043457,35.91999816894531,10.989999771118164,4.499000072479248,1.3650000095367432,28.871999740600582
2016-10-06 07:00:00,39.95700073242188,13.904999732971191,36.3489990234375,10.614999771118164,4.190000057220459,1.22599995136261,28.871999740600582
2016-10-06 08:00:00,35.349998474121094,10.638999938964844,31.09499931335449,7.585999965667725,4.2220001220703125,1.22599995136261,29.31150054931641
2016-10-06 09:00:00,37.69599914550781,11.5600004196167,34.65999984741211,9.034000396728516,2.8359999656677246,1.2369999885559082,29.97050094604492
2016-10-06 10:00:00,37.77899932861328,12.64900016784668,35.35699844360352,10.588000297546388,2.8359999656677246,0.0,31.069499969482425
2016-10-06 11:00:00,42.55400085449219,15.07800006866455,38.86800003051758,11.928999900817873,2.8359999656677246,1.3009999990463257,32.167999267578125
2016-10-06 12:00:00,39.20299911499024,12.984000205993652,36.992000579833984,10.803000450134276,2.8359999656677246,0.0,33.04650115966797
2016-10-06 13:00:00,37.946998596191406,13.067999839782717,34.766998291015625,10.722000122070312,2.8359999656677246,0.0,33.486499786376946
2016-10-06 14:00:00,37.10900115966797,12.5649995803833,35.141998291015625,10.508000373840332,2.8359999656677246,0.0,33.486499786376946
2016-10-06 15:00:00,41.04600143432617,14.91100025177002,37.79600143432617,11.875,2.8359999656677246,1.3220000267028809,33.70600128173828
2016-10-06 16:00:00,41.71599960327149,14.91100025177002,38.14500045776367,12.03600025177002,2.8359999656677246,1.22599995136261,33.70600128173828
2016-10-06 17:00:00,44.39699935913086,15.664999961853027,39.94100189208984,11.954999923706056,4.178999900817871,1.3860000371932983,32.387500762939446
2016-10-06 18:00:00,43.391998291015625,14.91100025177002,39.055999755859375,11.66100025177002,4.178999900817871,1.3220000267028809,31.069499969482425
2016-10-06 19:00:00,40.71099853515625,12.5649995803833,34.632999420166016,8.578000068664549,5.714000225067139,1.3220000267028809,30.19050025939941
2016-10-06 20:00:00,39.37099838256836,11.895000457763672,34.955001831054695,8.711999893188478,4.446000099182129,1.3220000267028809,29.750999450683597
2016-10-06 21:00:00,41.88399887084961,13.821999549865724,38.14500045776367,10.803000450134276,4.48799991607666,1.3220000267028809,29.31150054931641
2016-10-06 22:00:00,42.55400085449219,14.91100025177002,37.608001708984375,11.258000373840332,5.736000061035156,1.3220000267028809,29.31150054931641
2016-10-06 23:00:00,40.459999084472656,14.407999992370604,37.2599983215332,11.472999572753904,4.040999889373778,1.3220000267028809,29.09199905395508
2016-10-07 00:00:00,38.78499984741211,13.98900032043457,33.292999267578125,10.401000022888184,5.043000221252441,1.3220000267028809,28.65200042724609
2016-10-07 01:00:00,39.53799819946289,13.487000465393065,34.472000122070305,10.052000045776367,5.10699987411499,2.559000015258789,28.21299934387207
2016-10-07 02:00:00,36.68999862670898,12.062999725341797,31.416000366210927,8.657999992370605,5.10699987411499,2.559000015258789,25.576499938964844
2016-10-07 03:00:00,38.36600112915039,13.152000427246096,33.05099868774414,9.91800022125244,5.10699987411499,1.2580000162124634,24.91699981689453
2016-10-07 04:00:00,37.025001525878906,12.984000205993652,32.22100067138672,9.91800022125244,5.127999782562256,1.3109999895095823,25.136999130249023
2016-10-07 05:00:00,37.10900115966797,12.815999984741213,33.31999969482422,10.37399959564209,3.433000087738037,0.0,25.57600021362305
2016-10-07 06:00:00,36.27199935913086,12.314000129699709,32.35499954223633,9.99899959564209,4.702000141143799,0.0,25.79599952697754
2016-10-07 07:00:00,39.11999893188477,13.487000465393065,34.12400054931641,10.427000045776367,4.776000022888184,1.4179999828338623,26.23550033569336
2016-10-07 08:00:00,37.61199951171875,11.979000091552734,32.273998260498054,8.470999717712402,4.776000022888184,1.4179999828338623,26.67499923706055
2016-10-07 09:00:00,39.37099838256836,11.895000457763672,36.027000427246094,9.302000045776367,3.059999942779541,0.0,26.67499923706055
2016-10-07 10:00:00,36.60699844360352,10.470999717712402,32.67599868774414,8.015000343322754,3.059999942779541,1.2899999618530271,26.015499114990234
2016-10-07 11:00:00,35.85300064086914,10.722000122070312,32.112998962402344,8.685000419616701,4.381999969482422,0.0,25.35650062561035
2016-10-07 12:00:00,40.54399871826172,11.644000053405762,37.34000015258789,9.354999542236328,3.16599988937378,0.0,23.818500518798828
2016-10-07 13:00:00,39.0359992980957,11.895000457763672,36.696998596191406,10.07900047302246,3.16599988937378,0.0,23.37849998474121
2016-10-07 14:00:00,39.0359992980957,12.64900016784668,36.1879997253418,10.31999969482422,3.16599988937378,0.0,23.37849998474121
2016-10-07 15:00:00,42.55400085449219,13.319000244140623,39.53799819946289,10.803000450134276,3.16599988937378,0.0,23.818500518798828
2016-10-07 16:00:00,43.05699920654297,13.402999877929688,39.69900131225586,10.829999923706056,3.16599988937378,0.0,24.477500915527344
2016-10-07 17:00:00,46.49100112915039,14.659000396728516,41.84400177001953,10.96399974822998,5.660999774932861,1.6100000143051147,24.477500915527344
2016-10-07 18:00:00,45.48600006103516,13.402999877929688,40.79800033569336,9.972000122070312,4.446000099182129,1.3969999551773071,24.477500915527344
2016-10-07 19:00:00,41.632999420166016,11.47599983215332,36.08100128173828,8.36299991607666,4.402999877929688,1.22599995136261,24.477500915527344
2016-10-07 20:00:00,42.72200012207031,11.392000198364258,37.608001708984375,8.255999565124513,5.309000015258789,1.4390000104904177,24.477500915527344
2016-10-07 21:00:00,42.47000122070313,11.895000457763672,37.5009994506836,8.685000419616701,5.267000198364258,1.3539999723434448,24.477500915527344
2016-10-07 22:00:00,42.47000122070313,13.152000427246096,37.98400115966797,10.159000396728516,5.235000133514403,1.3329999446868896,25.136999130249023
2016-10-07 23:00:00,41.38100051879883,13.402999877929688,36.45600128173828,9.94499969482422,5.127999782562256,1.2369999885559082,25.57600021362305
2016-10-08 00:00:00,40.54399871826172,13.402999877929688,36.0,10.267000198364258,3.6459999084472656,1.2580000162124634,26.016000747680664
2016-10-08 01:00:00,34.847000122070305,10.55500030517578,31.06800079345703,8.095000267028809,4.702000141143799,1.343000054359436,26.23550033569336
2016-10-08 02:00:00,33.757999420166016,9.885000228881836,29.298999786376957,7.532000064849853,4.797999858856201,1.2580000162124634,26.45499992370605
2016-10-08 03:00:00,29.15099906921387,8.628000259399414,24.5,6.111999988555907,4.797999858856201,1.5889999866485596,26.45499992370605
2016-10-08 04:00:00,33.005001068115234,9.717000007629396,29.27199935913086,7.61299991607666,4.787000179290772,1.2150000333786009,26.45499992370605
2016-10-08 05:00:00,38.95199966430664,11.979000091552734,34.23099899291992,9.354999542236328,4.74399995803833,1.2690000534057615,26.45499992370605
2016-10-08 06:00:00,38.70100021362305,11.727999687194824,34.097000122070305,8.819000244140625,4.74399995803833,1.2150000333786009,26.016000747680664
2016-10-08 07:00:00,40.20899963378906,12.314000129699709,35.73199844360352,9.248000144958496,4.573999881744385,1.2580000162124634,25.79599952697754
2016-10-08 08:00:00,36.77399826049805,9.633000373840332,32.112998962402344,6.888999938964844,4.563000202178955,1.2580000162124634,26.23550033569336
2016-10-08 09:00:00,41.54899978637695,12.480999946594238,38.41299819946289,9.756999969482422,3.2939999103546143,0.0,28.21299934387207
2016-10-08 10:00:00,36.68999862670898,9.21399974822998,33.90900039672852,7.130000114440918,2.0580000877380367,0.0,31.069499969482425
2016-10-08 11:00:00,38.28200149536133,11.810999870300291,35.222999572753906,9.220999717712402,3.2730000019073486,0.0,33.04650115966797
2016-10-08 12:00:00,41.2140007019043,14.491999626159668,38.59999847412109,11.33899974822998,3.26200008392334,1.2790000438690186,31.28899955749512
2016-10-08 13:00:00,41.38100051879883,14.743000030517578,39.13600158691406,12.41100025177002,3.26200008392334,0.0,32.82699966430664
2016-10-08 14:00:00,41.71599960327149,14.324000358581545,39.56499862670898,11.553000450134276,3.26200008392334,0.0,34.80500030517578
2016-10-08 15:00:00,40.87900161743164,13.56999969482422,37.90299987792969,10.803000450134276,3.26200008392334,0.0,35.24399948120117
2016-10-08 16:00:00,42.72200012207031,13.487000465393065,38.86800003051758,10.37399959564209,3.336999893188477,1.2150000333786009,34.365501403808594
2016-10-08 17:00:00,45.48600006103516,14.491999626159668,40.23500061035156,10.45400047302246,4.552000045776367,2.505000114440918,33.04700088500977
2016-10-08 18:00:00,46.65900039672852,14.659000396728516,41.54899978637695,10.614999771118164,4.894000053405762,1.4709999561309814,31.28899955749512
2016-10-08 19:00:00,38.86800003051758,10.052000045776367,35.49100112915039,7.559000015258789,2.9110000133514404,0.0,29.5310001373291
2016-10-08 20:00:00,41.04600143432617,13.234999656677244,38.14500045776367,10.31999969482422,4.169000148773193,0.0,28.21299934387207
2016-10-08 21:00:00,44.56499862670898,15.496999740600586,40.77199935913086,11.954999923706056,2.8570001125335693,1.406999945640564,27.333999633789062
2016-10-08 22:00:00,40.04100036621094,13.98900032043457,36.05400085449219,10.855999946594238,4.232999801635741,1.6419999599456787,26.895000457763672
2016-10-08 23:00:00,38.28200149536133,13.487000465393065,33.69499969482422,10.31999969482422,4.243000030517578,1.2150000333786009,26.45499992370605
2016-10-09 00:00:00,39.11999893188477,13.73799991607666,35.73199844360352,11.178000450134276,4.243000030517578,1.406999945640564,25.57600021362305
2016-10-09 01:00:00,38.86800003051758,13.234999656677244,34.98199844360352,10.347000122070312,4.072999954223634,1.493000030517578,24.477500915527344
2016-10-09 02:00:00,37.36100006103516,12.984000205993652,34.9010009765625,10.776000022888184,2.4089999198913574,0.0,23.598499298095703
2016-10-09 03:00:00,36.77399826049805,12.899999618530272,33.13199996948242,10.31999969482422,3.753000020980835,1.2150000333786009,23.15900039672852
2016-10-09 04:00:00,36.77399826049805,12.815999984741213,34.28499984741211,10.722000122070312,2.259999990463257,0.0,23.15900039672852
2016-10-09 05:00:00,34.93099975585937,12.229999542236328,31.871999740600582,10.133000373840332,3.614000082015991,0.0,22.93899917602539
2016-10-09 06:00:00,41.71599960327149,14.407999992370604,37.5009994506836,11.366000175476074,3.496999979019165,1.22599995136261,22.280500411987305
2016-10-09 07:00:00,39.874000549316406,13.487000465393065,37.42100143432617,11.392000198364258,2.1540000438690186,0.0,21.401500701904297
2016-10-09 08:00:00,37.025001525878906,11.225000381469728,32.91699981689453,8.282999992370605,4.787000179290772,1.406999945640564,22.5
2016-10-09 09:00:00,39.0359992980957,14.156999588012695,36.50899887084961,11.5,2.3350000381469727,1.22599995136261,25.136999130249023
2016-10-09 10:00:00,33.17200088500977,8.795999526977539,29.88800048828125,6.138999938964844,3.5720000267028813,1.5349999666213991,27.55349922180176
2016-10-09 11:00:00,36.60699844360352,10.722000122070312,33.15900039672852,7.639999866485598,3.5720000267028813,1.5349999666213991,29.31150054931641
2016-10-09 12:00:00,31.16200065612793,7.539000034332275,28.25300025939941,5.548999786376953,2.3350000381469727,0.0,30.410499572753903
2016-10-09 13:00:00,35.93600082397461,10.890000343322754,33.47999954223633,8.550999641418457,3.4649999141693115,1.2150000333786009,31.947999954223643
2016-10-09 14:00:00,36.27199935913086,10.13599967956543,32.72999954223633,7.532000064849853,3.4649999141693115,1.2369999885559082,32.607498168945305
2016-10-09 15:00:00,32.250999450683594,9.381999969482422,29.37899971008301,6.755000114440918,3.36899995803833,1.2790000438690186,31.728500366210927
2016-10-09 16:00:00,33.674999237060554,9.381999969482422,31.22900009155273,7.077000141143799,3.36899995803833,1.2790000438690186,30.410499572753903
2016-10-09 17:00:00,41.632999420166016,11.309000015258787,37.93000030517578,8.121999740600586,3.401000022888184,1.5670000314712524,29.5314998626709
2016-10-09 18:00:00,47.07799911499024,13.152000427246096,41.81700134277344,9.16800022125244,4.638000011444092,1.2150000333786009,28.4325008392334
2016-10-09 19:00:00,42.1349983215332,10.052000045776367,37.42100143432617,6.5939998626708975,4.808000087738037,1.2150000333786009,26.895000457763672
2016-10-09 20:00:00,40.459999084472656,11.47599983215332,34.955001831054695,7.665999889373777,5.756999969482423,2.45199990272522,26.016000747680664
2016-10-09 21:00:00,43.81100082397461,14.324000358581545,39.69900131225586,10.776000022888184,4.455999851226807,2.45199990272522,25.57600021362305
2016-10-09 22:00:00,44.0620002746582,14.659000396728516,38.84199905395508,10.427000045776367,4.455999851226807,2.45199990272522,24.91699981689453
2016-10-09 23:00:00,41.38100051879883,13.821999549865724,36.80400085449219,10.052000045776367,4.679999828338623,1.2580000162124634,24.477500915527344
2016-10-10 00:00:00,39.37099838256836,13.319000244140623,35.70500183105469,10.267000198364258,2.9210000038146973,1.5889999866485596,24.477500915527344
2016-10-10 01:00:00,38.78499984741211,12.480999946594238,34.01599884033203,9.274999618530272,4.201000213623047,1.3220000267028809,24.038000106811523
2016-10-10 02:00:00,36.27199935913086,11.5600004196167,33.90900039672852,9.381999969482422,2.632999897003174,0.0,23.598499298095703
2016-10-10 03:00:00,39.37099838256836,11.47599983215332,35.518001556396484,8.630999565124513,3.848999977111816,1.2369999885559082,23.37899971008301
2016-10-10 04:00:00,37.61199951171875,10.722000122070312,32.89099884033203,7.585999965667725,3.848999977111816,1.493000030517578,22.93899917602539
2016-10-10 05:00:00,38.44900131225586,11.5600004196167,33.31999969482422,8.229000091552733,4.74399995803833,1.493000030517578,22.06100082397461
2016-10-10 06:00:00,37.61199951171875,10.13599967956543,33.13199996948242,7.317999839782715,4.626999855041504,1.3650000095367432,21.621000289916992
2016-10-10 07:00:00,37.61199951171875,9.885000228881836,35.40999984741211,8.175999641418457,4.563000202178955,1.4179999828338623,21.840999603271484
2016-10-10 08:00:00,38.11399841308594,9.633000373840332,32.78300094604492,6.138999938964844,4.563000202178955,1.4179999828338623,23.15900039672852
2016-10-10 09:00:00,37.44400024414063,10.13599967956543,34.57899856567383,7.184000015258789,3.16599988937378,1.4179999828338623,25.57600021362305
2016-10-10 10:00:00,37.025001525878906,9.29800033569336,34.928001403808594,6.809000015258789,1.866000056266785,1.22599995136261,28.65200042724609
2016-10-10 11:00:00,42.72200012207031,12.732999801635742,39.45800018310547,9.48900032043457,3.0810000896453857,1.22599995136261,29.5310001373291
2016-10-10 12:00:00,43.55899810791016,14.072999954223633,40.82500076293945,11.392000198364258,3.16599988937378,0.0,30.6299991607666
2016-10-10 13:00:00,42.303001403808594,14.576000213623049,39.86000061035156,11.607000350952148,1.919000029563904,0.0,30.410499572753903
2016-10-10 14:00:00,41.79999923706055,15.07800006866455,40.20899963378906,12.491000175476074,1.9299999475479128,0.0,31.94849967956543
2016-10-10 15:00:00,41.46500015258789,14.743000030517578,39.887001037597656,12.277000427246096,1.9299999475479128,0.0,33.486499786376946
2016-10-10 16:00:00,45.82099914550781,15.748000144958494,41.040000915527344,11.982000350952148,4.59499979019165,1.2150000333786009,32.167999267578125
2016-10-10 17:00:00,45.73699951171875,15.329999923706056,41.54899978637695,11.5,4.4780001640319815,1.2150000333786009,31.069499969482425
2016-10-10 18:00:00,49.00400161743164,15.748000144958494,43.66699981689453,11.553000450134276,4.317999839782715,1.3220000267028809,29.750999450683597
2016-10-10 19:00:00,42.55400085449219,11.140999794006348,37.608001708984375,7.61299991607666,4.370999813079834,1.3220000267028809,29.09199905395508
2016-10-10 20:00:00,43.97800064086914,12.64900016784668,38.94900131225586,8.711999893188478,4.85099983215332,1.2369999885559082,28.65200042724609
2016-10-10 21:00:00,45.82099914550781,13.56999969482422,41.30799865722656,9.756999969482422,4.947000026702881,2.4730000495910645,27.993000030517567
2016-10-10 22:00:00,43.97800064086914,13.487000465393065,38.38600158691406,9.381999969482422,4.690999984741211,1.3329999446868896,27.55349922180176
2016-10-10 23:00:00,42.55400085449219,13.487000465393065,37.2599983215332,9.48900032043457,4.616000175476074,1.4819999933242798,27.11450004577637
2016-10-11 00:00:00,39.874000549316406,12.39799976348877,36.5629997253418,9.302000045776367,4.552000045776367,1.5140000581741333,26.67499923706055
2016-10-11 01:00:00,39.874000549316406,11.644000053405762,35.222999572753906,8.175999641418457,4.552000045776367,1.5140000581741333,26.67499923706055
2016-10-11 02:00:00,39.874000549316406,11.810999870300291,34.391998291015625,7.960999965667725,4.626999855041504,1.5140000581741333,26.23550033569336
2016-10-11 03:00:00,36.52299880981445,10.303000450134276,33.613998413085945,7.665999889373777,2.9749999046325684,1.5140000581741333,26.23550033569336
2016-10-11 04:00:00,37.52799987792969,11.057000160217283,32.30099868774414,7.77400016784668,4.48799991607666,1.4609999656677246,26.23550033569336
2016-10-11 05:00:00,36.77399826049805,10.55500030517578,32.810001373291016,7.88100004196167,3.2090001106262207,1.4290000200271606,25.79599952697754
2016-10-11 06:00:00,40.62699890136719,11.895000457763672,35.893001556396484,8.73900032043457,4.584000110626222,1.4290000200271606,25.57600021362305
2016-10-11 07:00:00,42.387001037597656,12.480999946594238,38.06399917602539,9.435999870300291,4.519999980926514,1.22599995136261,25.35650062561035
2016-10-11 08:00:00,36.60699844360352,10.220000267028809,32.97100067138672,7.532000064849853,4.519999980926514,1.662999987602234,25.79599952697754
2016-10-11 09:00:00,42.88899993896485,14.156999588012695,39.94100189208984,11.312000274658203,2.9210000038146973,1.2150000333786009,26.23550033569336
2016-10-11 10:00:00,39.0359992980957,11.644000053405762,35.678001403808594,8.657999992370605,2.9210000038146973,1.22599995136261,27.11450004577637
2016-10-11 11:00:00,41.79999923706055,11.979000091552734,39.64599990844727,9.48900032043457,2.9210000038146973,0.0,27.773500442504893
2016-10-11 12:00:00,41.71599960327149,13.319000244140623,39.80699920654297,10.722000122070312,2.9210000038146973,0.0,28.212499618530277
2016-10-11 13:00:00,40.54399871826172,13.487000465393065,37.42100143432617,10.588000297546388,2.9210000038146973,1.246999979019165,28.4325008392334
2016-10-11 14:00:00,40.04100036621094,13.904999732971191,37.1259994506836,11.204999923706056,2.9210000038146973,1.5570000410079956,28.4325008392334
2016-10-11 15:00:00,43.47600173950195,14.324000358581545,40.87900161743164,11.526000022888184,2.9210000038146973,0.0,28.4325008392334
2016-10-11 16:00:00,39.95700073242188,12.899999618530272,37.742000579833984,10.31999969482422,2.9210000038146973,0.0,28.21299934387207
2016-10-11 17:00:00,47.915000915527344,14.91100025177002,42.70199966430664,10.96399974822998,4.125999927520752,1.5140000581741333,27.77300071716309
2016-10-11 18:00:00,48.41799926757813,15.246000289916992,43.96099853515625,11.151000022888184,4.243000030517578,1.5140000581741333,27.77300071716309
2016-10-11 19:00:00,40.71099853515625,11.140999794006348,36.3489990234375,7.639999866485598,4.541999816894531,1.5140000581741333,27.333999633789062
2016-10-11 20:00:00,41.04600143432617,10.55500030517578,36.0,6.835000038146973,4.541999816894531,1.5140000581741333,27.333999633789062
2016-10-11 21:00:00,46.65900039672852,14.994000434875488,41.36100006103516,10.668999671936035,6.204999923706055,1.5140000581741333,26.895000457763672
2016-10-11 22:00:00,44.3129997253418,14.659000396728516,39.35100173950195,10.803000450134276,4.232999801635741,1.2690000534057615,26.45499992370605
2016-10-11 23:00:00,40.459999084472656,13.067999839782717,36.375,9.838000297546388,4.947000026702881,2.569000005722046,26.45499992370605
2016-10-12 00:00:00,38.53300094604492,12.480999946594238,34.06999969482422,9.461999893188477,4.061999797821045,1.22599995136261,25.35650062561035
2016-10-12 01:00:00,39.95700073242188,12.145999908447266,36.13399887084961,9.32800006866455,4.008999824523927,1.3009999990463257,23.15900039672852
2016-10-12 02:00:00,38.198001861572266,11.225000381469728,34.472000122070305,8.578000068664549,3.1559998989105225,1.493000030517578,22.71949958801269
2016-10-12 03:00:00,34.261001586914055,10.38700008392334,31.871999740600582,8.14900016784668,2.377000093460083,0.0,22.93899917602539
2016-10-12 04:00:00,36.94200134277344,11.225000381469728,32.46200180053711,8.229000091552733,3.785000085830689,2.463000059127808,22.71949958801269
2016-10-12 05:00:00,39.0359992980957,12.314000129699709,35.972999572753906,9.890999794006348,3.36899995803833,0.0,22.5
2016-10-12 06:00:00,38.03099822998047,11.895000457763672,34.713001251220696,9.595999717712402,3.0699999332427983,0.0,21.840999603271484
2016-10-12 07:00:00,40.71099853515625,12.815999984741213,36.96500015258789,9.94499969482422,4.040999889373778,1.2899999618530271,22.06100082397461
2016-10-12 08:00:00,34.93099975585937,9.717000007629396,31.17499923706055,7.184000015258789,4.040999889373778,1.2369999885559082,22.71949958801269
2016-10-12 09:00:00,39.790000915527344,12.145999908447266,37.15299987792969,9.302000045776367,2.815000057220459,1.2150000333786009,23.598499298095703
2016-10-12 10:00:00,40.71099853515625,11.644000053405762,37.6349983215332,8.36299991607666,2.815000057220459,1.2150000333786009,25.136999130249023
2016-10-12 11:00:00,43.89400100708008,13.904999732971191,41.84400177001953,10.829999923706056,2.815000057220459,1.2899999618530271,25.57600021362305
2016-10-12 12:00:00,44.229000091552734,13.73799991607666,41.11999893188477,10.53499984741211,2.815000057220459,1.246999979019165,26.016000747680664
2016-10-12 13:00:00,43.30799865722656,14.241000175476074,40.87900161743164,11.312000274658203,2.815000057220459,1.2150000333786009,27.11450004577637
2016-10-12 14:00:00,42.05199813842773,14.241000175476074,39.887001037597656,11.366000175476074,2.815000057220459,1.2150000333786009,27.993000030517567
2016-10-12 15:00:00,44.39699935913086,14.82699966430664,40.66400146484375,11.633999824523926,2.815000057220459,1.2369999885559082,28.4325008392334
2016-10-12 16:00:00,41.96799850463867,13.152000427246096,39.02899932861328,10.29300022125244,2.719000101089477,1.2369999885559082,28.4325008392334
2016-10-12 17:00:00,48.08300018310547,14.994000434875488,42.67499923706055,10.614999771118164,5.383999824523926,2.483999967575073,28.4325008392334
2016-10-12 18:00:00,48.91999816894531,15.246000289916992,43.69300079345703,10.883000373840332,5.447999954223633,1.22599995136261,27.993000030517567
2016-10-12 19:00:00,41.96799850463867,11.5600004196167,38.46599960327149,8.282999992370605,3.986999988555908,1.22599995136261,27.55349922180176
2016-10-12 20:00:00,44.900001525878906,13.067999839782717,40.50299835205078,9.515999794006348,5.276999950408936,1.524999976158142,27.11450004577637
2016-10-12 21:00:00,44.900001525878906,13.98900032043457,40.63800048828125,10.508000373840332,4.030000209808351,1.22599995136261,26.895000457763672
2016-10-12 22:00:00,42.63800048828125,13.234999656677244,38.73400115966797,9.99899959564209,4.030000209808351,1.22599995136261,26.67499923706055
2016-10-12 23:00:00,41.88399887084961,12.480999946594238,38.0369987487793,9.354999542236328,4.190000057220459,1.2150000333786009,26.45499992370605
2016-10-13 00:00:00,40.20899963378906,12.64900016784668,36.483001708984375,9.595999717712402,4.040999889373778,1.4179999828338623,26.45499992370605
2016-10-13 01:00:00,39.20299911499024,11.5600004196167,35.303001403808594,8.36299991607666,4.040999889373778,1.4179999828338623,26.23550033569336
2016-10-13 02:00:00,39.0359992980957,11.5600004196167,34.98199844360352,8.282999992370605,3.858999967575073,1.3109999895095823,26.23550033569336
2016-10-13 03:00:00,38.36600112915039,11.225000381469728,35.35699844360352,8.52400016784668,3.858999967575073,1.3109999895095823,26.23550033569336
2016-10-13 04:00:00,39.53799819946289,11.979000091552734,35.35699844360352,8.791999816894531,3.9660000801086426,1.3109999895095823,26.23550033569336
2016-10-13 05:00:00,40.62699890136719,12.314000129699709,37.18000030517578,9.248000144958496,3.954999923706055,1.3109999895095823,25.57600021362305
2016-10-13 06:00:00,37.61199951171875,11.057000160217283,33.64099884033203,8.36299991607666,3.954999923706055,1.2690000534057615,25.57600021362305
2016-10-13 07:00:00,43.391998291015625,12.39799976348877,38.17100143432617,9.220999717712402,4.254000186920166,1.22599995136261,25.57600021362305
2016-10-13 08:00:00,36.94200134277344,9.633000373840332,32.35499954223633,6.486999988555907,4.254000186920166,1.22599995136261,25.35650062561035
2016-10-13 09:00:00,43.30799865722656,13.73799991607666,40.55699920654297,10.90999984741211,2.984999895095825,0.0,26.016000747680664
2016-10-13 10:00:00,38.95199966430664,10.220000267028809,36.0,8.041999816894531,2.984999895095825,0.0,26.23550033569336
2016-10-13 11:00:00,42.47000122070313,11.47599983215332,39.53799819946289,8.845999717712402,2.984999895095825,0.0,26.67499923706055
2016-10-13 12:00:00,41.04600143432617,12.480999946594238,38.06399917602539,9.99899959564209,3.11299991607666,0.0,27.11450004577637
2016-10-13 13:00:00,43.391998291015625,14.241000175476074,40.04800033569336,11.472999572753904,3.11299991607666,0.0,27.333999633789062
2016-10-13 14:00:00,40.54399871826172,13.73799991607666,37.5009994506836,11.071000099182127,3.11299991607666,0.0,27.333999633789062
2016-10-13 15:00:00,41.04600143432617,14.241000175476074,38.30500030517578,11.526000022888184,3.11299991607666,0.0,27.333999633789062
2016-10-13 16:00:00,47.07799911499024,16.250999450683597,42.72800064086914,12.437999725341797,4.381999969482422,1.6100000143051147,27.11450004577637
2016-10-13 17:00:00,49.50699996948242,16.083000183105472,43.15700149536133,11.526000022888184,5.651000022888184,1.6100000143051147,27.11450004577637
2016-10-13 18:00:00,48.584999084472656,15.748000144958494,43.23799896240234,11.607000350952148,5.736000061035156,1.6100000143051147,26.895000457763672
2016-10-13 19:00:00,44.983001708984375,13.904999732971191,38.81499862670898,9.56999969482422,5.736000061035156,1.6100000143051147,26.67499923706055
2016-10-13 20:00:00,44.900001525878906,13.487000465393065,39.512001037597656,9.623000144958496,5.2129998207092285,1.246999979019165,25.57600021362305
2016-10-13 21:00:00,45.65399932861328,14.659000396728516,41.73699951171875,11.017000198364258,3.954999923706055,1.3860000371932983,24.257999420166016
2016-10-13 22:00:00,44.39699935913086,14.576000213623049,38.70800018310547,10.614999771118164,5.203000068664551,1.3860000371932983,24.257999420166016
2016-10-13 23:00:00,43.55899810791016,14.241000175476074,38.46599960327149,10.401000022888184,5.14900016784668,1.3860000371932983,24.477500915527344
2016-10-14 00:00:00,40.62699890136719,13.904999732971191,36.0,10.185999870300291,4.9790000915527335,1.3860000371932983,24.477500915527344
2016-10-14 01:00:00,40.04100036621094,12.480999946594238,35.007999420166016,9.086999893188477,4.9790000915527335,1.3860000371932983,24.477500915527344
2016-10-14 02:00:00,40.125,12.39799976348877,35.518001556396484,9.140999794006348,4.947000026702881,1.3009999990463257,24.477500915527344
2016-10-14 03:00:00,39.0359992980957,12.314000129699709,34.65999984741211,8.845999717712402,3.688999891281128,1.3009999990463257,24.257999420166016
2016-10-14 04:00:00,39.874000549316406,12.64900016784668,35.7859992980957,9.54300022125244,4.48799991607666,1.3539999723434448,22.71949958801269
2016-10-14 05:00:00,40.87900161743164,12.899999618530272,36.1879997253418,9.435999870300291,4.414000034332275,1.503000020980835,22.280500411987305
2016-10-14 06:00:00,38.78499984741211,12.314000129699709,33.775001525878906,9.086999893188477,4.541999816894531,1.503000020980835,22.06100082397461
2016-10-14 07:00:00,42.21900177001953,13.402999877929688,37.01900100708008,9.838000297546388,4.519999980926514,1.3329999446868896,21.840999603271484
2016-10-14 08:00:00,38.198001861572266,11.140999794006348,33.963001251220696,8.14900016784668,4.552000045776367,1.3329999446868896,22.71949958801269
2016-10-14 09:00:00,44.3129997253418,15.161999702453612,41.38800048828125,12.116000175476074,3.2090001106262207,0.0,22.93899917602539
2016-10-14 10:00:00,38.86800003051758,10.722000122070312,36.402000427246094,8.444000244140625,3.2090001106262207,0.0,23.37899971008301
2016-10-14 11:00:00,42.63800048828125,12.480999946594238,39.00199890136719,9.48900032043457,3.2090001106262207,1.2899999618530271,23.81800079345703
2016-10-14 12:00:00,43.14099884033203,13.152000427246096,40.39599990844727,10.239999771118164,3.2090001106262207,0.0,23.598499298095703
2016-10-14 13:00:00,44.14599990844727,15.07800006866455,40.61100006103516,12.062999725341797,3.2090001106262207,0.0,23.81800079345703
2016-10-14 14:00:00,40.9630012512207,13.402999877929688,38.27899932861328,10.722000122070312,3.2090001106262207,0.0,24.477500915527344
2016-10-14 15:00:00,45.48600006103516,15.246000289916992,42.00500106811523,12.142999649047852,3.2090001106262207,1.2150000333786009,24.257999420166016
2016-10-14 16:00:00,46.40700149536133,15.581000328063965,42.54100036621094,12.116000175476074,3.2090001106262207,1.2150000333786009,24.477500915527344
2016-10-14 17:00:00,48.75299835205078,16.166999816894528,43.23799896240234,11.847999572753904,5.629000186920166,1.5460000038146973,25.35650062561035
2016-10-14 18:00:00,48.08300018310547,14.91100025177002,43.45199966430664,11.071000099182127,4.243000030517578,1.5460000038146973,25.79599952697754
2016-10-14 19:00:00,43.47600173950195,12.39799976348877,37.93000030517578,8.578000068664549,5.5329999923706055,1.5460000038146973,26.23550033569336
2016-10-14 20:00:00,41.79999923706055,11.810999870300291,36.50899887084961,8.203000068664549,5.244999885559082,1.2690000534057615,26.23550033569336
2016-10-14 21:00:00,44.3129997253418,14.324000358581545,40.74499893188477,11.232000350952148,3.496999979019165,1.7269999980926514,26.23550033569336
2016-10-14 22:00:00,43.47600173950195,14.491999626159668,38.84199905395508,10.776000022888184,4.765999794006348,1.7269999980926514,26.016000747680664
2016-10-14 23:00:00,40.71099853515625,12.984000205993652,37.90299987792969,10.159000396728516,3.1879999637603764,0.0,25.57600021362305
2016-10-15 00:00:00,40.9630012512207,13.56999969482422,36.9379997253418,10.052000045776367,3.2939999103546143,1.3650000095367432,25.57600021362305
2016-10-15 01:00:00,39.790000915527344,12.5649995803833,35.54399871826172,9.435999870300291,4.519999980926514,1.4500000476837158,24.69700050354004
2016-10-15 02:00:00,38.78499984741211,11.727999687194824,33.990001678466804,8.444000244140625,4.434999942779541,1.4500000476837158,24.477500915527344
2016-10-15 03:00:00,35.014999389648445,10.303000450134276,31.28199958801269,7.747000217437744,4.446000099182129,1.2150000333786009,23.81800079345703
2016-10-15 04:00:00,35.685001373291016,11.057000160217283,31.336000442504893,8.041999816894531,4.446000099182129,1.63100004196167,23.81800079345703
2016-10-15 05:00:00,41.2140007019043,13.402999877929688,37.1259994506836,10.427000045776367,3.16599988937378,1.246999979019165,23.598499298095703
2016-10-15 06:00:00,42.55400085449219,13.73799991607666,38.11800003051758,10.45400047302246,4.381999969482422,1.246999979019165,23.598499298095703
2016-10-15 07:00:00,40.79499816894531,12.732999801635742,37.84999847412109,9.94499969482422,3.0699999332427983,0.0,23.598499298095703
2016-10-15 08:00:00,37.61199951171875,11.47599983215332,34.79399871826172,8.685000419616701,3.0699999332427983,1.2690000534057615,23.15900039672852
2016-10-15 09:00:00,42.97299957275391,14.241000175476074,40.15499877929688,11.151000022888184,3.0699999332427983,1.246999979019165,23.37899971008301
2016-10-15 10:00:00,44.81600189208984,15.581000328063965,42.38000106811523,12.678999900817873,3.0699999332427983,0.0,24.69700050354004
2016-10-15 11:00:00,42.63800048828125,14.407999992370604,40.45000076293945,11.982000350952148,3.0699999332427983,0.0,26.23550033569336
2016-10-15 12:00:00,42.63800048828125,13.152000427246096,40.52999877929688,10.989999771118164,3.0699999332427983,0.0,27.55349922180176
2016-10-15 13:00:00,42.47000122070313,13.98900032043457,40.34299850463867,11.633999824523926,3.0699999332427983,0.0,28.4325008392334
2016-10-15 14:00:00,41.79999923706055,13.654000282287598,39.77999877929688,11.312000274658203,1.8550000190734863,0.0,28.65200042724609
2016-10-15 15:00:00,41.04600143432617,13.73799991607666,38.76100158691406,11.12399959564209,1.8550000190734863,0.0,29.31150054931641
2016-10-15 16:00:00,40.9630012512207,13.152000427246096,38.0369987487793,10.69499969482422,3.0810000896453857,0.0,29.5310001373291
2016-10-15 17:00:00,42.80500030517578,13.067999839782717,38.78799819946289,10.024999618530272,4.307000160217285,1.3009999990463257,29.5310001373291
2016-10-15 18:00:00,47.49599838256836,14.994000434875488,42.75500106811523,11.178000450134276,4.178999900817871,1.22599995136261,29.5310001373291
2016-10-15 19:00:00,36.94200134277344,10.38700008392334,32.59600067138672,7.747000217437744,4.201000213623047,1.3539999723434448,29.5310001373291
2016-10-15 20:00:00,40.71099853515625,12.5649995803833,36.13399887084961,9.354999542236328,4.1579999923706055,1.2580000162124634,29.31150054931641
2016-10-15 21:00:00,45.82099914550781,15.748000144958494,40.39599990844727,11.954999923706056,5.61899995803833,1.2580000162124634,28.871999740600582
2016-10-15 22:00:00,41.632999420166016,13.98900032043457,36.64300155639648,10.588000297546388,5.5329999923706055,1.2580000162124634,28.65250015258789
2016-10-15 23:00:00,39.2869987487793,12.815999984741213,34.87400054931641,10.133000373840332,4.2109999656677255,1.2580000162124634,28.871999740600582
2016-10-16 00:00:00,35.014999389648445,11.5600004196167,31.496999740600582,9.006999969482422,4.2109999656677255,1.2580000162124634,29.09199905395508
2016-10-16 01:00:00,39.95700073242188,13.487000465393065,35.57099914550781,10.159000396728516,4.328999996185304,1.2369999885559082,28.871999740600582
2016-10-16 02:00:00,38.95199966430664,13.234999656677244,34.766998291015625,10.185999870300291,4.446000099182129,1.6529999971389768,28.871999740600582
2016-10-16 03:00:00,36.60699844360352,12.314000129699709,32.112998962402344,9.354999542236328,4.361000061035156,1.2369999885559082,28.4325008392334
2016-10-16 04:00:00,34.68000030517578,11.392000198364258,30.85300064086914,8.899999618530273,4.232999801635741,0.0,28.21299934387207
2016-10-16 05:00:00,41.29800033569336,14.241000175476074,36.3489990234375,10.855999946594238,4.232999801635741,1.2150000333786009,28.21299934387207
2016-10-16 06:00:00,41.46500015258789,13.56999969482422,36.696998596191406,10.560999870300291,4.1469998359680185,1.3539999723434448,27.993000030517567
2016-10-16 07:00:00,41.29800033569336,13.487000465393065,37.58200073242188,10.989999771118164,4.13700008392334,0.0,27.77300071716309
2016-10-16 08:00:00,37.86299896240234,11.057000160217283,32.810001373291016,7.77400016784668,5.352000236511231,1.2899999618530271,27.993000030517567
2016-10-16 09:00:00,41.632999420166016,12.5649995803833,38.86800003051758,9.91800022125244,2.4089999198913574,0.0,28.4325008392334
2016-10-16 10:00:00,42.63800048828125,14.407999992370604,39.86000061035156,11.71399974822998,2.430999994277954,0.0,29.5310001373291
2016-10-16 11:00:00,42.303001403808594,13.904999732971191,38.81499862670898,10.90999984741211,3.625,1.2150000333786009,30.84950065612793
2016-10-16 12:00:00,43.55899810791016,13.98900032043457,40.18199920654297,10.989999771118164,2.377000093460083,0.0,31.50900077819824
2016-10-16 13:00:00,42.72200012207031,14.156999588012695,39.91400146484375,11.5,2.3559999465942383,0.0,31.94849967956543
2016-10-16 14:00:00,38.86800003051758,13.904999732971191,36.3489990234375,11.312000274658203,2.4200000762939453,0.0,31.94849967956543
2016-10-16 15:00:00,39.790000915527344,13.904999732971191,37.6619987487793,11.204999923706056,2.345999956130981,1.406999945640564,32.607498168945305
2016-10-16 16:00:00,44.56499862670898,14.91100025177002,40.45000076293945,11.446000099182127,3.4649999141693115,1.2150000333786009,32.167999267578125
2016-10-16 17:00:00,44.229000091552734,14.743000030517578,38.70800018310547,10.829999923706056,5.0320000648498535,2.5269999504089355,31.289499282836918
2016-10-16 18:00:00,46.15599822998047,14.072999954223633,41.89699935913086,10.668999671936035,4.829999923706055,1.493000030517578,30.6299991607666
2016-10-16 19:00:00,43.55899810791016,12.984000205993652,37.93000030517578,9.086999893188477,4.829999923706055,1.4709999561309814,30.19050025939941
2016-10-16 20:00:00,42.303001403808594,12.145999908447266,37.79600143432617,8.845999717712402,4.702000141143799,0.0,29.97100067138672
2016-10-16 21:00:00,43.81100082397461,14.407999992370604,38.30500030517578,10.53499984741211,4.605999946594238,1.2150000333786009,29.5310001373291
2016-10-16 22:00:00,43.30799865722656,14.743000030517578,38.35900115966797,11.178000450134276,4.626999855041504,1.246999979019165,29.09199905395508
2016-10-16 23:00:00,37.946998596191406,12.39799976348877,35.19599914550781,9.649999618530272,3.4440000057220463,2.5160000324249268,29.09199905395508
2016-10-17 00:00:00,39.37099838256836,13.73799991607666,34.042999267578125,9.972000122070312,4.829999923706055,2.505000114440918,28.65200042724609
2016-10-17 01:00:00,38.70100021362305,13.152000427246096,34.338001251220696,9.838000297546388,3.838000059127808,1.2790000438690186,28.21299934387207
2016-10-17 02:00:00,39.20299911499024,13.234999656677244,34.257999420166016,9.864999771118164,5.052999973297119,1.2790000438690186,27.77300071716309
2016-10-17 03:00:00,35.43399810791016,11.309000015258787,31.631000518798828,8.578000068664549,3.869999885559082,1.3539999723434448,26.895000457763672
2016-10-17 04:00:00,39.11999893188477,13.487000465393065,34.740001678466804,10.239999771118164,5.171000003814697,1.3539999723434448,26.23550033569336
2016-10-17 05:00:00,36.94200134277344,12.732999801635742,31.60400009155273,9.220999717712402,5.117000102996826,1.3539999723434448,25.79599952697754
2016-10-17 06:00:00,40.3759994506836,12.815999984741213,36.42900085449219,9.784000396728516,3.901999950408936,1.3539999723434448,25.79599952697754
2016-10-17 07:00:00,42.303001403808594,14.156999588012695,38.0369987487793,10.776000022888184,3.901999950408936,1.5460000038146973,25.79599952697754
2016-10-17 08:00:00,35.85300064086914,9.885000228881836,32.38100051879883,7.34499979019165,3.901999950408936,1.5460000038146973,26.23550033569336
2016-10-17 09:00:00,43.97800064086914,16.083000183105472,40.42300033569336,12.706000328063965,3.7739999294281006,1.22599995136261,28.4325008392334
2016-10-17 10:00:00,40.459999084472656,12.5649995803833,36.24100112915039,9.48900032043457,3.7739999294281006,1.2369999885559082,29.31150054931641
2016-10-17 11:00:00,40.125,11.979000091552734,36.9379997253418,9.034000396728516,2.430999994277954,1.2369999885559082,30.19050025939941
2016-10-17 12:00:00,42.387001037597656,14.407999992370604,39.430999755859375,11.633999824523926,2.440999984741211,1.2369999885559082,31.947999954223643
2016-10-17 13:00:00,42.387001037597656,15.329999923706056,40.04800033569336,12.41100025177002,2.4730000495910645,1.2580000162124634,35.68349838256836
2016-10-17 14:00:00,42.55400085449219,15.748000144958494,39.48500061035156,12.383999824523926,3.7100000381469727,1.2580000162124634,36.5625
2016-10-17 15:00:00,45.56999969482422,16.753999710083008,41.44200134277344,12.84000015258789,3.7100000381469727,1.2580000162124634,35.24449920654297
2016-10-17 16:00:00,42.72200012207031,14.659000396728516,38.65399932861328,11.312000274658203,3.7100000381469727,1.2580000162124634,33.70600128173828
2016-10-17 17:00:00,46.071998596191406,15.664999961853027,41.46799850463867,11.687000274658203,4.935999870300293,1.2580000162124634,32.387500762939446
2016-10-17 18:00:00,48.66899871826172,16.083000183105472,42.86199951171875,11.633999824523926,6.172999858856201,1.2580000162124634,31.50900077819824
2016-10-17 19:00:00,41.96799850463867,12.145999908447266,37.2869987487793,8.657999992370605,4.6589999198913565,1.343000054359436,30.85000038146973
2016-10-17 20:00:00,40.79499816894531,11.727999687194824,35.893001556396484,8.390000343322754,4.6479997634887695,2.632999897003174,29.97100067138672
2016-10-17 21:00:00,41.71599960327149,12.229999542236328,37.34000015258789,8.899999618530273,4.74399995803833,1.3539999723434448,29.5310001373291
2016-10-17 22:00:00,39.11999893188477,13.402999877929688,34.06999969482422,9.623000144958496,4.74399995803833,1.3539999723434448,29.09199905395508
2016-10-17 23:00:00,33.92599868774414,10.722000122070312,28.708999633789062,7.559000015258789,4.808000087738037,1.3539999723434448,28.871999740600582
2016-10-18 00:00:00,37.86299896240234,12.062999725341797,33.26599884033203,8.791999816894531,4.808000087738037,1.3539999723434448,28.65200042724609
2016-10-18 01:00:00,39.2869987487793,13.402999877929688,34.632999420166016,9.972000122070312,4.7230000495910645,1.22599995136261,28.65200042724609
2016-10-18 02:00:00,35.518001556396484,12.145999908447266,32.16699981689453,9.515999794006348,3.4760000705718994,1.22599995136261,27.993000030517567
2016-10-18 03:00:00,40.29199981689453,13.654000282287598,35.652000427246094,10.267000198364258,4.626999855041504,1.22599995136261,27.993000030517567
2016-10-18 04:00:00,37.61199951171875,12.899999618530272,34.097000122070305,10.159000396728516,3.7100000381469727,1.5889999866485596,27.993000030517567
2016-10-18 05:00:00,42.55400085449219,15.07800006866455,37.98400115966797,11.687000274658203,3.677999973297119,1.5889999866485596,27.77300071716309
2016-10-18 06:00:00,37.69599914550781,12.314000129699709,34.17699813842773,9.729999542236328,3.26200008392334,1.246999979019165,27.77300071716309
2016-10-18 07:00:00,43.89400100708008,14.659000396728516,39.48500061035156,11.33899974822998,4.499000072479248,1.2690000534057615,27.55349922180176
2016-10-18 08:00:00,41.632999420166016,12.732999801635742,36.45600128173828,9.194000244140623,5.436999797821045,1.22599995136261,27.55349922180176
2016-10-18 09:00:00,44.39699935913086,15.246000289916992,40.71799850463867,12.222999572753904,4.2109999656677255,1.2150000333786009,28.4325008392334
2016-10-18 10:00:00,39.53799819946289,12.062999725341797,37.233001708984375,9.56999969482422,2.664999961853028,0.0,29.31150054931641
2016-10-18 11:00:00,39.53799819946289,11.810999870300291,35.222999572753906,8.604999542236326,3.954999923706055,1.2690000534057615,30.84950065612793
2016-10-18 12:00:00,40.54399871826172,13.152000427246096,36.83100128173828,9.729999542236328,4.008999824523927,1.2690000534057615,32.607498168945305
2016-10-18 13:00:00,39.53799819946289,13.487000465393065,36.13399887084961,10.37399959564209,2.750999927520752,1.2690000534057615,33.70600128173828
2016-10-18 14:00:00,39.20299911499024,13.73799991607666,36.50899887084961,10.69499969482422,4.019000053405762,1.2690000534057615,33.26649856567383
2016-10-18 15:00:00,40.20899963378906,13.821999549865724,36.7239990234375,10.560999870300291,3.742000102996826,1.2690000534057615,33.26649856567383
2016-10-18 16:00:00,41.54899978637695,13.654000282287598,37.31399917602539,10.07900047302246,3.7739999294281006,1.2690000534057615,33.04650115966797
2016-10-18 17:00:00,43.391998291015625,13.73799991607666,38.43899917602539,9.729999542236328,4.85099983215332,2.483999967575073,32.60699844360352
2016-10-18 18:00:00,40.71099853515625,12.145999908447266,36.24100112915039,8.873000144958496,3.891000032424927,2.483999967575073,32.167999267578125
2016-10-18 19:00:00,39.874000549316406,11.392000198364258,34.097000122070305,7.479000091552732,5.127999782562256,2.483999967575073,31.94849967956543
2016-10-18 20:00:00,44.73199844360352,14.241000175476074,39.45800018310547,10.31999969482422,4.552000045776367,1.3009999990463257,31.50900077819824
2016-10-18 21:00:00,43.47600173950195,14.491999626159668,40.61100006103516,11.607000350952148,4.030000209808351,0.0,31.069499969482425
2016-10-18 22:00:00,43.47600173950195,15.246000289916992,38.70800018310547,11.607000350952148,4.0939998626708975,1.2150000333786009,30.85000038146973
2016-10-18 23:00:00,40.3759994506836,13.821999549865724,36.617000579833984,10.588000297546388,3.1770000457763667,1.524999976158142,30.6299991607666
2016-10-19 00:00:00,37.44400024414063,12.732999801635742,33.69499969482422,9.623000144958496,4.59499979019165,1.524999976158142,30.40999984741211
2016-10-19 01:00:00,35.182998657226555,10.805999755859377,31.76499938964844,8.550999641418457,3.2939999103546143,0.0,30.40999984741211
2016-10-19 02:00:00,39.0359992980957,12.899999618530272,35.8390007019043,10.105999946594238,4.563000202178955,1.5349999666213991,29.750999450683597
2016-10-19 03:00:00,37.52799987792969,12.314000129699709,33.42699813842773,9.354999542236328,3.3159999847412114,1.406999945640564,29.5310001373291
2016-10-19 04:00:00,38.44900131225586,13.067999839782717,35.49100112915039,10.588000297546388,2.96399998664856,0.0,29.31150054931641
2016-10-19 05:00:00,38.198001861572266,12.64900016784668,35.089000701904304,10.159000396728516,2.96399998664856,0.0,29.31150054931641
2016-10-19 06:00:00,41.46500015258789,13.56999969482422,38.14500045776367,10.829999923706056,4.2220001220703125,1.2690000534057615,29.09199905395508
2016-10-19 07:00:00,39.70600128173828,12.64900016784668,35.946998596191406,10.213000297546388,4.317999839782715,0.0,28.871999740600582
2016-10-19 08:00:00,38.70100021362305,10.890000343322754,33.10499954223633,7.665999889373777,5.544000148773193,1.3650000095367432,29.31150054931641
2016-10-19 09:00:00,40.125,12.062999725341797,37.2869987487793,9.54300022125244,2.9110000133514404,0.0,29.750999450683597
2016-10-19 10:00:00,38.78499984741211,11.644000053405762,36.66999816894531,9.194000244140623,2.9110000133514404,0.0,30.6299991607666
2016-10-19 11:00:00,40.87900161743164,12.229999542236328,37.20600128173828,9.48900032043457,2.9110000133514404,1.2369999885559082,31.069499969482425
2016-10-19 12:00:00,41.79999923706055,12.899999618530272,39.512001037597656,10.45400047302246,2.9110000133514404,0.0,31.50900077819824
2016-10-19 13:00:00,43.30799865722656,14.91100025177002,40.42300033569336,11.982000350952148,2.9110000133514404,1.22599995136261,31.50900077819824
2016-10-19 14:00:00,42.72200012207031,15.246000289916992,40.71799850463867,12.652000427246096,2.9110000133514404,0.0,31.50900077819824
2016-10-19 15:00:00,41.04600143432617,14.241000175476074,38.11800003051758,11.446000099182127,2.9110000133514404,1.2580000162124634,31.50900077819824
2016-10-19 16:00:00,47.66400146484375,16.92099952697754,42.05799865722656,12.383999824523926,5.341000080108644,1.3650000095367432,31.28899955749512
2016-10-19 17:00:00,48.66899871826172,16.586000442504886,43.02299880981445,12.08899974822998,5.341000080108644,1.3650000095367432,31.069499969482425
2016-10-19 18:00:00,48.25,15.496999740600586,44.01499938964844,11.928999900817873,5.074999809265137,1.2369999885559082,30.6299991607666
2016-10-19 19:00:00,41.96799850463867,12.145999908447266,38.41299819946289,8.925999641418457,3.688999891281128,1.2369999885559082,30.40999984741211
2016-10-19 20:00:00,42.387001037597656,12.39799976348877,37.823001861572266,8.845999717712402,4.882999897003174,1.2369999885559082,30.19050025939941
2016-10-19 21:00:00,45.73699951171875,15.246000289916992,40.95899963378906,11.33899974822998,4.829999923706055,1.2369999885559082,29.97100067138672
2016-10-19 22:00:00,41.79999923706055,13.904999732971191,36.7509994506836,10.480999946594238,4.829999923706055,1.2369999885559082,29.97100067138672
2016-10-19 23:00:00,41.96799850463867,14.994000434875488,37.84999847412109,11.33899974822998,3.561000108718872,1.2369999885559082,29.97100067138672
2016-10-20 00:00:00,40.79499816894531,14.241000175476074,36.21500015258789,10.855999946594238,4.711999893188477,1.2369999885559082,29.750999450683597
2016-10-20 01:00:00,38.78499984741211,13.319000244140623,35.0620002746582,10.133000373840332,4.74399995803833,1.2150000333786009,29.750999450683597
2016-10-20 02:00:00,39.45500183105469,13.904999732971191,35.19599914550781,10.508000373840332,4.74399995803833,1.2150000333786009,29.31150054931641
2016-10-20 03:00:00,37.36100006103516,12.815999984741213,33.613998413085945,9.54300022125244,3.5290000438690186,1.4500000476837158,28.4325008392334
2016-10-20 04:00:00,33.84199905395508,11.895000457763672,31.46999931335449,9.864999771118164,2.868000030517578,0.0,27.11450004577637
2016-10-20 05:00:00,39.70600128173828,13.654000282287598,35.7859992980957,10.829999923706056,4.125999927520752,1.3329999446868896,26.45549964904785
2016-10-20 06:00:00,40.20899963378906,13.654000282287598,37.5009994506836,11.017000198364258,2.888999938964844,0.0,25.79599952697754
2016-10-20 07:00:00,38.95199966430664,12.480999946594238,36.5359992980957,10.29300022125244,1.621000051498413,0.0,25.79599952697754
2016-10-20 08:00:00,34.93099975585937,9.885000228881836,33.400001525878906,8.229000091552733,1.621000051498413,0.0,26.45499992370605
2016-10-20 09:00:00,37.86299896240234,11.5600004196167,35.4370002746582,9.595999717712402,1.621000051498413,0.0,27.333999633789062
2016-10-20 10:00:00,34.59600067138672,10.052000045776367,32.24700164794922,8.095000267028809,1.621000051498413,0.0,28.21299934387207
2016-10-20 11:00:00,34.512001037597656,9.717000007629396,31.89900016784668,7.71999979019165,2.8570001125335693,0.0,27.55349922180176
2016-10-20 12:00:00,31.2450008392334,7.874000072479247,29.11100006103516,6.058000087738037,2.8570001125335693,0.0,27.333999633789062
2016-10-20 13:00:00,35.43399810791016,10.805999755859377,31.52400016784668,8.310000419616701,2.8570001125335693,1.22599995136261,26.895000457763672
2016-10-20 14:00:00,32.75299835205078,9.717000007629396,29.298999786376957,7.532000064849853,2.8570001125335693,0.0,26.67499923706055
2016-10-20 15:00:00,35.518001556396484,11.47599983215332,32.16699981689453,9.354999542236328,4.083000183105469,0.0,26.45549964904785
2016-10-20 16:00:00,46.49100112915039,15.329999923706056,41.49499893188477,11.418999671936035,5.36299991607666,1.22599995136261,25.79599952697754
2016-10-20 17:00:00,49.42300033569336,16.334999084472653,43.98799896240234,12.170000076293944,5.309000015258789,1.22599995136261,25.576499938964844
2016-10-20 18:00:00,44.73199844360352,13.654000282287598,40.39599990844727,10.427000045776367,5.309000015258789,1.22599995136261,25.35650062561035
2016-10-20 19:00:00,41.04600143432617,12.062999725341797,36.5629997253418,9.034000396728516,5.330999851226807,1.2899999618530271,25.13649940490723
2016-10-20 20:00:00,41.96799850463867,13.98900032043457,37.2869987487793,10.90999984741211,5.309000015258789,1.3009999990463257,25.576499938964844
2016-10-20 21:00:00,44.81600189208984,14.743000030517578,40.87900161743164,11.71399974822998,5.0320000648498535,1.2150000333786009,26.23550033569336
2016-10-20 22:00:00,40.459999084472656,14.156999588012695,37.367000579833984,11.446000099182127,3.059999942779541,1.3329999446868896,27.333999633789062
2016-10-20 23:00:00,41.29800033569336,13.904999732971191,37.4739990234375,11.043999671936035,4.414000034332275,1.246999979019165,27.77300071716309
2016-10-21 00:00:00,37.52799987792969,12.732999801635742,34.1510009765625,10.29300022125244,4.349999904632568,0.0,27.993000030517567
2016-10-21 01:00:00,38.03099822998047,12.815999984741213,33.667999267578125,9.99899959564209,4.361000061035156,1.4500000476837158,28.21299934387207
2016-10-21 02:00:00,36.77399826049805,12.062999725341797,32.30099868774414,9.32800006866455,4.1469998359680185,1.375,27.993000030517567
2016-10-21 03:00:00,34.512001037597656,11.644000053405762,31.363000869750977,9.623000144958496,2.9210000038146973,0.0,26.67499923706055
2016-10-21 04:00:00,39.790000915527344,13.487000465393065,35.11600112915039,10.803000450134276,4.626999855041504,1.524999976158142,26.67499923706055
2016-10-21 05:00:00,40.04100036621094,13.73799991607666,36.617000579833984,11.178000450134276,3.390000104904175,0.0,26.23550033569336
2016-10-21 06:00:00,41.71599960327149,13.904999732971191,36.777000427246094,10.90999984741211,4.605999946594238,1.406999945640564,26.45499992370605
2016-10-21 07:00:00,38.198001861572266,12.5649995803833,33.69499969482422,9.756999969482422,4.169000148773193,1.2369999885559082,26.67499923706055
2016-10-21 08:00:00,39.62200164794922,12.815999984741213,34.60599899291992,9.756999969482422,5.0,1.4290000200271606,27.11450004577637
2016-10-21 09:00:00,43.47600173950195,15.329999923706056,40.36899948120117,12.706000328063965,2.7079999446868896,0.0,27.55349922180176
2016-10-21 10:00:00,39.790000915527344,11.979000091552734,36.696998596191406,9.435999870300291,2.7079999446868896,0.0,27.993000030517567
2016-10-21 11:00:00,43.72700119018555,13.821999549865724,40.42300033569336,11.043999671936035,2.7079999446868896,0.0,26.67499923706055
2016-10-21 12:00:00,43.97800064086914,14.156999588012695,41.040000915527344,11.5,2.7079999446868896,0.0,26.45549964904785
2016-10-21 13:00:00,41.46500015258789,14.156999588012695,38.198001861572266,11.446000099182127,2.7079999446868896,1.22599995136261,26.67499923706055
2016-10-21 14:00:00,40.04100036621094,14.241000175476074,37.233001708984375,11.875,2.7079999446868896,0.0,27.77300071716309
2016-10-21 15:00:00,44.48099899291992,15.916000366210938,41.57600021362305,13.081000328063965,2.7079999446868896,0.0,28.65200042724609
2016-10-21 16:00:00,45.73699951171875,16.083000183105472,41.84400177001953,12.78600025177002,3.986999988555908,1.2899999618530271,28.65200042724609
2016-10-21 17:00:00,48.75299835205078,16.166999816894528,43.479000091552734,12.062999725341797,4.947000026702881,1.2899999618530271,27.773500442504893
2016-10-21 18:00:00,48.75299835205078,15.916000366210938,43.104000091552734,11.767999649047852,6.216000080108643,1.2899999618530271,28.4325008392334
2016-10-21 19:00:00,43.89400100708008,12.984000205993652,37.95700073242188,9.248000144958496,5.948999881744385,1.3109999895095823,29.31150054931641
2016-10-21 20:00:00,46.99399948120117,15.161999702453612,40.82500076293945,11.097999572753906,5.927999973297119,1.3109999895095823,29.750999450683597
2016-10-21 21:00:00,43.391998291015625,14.241000175476074,38.11800003051758,10.96399974822998,5.085000038146973,1.2369999885559082,28.4325008392334
2016-10-21 22:00:00,40.125,13.402999877929688,36.027000427246094,10.668999671936035,3.858999967575073,1.2369999885559082,28.4325008392334
2016-10-21 23:00:00,42.1349983215332,14.407999992370604,37.2869987487793,11.28499984741211,5.0960001945495605,1.246999979019165,28.4325008392334
2016-10-22 00:00:00,39.37099838256836,12.984000205993652,36.1609992980957,10.45400047302246,3.848999977111816,0.0,27.77300071716309
2016-10-22 01:00:00,39.37099838256836,13.402999877929688,35.54399871826172,10.508000373840332,3.869999885559082,1.3650000095367432,27.333999633789062
2016-10-22 02:00:00,39.37099838256836,12.899999618530272,35.33000183105469,10.105999946594238,3.9449999332427983,1.2150000333786009,26.895000457763672
2016-10-22 03:00:00,35.93600082397461,11.810999870300291,31.28199958801269,8.979999542236328,3.9449999332427983,1.22599995136261,26.67499923706055
2016-10-22 04:00:00,35.182998657226555,11.810999870300291,31.06800079345703,9.194000244140623,3.785000085830689,1.375,26.67499923706055
2016-10-22 05:00:00,36.43899917602539,11.979000091552734,31.631000518798828,9.16800022125244,3.785000085830689,1.6100000143051147,26.45549964904785
2016-10-22 06:00:00,36.43899917602539,11.810999870300291,32.623001098632805,9.220999717712402,3.785000085830689,1.22599995136261,26.67499923706055
2016-10-22 07:00:00,41.79999923706055,13.904999732971191,36.617000579833984,10.74899959564209,5.074999809265137,1.22599995136261,26.45499992370605
2016-10-22 08:00:00,38.11399841308594,11.810999870300291,33.64099884033203,9.034000396728516,5.127999782562256,1.2150000333786009,26.23550033569336
2016-10-22 09:00:00,42.05199813842773,14.659000396728516,39.16299819946289,11.902000427246096,2.5480000972747803,0.0,26.015499114990234
2016-10-22 10:00:00,40.54399871826172,12.984000205993652,36.9379997253418,10.401000022888184,3.838000059127808,0.0,25.79599952697754
2016-10-22 11:00:00,45.73699951171875,14.659000396728516,41.84400177001953,11.741000175476074,3.9340000152587886,0.0,25.79599952697754
2016-10-22 12:00:00,43.64300155639648,13.487000465393065,40.90599822998047,10.96399974822998,2.664999961853028,0.0,24.91699981689453
2016-10-22 13:00:00,43.81100082397461,14.659000396728516,41.040000915527344,12.170000076293944,2.664999961853028,0.0,24.91699981689453
2016-10-22 14:00:00,38.78499984741211,12.39799976348877,36.24100112915039,10.31999969482422,2.664999961853028,0.0,24.25749969482422
2016-10-22 15:00:00,40.04100036621094,12.984000205993652,37.0989990234375,10.74899959564209,2.664999961853028,0.0,23.818500518798828
2016-10-22 16:00:00,43.55899810791016,13.98900032043457,40.61100006103516,11.446000099182127,2.664999961853028,0.0,24.038000106811523
2016-10-22 17:00:00,44.64799880981445,13.654000282287598,39.56499862670898,10.133000373840332,4.030000209808351,1.22599995136261,24.257999420166016
2016-10-22 18:00:00,46.65900039672852,14.072999954223633,41.709999084472656,10.427000045776367,5.267000198364258,1.3109999895095823,25.136999130249023
2016-10-22 19:00:00,43.30799865722656,11.979000091552734,38.41299819946289,8.73900032043457,4.914999961853027,1.4390000104904177,26.016000747680664
2016-10-22 20:00:00,45.90499877929688,14.407999992370604,41.14699935913086,11.017000198364258,4.914999961853027,1.2150000333786009,26.67499923706055
2016-10-22 21:00:00,42.21900177001953,13.234999656677244,37.4739990234375,10.024999618530272,4.4780001640319815,1.22599995136261,26.67499923706055
2016-10-22 22:00:00,41.54899978637695,12.64900016784668,36.402000427246094,9.515999794006348,4.4780001640319815,1.4179999828338623,26.67499923706055
2016-10-22 23:00:00,41.632999420166016,12.480999946594238,37.1259994506836,9.274999618530272,4.072999954223634,1.2790000438690186,25.35650062561035
2016-10-23 00:00:00,39.11999893188477,12.39799976348877,35.54399871826172,9.70400047302246,3.8059999942779537,0.0,25.35650062561035
2016-10-23 01:00:00,36.858001708984375,10.973999977111816,33.42699813842773,8.630999565124513,3.8059999942779537,0.0,25.79599952697754
2016-10-23 02:00:00,39.37099838256836,12.5649995803833,34.5260009765625,9.302000045776367,3.8059999942779537,1.3329999446868896,25.79599952697754
2016-10-23 03:00:00,37.52799987792969,11.309000015258787,34.01599884033203,8.899999618530273,3.8059999942779537,0.0,25.35650062561035
2016-10-23 04:00:00,38.617000579833984,11.644000053405762,33.82899856567383,8.73900032043457,3.8059999942779537,1.22599995136261,24.91699981689453
2016-10-23 05:00:00,40.459999084472656,12.5649995803833,35.625,9.220999717712402,3.8059999942779537,1.2580000162124634,24.477500915527344
2016-10-23 06:00:00,39.70600128173828,12.732999801635742,36.696998596191406,10.105999946594238,3.486000061035156,0.0,24.257999420166016
2016-10-23 07:00:00,41.2140007019043,12.480999946594238,37.071998596191406,9.595999717712402,4.702000141143799,1.2369999885559082,24.257999420166016
2016-10-23 08:00:00,37.86299896240234,11.979000091552734,34.365001678466804,9.11400032043457,3.0280001163482666,1.2899999618530271,24.257999420166016
2016-10-23 09:00:00,40.20899963378906,12.64900016784668,37.42100143432617,10.024999618530272,3.0380001068115234,0.0,24.257999420166016
2016-10-23 10:00:00,42.1349983215332,12.984000205993652,39.72600173950195,10.401000022888184,3.0380001068115234,0.0,24.477500915527344
2016-10-23 11:00:00,37.19300079345703,10.303000450134276,33.990001678466804,8.069000244140625,3.0380001068115234,0.0,25.136999130249023
2016-10-23 12:00:00,40.04100036621094,10.55500030517578,36.777000427246094,8.255999565124513,3.0380001068115234,0.0,25.57600021362305
2016-10-23 13:00:00,41.2140007019043,12.5649995803833,38.76100158691406,10.07900047302246,3.0380001068115234,0.0,25.136999130249023
2016-10-23 14:00:00,38.198001861572266,10.303000450134276,35.33000183105469,8.282999992370605,3.0380001068115234,0.0,26.016000747680664
2016-10-23 15:00:00,38.53300094604492,10.890000343322754,35.57099914550781,8.336999893188478,3.0380001068115234,0.0,26.23550033569336
2016-10-23 16:00:00,44.229000091552734,12.39799976348877,39.80699920654297,9.274999618530272,4.254000186920166,1.343000054359436,25.79599952697754
2016-10-23 17:00:00,43.30799865722656,12.145999908447266,38.680999755859375,8.657999992370605,4.114999771118163,1.4609999656677246,25.136999130249023
2016-10-23 18:00:00,46.40700149536133,12.899999618530272,42.48699951171875,9.972000122070312,4.13700008392334,0.0,24.91699981689453
2016-10-23 19:00:00,42.63800048828125,11.895000457763672,37.15299987792969,8.416999816894531,5.415999889373778,1.2369999885559082,24.69700050354004
2016-10-23 20:00:00,40.62699890136719,12.5649995803833,37.04600143432617,9.890999794006348,3.7100000381469727,1.22599995136261,24.257999420166016
2016-10-23 21:00:00,45.1510009765625,14.994000434875488,40.23500061035156,11.28499984741211,4.947000026702881,1.246999979019165,24.257999420166016
2016-10-23 22:00:00,40.54399871826172,12.815999984741213,36.7509994506836,10.07900047302246,3.1559998989105225,1.2369999885559082,24.038000106811523
2016-10-23 23:00:00,39.874000549316406,12.480999946594238,35.86600112915039,9.595999717712402,4.423999786376953,1.4609999656677246,23.81800079345703
2016-10-24 00:00:00,35.60100173950195,10.470999717712402,30.98699951171875,7.88100004196167,4.563000202178955,1.2369999885559082,23.81800079345703
2016-10-24 01:00:00,39.95700073242188,12.899999618530272,35.19599914550781,9.729999542236328,4.702000141143799,1.2369999885559082,23.81800079345703
2016-10-24 02:00:00,39.95700073242188,13.402999877929688,35.49100112915039,10.45400047302246,4.818999767303467,1.2150000333786009,23.81800079345703
2016-10-24 03:00:00,38.78499984741211,12.64900016784668,34.65999984741211,10.024999618530272,4.818999767303467,1.2369999885559082,24.257999420166016
2016-10-24 04:00:00,39.62200164794922,13.067999839782717,35.33000183105469,10.052000045776367,4.605999946594238,1.22599995136261,24.477500915527344
2016-10-24 05:00:00,36.77399826049805,11.810999870300291,32.488998413085945,9.140999794006348,4.605999946594238,1.3329999446868896,24.477500915527344
2016-10-24 06:00:00,41.13000106811523,13.654000282287598,36.402000427246094,10.480999946594238,4.670000076293945,1.22599995136261,24.91699981689453
2016-10-24 07:00:00,39.11999893188477,12.314000129699709,35.73199844360352,9.784000396728516,4.670000076293945,0.0,24.91699981689453
2016-10-24 08:00:00,38.86800003051758,12.480999946594238,34.365001678466804,9.409000396728516,4.638000011444092,2.505000114440918,25.35650062561035
2016-10-24 09:00:00,41.13000106811523,14.82699966430664,38.62699890136719,12.170000076293944,2.0899999141693115,0.0,25.79599952697754
2016-10-24 10:00:00,39.0359992980957,11.810999870300291,35.597999572753906,9.140999794006348,3.3159999847412114,1.2369999885559082,26.67499923706055
2016-10-24 11:00:00,38.95199966430664,11.727999687194824,36.375,9.354999542236328,3.3159999847412114,0.0,27.11450004577637
2016-10-24 12:00:00,41.13000106811523,13.487000465393065,38.78799819946289,11.12399959564209,3.3159999847412114,0.0,28.4325008392334
2016-10-24 13:00:00,40.20899963378906,13.904999732971191,37.5009994506836,11.446000099182127,3.3159999847412114,0.0,29.09199905395508
2016-10-24 14:00:00,40.459999084472656,13.067999839782717,37.6349983215332,10.560999870300291,3.3159999847412114,0.0,30.19050025939941
2016-10-24 15:00:00,41.632999420166016,13.234999656677244,38.49300003051758,10.347000122070312,3.2939999103546143,1.2690000534057615,30.40999984741211
2016-10-24 16:00:00,45.23500061035156,14.324000358581545,39.887001037597656,10.560999870300291,4.519999980926514,1.2150000333786009,29.750999450683597
2016-10-24 17:00:00,48.33399963378906,14.91100025177002,42.48699951171875,10.560999870300291,5.756999969482423,2.5369999408721924,29.09149932861328
2016-10-24 18:00:00,49.3390007019043,14.576000213623049,43.74700164794922,10.401000022888184,5.51200008392334,1.3220000267028809,28.4325008392334
2016-10-24 19:00:00,40.62699890136719,10.470999717712402,35.03499984741211,7.130000114440918,5.51200008392334,1.3220000267028809,27.993000030517567
2016-10-24 20:00:00,41.71599960327149,11.810999870300291,37.20600128173828,8.630999565124513,4.4780001640319815,1.2690000534057615,27.55349922180176
2016-10-24 21:00:00,40.71099853515625,12.64900016784668,36.483001708984375,9.461999893188477,4.4780001640319815,1.3009999990463257,27.333999633789062
2016-10-24 22:00:00,40.62699890136719,12.5649995803833,36.21500015258789,9.623000144958496,4.361000061035156,1.2369999885559082,26.895000457763672
2016-10-24 23:00:00,38.86800003051758,11.644000053405762,34.60599899291992,8.845999717712402,3.0810000896453857,1.3109999895095823,26.67499923706055
2016-10-25 00:00:00,35.43399810791016,11.644000053405762,32.72999954223633,9.461999893188477,3.240999937057495,0.0,26.23550033569336
2016-10-25 01:00:00,37.52799987792969,12.062999725341797,34.12400054931641,9.70400047302246,3.240999937057495,0.0,25.13649940490723
2016-10-25 02:00:00,38.28200149536133,11.979000091552734,34.365001678466804,9.435999870300291,4.446000099182129,0.0,24.038000106811523
2016-10-25 03:00:00,37.86299896240234,12.64900016784668,32.998001098632805,9.677000045776367,4.446000099182129,1.246999979019165,23.15900039672852
2016-10-25 04:00:00,39.45500183105469,12.984000205993652,35.75899887084961,10.480999946594238,3.4649999141693115,0.0,23.37849998474121
2016-10-25 05:00:00,38.95199966430664,13.152000427246096,35.893001556396484,10.159000396728516,3.4649999141693115,1.22599995136261,23.37849998474121
2016-10-25 06:00:00,40.54399871826172,13.821999549865724,35.75899887084961,10.829999923706056,4.264999866485597,1.3539999723434448,22.71999931335449
2016-10-25 07:00:00,42.387001037597656,13.98900032043457,37.93000030517578,10.829999923706056,4.317999839782715,1.246999979019165,22.71999931335449
2016-10-25 08:00:00,37.77899932861328,11.979000091552734,33.373001098632805,8.819000244140625,3.9449999332427983,1.246999979019165,22.93950080871582
2016-10-25 09:00:00,43.55899810791016,15.664999961853027,40.262001037597656,12.760000228881836,2.687000036239624,1.3329999446868896,23.37849998474121
2016-10-25 10:00:00,39.95700073242188,10.722000122070312,36.617000579833984,8.095000267028809,2.687000036239624,1.246999979019165,23.598499298095703
2016-10-25 11:00:00,41.04600143432617,11.47599983215332,37.448001861572266,8.416999816894531,3.986999988555908,1.4500000476837158,23.598499298095703
2016-10-25 12:00:00,37.025001525878906,10.13599967956543,33.613998413085945,7.452000141143799,3.92300009727478,1.246999979019165,23.598499298095703
2016-10-25 13:00:00,41.2140007019043,12.64900016784668,38.94900131225586,10.185999870300291,3.5820000171661377,0.0,23.598499298095703
2016-10-25 14:00:00,38.70100021362305,11.810999870300291,35.597999572753906,9.086999893188477,3.5929999351501465,1.2580000162124634,23.598499298095703
2016-10-25 15:00:00,39.2869987487793,12.229999542236328,36.696998596191406,9.784000396728516,2.388000011444092,0.0,23.598499298095703
2016-10-25 16:00:00,40.62699890136719,12.145999908447266,38.49300003051758,9.838000297546388,2.388000011444092,0.0,23.598499298095703
2016-10-25 17:00:00,45.82099914550781,13.56999969482422,42.21900177001953,10.267000198364258,3.763000011444092,1.375,23.598499298095703
2016-10-25 18:00:00,47.66400146484375,13.821999549865724,43.479000091552734,10.29300022125244,3.763000011444092,1.2899999618530271,23.598499298095703
2016-10-25 19:00:00,43.55899810791016,11.47599983215332,38.22499847412109,7.61299991607666,5.0320000648498535,1.2899999618530271,23.598499298095703
2016-10-25 20:00:00,47.1609992980957,13.487000465393065,41.09299850463867,9.034000396728516,6.28000020980835,1.2899999618530271,23.598499298095703
2016-10-25 21:00:00,39.53799819946289,11.5600004196167,34.955001831054695,8.470999717712402,5.10699987411499,1.3650000095367432,23.598499298095703
2016-10-25 22:00:00,37.277000427246094,11.057000160217283,31.84499931335449,7.665999889373777,5.10699987411499,1.3650000095367432,22.5
2016-10-25 23:00:00,39.37099838256836,11.47599983215332,35.2760009765625,8.550999641418457,4.818999767303467,1.246999979019165,22.5
2016-10-26 00:00:00,39.53799819946289,12.480999946594238,35.54399871826172,9.11400032043457,4.818999767303467,1.246999979019165,22.280500411987305
2016-10-26 01:00:00,37.61199951171875,10.973999977111816,33.45399856567383,8.255999565124513,4.584000110626222,1.2899999618530271,22.06100082397461
2016-10-26 02:00:00,38.95199966430664,11.5600004196167,34.955001831054695,8.630999565124513,3.3580000400543213,1.2369999885559082,21.18149948120117
2016-10-26 03:00:00,39.37099838256836,11.727999687194824,34.79399871826172,8.765000343322754,4.670000076293945,1.2150000333786009,20.96199989318848
2016-10-26 04:00:00,39.20299911499024,11.5600004196167,36.027000427246094,9.034000396728516,3.1979999542236333,0.0,20.522499084472656
2016-10-26 05:00:00,39.20299911499024,11.392000198364258,36.45600128173828,9.248000144958496,2.943000078201294,0.0,20.302499771118164
2016-10-26 06:00:00,39.37099838256836,11.810999870300291,34.766998291015625,8.73900032043457,4.1579999923706055,1.2150000333786009,19.863500595092773
2016-10-26 07:00:00,35.76900100708008,9.381999969482422,30.74600028991699,6.701000213623048,4.105000019073486,1.22599995136261,19.863500595092773
2016-10-26 08:00:00,36.1879997253418,8.628000259399414,34.01599884033203,6.728000164031982,2.3989999294281006,0.0,20.08300018310547
2016-10-26 09:00:00,45.82099914550781,14.82699966430664,42.88899993896485,11.633999824523926,2.3989999294281006,0.0,20.08300018310547
2016-10-26 10:00:00,41.46500015258789,11.309000015258787,38.49300003051758,8.685000419616701,2.3989999294281006,0.0,19.64349937438965
2016-10-26 11:00:00,44.56499862670898,12.480999946594238,42.48699951171875,9.972000122070312,2.3989999294281006,0.0,19.64349937438965
2016-10-26 12:00:00,44.81600189208984,14.241000175476074,42.084999084472656,11.418999671936035,2.3989999294281006,0.0,19.863500595092773
2016-10-26 13:00:00,40.54399871826172,12.732999801635742,38.70800018310547,10.401000022888184,2.3989999294281006,0.0,20.522499084472656
2016-10-26 14:00:00,44.3129997253418,14.407999992370604,41.38800048828125,11.633999824523926,2.3989999294281006,0.0,21.18149948120117
2016-10-26 15:00:00,43.72700119018555,13.402999877929688,41.09299850463867,10.937000274658203,2.3989999294281006,0.0,21.62150001525879
2016-10-26 16:00:00,43.391998291015625,12.732999801635742,40.50299835205078,11.071000099182127,3.5929999351501465,0.0,21.840999603271484
2016-10-26 17:00:00,45.65399932861328,13.319000244140623,43.02299880981445,10.560999870300291,3.5929999351501465,0.0,22.06049919128418
2016-10-26 18:00:00,47.66400146484375,13.56999969482422,43.02299880981445,10.052000045776367,4.776000022888184,1.246999979019165,21.840999603271484
2016-10-26 19:00:00,41.79999923706055,9.550000190734863,37.2869987487793,6.5939998626708975,4.019000053405762,1.22599995136261,21.840999603271484
2016-10-26 20:00:00,42.21900177001953,10.890000343322754,37.98400115966797,7.88100004196167,3.848999977111816,1.22599995136261,21.18149948120117
2016-10-26 21:00:00,44.73199844360352,13.402999877929688,40.71799850463867,10.45400047302246,3.614000082015991,0.0,20.74250030517578
2016-10-26 22:00:00,37.946998596191406,11.644000053405762,35.972999572753906,9.70400047302246,2.345999956130981,0.0,20.74250030517578
2016-10-26 23:00:00,38.70100021362305,11.225000381469728,33.963001251220696,8.444000244140625,3.677999973297119,1.4179999828338623,20.96199989318848
2016-10-27 00:00:00,36.94200134277344,10.220000267028809,33.21200180053711,7.907999992370605,3.5820000171661377,0.0,20.302499771118164
2016-10-27 01:00:00,37.277000427246094,10.052000045776367,32.97100067138672,7.3979997634887695,3.5820000171661377,1.2150000333786009,19.64349937438965
2016-10-27 02:00:00,37.10900115966797,10.973999977111816,32.91699981689453,8.444000244140625,3.5820000171661377,1.22599995136261,19.20400047302246
2016-10-27 03:00:00,34.261001586914055,9.968000411987305,29.72800064086914,7.34499979019165,4.861999988555908,1.3650000095367432,18.76449966430664
2016-10-27 04:00:00,31.916000366210927,9.04699993133545,27.90500068664551,6.7820000648498535,3.390000104904175,1.2150000333786009,19.20400047302246
2016-10-27 05:00:00,30.65900039672852,8.125,27.770999908447266,6.245999813079834,3.4539999961853027,0.0,19.863000869750977
2016-10-27 06:00:00,36.35499954223633,10.638999938964844,31.631000518798828,8.041999816894531,4.670000076293945,1.343000054359436,20.08300018310547
2016-10-27 07:00:00,34.261001586914055,8.963000297546387,29.72800064086914,6.540999889373777,4.541999816894531,1.2690000534057615,20.30299949645996
2016-10-27 08:00:00,39.0359992980957,9.381999969482422,34.766998291015625,6.675000190734862,4.541999816894531,1.246999979019165,20.522499084472656
2016-10-27 09:00:00,34.0099983215332,7.874000072479247,32.060001373291016,6.2729997634887695,2.878999948501587,0.0,19.42350006103516
2016-10-27 10:00:00,39.62200164794922,11.225000381469728,37.448001861572266,9.220999717712402,2.878999948501587,0.0,18.98450088500977
2016-10-27 11:00:00,39.11999893188477,10.38700008392334,36.483001708984375,8.229000091552733,2.878999948501587,0.0,18.98450088500977
2016-10-27 12:00:00,36.52299880981445,8.963000297546387,34.766998291015625,7.184000015258789,2.878999948501587,0.0,19.42350006103516
2016-10-27 13:00:00,36.858001708984375,10.805999755859377,34.31100082397461,8.578000068664549,2.878999948501587,0.0,19.64349937438965
2016-10-27 14:00:00,35.518001556396484,9.885000228881836,33.34600067138672,7.854000091552732,2.878999948501587,0.0,20.302499771118164
2016-10-27 15:00:00,39.874000549316406,11.5600004196167,38.11800003051758,9.381999969482422,1.6100000143051147,0.0,21.401500701904297
2016-10-27 16:00:00,44.14599990844727,13.487000465393065,40.74499893188477,10.480999946594238,4.040999889373778,1.22599995136261,22.280500411987305
2016-10-27 17:00:00,47.66400146484375,13.821999549865724,42.11199951171875,10.105999946594238,5.276999950408936,1.375,22.93899917602539
2016-10-27 18:00:00,47.58000183105469,13.654000282287598,43.23799896240234,10.29300022125244,4.755000114440918,0.0,23.81800079345703
2016-10-27 19:00:00,42.55400085449219,11.309000015258787,37.87699890136719,8.14900016784668,4.755000114440918,1.2150000333786009,24.038000106811523
2016-10-27 20:00:00,42.97299957275391,12.062999725341797,37.6619987487793,8.791999816894531,4.6589999198913565,1.22599995136261,24.257999420166016
2016-10-27 21:00:00,45.65399932861328,13.319000244140623,40.66400146484375,9.890999794006348,4.254000186920166,1.22599995136261,24.477500915527344
2016-10-27 22:00:00,43.47600173950195,13.402999877929688,39.80699920654297,10.614999771118164,4.254000186920166,0.0,24.69750022888184
2016-10-27 23:00:00,40.459999084472656,12.145999908447266,37.98400115966797,9.864999771118164,2.5369999408721924,0.0,24.91699981689453
2016-10-28 00:00:00,39.95700073242188,11.810999870300291,36.1879997253418,9.435999870300291,3.913000106811523,0.0,25.13649940490723
2016-10-28 01:00:00,38.86800003051758,11.392000198364258,35.4370002746582,8.899999618530273,3.6459999084472656,0.0,25.13649940490723
2016-10-28 02:00:00,38.617000579833984,11.309000015258787,34.338001251220696,8.496999740600586,3.6459999084472656,1.2369999885559082,24.25749969482422
2016-10-28 03:00:00,38.617000579833984,11.47599983215332,34.6870002746582,9.11400032043457,3.753000020980835,0.0,23.37849998474121
2016-10-28 04:00:00,38.617000579833984,11.727999687194824,34.57899856567383,9.034000396728516,3.753000020980835,1.343000054359436,23.37849998474121
2016-10-28 05:00:00,38.44900131225586,11.392000198364258,34.79399871826172,8.899999618530273,3.753000020980835,0.0,22.280000686645508
2016-10-28 06:00:00,39.790000915527344,12.145999908447266,36.1879997253418,9.595999717712402,3.7309999465942383,0.0,21.840999603271484
2016-10-28 07:00:00,38.53300094604492,10.220000267028809,34.60599899291992,7.71999979019165,4.9679999351501465,0.0,21.621000289916992
2016-10-28 08:00:00,35.76900100708008,9.04699993133545,33.05099868774414,7.317999839782715,2.505000114440918,0.0,21.18199920654297
2016-10-28 09:00:00,39.874000549316406,11.810999870300291,38.41299819946289,9.838000297546388,2.505000114440918,0.0,20.742000579833984
2016-10-28 10:00:00,38.36600112915039,11.225000381469728,36.50899887084961,9.354999542236328,2.505000114440918,0.0,19.863000869750977
2016-10-28 11:00:00,39.45500183105469,11.140999794006348,37.39400100708008,9.16800022125244,2.505000114440918,0.0,19.64349937438965
2016-10-28 12:00:00,42.80500030517578,12.815999984741213,40.15499877929688,10.347000122070312,2.505000114440918,0.0,18.983999252319336
2016-10-28 13:00:00,44.900001525878906,15.161999702453612,42.21900177001953,12.357000350952148,2.505000114440918,0.0,18.76449966430664
2016-10-28 14:00:00,41.29800033569336,12.64900016784668,38.76100158691406,10.024999618530272,2.505000114440918,0.0,18.545000076293945
2016-10-28 15:00:00,42.97299957275391,12.732999801635742,40.34299850463867,10.401000022888184,2.505000114440918,0.0,18.325000762939453
2016-10-28 16:00:00,39.95700073242188,10.55500030517578,37.233001708984375,8.282999992370605,2.505000114440918,0.0,18.325000762939453
2016-10-28 17:00:00,46.40700149536133,12.145999908447266,42.48699951171875,9.086999893188477,3.7309999465942383,0.0,18.983999252319336
2016-10-28 18:00:00,46.32400131225586,12.480999946594238,42.91600036621094,9.677000045776367,3.401000022888184,0.0,19.423999786376957
2016-10-28 19:00:00,44.229000091552734,11.895000457763672,39.59199905395508,8.604999542236326,4.882999897003174,1.4179999828338623,19.863000869750977
2016-10-28 20:00:00,43.97800064086914,12.229999542236328,41.11999893188477,9.515999794006348,3.6570000648498535,0.0,19.863000869750977
2016-10-28 21:00:00,45.73699951171875,13.402999877929688,40.66400146484375,9.729999542236328,4.894000053405762,1.343000054359436,19.423999786376957
2016-10-28 22:00:00,40.87900161743164,10.220000267028809,37.15299987792969,7.800000190734862,3.4649999141693115,0.0,18.545000076293945
2016-10-28 23:00:00,39.53799819946289,11.392000198364258,36.08100128173828,9.086999893188477,3.433000087738037,0.0,18.104999542236328
2016-10-29 00:00:00,38.70100021362305,11.392000198364258,34.955001831054695,8.765000343322754,4.670000076293945,0.0,17.666000366210938
2016-10-29 01:00:00,40.20899963378906,11.47599983215332,36.3489990234375,8.925999641418457,2.943000078201294,0.0,17.666000366210938
2016-10-29 02:00:00,37.277000427246094,10.55500030517578,34.5260009765625,8.416999816894531,3.0920000076293945,0.0,17.226999282836914
2016-10-29 03:00:00,36.94200134277344,10.638999938964844,34.41899871826172,8.36299991607666,3.0920000076293945,0.0,16.78700065612793
2016-10-29 04:00:00,37.86299896240234,11.225000381469728,34.1510009765625,8.578000068664549,3.0920000076293945,1.2690000534057615,16.567499160766598
2016-10-29 05:00:00,38.28200149536133,11.225000381469728,35.4640007019043,8.630999565124513,3.0920000076293945,0.0,15.907999992370604
2016-10-29 06:00:00,37.277000427246094,10.638999938964844,32.89099884033203,7.934999942779541,3.614000082015991,1.246999979019165,15.24899959564209
2016-10-29 07:00:00,41.46500015258789,12.145999908447266,37.15299987792969,9.302000045776367,4.787000179290772,1.2369999885559082,15.029000282287598
2016-10-29 08:00:00,36.27199935913086,8.963000297546387,33.667999267578125,6.9689998626708975,3.26200008392334,0.0,14.809499740600586
2016-10-29 09:00:00,38.28200149536133,10.722000122070312,36.42900085449219,8.630999565124513,1.8869999647140503,0.0,14.59000015258789
2016-10-29 10:00:00,41.79999923706055,12.062999725341797,39.27000045776367,9.32800006866455,3.101999998092652,0.0,15.029500007629396
2016-10-29 11:00:00,44.64799880981445,13.402999877929688,41.95100021362305,10.803000450134276,3.101999998092652,0.0,15.68850040435791
2016-10-29 12:00:00,40.29199981689453,11.225000381469728,38.06399917602539,8.819000244140625,1.866000056266785,0.0,16.78700065612793
2016-10-29 13:00:00,43.05699920654297,13.152000427246096,40.69100189208984,10.45400047302246,1.866000056266785,0.0,17.666000366210938
2016-10-29 14:00:00,42.80500030517578,13.067999839782717,40.07500076293945,10.480999946594238,1.866000056266785,0.0,18.104999542236328
2016-10-29 15:00:00,41.88399887084961,12.229999542236328,39.430999755859375,9.70400047302246,3.134000062942505,0.0,17.666000366210938
2016-10-29 16:00:00,45.82099914550781,13.319000244140623,41.87099838256836,10.267000198364258,3.16599988937378,0.0,17.226999282836914
2016-10-29 17:00:00,48.41799926757813,14.072999954223633,42.91600036621094,10.213000297546388,4.381999969482422,1.2150000333786009,17.226999282836914
2016-10-29 18:00:00,47.74800109863281,13.319000244140623,44.25600051879883,10.185999870300291,4.381999969482422,1.22599995136261,17.226999282836914
2016-10-29 19:00:00,43.391998291015625,11.5600004196167,38.09099960327149,8.14900016784668,5.683000087738037,1.2369999885559082,17.446500778198242
2016-10-29 20:00:00,44.3129997253418,13.402999877929688,38.59999847412109,9.784000396728516,5.468999862670898,1.246999979019165,17.666000366210938
2016-10-29 21:00:00,41.79999923706055,12.062999725341797,37.98400115966797,9.354999542236328,3.5179998874664307,0.0,17.666000366210938
2016-10-29 22:00:00,42.63800048828125,13.319000244140623,39.77999877929688,10.96399974822998,3.5179998874664307,0.0,17.666000366210938
2016-10-29 23:00:00,38.44900131225586,12.062999725341797,35.57099914550781,9.838000297546388,3.4440000057220463,0.0,17.666000366210938
2016-10-30 00:00:00,39.20299911499024,12.984000205993652,35.518001556396484,10.024999618530272,4.499000072479248,1.2580000162124634,17.446500778198242
2016-10-30 01:00:00,37.44400024414063,10.973999977111816,33.13199996948242,8.255999565124513,4.510000228881836,1.2369999885559082,17.446500778198242
2016-10-30 02:00:00,36.77399826049805,11.810999870300291,32.22100067138672,9.034000396728516,4.541999816894531,1.2150000333786009,17.226999282836914
2016-10-30 03:00:00,37.10900115966797,11.727999687194824,32.488998413085945,9.248000144958496,4.519999980926514,1.246999979019165,17.006999969482422
2016-10-30 04:00:00,34.429000854492195,11.225000381469728,32.194000244140625,9.248000144958496,2.377000093460083,0.0,16.78700065612793
2016-10-30 05:00:00,37.44400024414063,11.644000053405762,33.26599884033203,8.95300006866455,3.6679999828338623,1.2369999885559082,16.567499160766598
2016-10-30 06:00:00,35.76900100708008,10.973999977111816,32.327999114990234,8.73900032043457,4.552000045776367,0.0,16.347999572753903
2016-10-30 07:00:00,40.9630012512207,12.732999801635742,38.01100158691406,10.508000373840332,3.006999969482422,0.0,16.128000259399414
2016-10-30 08:00:00,36.858001708984375,9.885000228881836,32.91699981689453,7.372000217437744,4.339000225067139,0.0,16.347999572753903
2016-10-30 09:00:00,35.76900100708008,9.04699993133545,33.292999267578125,7.317999839782715,1.7910000085830688,0.0,18.104999542236328
2016-10-30 10:00:00,38.28200149536133,9.717000007629396,35.86600112915039,7.827000141143799,1.7910000085830688,0.0,20.742000579833984
2016-10-30 11:00:00,43.05699920654297,12.899999618530272,40.07500076293945,10.105999946594238,3.0380001068115234,0.0,22.5
2016-10-30 12:00:00,39.874000549316406,11.225000381469728,37.39400100708008,9.302000045776367,1.8229999542236328,0.0,24.477500915527344
2016-10-30 13:00:00,40.3759994506836,12.480999946594238,37.93000030517578,10.159000396728516,1.8229999542236328,0.0,26.23550033569336
2016-10-30 14:00:00,37.36100006103516,11.644000053405762,35.49100112915039,9.48900032043457,1.8229999542236328,0.0,26.23550033569336
2016-10-30 15:00:00,40.3759994506836,13.067999839782717,37.6619987487793,10.508000373840332,1.8229999542236328,0.0,26.45499992370605
2016-10-30 16:00:00,43.72700119018555,13.821999549865724,39.887001037597656,10.74899959564209,3.134000062942505,1.22599995136261,25.57600021362305
2016-10-30 17:00:00,44.229000091552734,13.821999549865724,38.84199905395508,10.052000045776367,4.349999904632568,1.2369999885559082,24.477500915527344
2016-10-30 18:00:00,43.97800064086914,14.491999626159668,37.823001861572266,10.560999870300291,5.703999996185303,1.2899999618530271,24.038000106811523
2016-10-30 19:00:00,42.303001403808594,12.732999801635742,37.367000579833984,9.354999542236328,5.671999931335449,1.2899999618530271,22.5
2016-10-30 20:00:00,42.97299957275391,12.899999618530272,37.93000030517578,9.595999717712402,5.447999954223633,1.2369999885559082,21.401500701904297
2016-10-30 21:00:00,41.632999420166016,12.39799976348877,38.33200073242188,9.890999794006348,3.763000011444092,0.0,20.522499084472656
2016-10-30 22:00:00,40.3759994506836,12.314000129699709,35.652000427246094,9.32800006866455,5.085000038146973,1.3220000267028809,20.08300018310547
2016-10-30 23:00:00,36.858001708984375,10.052000045776367,32.46200180053711,7.61299991607666,5.043000221252441,1.2150000333786009,20.08300018310547
2016-10-31 00:00:00,33.92599868774414,8.795999526977539,30.37100028991699,6.566999912261963,3.763000011444092,0.0,19.64349937438965
2016-10-31 01:00:00,33.92599868774414,8.795999526977539,30.37100028991699,6.566999912261963,3.763000011444092,0.0,19.64349937438965
2016-10-31 02:00:00,33.92599868774414,8.795999526977539,30.37100028991699,6.566999912261963,3.763000011444092,0.0,19.64349937438965
2016-10-31 03:00:00,33.92599868774414,8.795999526977539,30.37100028991699,6.566999912261963,3.763000011444092,0.0,19.64349937438965
2016-10-31 04:00:00,33.92599868774414,8.795999526977539,30.37100028991699,6.566999912261963,3.763000011444092,0.0,19.64349937438965
2016-10-31 05:00:00,33.92599868774414,8.795999526977539,30.37100028991699,6.566999912261963,3.763000011444092,0.0,19.64349937438965
2016-10-31 06:00:00,33.92599868774414,8.795999526977539,30.37100028991699,6.566999912261963,3.763000011444092,0.0,19.64349937438965
2016-10-31 07:00:00,33.92599868774414,8.795999526977539,30.37100028991699,6.566999912261963,3.763000011444092,0.0,19.64349937438965
2016-10-31 08:00:00,33.92599868774414,8.795999526977539,30.37100028991699,6.566999912261963,3.763000011444092,0.0,19.64349937438965
2016-10-31 09:00:00,33.92599868774414,8.795999526977539,30.37100028991699,6.566999912261963,3.763000011444092,0.0,19.64349937438965
2016-10-31 10:00:00,33.92599868774414,8.795999526977539,30.37100028991699,6.566999912261963,3.763000011444092,0.0,19.64349937438965
2016-10-31 11:00:00,33.92599868774414,8.795999526977539,30.37100028991699,6.566999912261963,3.763000011444092,0.0,19.64349937438965
2016-10-31 12:00:00,33.92599868774414,8.795999526977539,30.37100028991699,6.566999912261963,3.763000011444092,0.0,19.64349937438965
2016-10-31 13:00:00,33.92599868774414,8.795999526977539,30.37100028991699,6.566999912261963,3.763000011444092,0.0,19.64349937438965
2016-10-31 14:00:00,33.92599868774414,8.795999526977539,30.37100028991699,6.566999912261963,3.763000011444092,0.0,19.64349937438965
2016-10-31 15:00:00,33.92599868774414,8.795999526977539,30.37100028991699,6.566999912261963,3.763000011444092,0.0,19.64349937438965
2016-10-31 16:00:00,33.92599868774414,8.795999526977539,30.37100028991699,6.566999912261963,3.763000011444092,0.0,19.64349937438965
2016-10-31 17:00:00,33.92599868774414,8.795999526977539,30.37100028991699,6.566999912261963,3.763000011444092,0.0,19.64349937438965
2016-10-31 18:00:00,33.92599868774414,8.795999526977539,30.37100028991699,6.566999912261963,3.763000011444092,0.0,19.64349937438965
2016-10-31 19:00:00,33.92599868774414,8.795999526977539,30.37100028991699,6.566999912261963,3.763000011444092,0.0,19.64349937438965
2016-10-31 20:00:00,33.92599868774414,8.795999526977539,30.37100028991699,6.566999912261963,3.763000011444092,0.0,19.64349937438965
2016-10-31 21:00:00,33.92599868774414,8.795999526977539,30.37100028991699,6.566999912261963,3.763000011444092,0.0,19.64349937438965
2016-10-31 22:00:00,33.92599868774414,8.795999526977539,30.37100028991699,6.566999912261963,3.763000011444092,0.0,19.64349937438965
2016-10-31 23:00:00,33.92599868774414,8.795999526977539,30.37100028991699,6.566999912261963,3.763000011444092,0.0,19.64349937438965
2016-11-01 00:00:00,31.2450008392334,8.878999710083008,26.590999603271484,6.513999938964844,4.690999984741211,1.2150000333786009,18.104999542236328
2016-11-01 01:00:00,30.072999954223643,8.543999671936035,25.518999099731445,5.8439998626708975,4.573999881744385,1.246999979019165,18.104999542236328
2016-11-01 02:00:00,27.64299964904785,7.454999923706055,24.92900085449219,5.951000213623048,2.943000078201294,0.0,17.666000366210938
2016-11-01 03:00:00,30.1560001373291,8.543999671936035,25.733999252319336,6.031000137329103,4.264999866485597,1.3539999723434448,17.226999282836914
2016-11-01 04:00:00,30.40800094604492,8.963000297546387,26.40399932861328,6.835000038146973,4.243000030517578,1.3860000371932983,17.006999969482422
2016-11-01 05:00:00,29.98900032043457,8.208999633789062,25.33099937438965,5.710000038146973,4.414000034332275,1.22599995136261,16.78700065612793
2016-11-01 06:00:00,24.125,5.276999950408936,19.35400009155273,3.2699999809265137,5.043000221252441,1.22599995136261,16.347999572753903
2016-11-01 07:00:00,21.025999069213867,0.0,17.370000839233402,1.6080000400543213,3.6679999828338623,0.0,16.128000259399414
2016-11-01 08:00:00,17.34000015258789,0.0,12.142999649047852,1.4479999542236328,4.765999794006348,2.494999885559082,16.347999572753903
2016-11-01 09:00:00,16.92099952697754,0.0,14.42099952697754,2.009999990463257,3.1559998989105225,0.0,17.006999969482422
2016-11-01 10:00:00,18.93199920654297,4.5229997634887695,15.574000358581545,2.627000093460083,3.1559998989105225,1.621000051498413,17.446500778198242
2016-11-01 11:00:00,18.847999572753903,4.355999946594238,15.38700008392334,2.4130001068115234,3.1559998989105225,1.621000051498413,17.885499954223633
2016-11-01 12:00:00,16.166999816894528,0.0,14.20699977874756,1.715999960899353,3.1559998989105225,0.0,18.54450035095215
2016-11-01 13:00:00,16.250999450683597,0.0,13.402999877929688,1.9029999971389768,1.9299999475479128,1.4709999561309814,19.64349937438965
2016-11-01 14:00:00,16.419000625610348,0.0,13.67099952697754,2.0369999408721924,3.1770000457763667,1.503000020980835,21.18199920654297
2016-11-01 15:00:00,15.748000144958494,0.0,13.536999702453612,2.252000093460083,3.11299991607666,1.22599995136261,22.5
2016-11-01 16:00:00,18.763999938964844,0.0,14.314000129699709,1.6349999904632568,4.414000034332275,1.246999979019165,23.37899971008301
2016-11-01 17:00:00,20.60700035095215,0.0,15.0649995803833,1.3400000333786009,5.660999774932861,1.246999979019165,22.280500411987305
2016-11-01 18:00:00,23.45499992370605,0.0,18.36199951171875,1.9029999971389768,5.554999828338623,1.3109999895095823,20.30299949645996
2016-11-01 19:00:00,23.95800018310547,5.110000133514403,18.6299991607666,2.8949999809265137,5.554999828338623,1.3109999895095823,18.104999542236328
2016-11-01 20:00:00,24.125,4.775000095367432,18.871000289916992,2.627000093460083,5.459000110626222,1.2580000162124634,17.006999969482422
2016-11-01 21:00:00,22.36599922180176,4.440000057220459,18.173999786376957,2.493000030517578,4.030000209808351,1.2580000162124634,17.006999969482422
2016-11-01 22:00:00,22.53400039672852,5.78000020980835,17.531000137329098,3.4309999942779537,5.276999950408936,1.2580000162124634,17.006999969482422
2016-11-01 23:00:00,19.684999465942383,4.690999984741211,14.475000381469728,2.5999999046325684,5.341000080108644,2.8359999656677246,17.006999969482422
2016-11-02 00:00:00,17.926000595092773,4.355999946594238,12.894000053405762,2.1979999542236333,5.330999851226807,1.22599995136261,16.78700065612793
2016-11-02 01:00:00,16.50200080871582,4.2719998359680185,11.204999923706056,2.0369999408721924,4.9790000915527335,1.2369999885559082,16.78700065612793
2016-11-02 02:00:00,14.743000030517578,0.0,11.28499984741211,1.5820000171661377,3.635999917984009,1.246999979019165,16.78700065612793
2016-11-02 03:00:00,16.250999450683597,0.0,11.446000099182127,1.6080000400543213,4.947000026702881,1.246999979019165,16.567499160766598
2016-11-02 04:00:00,16.166999816894528,0.0,11.366000175476074,1.6619999408721924,5.064000129699707,1.2150000333786009,16.567499160766598
2016-11-02 05:00:00,16.586000442504886,4.105000019073486,12.920000076293944,2.4130001068115234,3.848999977111816,1.2150000333786009,16.567499160766598
2016-11-02 06:00:00,18.68000030517578,4.355999946594238,13.67099952697754,2.2780001163482666,5.138999938964844,1.2150000333786009,16.34749984741211
2016-11-02 07:00:00,18.010000228881836,0.0,13.911999702453612,1.9299999475479128,5.138999938964844,1.2150000333786009,16.128000259399414
2016-11-02 08:00:00,23.37100028991699,6.953000068664551,17.878999710083008,4.155000209808351,5.138999938964844,2.430999994277954,16.128000259399414
2016-11-02 09:00:00,22.78499984741211,6.449999809265138,19.78300094604492,4.797999858856201,3.625,0.0,16.567499160766598
2016-11-02 10:00:00,23.1200008392334,6.618000030517577,19.488000869750977,4.3959999084472665,3.625,1.3650000095367432,19.64349937438965
2016-11-02 11:00:00,24.208999633789062,6.86899995803833,20.29199981689453,4.449999809265137,3.625,1.3650000095367432,23.818500518798828
2016-11-02 12:00:00,20.857999801635746,5.193999767303467,17.423999786376953,3.190000057220459,3.625,1.4709999561309814,26.23550033569336
2016-11-02 13:00:00,20.43899917602539,5.78000020980835,17.101999282836914,3.6989998817443848,3.625,1.4709999561309814,28.871999740600582
2016-11-02 14:00:00,20.27199935913086,6.114999771118164,16.861000061035153,4.127999782562257,3.625,1.4709999561309814,30.6299991607666
2016-11-02 15:00:00,21.36100006103516,6.449999809265138,18.22800064086914,4.422999858856201,3.625,1.4709999561309814,30.40999984741211
2016-11-02 16:00:00,23.70599937438965,6.953000068664551,20.827999114990234,5.441999912261963,3.625,1.246999979019165,28.433000564575195
2016-11-02 17:00:00,26.386999130249023,6.366000175476074,20.184999465942383,3.1630001068115234,6.151999950408936,2.505000114440918,25.795499801635746
2016-11-02 18:00:00,22.86899948120117,4.440000057220459,18.81800079345703,2.438999891281128,4.894000053405762,2.505000114440918,23.15950012207031
2016-11-02 19:00:00,25.214000701904297,5.78000020980835,19.05900001525879,2.868000030517578,5.745999813079834,2.483999967575073,20.08300018310547
2016-11-02 20:00:00,22.450000762939453,4.941999912261963,18.040000915527344,2.868000030517578,4.13700008392334,2.483999967575073,18.105499267578125
2016-11-02 21:00:00,22.86899948120117,5.696000099182129,18.334999084472656,3.243000030517578,5.36299991607666,2.483999967575073,16.78700065612793
2016-11-02 22:00:00,19.43400001525879,4.188000202178955,14.850000381469728,2.1979999542236333,4.85099983215332,1.2690000534057615,16.128000259399414
2016-11-02 23:00:00,18.26099967956543,4.2719998359680185,13.107999801635742,1.8760000467300413,4.85099983215332,1.2690000534057615,15.468500137329102
2016-11-03 00:00:00,16.836999893188473,0.0,12.277000427246096,1.7419999837875366,4.349999904632568,1.22599995136261,15.029500007629396
2016-11-03 01:00:00,17.34000015258789,4.355999946594238,11.795000076293944,1.9029999971389768,5.576000213623047,1.22599995136261,14.59000015258789
2016-11-03 02:00:00,15.916000366210938,0.0,11.28499984741211,2.0369999408721924,5.043000221252441,1.6100000143051147,13.711000442504885
2016-11-03 03:00:00,15.916000366210938,0.0,11.5,1.7960000038146973,3.8059999942779537,1.6100000143051147,13.271499633789062
2016-11-03 04:00:00,15.07800006866455,0.0,11.607000350952148,2.0639998912811284,4.818999767303467,1.22599995136261,13.271499633789062
2016-11-03 05:00:00,16.250999450683597,4.355999946594238,12.062999725341797,2.2249999046325684,4.638000011444092,1.22599995136261,12.83199977874756
2016-11-03 06:00:00,16.753999710083008,0.0,12.812999725341797,1.9570000171661377,4.072999954223634,2.440999984741211,12.392499923706056
2016-11-03 07:00:00,17.256000518798828,0.0,12.973999977111816,1.4479999542236328,4.083000183105469,1.22599995136261,12.392499923706056
2016-11-03 08:00:00,15.83199977874756,0.0,11.553000450134276,0.0,4.051000118255615,1.2150000333786009,13.271499633789062
2016-11-03 09:00:00,17.172000885009766,0.0,14.072999954223633,1.9570000171661377,2.9210000038146973,1.2150000333786009,16.347999572753903
2016-11-03 10:00:00,18.010000228881836,0.0,14.58199977874756,1.6890000104904177,2.9210000038146973,1.3220000267028809,20.302499771118164
2016-11-03 11:00:00,18.59600067138672,0.0,14.958000183105469,1.9029999971389768,2.9210000038146973,1.4179999828338623,24.91699981689453
2016-11-03 12:00:00,16.334999084472653,0.0,13.135000228881836,0.0,2.9210000038146973,0.0,27.11400032043457
2016-11-03 13:00:00,17.507999420166016,0.0,14.63599967956543,2.3320000171661377,2.9210000038146973,1.3329999446868896,29.09199905395508
2016-11-03 14:00:00,17.172000885009766,4.188000202178955,14.072999954223633,2.438999891281128,2.9210000038146973,1.4179999828338623,30.19050025939941
2016-11-03 15:00:00,18.763999938964844,4.775000095367432,15.22599983215332,2.9749999046325684,2.9210000038146973,1.22599995136261,30.40999984741211
2016-11-03 16:00:00,21.94700050354004,6.031000137329103,17.476999282836914,3.7260000705718994,4.201000213623047,1.22599995136261,29.09149932861328
2016-11-03 17:00:00,23.95800018310547,5.947999954223633,19.78300094604492,3.6459999084472656,4.201000213623047,1.22599995136261,27.11450004577637
2016-11-03 18:00:00,26.88999938964844,6.701000213623048,21.33699989318848,3.99399995803833,5.415999889373778,1.22599995136261,24.69750022888184
2016-11-03 19:00:00,26.88999938964844,7.539000034332275,21.202999114990234,4.611000061035156,5.415999889373778,1.22599995136261,22.06049919128418
2016-11-03 20:00:00,27.559999465942383,7.454999923706055,22.972999572753903,4.959000110626222,4.264999866485597,1.22599995136261,19.423999786376957
2016-11-03 21:00:00,28.64900016784668,9.130999565124512,23.61599922180176,6.2189998626708975,5.491000175476074,1.2580000162124634,17.446500778198242
2016-11-03 22:00:00,24.208999633789062,7.539000034332275,20.131000518798828,4.959000110626222,3.816999912261963,2.6010000705718994,16.34749984741211
2016-11-03 23:00:00,18.847999572753903,5.193999767303467,13.564000129699709,2.6540000438690186,5.25600004196167,2.6010000705718994,15.908499717712402
2016-11-04 00:00:00,18.59600067138672,4.859000205993652,15.145000457763672,2.9219999313354488,3.3580000400543213,1.3539999723434448,15.468500137329102
2016-11-04 01:00:00,20.77400016784668,6.031000137329103,15.467000007629396,3.2170000076293945,5.863999843597412,2.6440000534057617,15.468500137329102
2016-11-04 02:00:00,19.43400001525879,5.110000133514403,15.680999755859377,3.0829999446868896,4.616000175476074,1.406999945640564,15.468500137329102
2016-11-04 03:00:00,20.60700035095215,7.454999923706055,15.4399995803833,4.744999885559082,4.616000175476074,1.406999945640564,15.24899959564209
2016-11-04 04:00:00,18.429000854492188,5.52899980545044,13.37600040435791,3.0559999942779537,4.414000034332275,1.406999945640564,14.809499740600586
2016-11-04 05:00:00,18.59600067138672,5.193999767303467,13.859000205993652,2.7880001068115234,4.423999786376953,1.406999945640564,14.59000015258789
2016-11-04 06:00:00,21.277000427246094,5.52899980545044,16.486000061035153,2.868000030517578,4.307000160217285,1.406999945640564,14.59000015258789
2016-11-04 07:00:00,21.277000427246094,5.52899980545044,18.28199958801269,3.8329999446868896,4.1469998359680185,1.2369999885559082,14.37049961090088
2016-11-04 08:00:00,23.45499992370605,7.203999996185303,18.8439998626709,4.422999858856201,5.373000144958496,2.463000059127808,15.468500137329102
2016-11-04 09:00:00,22.53400039672852,6.86899995803833,19.91699981689453,5.013000011444092,2.815000057220459,1.493000030517578,18.32550048828125
2016-11-04 10:00:00,27.392000198364247,9.550000190734863,23.347999572753903,6.7820000648498535,4.254000186920166,1.493000030517578,21.401500701904297
2016-11-04 11:00:00,30.57500076293945,11.5600004196167,26.858999252319336,8.845999717712402,3.0380001068115234,1.493000030517578,25.35650062561035
2016-11-04 12:00:00,26.88999938964844,8.543999671936035,23.53499984741211,6.353000164031982,3.0380001068115234,1.493000030517578,27.55400085449219
2016-11-04 13:00:00,25.04700088500977,8.293000221252441,21.604999542236328,6.031000137329103,3.0380001068115234,1.493000030517578,30.190000534057607
2016-11-04 14:00:00,27.141000747680664,9.968000411987305,23.10700035095215,7.71999979019165,4.264999866485597,1.493000030517578,32.167999267578125
2016-11-04 15:00:00,29.066999435424805,10.973999977111816,24.82200050354004,8.310000419616701,4.243000030517578,1.493000030517578,32.82699966430664
2016-11-04 16:00:00,30.99399948120117,11.810999870300291,25.43899917602539,8.336999893188478,5.459000110626222,1.493000030517578,31.728500366210927
2016-11-04 17:00:00,33.50699996948242,12.314000129699709,27.04700088500977,8.444000244140625,6.684999942779541,2.7079999446868896,29.97050094604492
2016-11-04 18:00:00,34.0099983215332,12.062999725341797,28.36000061035156,8.390000343322754,6.418000221252441,2.7079999446868896,27.55349922180176
2016-11-04 19:00:00,32.92100143432617,9.381999969482422,27.23500061035156,6.298999786376952,4.85099983215332,2.7079999446868896,24.91699981689453
2016-11-04 20:00:00,33.088001251220696,9.633000373840332,26.67200088500977,5.978000164031982,6.695000171661378,2.7079999446868896,22.71949958801269
2016-11-04 21:00:00,31.66399955749512,9.550000190734863,25.868000030517567,6.138999938964844,5.703999996185303,2.7079999446868896,21.840499877929688
2016-11-04 22:00:00,29.90500068664551,8.878999710083008,24.17900085449219,5.548999786376953,5.703999996185303,2.7079999446868896,21.18149948120117
2016-11-04 23:00:00,27.97900009155273,8.376999855041504,22.70400047302246,5.334000110626222,5.76800012588501,2.7079999446868896,20.522499084472656
2016-11-05 00:00:00,26.88999938964844,8.711999893188478,21.68600082397461,5.683000087738037,5.447999954223633,2.7079999446868896,20.08300018310547
2016-11-05 01:00:00,26.386999130249023,8.711999893188478,21.09600067138672,5.548999786376953,5.436999797821045,2.7079999446868896,19.423999786376957
2016-11-05 02:00:00,25.1299991607666,7.454999923706055,19.996999740600582,4.422999858856201,4.626999855041504,1.4819999933242798,18.76449966430664
2016-11-05 03:00:00,23.53899955749512,6.953000068664551,19.78300094604492,4.690999984741211,4.605999946594238,1.4819999933242798,18.32550048828125
2016-11-05 04:00:00,24.292999267578125,7.372000217437744,20.21199989318848,4.7179999351501465,4.702000141143799,1.4819999933242798,17.666000366210938
2016-11-05 05:00:00,26.88999938964844,8.208999633789062,21.44499969482422,5.414999961853027,4.702000141143799,2.740000009536743,17.226499557495114
2016-11-05 06:00:00,27.05699920654297,8.376999855041504,22.275999069213867,5.683000087738037,5.927999973297119,2.740000009536743,16.78700065612793
2016-11-05 07:00:00,28.64900016784668,8.963000297546387,22.99900054931641,5.951000213623048,5.809999942779541,2.6549999713897705,16.34749984741211
2016-11-05 08:00:00,27.726999282836918,8.795999526977539,23.375,5.896999835968018,4.584000110626222,2.6549999713897705,17.445999145507812
2016-11-05 09:00:00,27.895000457763672,9.130999565124512,25.19700050354004,7.452000141143799,2.0469999313354488,0.0,20.96199989318848
2016-11-05 10:00:00,29.15099906921387,8.963000297546387,25.840999603271484,6.915999889373777,3.3580000400543213,1.2150000333786009,24.69750022888184
2016-11-05 11:00:00,28.983999252319336,8.795999526977539,26.69899940490723,6.888999938964844,2.131999969482422,1.4709999561309814,28.21299934387207
2016-11-05 12:00:00,26.72200012207031,7.119999885559082,23.187000274658203,5.039000034332275,3.3580000400543213,1.2369999885559082,30.6299991607666
2016-11-05 13:00:00,26.88999938964844,8.543999671936035,23.99099922180176,6.245999813079834,3.3580000400543213,1.4290000200271606,33.486499786376946
2016-11-05 14:00:00,25.381999969482425,6.7849998474121085,22.812000274658203,4.90500020980835,3.3580000400543213,1.4290000200271606,35.68349838256836
2016-11-05 15:00:00,27.81100082397461,7.539000034332275,24.23200035095215,5.1469998359680185,3.3580000400543213,1.4290000200271606,36.34249877929688
2016-11-05 16:00:00,29.066999435424805,8.125,24.95599937438965,4.959000110626222,3.3580000400543213,1.4290000200271606,35.24399948120117
2016-11-05 17:00:00,33.088001251220696,8.461000442504883,26.37700080871582,4.449999809265137,5.831999778747559,2.6760001182556152,33.04700088500977
2016-11-05 18:00:00,33.088001251220696,8.041999816894531,27.288000106811523,4.664000034332275,5.352000236511231,1.4609999656677246,30.19050025939941
2016-11-05 19:00:00,33.25600051879883,9.04699993133545,27.10099983215332,5.576000213623047,6.001999855041504,2.7079999446868896,27.11450004577637
2016-11-05 20:00:00,31.32900047302246,7.789999961853027,26.618000030517567,4.664000034332275,5.639999866485598,2.7079999446868896,24.91699981689453
2016-11-05 21:00:00,31.32900047302246,7.789999961853027,25.46500015258789,4.53000020980835,5.639999866485598,2.7079999446868896,23.598499298095703
2016-11-05 22:00:00,30.57500076293945,8.711999893188478,25.572999954223643,5.548999786376953,5.607999801635742,2.7079999446868896,22.5
2016-11-05 23:00:00,28.229999542236328,7.037000179290772,23.9379997253418,4.2890000343322745,4.361000061035156,2.7079999446868896,21.840499877929688
2016-11-06 00:00:00,27.64299964904785,7.623000144958496,22.03400039672852,4.209000110626222,5.576000213623047,2.7079999446868896,21.18149948120117
2016-11-06 01:00:00,28.145999908447266,7.539000034332275,23.07999992370605,4.824999809265137,4.264999866485597,1.2899999618530271,20.522499084472656
2016-11-06 02:00:00,27.308000564575195,7.119999885559082,22.03400039672852,4.26200008392334,5.544000148773193,1.2899999618530271,19.863500595092773
2016-11-06 03:00:00,27.05699920654297,7.454999923706055,22.32900047302246,4.664000034332275,5.298999786376953,2.622999906539917,19.423999786376957
2016-11-06 04:00:00,26.63800048828125,7.539000034332275,22.83799934387207,4.959000110626222,4.083000183105469,2.622999906539917,18.98450088500977
2016-11-06 05:00:00,28.145999908447266,8.376999855041504,23.15999984741211,5.361000061035156,5.309000015258789,2.622999906539917,18.545000076293945
2016-11-06 06:00:00,29.48600006103516,8.711999893188478,23.88400077819824,5.4679999351501465,5.2129998207092285,2.622999906539917,18.105499267578125
2016-11-06 07:00:00,30.1560001373291,8.543999671936035,24.95599937438965,5.5219998359680185,5.2129998207092285,2.622999906539917,17.666000366210938
2016-11-06 08:00:00,26.972999572753903,5.863999843597412,22.275999069213867,3.4040000438690186,5.2129998207092285,2.622999906539917,18.545000076293945
2016-11-06 09:00:00,26.88999938964844,7.789999961853027,23.347999572753903,5.494999885559082,3.954999923706055,2.622999906539917,22.280500411987305
2016-11-06 10:00:00,28.145999908447266,7.372000217437744,24.44700050354004,5.0929999351501465,3.848999977111816,1.343000054359436,26.23500061035156
2016-11-06 11:00:00,28.39699935913086,6.953000068664551,24.92900085449219,4.557000160217285,3.848999977111816,1.2369999885559082,29.750999450683597
2016-11-06 12:00:00,28.481000900268555,7.203999996185303,24.15200042724609,4.690999984741211,3.848999977111816,1.2369999885559082,32.167999267578125
2016-11-06 13:00:00,27.308000564575195,7.789999961853027,23.48200035095215,5.361000061035156,3.848999977111816,1.2369999885559082,34.365501403808594
2016-11-06 14:00:00,27.47599983215332,8.711999893188478,23.75,5.816999912261963,3.848999977111816,1.2369999885559082,35.68349838256836
2016-11-06 15:00:00,26.88999938964844,7.958000183105469,23.910999298095703,5.576000213623047,3.848999977111816,1.2369999885559082,35.4635009765625
2016-11-06 16:00:00,30.743000030517567,8.461000442504883,26.83300018310547,5.576000213623047,3.848999977111816,1.2369999885559082,33.92599868774414
2016-11-06 17:00:00,39.62200164794922,11.225000381469728,33.42699813842773,7.184000015258789,6.333000183105469,2.45199990272522,32.167999267578125
2016-11-06 18:00:00,39.95700073242188,11.979000091552734,35.2760009765625,8.711999893188478,5.117000102996826,2.45199990272522,30.19050025939941
2016-11-06 19:00:00,39.0359992980957,10.722000122070312,31.871999740600582,6.433000087738037,6.172999858856201,2.45199990272522,28.65250015258789
2016-11-06 20:00:00,37.277000427246094,11.140999794006348,31.54999923706055,7.425000190734862,5.831999778747559,2.45199990272522,27.333999633789062
2016-11-06 21:00:00,41.71599960327149,12.899999618530272,34.391998291015625,8.041999816894531,7.196000099182129,2.45199990272522,26.45499992370605
2016-11-06 22:00:00,36.60699844360352,10.722000122070312,30.85300064086914,6.915999889373777,5.40500020980835,2.45199990272522,25.57600021362305
2016-11-06 23:00:00,38.86800003051758,12.314000129699709,32.24700164794922,7.907999992370605,6.610000133514402,2.45199990272522,25.35650062561035
2016-11-07 00:00:00,39.874000549316406,13.487000465393065,33.775001525878906,9.248000144958496,5.500999927520752,2.45199990272522,24.69750022888184
2016-11-07 01:00:00,34.261001586914055,11.47599983215332,28.468000411987305,7.665999889373777,5.500999927520752,2.45199990272522,24.69750022888184
2016-11-07 02:00:00,33.25600051879883,11.057000160217283,27.690000534057607,7.452000141143799,5.436999797821045,2.45199990272522,24.25749969482422
2016-11-07 03:00:00,40.29199981689453,13.56999969482422,33.722000122070305,9.194000244140623,6.610000133514402,2.45199990272522,24.038000106811523
2016-11-07 04:00:00,36.77399826049805,12.062999725341797,32.03300094604492,8.685000419616701,5.0,2.45199990272522,24.038000106811523
2016-11-07 05:00:00,38.86800003051758,13.319000244140623,34.06999969482422,9.838000297546388,5.011000156402588,2.45199990272522,24.038000106811523
2016-11-07 06:00:00,41.46500015258789,13.73799991607666,36.29499816894531,10.267000198364258,5.074999809265137,2.45199990272522,24.25749969482422
2016-11-07 07:00:00,42.80500030517578,13.904999732971191,38.14500045776367,10.213000297546388,5.0960001945495605,2.45199990272522,24.69750022888184
2016-11-07 08:00:00,38.11399841308594,11.140999794006348,34.5260009765625,7.98799991607666,3.858999967575073,2.45199990272522,25.13649940490723
2016-11-07 09:00:00,40.04100036621094,12.062999725341797,36.5629997253418,8.819000244140625,3.848999977111816,1.246999979019165,25.35650062561035
2016-11-07 10:00:00,40.459999084472656,12.229999542236328,37.071998596191406,8.873000144958496,3.848999977111816,1.246999979019165,25.35650062561035
2016-11-07 11:00:00,42.21900177001953,12.815999984741213,38.41299819946289,9.48900032043457,3.848999977111816,1.246999979019165,25.57600021362305
2016-11-07 12:00:00,39.0359992980957,10.13599967956543,35.75899887084961,7.50600004196167,2.5910000801086426,0.0,25.35650062561035
2016-11-07 13:00:00,42.1349983215332,13.56999969482422,38.89500045776367,10.883000373840332,2.5910000801086426,0.0,23.818500518798828
2016-11-07 14:00:00,40.04100036621094,12.314000129699709,38.35900115966797,10.401000022888184,2.6010000705718994,0.0,23.15950012207031
2016-11-07 15:00:00,37.19300079345703,10.973999977111816,34.9010009765625,8.845999717712402,2.6010000705718994,0.0,22.71949958801269
2016-11-07 16:00:00,38.36600112915039,11.225000381469728,34.632999420166016,8.041999816894531,3.9449999332427983,1.246999979019165,22.280500411987305
2016-11-07 17:00:00,42.97299957275391,11.392000198364258,38.49300003051758,8.282999992370605,3.9449999332427983,1.246999979019165,21.401500701904297
2016-11-07 18:00:00,42.303001403808594,11.47599983215332,38.41299819946289,8.282999992370605,3.4219999313354488,1.246999979019165,20.522499084472656
2016-11-07 19:00:00,36.68999862670898,9.04699993133545,32.22100067138672,5.869999885559082,4.690999984741211,1.246999979019165,20.08300018310547
2016-11-07 20:00:00,44.3129997253418,12.5649995803833,39.24399948120117,8.845999717712402,4.690999984741211,1.2580000162124634,19.64349937438965
2016-11-07 21:00:00,42.21900177001953,11.309000015258787,38.43899917602539,8.14900016784668,4.690999984741211,1.2580000162124634,19.64349937438965
2016-11-07 22:00:00,42.63800048828125,13.234999656677244,38.35900115966797,10.052000045776367,5.0,1.5349999666213991,19.20450019836425
2016-11-07 23:00:00,42.72200012207031,12.732999801635742,37.233001708984375,8.95300006866455,5.052999973297119,1.22599995136261,18.76449966430664
2016-11-08 00:00:00,38.198001861572266,10.38700008392334,33.93600082397461,7.747000217437744,3.816999912261963,1.246999979019165,18.32550048828125
2016-11-08 01:00:00,38.70100021362305,11.309000015258787,35.007999420166016,8.685000419616701,3.785000085830689,1.246999979019165,17.885499954223633
2016-11-08 02:00:00,37.19300079345703,10.13599967956543,33.31999969482422,7.559000015258789,3.785000085830689,1.246999979019165,17.006500244140625
2016-11-08 03:00:00,37.19300079345703,10.220000267028809,33.292999267578125,7.665999889373777,4.0939998626708975,1.2369999885559082,16.567499160766598
2016-11-08 04:00:00,37.10900115966797,10.722000122070312,33.990001678466804,8.390000343322754,4.125999927520752,0.0,16.34749984741211
2016-11-08 05:00:00,39.790000915527344,11.727999687194824,35.0620002746582,8.52400016784668,3.6989998817443848,1.22599995136261,15.68850040435791
2016-11-08 06:00:00,40.125,11.727999687194824,36.321998596191406,9.006999969482422,3.390000104904175,0.0,15.24899959564209
2016-11-08 07:00:00,41.46500015258789,11.309000015258787,35.75899887084961,7.747000217437744,5.885000228881836,1.3109999895095823,15.029500007629396
2016-11-08 08:00:00,33.757999420166016,8.208999633789062,32.97100067138672,6.5939998626708975,0.0,0.0,15.24899959564209
2016-11-08 09:00:00,36.94200134277344,10.55500030517578,35.73199844360352,8.979999542236328,0.0,0.0,15.468999862670898
2016-11-08 10:00:00,34.93099975585937,8.461000442504883,34.1510009765625,7.1040000915527335,0.0,0.0,16.128000259399414
2016-11-08 11:00:00,39.11999893188477,10.052000045776367,36.0,7.532000064849853,2.559000015258789,0.0,17.445999145507812
2016-11-08 12:00:00,37.86299896240234,10.55500030517578,35.03499984741211,8.229000091552733,2.559000015258789,0.0,18.545000076293945
2016-11-08 13:00:00,38.198001861572266,11.225000381469728,34.98199844360352,8.73900032043457,3.7100000381469727,0.0,18.98450088500977
2016-11-08 14:00:00,39.11999893188477,12.984000205993652,36.0,10.133000373840332,3.7100000381469727,1.2580000162124634,19.64349937438965
2016-11-08 15:00:00,42.88899993896485,14.743000030517578,39.35100173950195,11.526000022888184,2.4200000762939453,1.3220000267028809,19.20450019836425
2016-11-08 16:00:00,45.48600006103516,15.581000328063965,41.30799865722656,11.795000076293944,3.5820000171661377,1.2790000438690186,18.76449966430664
2016-11-08 17:00:00,49.75799942016602,17.256000518798828,45.16799926757813,13.081000328063965,4.4780001640319815,1.2790000438690186,18.105499267578125
2016-11-08 18:00:00,50.26100158691406,17.172000885009766,44.25600051879883,12.062999725341797,5.692999839782715,2.494999885559082,17.885499954223633
2016-11-08 19:00:00,45.73699951171875,14.407999992370604,39.75299835205078,10.159000396728516,5.703999996185303,2.494999885559082,17.666000366210938
2016-11-08 20:00:00,47.915000915527344,15.161999702453612,41.54899978637695,10.829999923706056,5.703999996185303,2.494999885559082,17.446500778198242
2016-11-08 21:00:00,47.1609992980957,14.743000030517578,40.90599822998047,10.427000045776367,5.756999969482423,1.4179999828338623,17.226499557495114
2016-11-08 22:00:00,46.071998596191406,15.83199977874756,40.23500061035156,11.633999824523926,5.5329999923706055,1.4179999828338623,17.006500244140625
2016-11-08 23:00:00,44.56499862670898,15.496999740600586,38.92200088500977,11.472999572753904,5.40500020980835,1.2150000333786009,16.78700065612793
2016-11-09 00:00:00,42.1349983215332,14.743000030517578,36.696998596191406,11.151000022888184,5.40500020980835,2.5160000324249268,16.34749984741211
2016-11-09 01:00:00,42.1349983215332,14.407999992370604,36.992000579833984,10.829999923706056,5.171000003814697,1.2790000438690186,15.908499717712402
2016-11-09 02:00:00,40.87900161743164,14.156999588012695,35.91999816894531,10.722000122070312,5.171000003814697,1.2790000438690186,15.468500137329102
2016-11-09 03:00:00,39.95700073242188,13.98900032043457,34.31100082397461,10.213000297546388,5.171000003814697,1.2790000438690186,15.24899959564209
2016-11-09 04:00:00,41.88399887084961,14.743000030517578,36.027000427246094,10.96399974822998,5.171000003814697,1.2790000438690186,15.24899959564209
2016-11-09 05:00:00,40.9630012512207,14.324000358581545,35.86600112915039,10.855999946594238,5.171000003814697,1.2790000438690186,15.24899959564209
2016-11-09 06:00:00,43.47600173950195,14.994000434875488,38.54700088500977,11.526000022888184,5.171000003814697,1.2790000438690186,15.029500007629396
2016-11-09 07:00:00,44.3129997253418,14.743000030517578,38.46599960327149,10.90999984741211,5.960000038146973,1.2580000162124634,14.809499740600586
2016-11-09 08:00:00,40.20899963378906,12.64900016784668,35.303001403808594,9.0600004196167,5.960000038146973,2.5269999504089355,14.809499740600586
2016-11-09 09:00:00,41.54899978637695,13.821999549865724,37.71599960327149,10.29300022125244,3.507999897003174,2.5269999504089355,15.908499717712402
2016-11-09 10:00:00,41.2140007019043,12.815999984741213,37.15299987792969,9.515999794006348,3.507999897003174,2.5269999504089355,17.226499557495114
2016-11-09 11:00:00,44.64799880981445,13.98900032043457,40.58399963378906,10.508000373840332,3.507999897003174,2.5269999504089355,19.64349937438965
2016-11-09 12:00:00,42.97299957275391,14.576000213623049,39.83300018310547,11.553000450134276,3.507999897003174,1.2899999618530271,20.742000579833984
2016-11-09 13:00:00,44.81600189208984,15.916000366210938,41.01300048828125,12.277000427246096,3.507999897003174,1.2899999618530271,20.08300018310547
2016-11-09 14:00:00,44.48099899291992,16.166999816894528,40.85200119018555,12.78600025177002,3.507999897003174,1.2899999618530271,20.08300018310547
2016-11-09 15:00:00,45.1510009765625,16.753999710083008,41.52199935913086,13.081000328063965,3.507999897003174,1.2899999618530271,19.863500595092773
2016-11-09 16:00:00,48.50199890136719,16.166999816894528,44.01499938964844,12.142999649047852,4.734000205993652,1.2899999618530271,19.423999786376957
2016-11-09 17:00:00,49.25600051879883,15.329999923706056,45.06000137329102,11.312000274658203,4.734000205993652,1.2899999618530271,19.20400047302246
2016-11-09 18:00:00,49.75799942016602,15.413000106811523,45.16799926757813,11.33899974822998,4.755000114440918,1.2899999618530271,18.98450088500977
2016-11-09 19:00:00,40.459999084472656,10.55500030517578,35.54399871826172,7.1570000648498535,5.992000102996826,2.559000015258789,18.98450088500977
2016-11-09 20:00:00,41.71599960327149,11.47599983215332,36.42900085449219,7.452000141143799,4.914999961853027,2.559000015258789,18.98450088500977
2016-11-09 21:00:00,40.20899963378906,11.392000198364258,35.597999572753906,7.747000217437744,4.6589999198913565,2.559000015258789,18.32550048828125
2016-11-09 22:00:00,44.900001525878906,12.899999618530272,39.24399948120117,8.765000343322754,5.885000228881836,2.559000015258789,17.666000366210938
2016-11-09 23:00:00,44.48099899291992,13.152000427246096,39.59199905395508,9.220999717712402,4.734000205993652,2.559000015258789,17.666000366210938
2016-11-10 00:00:00,42.303001403808594,12.899999618530272,36.8849983215332,8.791999816894531,5.906000137329103,2.559000015258789,17.446500778198242
2016-11-10 01:00:00,37.77899932861328,10.220000267028809,34.338001251220696,7.3979997634887695,4.190000057220459,1.3009999990463257,17.226499557495114
2016-11-10 02:00:00,39.95700073242188,11.309000015258787,35.141998291015625,7.692999839782715,4.190000057220459,1.3009999990463257,16.78700065612793
2016-11-10 03:00:00,38.53300094604492,11.057000160217283,35.33000183105469,7.98799991607666,4.190000057220459,1.3009999990463257,16.34749984741211
2016-11-10 04:00:00,38.198001861572266,11.309000015258787,35.089000701904304,8.336999893188478,3.869999885559082,1.3009999990463257,16.34749984741211
2016-11-10 05:00:00,40.459999084472656,11.644000053405762,36.0,8.069000244140625,3.7739999294281006,1.3009999990463257,16.34749984741211
2016-11-10 06:00:00,41.54899978637695,12.062999725341797,37.79600143432617,8.765000343322754,3.82699990272522,1.3009999990463257,16.128000259399414
2016-11-10 07:00:00,45.23500061035156,13.402999877929688,40.262001037597656,9.435999870300291,4.9679999351501465,1.2369999885559082,15.468500137329102
2016-11-10 08:00:00,40.71099853515625,10.55500030517578,35.75899887084961,6.995999813079834,4.9679999351501465,2.483999967575073,15.029500007629396
2016-11-10 09:00:00,42.21900177001953,12.145999908447266,38.89500045776367,9.0600004196167,3.507999897003174,1.2899999618530271,15.24899959564209
2016-11-10 10:00:00,41.46500015258789,11.225000381469728,39.16299819946289,8.685000419616701,3.507999897003174,0.0,15.68850040435791
2016-11-10 11:00:00,43.47600173950195,12.145999908447266,39.45800018310547,8.925999641418457,3.507999897003174,1.246999979019165,16.567499160766598
2016-11-10 12:00:00,42.303001403808594,12.5649995803833,39.35100173950195,9.729999542236328,3.507999897003174,0.0,17.885499954223633
2016-11-10 13:00:00,40.79499816894531,13.73799991607666,37.18000030517578,10.427000045776367,3.507999897003174,1.2369999885559082,20.08300018310547
2016-11-10 14:00:00,44.81600189208984,14.743000030517578,41.28099822998047,11.633999824523926,3.507999897003174,0.0,21.401500701904297
2016-11-10 15:00:00,44.229000091552734,14.743000030517578,40.87900161743164,11.687000274658203,3.507999897003174,1.3329999446868896,21.840999603271484
2016-11-10 16:00:00,44.900001525878906,14.324000358581545,42.56800079345703,11.821000099182127,2.25,0.0,21.400999069213867
2016-11-10 17:00:00,47.66400146484375,14.659000396728516,43.80099868774414,11.418999671936035,3.496999979019165,1.2790000438690186,19.863500595092773
2016-11-10 18:00:00,49.25600051879883,14.82699966430664,44.25600051879883,10.855999946594238,4.85099983215332,1.246999979019165,18.76449966430664
2016-11-10 19:00:00,45.65399932861328,13.152000427246096,39.77999877929688,8.925999641418457,4.85099983215332,2.483999967575073,17.885499954223633
2016-11-10 20:00:00,45.23500061035156,12.480999946594238,39.48500061035156,8.496999740600586,4.958000183105469,2.483999967575073,17.226499557495114
2016-11-10 21:00:00,46.65900039672852,14.407999992370604,41.36100006103516,10.024999618530272,6.065999984741211,2.483999967575073,17.006500244140625
2016-11-10 22:00:00,45.73699951171875,14.743000030517578,40.61100006103516,10.69499969482422,5.2129998207092285,2.483999967575073,17.006500244140625
2016-11-10 23:00:00,40.79499816894531,11.895000457763672,35.518001556396484,7.98799991607666,5.2129998207092285,2.483999967575073,16.567499160766598
2016-11-11 00:00:00,40.3759994506836,12.39799976348877,36.05400085449219,9.220999717712402,3.901999950408936,2.483999967575073,16.567499160766598
2016-11-11 01:00:00,40.62699890136719,12.64900016784668,36.05400085449219,9.11400032043457,5.138999938964844,2.483999967575073,16.567499160766598
2016-11-11 02:00:00,40.79499816894531,13.067999839782717,36.321998596191406,9.461999893188477,4.787000179290772,2.483999967575073,16.34749984741211
2016-11-11 03:00:00,40.125,13.487000465393065,35.11600112915039,9.461999893188477,4.787000179290772,2.483999967575073,16.128000259399414
2016-11-11 04:00:00,40.20899963378906,13.319000244140623,35.625,9.784000396728516,5.14900016784668,2.483999967575073,15.68850040435791
2016-11-11 05:00:00,41.29800033569336,13.654000282287598,36.7509994506836,10.159000396728516,3.891000032424927,2.483999967575073,15.68850040435791
2016-11-11 06:00:00,43.64300155639648,14.324000358581545,38.70800018310547,10.722000122070312,5.10699987411499,2.483999967575073,15.24899959564209
2016-11-11 07:00:00,43.89400100708008,13.654000282287598,38.94900131225586,9.91800022125244,4.935999870300293,1.22599995136261,15.029500007629396
2016-11-11 08:00:00,40.54399871826172,11.225000381469728,35.597999572753906,7.88100004196167,4.935999870300293,1.22599995136261,15.24899959564209
2016-11-11 09:00:00,41.54899978637695,11.727999687194824,38.0369987487793,8.819000244140625,3.6679999828338623,1.2150000333786009,18.105499267578125
2016-11-11 10:00:00,41.2140007019043,11.644000053405762,37.39400100708008,8.416999816894531,3.6679999828338623,1.2150000333786009,20.74250030517578
2016-11-11 11:00:00,44.81600189208984,14.072999954223633,41.57600021362305,10.668999671936035,3.6679999828338623,1.2150000333786009,24.257999420166016
2016-11-11 12:00:00,42.1349983215332,12.480999946594238,39.29700088500977,9.623000144958496,3.6679999828338623,0.0,26.23500061035156
2016-11-11 13:00:00,42.1349983215332,13.152000427246096,38.43899917602539,9.94499969482422,3.6679999828338623,1.2150000333786009,28.871999740600582
2016-11-11 14:00:00,41.54899978637695,13.319000244140623,37.58200073242188,10.105999946594238,3.6679999828338623,1.2150000333786009,29.97050094604492
2016-11-11 15:00:00,44.3129997253418,14.743000030517578,39.48500061035156,11.178000450134276,3.6679999828338623,1.2150000333786009,29.750999450683597
2016-11-11 16:00:00,46.82600021362305,15.916000366210938,41.46799850463867,11.472999572753904,4.90399980545044,2.45199990272522,27.993000030517567
2016-11-11 17:00:00,48.50199890136719,15.413000106811523,42.91600036621094,11.258000373840332,6.162000179290772,2.45199990272522,25.795499801635746
2016-11-11 18:00:00,48.91999816894531,15.664999961853027,44.229000091552734,11.28499984741211,4.947000026702881,2.45199990272522,23.37899971008301
2016-11-11 19:00:00,45.31800079345703,13.402999877929688,39.48500061035156,9.16800022125244,6.248000144958496,2.45199990272522,22.06049919128418
2016-11-11 20:00:00,45.31800079345703,12.39799976348877,40.10100173950195,8.310000419616701,6.0879998207092285,2.45199990272522,21.18149948120117
2016-11-11 21:00:00,44.39699935913086,12.5649995803833,40.23500061035156,8.873000144958496,4.755000114440918,2.45199990272522,20.522499084472656
2016-11-11 22:00:00,45.31800079345703,14.324000358581545,40.71799850463867,10.53499984741211,4.755000114440918,2.45199990272522,19.863500595092773
2016-11-11 23:00:00,43.72700119018555,14.241000175476074,39.53799819946289,10.588000297546388,4.690999984741211,2.45199990272522,19.423999786376957
2016-11-12 00:00:00,43.72700119018555,14.576000213623049,38.0369987487793,10.185999870300291,5.916999816894531,2.45199990272522,19.423999786376957
2016-11-12 01:00:00,43.05699920654297,13.56999969482422,36.9119987487793,9.54300022125244,5.96999979019165,2.45199990272522,19.64349937438965
2016-11-12 02:00:00,41.96799850463867,13.234999656677244,36.05400085449219,9.354999542236328,5.96999979019165,2.45199990272522,19.64349937438965
2016-11-12 03:00:00,38.617000579833984,11.810999870300291,33.56100082397461,8.121999740600586,5.853000164031982,2.45199990272522,19.20450019836425
2016-11-12 04:00:00,38.198001861572266,11.727999687194824,33.238998413085945,8.203000068664549,4.638000011444092,2.45199990272522,18.98450088500977
2016-11-12 05:00:00,38.11399841308594,10.973999977111816,32.060001373291016,7.130000114440918,5.863999843597412,2.45199990272522,18.76449966430664
2016-11-12 06:00:00,42.47000122070313,13.56999969482422,37.0989990234375,9.784000396728516,5.777999877929688,2.45199990272522,18.545000076293945
2016-11-12 07:00:00,44.39699935913086,13.821999549865724,37.742000579833984,9.461999893188477,5.777999877929688,2.45199990272522,18.545000076293945
2016-11-12 08:00:00,37.61199951171875,9.800999641418455,33.613998413085945,6.835000038146973,4.510000228881836,2.45199990272522,18.76449966430664
2016-11-12 09:00:00,41.79999923706055,11.644000053405762,37.79600143432617,8.255999565124513,4.510000228881836,2.45199990272522,19.863000869750977
2016-11-12 10:00:00,45.31800079345703,14.241000175476074,41.790000915527344,11.071000099182127,3.2090001106262207,2.45199990272522,20.96199989318848
2016-11-12 11:00:00,45.56999969482422,13.821999549865724,41.81700134277344,10.53499984741211,3.1979999542236333,2.45199990272522,21.840499877929688
2016-11-12 12:00:00,43.47600173950195,12.815999984741213,39.83300018310547,9.461999893188477,3.1979999542236333,1.22599995136261,23.15950012207031
2016-11-12 13:00:00,41.2140007019043,12.229999542236328,37.42100143432617,8.899999618530273,3.1979999542236333,1.2150000333786009,25.79599952697754
2016-11-12 14:00:00,42.80500030517578,14.324000358581545,38.94900131225586,10.614999771118164,3.1979999542236333,1.2150000333786009,28.433000564575195
2016-11-12 15:00:00,42.47000122070313,14.241000175476074,39.512001037597656,10.74899959564209,3.1979999542236333,1.2150000333786009,28.21299934387207
2016-11-12 16:00:00,42.88899993896485,12.39799976348877,38.680999755859375,8.73900032043457,4.455999851226807,1.2150000333786009,27.11450004577637
2016-11-12 17:00:00,47.24499893188477,14.241000175476074,41.17399978637695,9.54300022125244,5.724999904632568,2.4730000495910645,26.23550033569336
2016-11-12 18:00:00,48.16699981689453,15.329999923706056,42.72800064086914,10.803000450134276,5.724999904632568,2.4730000495910645,25.795499801635746
2016-11-12 19:00:00,45.31800079345703,13.402999877929688,39.59199905395508,8.73900032043457,5.960000038146973,2.4730000495910645,24.91699981689453
2016-11-12 20:00:00,44.0620002746582,12.062999725341797,38.33200073242188,7.71999979019165,5.544000148773193,2.4730000495910645,24.25749969482422
2016-11-12 21:00:00,43.2239990234375,11.895000457763672,37.2869987487793,7.317999839782715,5.8420000076293945,2.4730000495910645,23.37899971008301
2016-11-12 22:00:00,43.81100082397461,13.98900032043457,39.430999755859375,10.052000045776367,4.414000034332275,2.4730000495910645,22.5
2016-11-12 23:00:00,41.71599960327149,13.067999839782717,36.64300155639648,9.248000144958496,5.660999774932861,2.4730000495910645,22.280500411987305
2016-11-13 00:00:00,40.459999084472656,11.895000457763672,34.57899856567383,7.71999979019165,5.320000171661377,2.4730000495910645,22.280500411987305
2016-11-13 01:00:00,40.71099853515625,13.234999656677244,34.713001251220696,8.604999542236326,5.320000171661377,2.4730000495910645,22.280500411987305
2016-11-13 02:00:00,39.20299911499024,11.895000457763672,33.34600067138672,7.854000091552732,5.427000045776367,2.4730000495910645,22.280500411987305
2016-11-13 03:00:00,38.44900131225586,11.5600004196167,33.34600067138672,8.095000267028809,4.90399980545044,2.4730000495910645,22.06049919128418
2016-11-13 04:00:00,38.617000579833984,11.810999870300291,32.648998260498054,7.907999992370605,6.162000179290772,2.4730000495910645,21.621000289916992
2016-11-13 05:00:00,41.04600143432617,13.319000244140623,35.35699844360352,8.899999618530273,5.916999816894531,2.4730000495910645,21.621000289916992
2016-11-13 06:00:00,39.45500183105469,11.895000457763672,34.12400054931641,8.282999992370605,4.6589999198913565,2.4730000495910645,21.621000289916992
2016-11-13 07:00:00,42.47000122070313,13.319000244140623,36.64300155639648,9.54300022125244,5.809999942779541,2.4730000495910645,21.840499877929688
2016-11-13 08:00:00,36.77399826049805,10.38700008392334,33.775001525878906,7.130000114440918,3.2839999198913574,2.4730000495910645,22.06049919128418
2016-11-13 09:00:00,38.44900131225586,10.052000045776367,35.38399887084961,7.077000141143799,3.2839999198913574,2.4730000495910645,22.280500411987305
2016-11-13 10:00:00,40.79499816894531,11.309000015258787,37.79600143432617,8.14900016784668,3.2839999198913574,2.4730000495910645,23.818500518798828
2016-11-13 11:00:00,43.2239990234375,13.152000427246096,40.34299850463867,9.91800022125244,3.2839999198913574,2.4730000495910645,26.015499114990234
2016-11-13 12:00:00,41.71599960327149,12.64900016784668,38.70800018310547,9.48900032043457,3.2839999198913574,2.4730000495910645,27.993000030517567
2016-11-13 13:00:00,42.1349983215332,13.319000244140623,38.11800003051758,9.756999969482422,3.2839999198913574,2.4730000495910645,28.65250015258789
2016-11-13 14:00:00,39.2869987487793,11.47599983215332,36.10699844360352,8.310000419616701,4.48799991607666,2.4730000495910645,29.31150054931641
2016-11-13 15:00:00,39.62200164794922,11.810999870300291,35.222999572753906,7.960999965667725,4.48799991607666,2.4730000495910645,29.97050094604492
2016-11-13 16:00:00,44.900001525878906,14.743000030517578,39.80699920654297,10.133000373840332,4.48799991607666,2.4730000495910645,29.97050094604492
2016-11-13 17:00:00,44.56499862670898,12.64900016784668,38.41299819946289,8.041999816894531,5.703999996185303,2.4730000495910645,28.871999740600582
2016-11-13 18:00:00,46.65900039672852,13.402999877929688,41.415000915527344,9.248000144958496,5.235000133514403,2.4730000495910645,27.773500442504893
2016-11-13 19:00:00,40.3759994506836,10.722000122070312,37.15299987792969,7.77400016784668,3.390000104904175,2.4730000495910645,27.11450004577637
2016-11-13 20:00:00,44.56499862670898,11.979000091552734,37.742000579833984,7.372000217437744,5.821000099182129,2.4730000495910645,26.67449951171875
2016-11-13 21:00:00,43.391998291015625,11.727999687194824,37.2869987487793,7.3979997634887695,5.459000110626222,2.4730000495910645,26.23550033569336
2016-11-13 22:00:00,43.81100082397461,13.56999969482422,37.6349983215332,9.381999969482422,6.749000072479247,2.4730000495910645,26.015499114990234
2016-11-13 23:00:00,41.29800033569336,13.067999839782717,35.4370002746582,8.845999717712402,5.703999996185303,2.4730000495910645,25.57600021362305
2016-11-14 00:00:00,37.52799987792969,11.057000160217283,32.91699981689453,7.585999965667725,4.339000225067139,2.4730000495910645,25.13649940490723
2016-11-14 01:00:00,38.36600112915039,11.727999687194824,33.18600082397461,8.229000091552733,6.065999984741211,2.4730000495910645,24.69750022888184
2016-11-14 02:00:00,37.36100006103516,10.303000450134276,31.38999938964844,6.5939998626708975,5.745999813079834,2.4730000495910645,24.25749969482422
2016-11-14 03:00:00,37.277000427246094,11.225000381469728,31.336000442504893,7.3979997634887695,5.745999813079834,2.4730000495910645,23.818500518798828
2016-11-14 04:00:00,38.617000579833984,11.895000457763672,33.26599884033203,8.336999893188478,6.013000011444093,1.5779999494552612,23.598499298095703
2016-11-14 05:00:00,41.13000106811523,13.152000427246096,34.928001403808594,9.140999794006348,5.916999816894531,1.5779999494552612,23.37899971008301
2016-11-14 06:00:00,41.79999923706055,13.152000427246096,36.7239990234375,9.54300022125244,5.276999950408936,1.4609999656677246,23.37899971008301
2016-11-14 07:00:00,38.36600112915039,11.727999687194824,35.33000183105469,8.791999816894531,4.414000034332275,1.4609999656677246,22.93950080871582
2016-11-14 08:00:00,37.36100006103516,9.800999641418455,32.67599868774414,6.245999813079834,4.74399995803833,2.6760001182556152,22.93950080871582
2016-11-14 09:00:00,35.014999389648445,9.130999565124512,34.31100082397461,7.639999866485598,0.0,0.0,23.818500518798828
2016-11-14 10:00:00,39.53799819946289,10.890000343322754,38.30500030517578,8.95300006866455,0.0,0.0,26.23500061035156
2016-11-14 11:00:00,38.03099822998047,10.303000450134276,37.04600143432617,8.819000244140625,0.0,0.0,28.65250015258789
2016-11-14 12:00:00,38.617000579833984,10.722000122070312,37.98400115966797,9.086999893188477,0.0,0.0,31.728500366210927
2016-11-14 13:00:00,38.53300094604492,11.727999687194824,37.6349983215332,10.185999870300291,0.0,0.0,33.26649856567383
2016-11-14 14:00:00,38.617000579833984,12.145999908447266,37.95700073242188,10.53499984741211,0.0,0.0,33.486499786376946
2016-11-14 15:00:00,39.20299911499024,12.899999618530272,38.43899917602539,11.12399959564209,0.0,0.0,32.38800048828125
2016-11-14 16:00:00,42.72200012207031,13.904999732971191,39.96699905395508,10.722000122070312,2.622999906539917,1.2580000162124634,31.28899955749512
2016-11-14 17:00:00,46.65900039672852,14.072999954223633,41.17399978637695,9.972000122070312,5.117000102996826,2.782999992370605,30.40999984741211
2016-11-14 18:00:00,48.08300018310547,14.91100025177002,43.18399810791016,10.668999671936035,5.491000175476074,1.5570000410079956,28.65250015258789
2016-11-14 19:00:00,42.72200012207031,11.895000457763672,37.84999847412109,8.095000267028809,5.480000019073486,1.5570000410079956,27.99349975585937
2016-11-14 20:00:00,41.46500015258789,10.55500030517578,36.483001708984375,6.942999839782715,5.500999927520752,1.5570000410079956,26.894500732421875
2016-11-14 21:00:00,42.303001403808594,11.225000381469728,37.1259994506836,7.34499979019165,5.544000148773193,2.7929999828338623,25.57600021362305
2016-11-14 22:00:00,38.53300094604492,10.38700008392334,33.82899856567383,6.915999889373777,4.381999969482422,1.5349999666213991,24.69750022888184
2016-11-14 23:00:00,36.77399826049805,9.633000373840332,32.00600051879883,6.701000213623048,4.381999969482422,1.5349999666213991,24.477500915527344
2016-11-15 00:00:00,36.77399826049805,9.885000228881836,32.54199981689453,6.9689998626708975,4.381999969482422,1.5349999666213991,24.25749969482422
2016-11-15 01:00:00,38.78499984741211,12.145999908447266,34.41899871826172,8.873000144958496,4.381999969482422,1.5349999666213991,24.038000106811523
2016-11-15 02:00:00,39.53799819946289,12.39799976348877,34.391998291015625,9.034000396728516,5.5970001220703125,1.5349999666213991,23.818500518798828
2016-11-15 03:00:00,39.11999893188477,12.229999542236328,33.82899856567383,8.604999542236326,4.541999816894531,1.5349999666213991,23.37899971008301
2016-11-15 04:00:00,35.93600082397461,10.220000267028809,32.30099868774414,7.3979997634887695,4.541999816894531,1.5349999666213991,23.15950012207031
2016-11-15 05:00:00,39.45500183105469,12.480999946594238,34.41899871826172,9.11400032043457,4.541999816894531,1.5349999666213991,22.93950080871582
2016-11-15 06:00:00,40.62699890136719,12.39799976348877,36.5629997253418,9.274999618530272,4.541999816894531,1.2899999618530271,22.280500411987305
2016-11-15 07:00:00,41.46500015258789,12.39799976348877,36.21500015258789,8.685000419616701,5.789000034332275,1.2899999618530271,22.06049919128418
2016-11-15 08:00:00,38.53300094604492,9.800999641418455,33.93600082397461,6.566999912261963,4.455999851226807,2.6010000705718994,22.06049919128418
2016-11-15 09:00:00,40.04100036621094,10.38700008392334,36.05400085449219,7.425000190734862,4.446000099182129,2.6010000705718994,22.5
2016-11-15 10:00:00,40.71099853515625,10.470999717712402,36.858001708984375,7.452000141143799,3.2839999198913574,1.2369999885559082,24.477500915527344
2016-11-15 11:00:00,42.05199813842773,12.062999725341797,38.09099960327149,8.925999641418457,4.531000137329102,1.2369999885559082,26.67499923706055
2016-11-15 12:00:00,42.303001403808594,12.314000129699709,38.94900131225586,9.354999542236328,3.3159999847412114,1.22599995136261,28.21299934387207
2016-11-15 13:00:00,42.63800048828125,13.152000427246096,38.89500045776367,10.239999771118164,3.3159999847412114,1.2150000333786009,30.19050025939941
2016-11-15 14:00:00,43.30799865722656,13.98900032043457,39.13600158691406,10.668999671936035,3.3159999847412114,1.2150000333786009,31.069000244140625
2016-11-15 15:00:00,43.2239990234375,14.241000175476074,39.80699920654297,11.178000450134276,4.392000198364259,1.2150000333786009,30.40999984741211
2016-11-15 16:00:00,46.40700149536133,15.246000289916992,41.68299865722656,11.446000099182127,4.531000137329102,1.2150000333786009,28.4325008392334
2016-11-15 17:00:00,47.24499893188477,14.156999588012695,42.00500106811523,10.185999870300291,5.821000099182129,1.2150000333786009,26.67499923706055
2016-11-15 18:00:00,48.16699981689453,14.491999626159668,42.67499923706055,10.508000373840332,5.777999877929688,2.440999984741211,25.356000900268555
2016-11-15 19:00:00,45.23500061035156,12.480999946594238,39.37799835205078,8.390000343322754,5.777999877929688,2.440999984741211,24.25749969482422
2016-11-15 20:00:00,45.82099914550781,12.64900016784668,40.07500076293945,8.550999641418457,5.692999839782715,2.440999984741211,22.93950080871582
2016-11-15 21:00:00,46.57500076293945,13.73799991607666,40.77199935913086,9.864999771118164,5.692999839782715,2.440999984741211,22.5
2016-11-15 22:00:00,45.31800079345703,14.324000358581545,40.61100006103516,10.642000198364258,5.703999996185303,2.440999984741211,21.621000289916992
2016-11-15 23:00:00,44.3129997253418,13.98900032043457,37.84999847412109,9.810999870300291,5.651000022888184,2.440999984741211,21.18149948120117
2016-11-16 00:00:00,42.387001037597656,13.402999877929688,37.367000579833984,10.133000373840332,4.307000160217285,1.2369999885559082,20.74250030517578
2016-11-16 01:00:00,42.55400085449219,13.56999969482422,37.233001708984375,9.729999542236328,5.544000148773193,2.505000114440918,20.74250030517578
2016-11-16 02:00:00,38.95199966430664,11.810999870300291,34.60599899291992,8.52400016784668,4.317999839782715,2.505000114440918,20.302499771118164
2016-11-16 03:00:00,41.2140007019043,13.234999656677244,35.86600112915039,9.54300022125244,5.544000148773193,2.505000114440918,19.863500595092773
2016-11-16 04:00:00,39.874000549316406,12.062999725341797,34.17699813842773,8.175999641418457,5.544000148773193,2.505000114440918,19.423999786376957
2016-11-16 05:00:00,42.387001037597656,13.319000244140623,36.9119987487793,9.756999969482422,5.5229997634887695,1.2690000534057615,19.423999786376957
2016-11-16 06:00:00,44.0620002746582,14.407999992370604,37.95700073242188,10.105999946594238,5.5229997634887695,1.2690000534057615,18.98450088500977
2016-11-16 07:00:00,39.2869987487793,11.309000015258787,35.86600112915039,8.657999992370605,3.858999967575073,0.0,18.545000076293945
2016-11-16 08:00:00,37.52799987792969,9.130999565124512,34.955001831054695,7.210999965667725,2.483999967575073,0.0,18.76499938964844
2016-11-16 09:00:00,42.21900177001953,12.5649995803833,39.64599990844727,9.99899959564209,2.483999967575073,0.0,19.643999099731445
2016-11-16 10:00:00,40.79499816894531,11.140999794006348,38.11800003051758,8.765000343322754,2.483999967575073,0.0,21.840999603271484
2016-11-16 11:00:00,40.20899963378906,10.052000045776367,37.367000579833984,7.665999889373777,2.483999967575073,0.0,24.69700050354004
2016-11-16 12:00:00,40.125,11.140999794006348,37.608001708984375,8.925999641418457,2.483999967575073,0.0,25.57600021362305
2016-11-16 13:00:00,41.46500015258789,12.39799976348877,39.00199890136719,10.07900047302246,2.483999967575073,0.0,25.35650062561035
2016-11-16 14:00:00,42.05199813842773,13.402999877929688,39.48500061035156,10.883000373840332,2.483999967575073,0.0,24.91699981689453
2016-11-16 15:00:00,41.632999420166016,12.732999801635742,39.08300018310547,9.94499969482422,2.483999967575073,0.0,24.477500915527344
2016-11-16 16:00:00,46.071998596191406,15.246000289916992,42.29899978637695,11.902000427246096,3.6989998817443848,1.3009999990463257,24.477500915527344
2016-11-16 17:00:00,47.32899856567383,14.491999626159668,43.13000106811523,10.96399974822998,4.935999870300293,1.3009999990463257,24.69750022888184
2016-11-16 18:00:00,48.75299835205078,14.994000434875488,43.42499923706055,10.855999946594238,4.935999870300293,1.3009999990463257,24.477500915527344
2016-11-16 19:00:00,45.73699951171875,13.654000282287598,39.40399932861328,9.515999794006348,6.204999923706055,1.3009999990463257,24.25749969482422
2016-11-16 20:00:00,45.82099914550781,12.899999618530272,39.67300033569336,8.470999717712402,6.204999923706055,2.569000005722046,24.25749969482422
2016-11-16 21:00:00,45.90499877929688,14.241000175476074,39.77999877929688,9.864999771118164,5.96999979019165,2.569000005722046,22.5
2016-11-16 22:00:00,46.32400131225586,15.07800006866455,40.31600189208984,10.74899959564209,5.96999979019165,2.569000005722046,21.840499877929688
2016-11-16 23:00:00,43.2239990234375,13.821999549865724,38.65399932861328,10.29300022125244,5.074999809265137,2.569000005722046,21.621000289916992
2016-11-17 00:00:00,40.04100036621094,12.229999542236328,34.41899871826172,8.416999816894531,5.074999809265137,2.569000005722046,21.621000289916992
2016-11-17 01:00:00,37.10900115966797,11.140999794006348,32.944000244140625,8.015000343322754,5.276999950408936,2.569000005722046,21.840499877929688
2016-11-17 02:00:00,38.198001861572266,12.062999725341797,32.46200180053711,8.203000068664549,5.276999950408936,2.569000005722046,20.74250030517578
2016-11-17 03:00:00,39.45500183105469,11.810999870300291,35.11600112915039,8.685000419616701,4.061999797821045,2.569000005722046,20.08300018310547
2016-11-17 04:00:00,36.35499954223633,10.470999717712402,31.76499938964844,7.34499979019165,5.40500020980835,2.569000005722046,19.64349937438965
2016-11-17 05:00:00,38.36600112915039,11.727999687194824,35.25,9.302000045776367,2.900000095367432,1.22599995136261,19.423999786376957
2016-11-17 06:00:00,42.387001037597656,13.402999877929688,37.448001861572266,9.623000144958496,4.926000118255615,1.8339999914169312,19.20400047302246
2016-11-17 07:00:00,39.95700073242188,11.979000091552734,35.57099914550781,8.873000144958496,3.6570000648498535,1.2369999885559082,19.20400047302246
2016-11-17 08:00:00,39.20299911499024,10.38700008392334,34.98199844360352,7.34499979019165,3.625,1.5670000314712524,19.423999786376957
2016-11-17 09:00:00,39.11999893188477,10.55500030517578,36.08100128173828,7.960999965667725,3.625,1.2790000438690186,20.302499771118164
2016-11-17 10:00:00,40.54399871826172,11.5600004196167,37.84999847412109,8.765000343322754,3.4219999313354488,0.0,20.74250030517578
2016-11-17 11:00:00,41.2140007019043,11.309000015258787,38.198001861572266,8.630999565124513,2.25,0.0,21.621000289916992
2016-11-17 12:00:00,43.64300155639648,12.732999801635742,40.95899963378906,10.07900047302246,2.2390000820159908,0.0,22.280500411987305
2016-11-17 13:00:00,40.20899963378906,12.480999946594238,38.62699890136719,10.614999771118164,2.131999969482422,0.0,22.71949958801269
2016-11-17 14:00:00,41.71599960327149,12.899999618530272,38.198001861572266,10.185999870300291,3.3580000400543213,0.0,22.71949958801269
2016-11-17 15:00:00,41.88399887084961,13.402999877929688,37.84999847412109,10.052000045776367,3.3580000400543213,1.2690000534057615,22.93950080871582
2016-11-17 16:00:00,46.82600021362305,15.246000289916992,40.61100006103516,10.668999671936035,4.6589999198913565,1.2790000438690186,22.93950080871582
2016-11-17 17:00:00,39.62200164794922,11.47599983215332,36.0,8.578000068664549,4.6589999198913565,1.2790000438690186,22.93950080871582
2016-11-17 18:00:00,48.33399963378906,14.91100025177002,43.15700149536133,10.937000274658203,5.885000228881836,2.494999885559082,22.93950080871582
2016-11-17 19:00:00,42.72200012207031,11.140999794006348,38.97600173950195,7.98799991607666,4.573999881744385,2.494999885559082,22.93950080871582
2016-11-17 20:00:00,43.05699920654297,11.644000053405762,38.14500045776367,7.907999992370605,4.670000076293945,2.494999885559082,23.15900039672852
2016-11-17 21:00:00,46.65900039672852,14.576000213623049,42.35300064086914,10.96399974822998,3.4539999961853027,1.2690000534057615,23.37899971008301
2016-11-17 22:00:00,46.32400131225586,15.161999702453612,40.61100006103516,10.776000022888184,5.8959999084472665,1.2690000534057615,23.37899971008301
2016-11-17 23:00:00,41.96799850463867,13.319000244140623,38.22499847412109,10.07900047302246,4.573999881744385,1.5140000581741333,23.37899971008301
2016-11-18 00:00:00,39.62200164794922,12.815999984741213,36.375,10.024999618530272,3.4539999961853027,0.0,23.37899971008301
2016-11-18 01:00:00,40.87900161743164,12.984000205993652,35.8120002746582,9.302000045776367,5.052999973297119,1.246999979019165,23.37899971008301
2016-11-18 02:00:00,38.95199966430664,11.727999687194824,33.80199813842773,8.229000091552733,5.052999973297119,1.246999979019165,23.37899971008301
2016-11-18 03:00:00,38.53300094604492,11.5600004196167,35.007999420166016,8.604999542236326,3.688999891281128,1.246999979019165,23.37899971008301
2016-11-18 04:00:00,40.04100036621094,12.64900016784668,35.625,9.435999870300291,4.935999870300293,1.246999979019165,23.15950012207031
2016-11-18 05:00:00,41.13000106811523,13.402999877929688,36.7239990234375,9.756999969482422,4.711999893188477,2.463000059127808,23.15950012207031
2016-11-18 06:00:00,43.89400100708008,13.56999969482422,38.92200088500977,10.024999618530272,5.011000156402588,2.463000059127808,22.5
2016-11-18 07:00:00,44.14599990844727,13.234999656677244,39.48500061035156,9.70400047302246,5.011000156402588,2.463000059127808,21.400999069213867
2016-11-18 08:00:00,32.58599853515625,9.04699993133545,30.048999786376957,6.5939998626708975,3.785000085830689,1.3329999446868896,21.18149948120117
2016-11-18 09:00:00,39.11999893188477,11.5600004196167,36.7509994506836,9.16800022125244,2.559000015258789,0.0,21.401500701904297
2016-11-18 10:00:00,38.44900131225586,10.38700008392334,36.321998596191406,8.52400016784668,2.559000015258789,0.0,22.71949958801269
2016-11-18 11:00:00,42.88899993896485,13.487000465393065,40.39599990844727,11.232000350952148,2.559000015258789,0.0,23.81800079345703
2016-11-18 12:00:00,40.9630012512207,12.899999618530272,38.52000045776367,10.560999870300291,2.559000015258789,0.0,24.477500915527344
2016-11-18 13:00:00,42.72200012207031,14.82699966430664,40.10100173950195,12.08899974822998,2.559000015258789,0.0,24.91699981689453
2016-11-18 14:00:00,39.2869987487793,13.487000465393065,36.777000427246094,11.258000373840332,2.559000015258789,0.0,25.35650062561035
2016-11-18 15:00:00,38.617000579833984,12.314000129699709,35.972999572753906,9.94499969482422,2.559000015258789,0.0,25.57600021362305
2016-11-18 16:00:00,42.72200012207031,12.815999984741213,37.31399917602539,9.11400032043457,5.011000156402588,1.2369999885559082,25.57600021362305
2016-11-18 17:00:00,44.3129997253418,12.480999946594238,37.90299987792969,8.73900032043457,6.513999938964844,1.246999979019165,25.795499801635746
2016-11-18 18:00:00,40.20899963378906,10.973999977111816,33.963001251220696,7.263999938964844,6.513999938964844,1.246999979019165,25.795499801635746
2016-11-18 19:00:00,39.790000915527344,11.140999794006348,33.15900039672852,7.532000064849853,6.3439998626708975,1.2150000333786009,25.795499801635746
2016-11-18 20:00:00,41.88399887084961,13.98900032043457,37.01900100708008,10.588000297546388,5.0,1.2150000333786009,25.795499801635746
2016-11-18 21:00:00,46.99399948120117,15.748000144958494,41.38800048828125,11.71399974822998,6.140999794006348,1.2150000333786009,25.795499801635746
2016-11-18 22:00:00,44.900001525878906,15.161999702453612,40.02099990844727,11.795000076293944,4.519999980926514,2.440999984741211,25.795499801635746
2016-11-18 23:00:00,44.0620002746582,15.581000328063965,38.78799819946289,11.954999923706056,5.703999996185303,2.440999984741211,25.795499801635746
2016-11-19 00:00:00,41.71599960327149,12.899999618530272,36.3489990234375,9.302000045776367,5.5329999923706055,1.4819999933242798,25.795499801635746
2016-11-19 01:00:00,40.04100036621094,12.314000129699709,36.10699844360352,9.16800022125244,5.459000110626222,1.2150000333786009,25.795499801635746
2016-11-19 02:00:00,40.62699890136719,12.314000129699709,35.73199844360352,9.0600004196167,5.459000110626222,1.2150000333786009,25.795499801635746
2016-11-19 03:00:00,39.37099838256836,11.644000053405762,34.928001403808594,8.765000343322754,3.5820000171661377,1.2369999885559082,25.795499801635746
2016-11-19 04:00:00,38.78499984741211,11.895000457763672,34.713001251220696,8.873000144958496,4.90399980545044,1.3009999990463257,25.795499801635746
2016-11-19 05:00:00,39.874000549316406,12.815999984741213,35.33000183105469,9.70400047302246,4.711999893188477,1.4390000104904177,25.795499801635746
2016-11-19 06:00:00,41.29800033569336,12.480999946594238,36.21500015258789,9.220999717712402,4.702000141143799,1.343000054359436,25.57600021362305
2016-11-19 07:00:00,42.55400085449219,13.152000427246096,36.80400085449219,9.140999794006348,5.948999881744385,1.343000054359436,25.57600021362305
2016-11-19 08:00:00,37.52799987792969,9.550000190734863,33.31999969482422,6.809000015258789,4.434999942779541,1.22599995136261,25.57600021362305
2016-11-19 09:00:00,40.459999084472656,11.727999687194824,36.83100128173828,8.95300006866455,2.931999921798706,1.246999979019165,25.57600021362305
2016-11-19 10:00:00,42.21900177001953,11.727999687194824,38.680999755859375,8.765000343322754,2.931999921798706,1.2580000162124634,25.795499801635746
2016-11-19 11:00:00,45.48600006103516,13.402999877929688,42.35300064086914,10.267000198364258,2.931999921798706,1.22599995136261,26.23550033569336
2016-11-19 12:00:00,43.55899810791016,12.732999801635742,40.77199935913086,9.972000122070312,2.931999921798706,0.0,26.894500732421875
2016-11-19 13:00:00,42.05199813842773,12.64900016784668,38.73400115966797,9.649999618530272,2.931999921798706,1.22599995136261,26.894500732421875
2016-11-19 14:00:00,41.13000106811523,12.899999618530272,38.198001861572266,10.105999946594238,2.931999921798706,0.0,26.894500732421875
2016-11-19 15:00:00,39.53799819946289,11.5600004196167,36.858001708984375,9.194000244140623,2.931999921798706,0.0,27.11450004577637
2016-11-19 16:00:00,47.24499893188477,14.659000396728516,41.89699935913086,10.53499984741211,4.392000198364259,1.2899999618530271,27.11450004577637
2016-11-19 17:00:00,48.83700180053711,15.246000289916992,43.39899826049805,10.883000373840332,5.809999942779541,1.2899999618530271,26.894500732421875
2016-11-19 18:00:00,47.49599838256836,14.491999626159668,43.15700149536133,10.614999771118164,5.76800012588501,1.2899999618530271,26.67449951171875
2016-11-19 19:00:00,41.54899978637695,10.220000267028809,37.79600143432617,7.317999839782715,4.552000045776367,1.2580000162124634,26.67449951171875
2016-11-19 20:00:00,45.73699951171875,12.899999618530272,40.15499877929688,8.685000419616701,5.906000137329103,1.2580000162124634,26.67449951171875
2016-11-19 21:00:00,45.82099914550781,14.491999626159668,41.57600021362305,10.803000450134276,4.552000045776367,2.5369999408721924,26.23550033569336
2016-11-19 22:00:00,44.81600189208984,14.241000175476074,40.63800048828125,10.776000022888184,4.275000095367432,2.5369999408721924,26.23550033569336
2016-11-19 23:00:00,43.89400100708008,14.072999954223633,38.41299819946289,10.267000198364258,5.607999801635742,1.3220000267028809,26.23550033569336
2016-11-20 00:00:00,38.78499984741211,11.810999870300291,34.44499969482422,8.765000343322754,4.563000202178955,1.2369999885559082,26.23550033569336
2016-11-20 01:00:00,41.38100051879883,13.067999839782717,35.86600112915039,9.461999893188477,5.800000190734862,1.2369999885559082,25.795499801635746
2016-11-20 02:00:00,40.3759994506836,12.145999908447266,35.33000183105469,8.899999618530273,4.9790000915527335,1.4500000476837158,25.795499801635746
2016-11-20 03:00:00,38.11399841308594,10.805999755859377,33.722000122070305,7.692999839782715,4.9790000915527335,1.4500000476837158,25.35650062561035
2016-11-20 04:00:00,38.11399841308594,11.644000053405762,33.613998413085945,8.578000068664549,4.605999946594238,1.493000030517578,24.91699981689453
2016-11-20 05:00:00,37.77899932861328,11.140999794006348,33.775001525878906,8.390000343322754,4.670000076293945,1.493000030517578,24.477500915527344
2016-11-20 06:00:00,42.1349983215332,13.487000465393065,37.071998596191406,9.864999771118164,5.459000110626222,1.2369999885559082,24.25749969482422
2016-11-20 07:00:00,43.81100082397461,13.56999969482422,38.01100158691406,9.677000045776367,5.415999889373778,1.2369999885559082,24.038000106811523
2016-11-20 08:00:00,38.95199966430664,9.717000007629396,33.34600067138672,6.245999813079834,5.415999889373778,2.5369999408721924,23.818500518798828
2016-11-20 09:00:00,41.38100051879883,11.727999687194824,37.71599960327149,8.73900032043457,3.858999967575073,1.246999979019165,23.598499298095703
2016-11-20 10:00:00,41.29800033569336,11.727999687194824,37.2869987487793,8.630999565124513,3.858999967575073,1.2150000333786009,24.69750022888184
2016-11-20 11:00:00,44.81600189208984,13.402999877929688,41.73699951171875,10.37399959564209,3.858999967575073,0.0,25.13649940490723
2016-11-20 12:00:00,39.70600128173828,10.973999977111816,36.696998596191406,8.470999717712402,2.569000005722046,0.0,25.57600021362305
2016-11-20 13:00:00,42.47000122070313,13.402999877929688,40.02099990844727,10.668999671936035,3.7100000381469727,0.0,25.57600021362305
2016-11-20 14:00:00,41.04600143432617,12.64900016784668,38.11800003051758,9.94499969482422,3.7100000381469727,0.0,25.57600021362305
2016-11-20 15:00:00,43.391998291015625,13.654000282287598,40.69100189208984,10.96399974822998,3.7100000381469727,0.0,25.35650062561035
2016-11-20 16:00:00,44.64799880981445,13.067999839782717,39.94100189208984,9.435999870300291,3.7100000381469727,1.2150000333786009,25.13649940490723
2016-11-20 17:00:00,50.00899887084961,15.07800006866455,44.92599868774414,10.937000274658203,6.3439998626708975,1.2150000333786009,24.69750022888184
2016-11-20 18:00:00,49.42300033569336,14.994000434875488,44.38999938964844,10.803000450134276,4.894000053405762,1.2150000333786009,24.69750022888184
2016-11-20 19:00:00,44.14599990844727,11.810999870300291,38.89500045776367,8.095000267028809,4.894000053405762,1.2150000333786009,24.038000106811523
2016-11-20 20:00:00,43.30799865722656,11.644000053405762,37.90299987792969,7.692999839782715,6.151999950408936,1.2150000333786009,24.038000106811523
2016-11-20 21:00:00,44.48099899291992,11.644000053405762,39.32400131225586,8.015000343322754,4.455999851226807,1.2150000333786009,24.038000106811523
2016-11-20 22:00:00,44.229000091552734,13.654000282287598,39.24399948120117,9.864999771118164,5.703999996185303,1.2150000333786009,24.25749969482422
2016-11-20 23:00:00,41.54899978637695,12.5649995803833,36.50899887084961,9.034000396728516,4.285999774932861,1.2369999885559082,24.25749969482422
2016-11-21 00:00:00,43.30799865722656,13.904999732971191,37.1259994506836,9.91800022125244,5.5229997634887695,1.2369999885559082,24.25749969482422
2016-11-21 01:00:00,39.45500183105469,11.810999870300291,33.93600082397461,8.444000244140625,4.787000179290772,1.2150000333786009,24.25749969482422
2016-11-21 02:00:00,38.53300094604492,10.55500030517578,33.292999267578125,7.0229997634887695,4.797999858856201,1.2150000333786009,24.25749969482422
2016-11-21 03:00:00,39.37099838256836,11.727999687194824,33.963001251220696,8.229000091552733,5.127999782562256,1.2690000534057615,24.038000106811523
2016-11-21 04:00:00,37.61199951171875,10.303000450134276,34.391998291015625,7.934999942779541,3.858999967575073,1.2369999885559082,24.038000106811523
2016-11-21 05:00:00,39.37099838256836,12.229999542236328,33.93600082397461,8.657999992370605,5.40500020980835,1.2369999885559082,23.818500518798828
2016-11-21 06:00:00,41.632999420166016,12.984000205993652,35.8390007019043,9.006999969482422,5.1599998474121085,1.2369999885559082,23.818500518798828
2016-11-21 07:00:00,43.47600173950195,12.732999801635742,38.94900131225586,9.381999969482422,5.1599998474121085,1.2369999885559082,23.818500518798828
2016-11-21 08:00:00,40.29199981689453,10.38700008392334,35.49100112915039,6.942999839782715,5.5329999923706055,1.2369999885559082,23.818500518798828
2016-11-21 09:00:00,43.89400100708008,12.984000205993652,40.45000076293945,9.864999771118164,4.061999797821045,1.2369999885559082,23.598499298095703
2016-11-21 10:00:00,40.62699890136719,10.303000450134276,37.6619987487793,7.960999965667725,2.622999906539917,0.0,21.400999069213867
2016-11-21 11:00:00,40.9630012512207,10.470999717712402,38.30500030517578,8.14900016784668,2.622999906539917,0.0,21.18149948120117
2016-11-21 12:00:00,42.387001037597656,11.895000457763672,39.24399948120117,9.461999893188477,2.622999906539917,0.0,22.71949958801269
2016-11-21 13:00:00,41.46500015258789,12.732999801635742,38.59999847412109,10.024999618530272,2.622999906539917,0.0,25.13649940490723
2016-11-21 14:00:00,38.11399841308594,11.392000198364258,35.972999572753906,9.16800022125244,2.622999906539917,0.0,26.45499992370605
2016-11-21 15:00:00,43.97800064086914,14.156999588012695,40.31600189208984,11.312000274658203,3.848999977111816,0.0,26.45499992370605
2016-11-21 16:00:00,45.82099914550781,14.659000396728516,42.38000106811523,11.418999671936035,3.848999977111816,1.22599995136261,26.23550033569336
2016-11-21 17:00:00,50.17699813842773,15.581000328063965,43.479000091552734,10.855999946594238,6.396999835968018,1.22599995136261,25.35650062561035
2016-11-21 18:00:00,49.67399978637695,15.413000106811523,43.58599853515625,11.151000022888184,5.223999977111816,1.22599995136261,24.91699981689453
2016-11-21 19:00:00,44.229000091552734,11.727999687194824,38.41299819946289,8.095000267028809,5.223999977111816,1.3220000267028809,24.038000106811523
2016-11-21 20:00:00,45.06700134277344,12.145999908447266,39.53799819946289,8.52400016784668,5.223999977111816,1.3220000267028809,24.038000106811523
2016-11-21 21:00:00,43.14099884033203,11.727999687194824,38.97600173950195,8.470999717712402,5.203000068664551,1.3220000267028809,24.038000106811523
2016-11-21 22:00:00,44.39699935913086,14.491999626159668,39.86000061035156,10.90999984741211,5.203000068664551,1.3220000267028809,24.038000106811523
2016-11-21 23:00:00,42.1349983215332,12.899999618530272,37.42100143432617,9.595999717712402,4.926000118255615,1.22599995136261,23.598499298095703
2016-11-22 00:00:00,41.13000106811523,13.234999656677244,36.80400085449219,9.972000122070312,3.6989998817443848,1.22599995136261,23.598499298095703
2016-11-22 01:00:00,37.61199951171875,12.062999725341797,31.81800079345703,8.36299991607666,4.947000026702881,1.22599995136261,23.15950012207031
2016-11-22 02:00:00,39.62200164794922,12.732999801635742,35.089000701904304,9.274999618530272,4.894000053405762,1.5989999771118164,22.71949958801269
2016-11-22 03:00:00,37.025001525878906,10.55500030517578,32.623001098632805,7.50600004196167,4.776000022888184,1.5989999771118164,20.96199989318848
2016-11-22 04:00:00,38.78499984741211,12.480999946594238,34.5260009765625,9.56999969482422,4.328999996185304,1.2150000333786009,19.20450019836425
2016-11-22 05:00:00,38.95199966430664,12.899999618530272,35.16899871826172,9.810999870300291,4.328999996185304,1.2150000333786009,17.885499954223633
2016-11-22 06:00:00,40.9630012512207,13.152000427246096,36.45600128173828,9.784000396728516,4.178999900817871,1.246999979019165,16.128000259399414
2016-11-22 07:00:00,40.79499816894531,12.39799976348877,36.80400085449219,9.274999618530272,4.178999900817871,1.2580000162124634,14.809499740600586
2016-11-22 08:00:00,40.62699890136719,10.638999938964844,35.946998596191406,7.532000064849853,5.703999996185303,1.3109999895095823,13.930500030517578
2016-11-22 09:00:00,44.39699935913086,13.654000282287598,40.90599822998047,10.53499984741211,4.4780001640319815,1.2580000162124634,13.05150032043457
2016-11-22 10:00:00,39.0359992980957,9.633000373840332,36.321998596191406,7.1570000648498535,2.7079999446868896,0.0,12.83199977874756
2016-11-22 11:00:00,38.95199966430664,8.795999526977539,36.66999816894531,6.728000164031982,2.632999897003174,0.0,11.73349952697754
2016-11-22 12:00:00,42.55400085449219,13.904999732971191,39.887001037597656,11.258000373840332,2.632999897003174,0.0,11.293999671936035
2016-11-22 13:00:00,47.41299819946289,16.753999710083008,45.19400024414063,13.83199977874756,2.632999897003174,0.0,10.634499549865724
2016-11-22 14:00:00,47.66400146484375,16.586000442504886,44.47100067138672,13.187999725341797,2.632999897003174,0.0,10.414999961853027
2016-11-22 15:00:00,49.25600051879883,17.674999237060547,46.2400016784668,14.368000030517578,2.632999897003174,0.0,10.195500373840332
2016-11-22 16:00:00,49.92599868774414,16.92099952697754,45.97200012207031,13.536999702453612,3.7100000381469727,0.0,9.975500106811523
2016-11-22 17:00:00,54.28200149536133,18.34499931335449,48.38399887084961,13.321999549865724,5.394999980926514,1.503000020980835,9.536499977111816
2016-11-22 18:00:00,53.77899932861328,17.590999603271484,47.79499816894531,12.973999977111816,6.02400016784668,1.3220000267028809,9.316499710083008
2016-11-22 19:00:00,48.33399963378906,14.91100025177002,42.51399993896485,10.722000122070312,6.02400016784668,2.5480000972747803,8.876999855041504
2016-11-22 20:00:00,45.48600006103516,13.56999969482422,40.23500061035156,9.006999969482422,6.02400016784668,2.5480000972747803,8.4375
2016-11-22 21:00:00,49.67399978637695,15.664999961853027,44.57799911499024,11.687000274658203,6.013000011444093,1.3329999446868896,7.998000144958496
2016-11-22 22:00:00,48.75299835205078,16.586000442504886,43.18399810791016,12.437999725341797,4.711999893188477,1.2369999885559082,7.778500080108643
2016-11-22 23:00:00,38.198001861572266,11.727999687194824,35.141998291015625,9.409000396728516,3.124000072479248,0.0,7.558499813079834
2016-11-23 00:00:00,41.04600143432617,14.072999954223633,35.972999572753906,10.803000450134276,4.381999969482422,1.2369999885559082,6.89900016784668
2016-11-23 01:00:00,42.47000122070313,14.324000358581545,37.448001861572266,10.989999771118164,4.6479997634887695,1.2580000162124634,6.240499973297119
2016-11-23 02:00:00,39.45500183105469,13.402999877929688,36.59000015258789,11.258000373840332,3.625,0.0,6.240499973297119
2016-11-23 03:00:00,41.96799850463867,14.743000030517578,36.7239990234375,11.151000022888184,4.872000217437744,1.2369999885559082,6.240499973297119
2016-11-23 04:00:00,40.459999084472656,14.156999588012695,36.483001708984375,11.071000099182127,3.625,1.2790000438690186,5.361499786376953
2016-11-23 05:00:00,40.9630012512207,14.241000175476074,37.79600143432617,11.392000198364258,3.635999917984009,0.0,5.361499786376953
2016-11-23 06:00:00,42.97299957275391,15.413000106811523,39.77999877929688,12.357000350952148,2.388000011444092,0.0,5.142000198364258
2016-11-23 07:00:00,43.05699920654297,14.156999588012695,39.64599990844727,11.366000175476074,3.614000082015991,0.0,4.921999931335449
2016-11-23 08:00:00,43.2239990234375,13.319000244140623,39.99399948120117,10.45400047302246,3.614000082015991,0.0,4.921999931335449
2016-11-23 09:00:00,46.82600021362305,14.156999588012695,44.12200164794922,11.418999671936035,3.614000082015991,0.0,5.361499786376953
2016-11-23 10:00:00,44.81600189208984,11.644000053405762,42.084999084472656,8.711999893188478,3.614000082015991,0.0,5.580999851226807
2016-11-23 11:00:00,47.1609992980957,13.234999656677244,44.25600051879883,10.052000045776367,3.614000082015991,0.0,5.580999851226807
2016-11-23 12:00:00,50.76300048828125,15.413000106811523,47.20500183105469,11.607000350952148,3.614000082015991,1.2150000333786009,5.580999851226807
2016-11-23 13:00:00,50.84700012207031,16.0,47.44599914550781,12.196999549865724,3.614000082015991,1.2899999618530271,5.580999851226807
2016-11-23 14:00:00,51.34999847412109,16.670000076293945,47.84799957275391,12.894000053405762,3.614000082015991,1.2150000333786009,5.80049991607666
2016-11-23 15:00:00,52.68999862670898,16.670000076293945,48.196998596191406,12.84000015258789,4.840000152587892,1.246999979019165,5.80049991607666
2016-11-23 16:00:00,58.88899993896485,18.68000030517578,55.11299896240234,14.475000381469728,4.914999961853027,0.0,5.580999851226807
2016-11-23 17:00:00,63.32899856567383,19.937000274658203,56.96200180053711,14.072999954223633,6.140999794006348,1.4500000476837158,5.801000118255615
2016-11-23 18:00:00,60.39699935913086,17.926000595092773,54.46900177001953,12.78600025177002,6.151999950408936,1.2369999885559082,6.020500183105469
2016-11-23 19:00:00,50.00899887084961,13.234999656677244,44.04199981689453,9.0600004196167,6.257999897003174,1.2369999885559082,6.460000038146973
2016-11-23 20:00:00,49.92599868774414,12.899999618530272,43.98799896240234,8.630999565124513,6.248000144958496,1.2369999885559082,6.460000038146973
2016-11-23 21:00:00,51.09799957275391,13.56999969482422,45.56999969482422,9.515999794006348,4.711999893188477,1.2369999885559082,6.89900016784668
2016-11-23 22:00:00,48.66899871826172,14.91100025177002,44.17599868774414,11.392000198364258,4.541999816894531,1.2369999885559082,6.89900016784668
2016-11-23 23:00:00,45.73699951171875,13.56999969482422,40.45000076293945,10.024999618530272,4.519999980926514,1.2369999885559082,6.89900016784668
2016-11-24 00:00:00,42.88899993896485,12.64900016784668,37.6349983215332,9.16800022125244,5.724999904632568,1.3969999551773071,6.679500102996826
2016-11-24 01:00:00,43.72700119018555,13.402999877929688,39.887001037597656,10.347000122070312,4.423999786376953,0.0,6.240499973297119
2016-11-24 02:00:00,44.48099899291992,13.402999877929688,39.32400131225586,9.649999618530272,4.423999786376953,1.2369999885559082,5.80049991607666
2016-11-24 03:00:00,42.72200012207031,13.067999839782717,37.608001708984375,9.729999542236328,4.638000011444092,1.503000020980835,5.361499786376953
2016-11-24 04:00:00,41.13000106811523,12.815999984741213,36.13399887084961,9.595999717712402,4.638000011444092,1.503000020980835,4.921999931335449
2016-11-24 05:00:00,45.4020004272461,14.743000030517578,39.96699905395508,11.12399959564209,4.6479997634887695,1.22599995136261,4.482500076293945
2016-11-24 06:00:00,44.900001525878906,14.743000030517578,41.38800048828125,11.795000076293944,4.702000141143799,0.0,4.263000011444092
2016-11-24 07:00:00,49.75799942016602,15.748000144958494,43.69300079345703,11.446000099182127,5.127999782562256,1.2899999618530271,4.263000011444092
2016-11-24 08:00:00,42.88899993896485,11.309000015258787,38.41299819946289,8.069000244140625,3.785000085830689,1.2580000162124634,4.702000141143799
2016-11-24 09:00:00,43.30799865722656,12.39799976348877,40.262001037597656,9.54300022125244,2.5269999504089355,0.0,6.460000038146973
2016-11-24 10:00:00,45.31800079345703,12.480999946594238,42.19200134277344,9.649999618530272,2.5160000324249268,0.0,8.4375
2016-11-24 11:00:00,49.75799942016602,13.56999969482422,46.07899856567383,10.213000297546388,3.742000102996826,0.0,10.854499816894531
2016-11-24 12:00:00,47.58000183105469,13.56999969482422,44.73899841308594,10.642000198364258,3.7309999465942383,0.0,13.052000045776367
2016-11-24 13:00:00,48.75299835205078,14.324000358581545,45.24800109863281,11.178000450134276,3.677999973297119,0.0,14.37049961090088
2016-11-24 14:00:00,46.40700149536133,14.072999954223633,43.55899810791016,11.204999923706056,2.463000059127808,0.0,15.907999992370604
2016-11-24 15:00:00,47.32899856567383,14.491999626159668,43.80099868774414,11.043999671936035,3.795000076293945,1.2690000534057615,14.59000015258789
2016-11-24 16:00:00,50.428001403808594,15.748000144958494,46.9640007019043,12.383999824523926,3.795000076293945,0.0,14.59000015258789
2016-11-24 17:00:00,56.04100036621094,17.507999420166016,48.9739990234375,11.982000350952148,6.5250000953674325,1.5460000038146973,13.052000045776367
2016-11-24 18:00:00,53.77899932861328,15.664999961853027,47.553001403808594,10.722000122070312,6.5250000953674325,2.803999900817871,12.17300033569336
2016-11-24 19:00:00,51.01499938964844,14.156999588012695,44.52399826049805,9.248000144958496,6.48199987411499,1.493000030517578,11.732999801635742
2016-11-24 20:00:00,53.52799987792969,14.659000396728516,47.5,10.052000045776367,6.48199987411499,1.493000030517578,11.513500213623049
2016-11-24 21:00:00,53.10900115966797,14.324000358581545,46.0250015258789,9.194000244140623,7.314000129699707,1.493000030517578,11.293999671936035
2016-11-24 22:00:00,52.02000045776367,16.50200080871582,47.178001403808594,12.331000328063965,6.151999950408936,2.7079999446868896,11.07450008392334
2016-11-24 23:00:00,47.49599838256836,14.156999588012695,40.79800033569336,9.409000396728516,6.4070000648498535,2.7079999446868896,10.854499816894531
2016-11-25 00:00:00,44.14599990844727,13.319000244140623,38.11800003051758,9.32800006866455,6.045000076293945,1.4390000104904177,10.414999961853027
2016-11-25 01:00:00,42.303001403808594,11.895000457763672,37.2869987487793,8.604999542236326,4.755000114440918,1.4390000104904177,10.195500373840332
2016-11-25 02:00:00,46.15599822998047,14.576000213623049,39.96699905395508,10.185999870300291,6.257999897003174,1.4390000104904177,9.97599983215332
2016-11-25 03:00:00,41.29800033569336,11.727999687194824,35.597999572753906,7.639999866485598,4.9679999351501465,1.4390000104904177,9.97599983215332
2016-11-25 04:00:00,41.46500015258789,12.984000205993652,35.7859992980957,9.16800022125244,6.257999897003174,1.4390000104904177,9.755999565124512
2016-11-25 05:00:00,40.87900161743164,11.727999687194824,34.955001831054695,7.98799991607666,5.544000148773193,1.4390000104904177,9.755999565124512
2016-11-25 06:00:00,43.97800064086914,13.487000465393065,40.07500076293945,10.45400047302246,4.328999996185304,1.4390000104904177,9.755999565124512
2016-11-25 07:00:00,45.31800079345703,13.402999877929688,38.573001861572266,8.899999618530273,6.876999855041504,1.4390000104904177,9.755999565124512
2016-11-25 08:00:00,44.64799880981445,11.895000457763672,39.24399948120117,8.121999740600586,4.328999996185304,1.4390000104904177,9.755999565124512
2016-11-25 09:00:00,46.32400131225586,13.067999839782717,42.29899978637695,9.677000045776367,4.1579999923706055,1.5670000314712524,10.634499549865724
2016-11-25 10:00:00,44.0620002746582,12.062999725341797,40.55699920654297,9.16800022125244,4.1469998359680185,0.0,12.17300033569336
2016-11-25 11:00:00,42.303001403808594,11.057000160217283,38.62699890136719,8.255999565124513,4.1469998359680185,0.0,12.612000465393065
2016-11-25 12:00:00,39.874000549316406,9.550000190734863,36.80400085449219,7.0229997634887695,2.9110000133514404,0.0,13.491000175476074
2016-11-25 13:00:00,42.55400085449219,11.47599983215332,39.32400131225586,8.630999565124513,2.9110000133514404,0.0,14.369999885559082
2016-11-25 14:00:00,42.47000122070313,13.56999969482422,39.13600158691406,10.642000198364258,2.9110000133514404,1.2690000534057615,15.24899959564209
2016-11-25 15:00:00,39.37099838256836,10.722000122070312,36.8849983215332,8.14900016784668,2.9110000133514404,0.0,15.24899959564209
2016-11-25 16:00:00,49.42300033569336,16.083000183105472,46.15999984741211,12.331000328063965,2.9110000133514404,1.2150000333786009,14.8100004196167
2016-11-25 17:00:00,54.78400039672852,17.172000885009766,49.59099960327149,12.517999649047852,5.544000148773193,1.2150000333786009,14.59000015258789
2016-11-25 18:00:00,54.61700057983398,17.423999786376953,49.10800170898438,12.62600040435791,5.586999893188477,1.2150000333786009,14.59000015258789
2016-11-25 19:00:00,48.75299835205078,13.821999549865724,44.01499938964844,9.810999870300291,5.586999893188477,1.2150000333786009,14.59000015258789
2016-11-25 20:00:00,51.09799957275391,14.491999626159668,45.54299926757813,10.185999870300291,5.607999801635742,2.440999984741211,14.369999885559082
2016-11-25 21:00:00,48.83700180053711,13.152000427246096,43.104000091552734,9.140999794006348,5.415999889373778,1.5349999666213991,13.711000442504885
2016-11-25 22:00:00,51.51699829101562,16.334999084472653,46.5620002746582,12.331000328063965,5.415999889373778,1.5349999666213991,13.05150032043457
2016-11-25 23:00:00,48.08300018310547,15.329999923706056,43.18399810791016,11.71399974822998,4.019000053405762,1.343000054359436,12.392499923706056
2016-11-26 00:00:00,43.47600173950195,13.402999877929688,39.055999755859375,10.347000122070312,4.019000053405762,1.2369999885559082,11.95300006866455
2016-11-26 01:00:00,41.29800033569336,12.314000129699709,36.1609992980957,9.086999893188477,5.0960001945495605,1.343000054359436,11.732999801635742
2016-11-26 02:00:00,43.2239990234375,14.156999588012695,38.84199905395508,10.480999946594238,3.635999917984009,1.22599995136261,11.293999671936035
2016-11-26 03:00:00,40.9630012512207,12.984000205993652,37.5009994506836,10.267000198364258,3.677999973297119,0.0,10.854499816894531
2016-11-26 04:00:00,41.04600143432617,13.152000427246096,37.98400115966797,10.588000297546388,3.677999973297119,0.0,10.195500373840332
2016-11-26 05:00:00,38.198001861572266,11.727999687194824,35.40999984741211,9.354999542236328,3.677999973297119,0.0,9.755999565124512
2016-11-26 06:00:00,44.39699935913086,14.407999992370604,40.10100173950195,10.883000373840332,4.690999984741211,1.2369999885559082,9.536499977111816
2016-11-26 07:00:00,46.40700149536133,14.82699966430664,41.01300048828125,11.097999572753906,4.4780001640319815,1.3109999895095823,9.536499977111816
2016-11-26 08:00:00,42.05199813842773,11.47599983215332,38.0369987487793,8.416999816894531,4.563000202178955,1.2690000534057615,9.755999565124512
2016-11-26 09:00:00,45.98899841308594,12.5649995803833,43.07699966430664,9.515999794006348,3.240999937057495,0.0,10.195500373840332
2016-11-26 10:00:00,45.23500061035156,12.062999725341797,41.46799850463867,9.0600004196167,3.240999937057495,1.2150000333786009,10.634499549865724
2016-11-26 11:00:00,50.26100158691406,15.83199977874756,46.53499984741211,12.196999549865724,3.240999937057495,1.22599995136261,11.732999801635742
2016-11-26 12:00:00,47.999000549316406,14.82699966430664,44.900001525878906,11.633999824523926,3.240999937057495,0.0,13.711000442504885
2016-11-26 13:00:00,47.07799911499024,15.83199977874756,44.33700180053711,12.491000175476074,3.240999937057495,0.0,16.78700065612793
2016-11-26 14:00:00,47.66400146484375,15.916000366210938,43.34500122070313,12.222999572753904,4.584000110626222,1.4179999828338623,20.08300018310547
2016-11-26 15:00:00,47.49599838256836,15.83199977874756,42.99599838256836,11.954999923706056,4.563000202178955,1.2150000333786009,20.74250030517578
2016-11-26 16:00:00,47.32899856567383,14.491999626159668,42.64799880981445,10.829999923706056,4.563000202178955,1.2369999885559082,19.863500595092773
2016-11-26 17:00:00,51.93600082397461,15.664999961853027,46.18600082397461,11.526000022888184,4.6479997634887695,1.2369999885559082,18.105499267578125
2016-11-26 18:00:00,50.09299850463867,14.072999954223633,44.63199996948242,10.024999618530272,5.651000022888184,1.2369999885559082,16.34749984741211
2016-11-26 19:00:00,50.512001037597656,13.654000282287598,44.41699981689453,9.194000244140623,6.172999858856201,1.503000020980835,15.029500007629396
2016-11-26 20:00:00,51.43399810791016,14.491999626159668,44.49800109863281,9.649999618530272,6.151999950408936,1.503000020980835,13.930999755859377
2016-11-26 21:00:00,52.60599899291992,15.246000289916992,46.83000183105469,10.722000122070312,6.151999950408936,1.503000020980835,13.271499633789062
2016-11-26 22:00:00,51.09799957275391,15.161999702453612,46.07899856567383,10.883000373840332,6.151999950408936,1.503000020980835,12.83199977874756
2016-11-26 23:00:00,49.67399978637695,15.496999740600586,43.61299896240234,11.071000099182127,6.0879998207092285,1.503000020980835,12.17300033569336
2016-11-27 00:00:00,43.05699920654297,11.727999687194824,38.14500045776367,8.282999992370605,4.605999946594238,1.503000020980835,11.732999801635742
2016-11-27 01:00:00,43.391998291015625,13.821999549865724,37.233001708984375,9.864999771118164,5.777999877929688,1.503000020980835,11.07450008392334
2016-11-27 02:00:00,43.64300155639648,13.654000282287598,38.52000045776367,10.105999946594238,5.777999877929688,1.4179999828338623,10.634499549865724
2016-11-27 03:00:00,39.53799819946289,11.225000381469728,33.90900039672852,7.98799991607666,5.777999877929688,1.4179999828338623,9.97599983215332
2016-11-27 04:00:00,42.47000122070313,13.487000465393065,37.608001708984375,10.31999969482422,5.756999969482423,1.4179999828338623,9.53600025177002
2016-11-27 05:00:00,45.73699951171875,15.246000289916992,40.23500061035156,11.446000099182127,4.563000202178955,1.4179999828338623,9.097000122070312
2016-11-27 06:00:00,46.32400131225586,15.581000328063965,41.60300064086914,11.954999923706056,5.777999877929688,1.4179999828338623,8.656999588012695
2016-11-27 07:00:00,48.16699981689453,15.581000328063965,41.790000915527344,11.28499984741211,5.76800012588501,1.4179999828338623,8.4375
2016-11-27 08:00:00,40.9630012512207,11.727999687194824,36.5629997253418,8.229000091552733,4.541999816894531,2.6440000534057617,8.656999588012695
2016-11-27 09:00:00,45.56999969482422,13.73799991607666,40.82500076293945,10.159000396728516,4.455999851226807,1.4819999933242798,11.293999671936035
2016-11-27 10:00:00,40.54399871826172,12.39799976348877,37.2869987487793,9.56999969482422,4.402999877929688,1.2369999885559082,15.029500007629396
2016-11-27 11:00:00,49.3390007019043,14.241000175476074,45.06000137329102,10.668999671936035,4.434999942779541,1.2580000162124634,18.98450088500977
2016-11-27 12:00:00,41.2140007019043,11.644000053405762,38.54700088500977,9.409000396728516,3.0920000076293945,0.0,21.840499877929688
2016-11-27 13:00:00,44.3129997253418,14.743000030517578,39.83300018310547,11.12399959564209,4.317999839782715,1.406999945640564,24.477500915527344
2016-11-27 14:00:00,43.89400100708008,14.072999954223633,39.67300033569336,10.829999923706056,3.2300000190734863,1.406999945640564,26.45499992370605
2016-11-27 15:00:00,44.81600189208984,14.82699966430664,41.09299850463867,11.472999572753904,4.563000202178955,1.406999945640564,26.23500061035156
2016-11-27 16:00:00,48.16699981689453,14.994000434875488,41.57600021362305,10.052000045776367,5.992000102996826,2.6440000534057617,24.91650009155273
2016-11-27 17:00:00,49.59099960327149,15.329999923706056,43.104000091552734,10.560999870300291,5.992000102996826,2.6440000534057617,22.71999931335449
2016-11-27 18:00:00,52.52299880981445,16.250999450683597,46.66899871826172,11.847999572753904,5.415999889373778,2.6440000534057617,19.863500595092773
2016-11-27 19:00:00,49.50699996948242,14.743000030517578,42.48699951171875,10.024999618530272,6.63100004196167,2.6440000534057617,18.105499267578125
2016-11-27 20:00:00,49.92599868774414,13.152000427246096,44.01499938964844,9.006999969482422,5.427000045776367,1.3969999551773071,16.78700065612793
2016-11-27 21:00:00,48.66899871826172,12.39799976348877,43.37200164794922,8.630999565124513,5.468999862670898,1.3969999551773071,15.468500137329102
2016-11-27 22:00:00,45.82099914550781,13.56999969482422,40.85200119018555,9.94499969482422,6.065999984741211,1.3969999551773071,14.59000015258789
2016-11-27 23:00:00,43.97800064086914,12.984000205993652,37.71599960327149,8.925999641418457,6.045000076293945,1.3969999551773071,14.150500297546388
2016-11-28 00:00:00,44.48099899291992,13.904999732971191,38.86800003051758,10.133000373840332,4.776000022888184,1.246999979019165,13.271499633789062
2016-11-28 01:00:00,42.97299957275391,13.067999839782717,38.35900115966797,9.784000396728516,4.829999923706055,1.246999979019165,12.83199977874756
2016-11-28 02:00:00,40.87900161743164,12.145999908447266,35.089000701904304,8.657999992370605,6.056000232696532,1.246999979019165,11.95300006866455
2016-11-28 03:00:00,39.11999893188477,11.895000457763672,34.28499984741211,8.657999992370605,4.296999931335448,1.246999979019165,11.293999671936035
2016-11-28 04:00:00,39.20299911499024,11.895000457763672,34.391998291015625,8.95300006866455,4.296999931335448,1.2790000438690186,10.854499816894531
2016-11-28 05:00:00,40.54399871826172,12.229999542236328,37.04600143432617,9.756999969482422,4.296999931335448,0.0,10.195500373840332
2016-11-28 06:00:00,44.3129997253418,12.984000205993652,38.78799819946289,9.54300022125244,5.51200008392334,1.2790000438690186,9.97599983215332
2016-11-28 07:00:00,45.1510009765625,12.984000205993652,41.68299865722656,10.07900047302246,4.2109999656677255,0.0,9.755999565124512
2016-11-28 08:00:00,40.459999084472656,10.13599967956543,36.696998596191406,7.317999839782715,4.2109999656677255,0.0,9.97599983215332
2016-11-28 09:00:00,44.14599990844727,12.984000205993652,41.22700119018555,9.864999771118164,3.049000024795532,0.0,12.612000465393065
2016-11-28 10:00:00,42.21900177001953,11.644000053405762,39.21699905395508,8.845999717712402,3.049000024795532,1.22599995136261,15.907999992370604
2016-11-28 11:00:00,42.88899993896485,11.810999870300291,39.91400146484375,9.006999969482422,3.049000024795532,0.0,18.98450088500977
2016-11-28 12:00:00,46.2400016784668,13.067999839782717,43.37200164794922,10.401000022888184,3.049000024795532,0.0,20.96199989318848
2016-11-28 13:00:00,46.90999984741211,14.994000434875488,43.69300079345703,11.954999923706056,3.049000024795532,0.0,22.93950080871582
2016-11-28 14:00:00,46.071998596191406,14.91100025177002,42.99599838256836,11.821000099182127,3.049000024795532,0.0,24.91650009155273
2016-11-28 15:00:00,45.31800079345703,14.994000434875488,42.35300064086914,11.821000099182127,3.049000024795532,0.0,23.818500518798828
2016-11-28 16:00:00,48.66899871826172,15.748000144958494,45.19400024414063,12.303999900817873,3.049000024795532,1.2150000333786009,23.15950012207031
2016-11-28 17:00:00,51.76900100708008,16.0,46.83000183105469,11.687000274658203,4.349999904632568,1.4179999828338623,21.400999069213867
2016-11-28 18:00:00,49.42300033569336,14.241000175476074,43.39899826049805,9.623000144958496,5.607999801635742,1.4179999828338623,19.423999786376957
2016-11-28 19:00:00,47.915000915527344,12.899999618530272,43.02299880981445,9.0600004196167,5.607999801635742,1.4179999828338623,17.666000366210938
2016-11-28 20:00:00,37.10900115966797,9.04699993133545,31.52400016784668,5.736000061035156,5.76800012588501,1.4179999828338623,16.78700065612793
2016-11-28 21:00:00,44.56499862670898,11.47599983215332,39.430999755859375,7.934999942779541,4.190000057220459,1.2580000162124634,16.128000259399414
2016-11-28 22:00:00,48.584999084472656,14.324000358581545,42.19200134277344,10.052000045776367,5.5970001220703125,1.2580000162124634,15.468500137329102
2016-11-28 23:00:00,47.07799911499024,15.246000289916992,41.52199935913086,11.366000175476074,5.5970001220703125,1.2580000162124634,14.59000015258789
2016-11-29 00:00:00,44.81600189208984,14.743000030517578,39.45800018310547,11.043999671936035,5.276999950408936,1.3969999551773071,14.59000015258789
2016-11-29 01:00:00,44.0620002746582,14.82699966430664,38.25199890136719,10.53499984741211,5.352000236511231,1.3860000371932983,14.150500297546388
2016-11-29 02:00:00,38.198001861572266,10.973999977111816,34.17699813842773,8.282999992370605,3.997999906539917,1.2150000333786009,14.150500297546388
2016-11-29 03:00:00,41.13000106811523,13.402999877929688,37.823001861572266,12.331000328063965,3.88100004196167,1.2150000333786009,14.150500297546388
2016-11-29 04:00:00,41.46500015258789,13.319000244140623,36.8849983215332,10.07900047302246,3.88100004196167,1.2580000162124634,14.150500297546388
2016-11-29 05:00:00,43.89400100708008,14.407999992370604,38.41299819946289,10.855999946594238,5.203000068664551,1.2580000162124634,13.711000442504885
2016-11-29 06:00:00,44.229000091552734,14.156999588012695,40.95899963378906,11.472999572753904,3.4649999141693115,0.0,13.271499633789062
2016-11-29 07:00:00,46.90999984741211,14.91100025177002,40.98600006103516,10.90999984741211,5.938000202178955,1.246999979019165,12.612000465393065
2016-11-29 08:00:00,41.38100051879883,11.644000053405762,37.42100143432617,8.685000419616701,4.7230000495910645,1.2150000333786009,12.392499923706056
2016-11-29 09:00:00,47.32899856567383,15.581000328063965,43.69300079345703,12.196999549865724,3.2090001106262207,1.22599995136261,14.150500297546388
2016-11-29 10:00:00,44.0620002746582,11.5600004196167,39.94100189208984,8.550999641418457,3.2090001106262207,0.0,15.907999992370604
2016-11-29 11:00:00,44.983001708984375,12.64900016784668,41.415000915527344,9.56999969482422,3.2090001106262207,1.2150000333786009,17.885499954223633
2016-11-29 12:00:00,45.06700134277344,13.654000282287598,41.38800048828125,10.53499984741211,3.2090001106262207,1.22599995136261,19.423999786376957
2016-11-29 13:00:00,46.99399948120117,15.496999740600586,43.63999938964844,12.170000076293944,3.0380001068115234,0.0,19.863500595092773
2016-11-29 14:00:00,45.23500061035156,15.581000328063965,41.36100006103516,11.687000274658203,4.264999866485597,1.5570000410079956,21.401500701904297
2016-11-29 15:00:00,43.81100082397461,14.156999588012695,41.20000076293945,11.767999649047852,2.7079999446868896,0.0,21.18149948120117
2016-11-29 16:00:00,49.3390007019043,17.256000518798828,44.685001373291016,12.652000427246096,4.105000019073486,1.5670000314712524,20.08300018310547
2016-11-29 17:00:00,50.17699813842773,16.419000625610348,43.88100051879883,11.71399974822998,5.394999980926514,1.5670000314712524,19.20400047302246
2016-11-29 18:00:00,49.59099960327149,15.581000328063965,43.88100051879883,11.258000373840332,6.63100004196167,1.5670000314712524,18.545000076293945
2016-11-29 19:00:00,48.33399963378906,13.402999877929688,42.165000915527344,9.354999542236328,5.61899995803833,1.5670000314712524,18.545000076293945
2016-11-29 20:00:00,47.24499893188477,12.899999618530272,41.25400161743164,8.819000244140625,5.61899995803833,1.5670000314712524,18.545000076293945
2016-11-29 21:00:00,48.83700180053711,13.56999969482422,43.07699966430664,9.729999542236328,5.14900016784668,1.5670000314712524,18.105499267578125
2016-11-29 22:00:00,47.49599838256836,18.429000854492188,41.33399963378906,11.204999923706056,5.011000156402588,1.5670000314712524,18.105499267578125
2016-11-29 23:00:00,46.32400131225586,15.161999702453612,40.15499877929688,10.989999771118164,6.172999858856201,1.4179999828338623,17.666000366210938
2016-11-30 00:00:00,44.48099899291992,14.91100025177002,38.65399932861328,11.071000099182127,4.947000026702881,1.2150000333786009,16.566999435424805
2016-11-30 01:00:00,42.97299957275391,13.98900032043457,37.52799987792969,10.45400047302246,4.85099983215332,1.2150000333786009,15.68850040435791
2016-11-30 02:00:00,35.26599884033203,9.465999603271484,31.44300079345703,7.23799991607666,4.414000034332275,1.3329999446868896,15.029500007629396
2016-11-30 03:00:00,39.874000549316406,12.984000205993652,36.027000427246094,10.07900047302246,3.1770000457763667,1.2150000333786009,14.59000015258789
2016-11-30 04:00:00,41.54899978637695,13.904999732971191,36.3489990234375,10.29300022125244,5.863999843597412,1.2150000333786009,14.59000015258789
2016-11-30 05:00:00,38.03099822998047,10.890000343322754,33.45399856567383,7.934999942779541,4.605999946594238,1.3329999446868896,14.59000015258789
2016-11-30 06:00:00,43.2239990234375,13.904999732971191,39.27000045776367,11.017000198364258,3.390000104904175,0.0,14.59000015258789
2016-11-30 07:00:00,45.48600006103516,14.407999992370604,40.23500061035156,10.45400047302246,4.328999996185304,1.375,14.37049961090088
2016-11-30 08:00:00,40.54399871826172,11.140999794006348,36.24100112915039,7.960999965667725,4.552000045776367,1.524999976158142,14.37049961090088
2016-11-30 09:00:00,46.071998596191406,16.083000183105472,43.15700149536133,12.812999725341797,3.2839999198913574,1.246999979019165,15.24899959564209
2016-11-30 10:00:00,42.80500030517578,12.39799976348877,39.96699905395508,9.32800006866455,2.996000051498413,1.2369999885559082,17.226499557495114
2016-11-30 11:00:00,44.81600189208984,12.64900016784668,40.79800033569336,9.32800006866455,4.125999927520752,1.4290000200271606,18.325000762939453
2016-11-30 12:00:00,48.25,15.161999702453612,43.96099853515625,11.633999824523926,4.13700008392334,1.3009999990463257,18.76499938964844
2016-11-30 13:00:00,47.66400146484375,15.748000144958494,44.01499938964844,12.491000175476074,4.13700008392334,0.0,19.64349937438965
2016-11-30 14:00:00,48.25,16.670000076293945,44.25600051879883,12.812999725341797,4.105000019073486,1.5570000410079956,20.083499908447266
2016-11-30 15:00:00,46.57500076293945,16.166999816894528,42.88899993896485,12.652000427246096,3.9769999980926514,1.5460000038146973,20.522499084472656
2016-11-30 16:00:00,50.76300048828125,17.507999420166016,46.10599899291992,13.00100040435791,3.954999923706055,1.4500000476837158,20.30299949645996
2016-11-30 17:00:00,54.28200149536133,17.256000518798828,47.92900085449219,12.678999900817873,5.117000102996826,1.4500000476837158,19.423999786376957
2016-11-30 18:00:00,53.2760009765625,16.92099952697754,47.553001403808594,12.277000427246096,6.28000020980835,1.4500000476837158,18.76449966430664
2016-11-30 19:00:00,45.98899841308594,12.815999984741213,41.76300048828125,9.220999717712402,5.064000129699707,1.4500000476837158,18.32550048828125
2016-11-30 20:00:00,49.67399978637695,13.821999549865724,43.58599853515625,9.32800006866455,6.460999965667725,1.4500000476837158,17.885499954223633
2016-11-30 21:00:00,47.07799911499024,12.815999984741213,42.48699951171875,9.302000045776367,5.1599998474121085,1.4500000476837158,17.226499557495114
2016-11-30 22:00:00,49.25600051879883,16.586000442504886,42.80899810791016,11.875,6.269000053405763,2.7079999446868896,16.78700065612793
2016-11-30 23:00:00,45.82099914550781,15.161999702453612,39.99399948120117,11.017000198364258,5.223999977111816,1.493000030517578,15.908499717712402
2016-12-01 00:00:00,44.0620002746582,14.491999626159668,39.18999862670898,10.776000022888184,5.223999977111816,1.493000030517578,15.468500137329102
2016-12-01 01:00:00,43.05699920654297,14.82699966430664,38.38600158691406,10.829999923706056,5.373000144958496,1.2369999885559082,15.029500007629396
2016-12-01 02:00:00,42.97299957275391,14.324000358581545,36.9119987487793,10.185999870300291,5.415999889373778,1.2369999885559082,14.150500297546388
2016-12-01 03:00:00,40.79499816894531,12.39799976348877,35.8120002746582,9.220999717712402,5.0219998359680185,1.2369999885559082,13.711000442504885
2016-12-01 04:00:00,40.125,13.319000244140623,36.402000427246094,10.37399959564209,3.5820000171661377,1.2369999885559082,13.052000045776367
2016-12-01 05:00:00,39.11999893188477,12.5649995803833,34.20399856567383,8.925999641418457,4.958000183105469,1.343000054359436,12.83199977874756
2016-12-01 06:00:00,42.72200012207031,14.156999588012695,39.18999862670898,10.883000373840332,4.958000183105469,1.343000054359436,12.17300033569336
2016-12-01 07:00:00,39.53799819946289,12.062999725341797,35.38399887084961,9.140999794006348,4.690999984741211,1.5779999494552612,11.732999801635742
2016-12-01 08:00:00,40.87900161743164,11.392000198364258,36.617000579833984,8.121999740600586,4.6589999198913565,1.5779999494552612,11.513500213623049
2016-12-01 09:00:00,45.23500061035156,14.241000175476074,41.65599822998047,10.560999870300291,4.6589999198913565,1.5779999494552612,13.711000442504885
2016-12-01 10:00:00,43.89400100708008,13.402999877929688,39.56499862670898,10.267000198364258,4.48799991607666,1.5779999494552612,17.006999969482422
2016-12-01 11:00:00,43.55899810791016,13.904999732971191,39.91400146484375,10.347000122070312,3.26200008392334,1.5779999494552612,20.96199989318848
2016-12-01 12:00:00,44.48099899291992,14.072999954223633,40.87900161743164,10.588000297546388,3.2300000190734863,1.5779999494552612,23.818500518798828
2016-12-01 13:00:00,43.97800064086914,14.994000434875488,40.66400146484375,11.928999900817873,3.2300000190734863,1.4709999561309814,25.795499801635746
2016-12-01 14:00:00,41.54899978637695,14.659000396728516,38.33200073242188,11.366000175476074,3.2300000190734863,1.4709999561309814,27.773500442504893
2016-12-01 15:00:00,45.82099914550781,16.0,41.65599822998047,12.303999900817873,4.4780001640319815,1.4709999561309814,27.333999633789062
2016-12-01 16:00:00,49.25600051879883,16.836999893188473,44.06900024414063,12.598999977111816,4.519999980926514,1.4709999561309814,25.795499801635746
2016-12-01 17:00:00,47.58000183105469,14.743000030517578,42.459999084472656,10.829999923706056,4.85099983215332,1.4709999561309814,23.59900093078613
2016-12-01 18:00:00,50.34500122070313,16.166999816894528,44.84600067138672,11.71399974822998,6.065999984741211,1.4709999561309814,21.18149948120117
2016-12-01 19:00:00,47.83200073242188,14.659000396728516,42.00500106811523,10.347000122070312,6.0980000495910645,1.4709999561309814,19.863500595092773
2016-12-01 20:00:00,48.33399963378906,13.73799991607666,42.78200149536133,9.56999969482422,6.0980000495910645,2.687000036239624,18.98450088500977
2016-12-01 21:00:00,51.60100173950195,16.753999710083008,45.78400039672852,12.062999725341797,6.0980000495910645,1.3969999551773071,18.325000762939453
2016-12-01 22:00:00,50.93099975585938,16.92099952697754,44.41699981689453,12.437999725341797,6.0980000495910645,1.3969999551773071,18.105499267578125
2016-12-01 23:00:00,43.81100082397461,14.576000213623049,37.448001861572266,10.427000045776367,6.0980000495910645,2.632999897003174,17.666000366210938
2016-12-02 00:00:00,44.81600189208984,15.916000366210938,40.18199920654297,11.633999824523926,4.787000179290772,2.632999897003174,17.226499557495114
2016-12-02 01:00:00,42.303001403808594,14.241000175476074,36.10699844360352,10.024999618530272,6.02400016784668,1.375,16.78700065612793
2016-12-02 02:00:00,38.86800003051758,12.145999908447266,34.28499984741211,9.034000396728516,4.638000011444092,1.375,16.78700065612793
2016-12-02 03:00:00,42.303001403808594,14.156999588012695,37.367000579833984,10.883000373840332,5.639999866485598,1.375,16.34749984741211
2016-12-02 04:00:00,43.391998291015625,14.82699966430664,38.11800003051758,11.017000198364258,5.0320000648498535,1.22599995136261,15.468500137329102
2016-12-02 05:00:00,45.1510009765625,15.748000144958494,38.89500045776367,11.12399959564209,6.269000053405763,2.440999984741211,14.59000015258789
2016-12-02 06:00:00,46.49100112915039,16.166999816894528,41.22700119018555,12.222999572753904,4.690999984741211,2.440999984741211,13.711000442504885
2016-12-02 07:00:00,40.04100036621094,11.5600004196167,34.472000122070305,8.041999816894531,6.130000114440918,2.440999984741211,13.052000045776367
2016-12-02 08:00:00,42.387001037597656,12.64900016784668,38.54700088500977,9.56999969482422,3.4539999961853027,1.22599995136261,12.83199977874756
2016-12-02 09:00:00,46.2400016784668,15.413000106811523,42.64799880981445,11.902000427246096,3.4539999961853027,1.2150000333786009,15.468500137329102
2016-12-02 10:00:00,40.9630012512207,11.392000198364258,37.90299987792969,8.73900032043457,3.4539999961853027,1.22599995136261,18.325000762939453
2016-12-02 11:00:00,42.387001037597656,12.39799976348877,39.00199890136719,9.677000045776367,3.4539999961853027,0.0,21.400999069213867
2016-12-02 12:00:00,41.38100051879883,12.314000129699709,38.27899932861328,9.220999717712402,3.4539999961853027,1.2150000333786009,23.598499298095703
2016-12-02 13:00:00,42.387001037597656,14.156999588012695,39.08300018310547,10.937000274658203,3.4539999961853027,1.2150000333786009,25.136999130249023
2016-12-02 14:00:00,40.62699890136719,12.984000205993652,37.4739990234375,10.052000045776367,3.4539999961853027,1.2150000333786009,26.67449951171875
2016-12-02 15:00:00,44.983001708984375,15.246000289916992,42.38000106811523,12.196999549865724,3.4539999961853027,1.2580000162124634,26.23500061035156
2016-12-02 16:00:00,46.32400131225586,15.07800006866455,43.31800079345703,11.71399974822998,3.4539999961853027,1.22599995136261,24.477500915527344
2016-12-02 17:00:00,49.84199905395508,16.166999816894528,44.73899841308594,11.607000350952148,4.679999828338623,2.45199990272522,22.5
2016-12-02 18:00:00,50.512001037597656,15.916000366210938,46.05199813842773,11.795000076293944,4.679999828338623,2.45199990272522,21.18149948120117
2016-12-02 19:00:00,45.56999969482422,13.152000427246096,40.66400146484375,9.16800022125244,4.679999828338623,2.45199990272522,19.863500595092773
2016-12-02 20:00:00,47.915000915527344,15.413000106811523,43.42499923706055,11.366000175476074,4.679999828338623,2.45199990272522,18.98450088500977
2016-12-02 21:00:00,47.83200073242188,15.83199977874756,43.63999938964844,12.03600025177002,4.679999828338623,2.45199990272522,18.105499267578125
2016-12-02 22:00:00,48.75299835205078,17.004999160766598,43.77399826049805,12.732999801635742,4.679999828338623,2.45199990272522,17.666000366210938
2016-12-02 23:00:00,46.99399948120117,16.753999710083008,42.21900177001953,12.894000053405762,5.267000198364258,2.45199990272522,17.226499557495114
2016-12-03 00:00:00,45.82099914550781,16.250999450683597,41.040000915527344,12.46500015258789,5.064000129699707,1.2150000333786009,17.006999969482422
2016-12-03 01:00:00,43.72700119018555,14.994000434875488,38.92200088500977,11.5,5.064000129699707,1.2150000333786009,16.128000259399414
2016-12-03 02:00:00,40.04100036621094,13.402999877929688,35.893001556396484,10.588000297546388,4.690999984741211,1.375,15.029500007629396
2016-12-03 03:00:00,43.30799865722656,15.07800006866455,39.56499862670898,11.954999923706056,4.690999984741211,1.22599995136261,14.150500297546388
2016-12-03 04:00:00,42.88899993896485,15.413000106811523,39.18999862670898,12.142999649047852,4.690999984741211,1.22599995136261,13.491000175476074
2016-12-03 05:00:00,40.62699890136719,14.072999954223633,36.29499816894531,11.151000022888184,4.6589999198913565,1.2150000333786009,13.052000045776367
2016-12-03 06:00:00,45.48600006103516,16.419000625610348,41.25400161743164,12.678999900817873,4.6589999198913565,1.2150000333786009,12.612000465393065
2016-12-03 07:00:00,39.790000915527344,11.392000198364258,35.38399887084961,8.36299991607666,4.455999851226807,1.343000054359436,12.17300033569336
2016-12-03 08:00:00,40.62699890136719,11.140999794006348,35.946998596191406,7.827000141143799,4.455999851226807,1.2150000333786009,11.95300006866455
2016-12-03 09:00:00,48.25,17.843000411987305,43.98799896240234,12.678999900817873,4.455999851226807,1.2150000333786009,14.59000015258789
2016-12-03 10:00:00,48.33399963378906,16.419000625610348,44.47100067138672,12.760000228881836,4.392000198364259,1.2369999885559082,16.567499160766598
2016-12-03 11:00:00,48.66899871826172,16.586000442504886,45.30199813842773,12.894000053405762,4.392000198364259,1.2369999885559082,19.20400047302246
2016-12-03 12:00:00,47.915000915527344,15.329999923706056,43.479000091552734,11.33899974822998,4.434999942779541,1.22599995136261,20.74250030517578
2016-12-03 13:00:00,48.50199890136719,16.753999710083008,44.73899841308594,12.678999900817873,4.434999942779541,1.22599995136261,21.840999603271484
2016-12-03 14:00:00,44.48099899291992,14.994000434875488,40.18199920654297,11.392000198364258,4.392000198364259,1.22599995136261,22.5
2016-12-03 15:00:00,46.15599822998047,16.083000183105472,41.22700119018555,11.71399974822998,4.392000198364259,1.22599995136261,23.15900039672852
2016-12-03 16:00:00,43.81100082397461,13.067999839782717,39.45800018310547,9.140999794006348,5.671999931335449,2.440999984741211,22.71949958801269
2016-12-03 17:00:00,51.85200119018555,14.659000396728516,46.374000549316406,10.31999969482422,5.724999904632568,2.440999984741211,21.840499877929688
2016-12-03 18:00:00,50.68000030517578,14.156999588012695,46.53499984741211,10.31999969482422,4.519999980926514,2.440999984741211,20.522499084472656
2016-12-03 19:00:00,41.88399887084961,8.963000297546387,37.87699890136719,5.8439998626708975,4.519999980926514,2.440999984741211,18.98450088500977
2016-12-03 20:00:00,49.25600051879883,14.491999626159668,43.42499923706055,9.354999542236328,5.927999973297119,1.2790000438690186,18.105499267578125
2016-12-03 21:00:00,51.68500137329102,16.586000442504886,45.2750015258789,11.902000427246096,6.172999858856201,1.2790000438690186,17.666000366210938
2016-12-03 22:00:00,47.83200073242188,15.161999702453612,43.31800079345703,11.472999572753904,4.85099983215332,1.2790000438690186,17.666000366210938
2016-12-03 23:00:00,46.32400131225586,15.07800006866455,41.14699935913086,11.043999671936035,4.808000087738037,1.2790000438690186,17.666000366210938
2016-12-04 00:00:00,42.47000122070313,13.56999969482422,36.83100128173828,9.623000144958496,5.736000061035156,1.2790000438690186,17.666000366210938
2016-12-04 01:00:00,41.632999420166016,13.319000244140623,37.071998596191406,9.838000297546388,5.736000061035156,1.2790000438690186,17.666000366210938
2016-12-04 02:00:00,41.46500015258789,12.984000205993652,36.3489990234375,9.435999870300291,4.605999946594238,1.3009999990463257,16.78700065612793
2016-12-04 03:00:00,41.38100051879883,13.402999877929688,37.20600128173828,10.239999771118164,3.134000062942505,1.246999979019165,16.34749984741211
2016-12-04 04:00:00,37.19300079345703,11.5600004196167,32.112998962402344,8.095000267028809,4.510000228881836,1.2150000333786009,16.34749984741211
2016-12-04 05:00:00,38.70100021362305,12.062999725341797,35.972999572753906,9.56999969482422,3.401000022888184,0.0,16.128000259399414
2016-12-04 06:00:00,43.72700119018555,14.072999954223633,39.11000061035156,10.668999671936035,5.885000228881836,1.3650000095367432,15.908499717712402
2016-12-04 07:00:00,36.02000045776367,9.29800033569336,30.53199958801269,5.896999835968018,5.927999973297119,1.2369999885559082,16.128000259399414
2016-12-04 08:00:00,38.198001861572266,9.381999969482422,34.41899871826172,6.2189998626708975,4.670000076293945,2.494999885559082,16.128000259399414
2016-12-04 09:00:00,41.54899978637695,10.890000343322754,39.40399932861328,8.203000068664549,2.7720000743865967,0.0,17.885499954223633
2016-12-04 10:00:00,46.32400131225586,13.56999969482422,42.19200134277344,10.185999870300291,2.750999927520752,1.3539999723434448,20.08300018310547
2016-12-04 11:00:00,46.74300003051758,14.156999588012695,43.29100036621094,11.017000198364258,3.997999906539917,1.246999979019165,22.5
2016-12-04 12:00:00,44.39699935913086,13.234999656677244,41.06600189208984,10.105999946594238,2.782999992370605,1.2790000438690186,24.477500915527344
2016-12-04 13:00:00,41.46500015258789,12.480999946594238,38.73400115966797,9.784000396728516,2.740000009536743,0.0,26.23500061035156
2016-12-04 14:00:00,42.05199813842773,12.899999618530272,38.01100158691406,9.623000144958496,3.954999923706055,1.2899999618530271,27.99349975585937
2016-12-04 15:00:00,45.4020004272461,14.576000213623049,41.57600021362305,11.28499984741211,3.954999923706055,1.2899999618530271,27.55349922180176
2016-12-04 16:00:00,48.91999816894531,15.496999740600586,43.90800094604492,11.28499984741211,5.171000003814697,1.2899999618530271,26.67499923706055
2016-12-04 17:00:00,53.19300079345703,16.753999710083008,45.89099884033203,11.232000350952148,6.695000171661378,2.505000114440918,25.13649940490723
2016-12-04 18:00:00,48.91999816894531,15.329999923706056,43.13000106811523,11.097999572753906,5.544000148773193,2.505000114440918,23.598499298095703
2016-12-04 19:00:00,46.99399948120117,13.654000282287598,40.262001037597656,9.409000396728516,6.855000019073486,2.505000114440918,22.280500411987305
2016-12-04 20:00:00,49.17200088500977,15.07800006866455,43.18399810791016,10.53499984741211,5.607999801635742,2.505000114440918,21.18149948120117
2016-12-04 21:00:00,49.84199905395508,15.581000328063965,44.33700180053711,11.178000450134276,5.565000057220459,1.2899999618530271,20.74250030517578
2016-12-04 22:00:00,48.08300018310547,14.994000434875488,43.34500122070313,11.204999923706056,5.544000148773193,1.2899999618530271,20.522499084472656
2016-12-04 23:00:00,44.64799880981445,14.156999588012695,40.42300033569336,10.90999984741211,5.500999927520752,2.7079999446868896,19.863500595092773
2016-12-05 00:00:00,40.71099853515625,13.152000427246096,35.33000183105469,9.56999969482422,5.948999881744385,2.7079999446868896,18.98450088500977
2016-12-05 01:00:00,38.95199966430664,11.979000091552734,34.097000122070305,8.711999893188478,4.201000213623047,1.3009999990463257,18.105499267578125
2016-12-05 02:00:00,39.70600128173828,12.480999946594238,36.992000579833984,9.94499969482422,2.900000095367432,0.0,17.226499557495114
2016-12-05 03:00:00,41.04600143432617,13.152000427246096,36.26800155639648,9.864999771118164,4.201000213623047,1.2580000162124634,16.34749984741211
2016-12-05 04:00:00,36.94200134277344,10.973999977111816,33.025001525878906,8.229000091552733,4.083000183105469,1.2580000162124634,15.908499717712402
2016-12-05 05:00:00,41.46500015258789,13.319000244140623,37.742000579833984,10.239999771118164,4.072999954223634,1.3220000267028809,15.029500007629396
2016-12-05 06:00:00,43.64300155639648,13.73799991607666,40.02099990844727,10.829999923706056,4.061999797821045,0.0,14.369999885559082
2016-12-05 07:00:00,35.43399810791016,8.878999710083008,31.52400016784668,6.433000087738037,3.6570000648498535,1.246999979019165,13.711000442504885
2016-12-05 08:00:00,38.78499984741211,10.220000267028809,34.5260009765625,6.9689998626708975,3.6570000648498535,1.343000054359436,13.711000442504885
2016-12-05 09:00:00,43.64300155639648,13.402999877929688,39.887001037597656,10.239999771118164,3.6570000648498535,1.343000054359436,16.34749984741211
2016-12-05 10:00:00,38.78499984741211,11.140999794006348,35.4640007019043,8.121999740600586,3.6570000648498535,1.2690000534057615,20.30299949645996
2016-12-05 11:00:00,40.04100036621094,11.309000015258787,36.21500015258789,8.578000068664549,3.6570000648498535,1.2899999618530271,23.818500518798828
2016-12-05 12:00:00,36.104000091552734,9.465999603271484,32.83700180053711,6.888999938964844,3.6570000648498535,1.2150000333786009,26.23500061035156
2016-12-05 13:00:00,37.69599914550781,11.979000091552734,33.588001251220696,8.657999992370605,3.6570000648498535,1.3109999895095823,28.21299934387207
2016-12-05 14:00:00,37.946998596191406,11.727999687194824,34.28499984741211,8.685000419616701,3.6570000648498535,1.3109999895095823,29.97050094604492
2016-12-05 15:00:00,44.64799880981445,13.904999732971191,41.87099838256836,10.829999923706056,3.6570000648498535,1.2150000333786009,29.750999450683597
2016-12-05 16:00:00,48.91999816894531,14.91100025177002,44.71200180053711,11.204999923706056,3.635999917984009,1.2150000333786009,29.09199905395508
2016-12-05 17:00:00,47.1609992980957,13.152000427246096,41.57600021362305,8.925999641418457,4.935999870300293,1.2150000333786009,26.45499992370605
2016-12-05 18:00:00,47.24499893188477,13.067999839782717,42.94300079345703,9.274999618530272,4.935999870300293,1.2150000333786009,23.598499298095703
2016-12-05 19:00:00,41.13000106811523,9.800999641418455,37.20600128173828,6.835000038146973,3.677999973297119,1.2150000333786009,21.18149948120117
2016-12-05 20:00:00,44.14599990844727,10.973999977111816,38.62699890136719,7.290999889373777,4.914999961853027,1.2150000333786009,19.863500595092773
2016-12-05 21:00:00,50.17699813842773,15.916000366210938,44.71200180053711,11.607000350952148,4.914999961853027,1.2150000333786009,19.20450019836425
2016-12-05 22:00:00,43.47600173950195,13.821999549865724,39.56499862670898,10.239999771118164,4.914999961853027,2.430999994277954,18.32550048828125
2016-12-05 23:00:00,46.90999984741211,15.07800006866455,41.22700119018555,10.989999771118164,5.789000034332275,1.5889999866485596,17.446500778198242
2016-12-06 00:00:00,41.46500015258789,13.73799991607666,35.893001556396484,9.70400047302246,5.5970001220703125,1.5889999866485596,17.006500244140625
2016-12-06 01:00:00,42.1349983215332,13.319000244140623,37.58200073242188,10.024999618530272,4.083000183105469,1.5889999866485596,16.128000259399414
2016-12-06 02:00:00,42.05199813842773,13.234999656677244,36.777000427246094,9.91800022125244,5.40500020980835,1.5889999866485596,15.468500137329102
2016-12-06 03:00:00,42.80500030517578,13.821999549865724,36.858001708984375,9.94499969482422,5.629000186920166,1.3329999446868896,14.59000015258789
2016-12-06 04:00:00,42.72200012207031,14.241000175476074,37.93000030517578,10.37399959564209,4.4670000076293945,1.3329999446868896,13.711000442504885
2016-12-06 05:00:00,41.38100051879883,13.402999877929688,35.91999816894531,9.729999542236328,5.800000190734862,2.8250000476837163,12.83199977874756
2016-12-06 06:00:00,46.2400016784668,15.161999702453612,40.69100189208984,11.043999671936035,6.172999858856201,1.6100000143051147,11.95300006866455
2016-12-06 07:00:00,39.2869987487793,10.973999977111816,34.740001678466804,8.015000343322754,4.6479997634887695,1.246999979019165,11.513500213623049
2016-12-06 08:00:00,37.52799987792969,9.21399974822998,33.42699813842773,6.298999786376952,4.679999828338623,1.2790000438690186,11.293999671936035
2016-12-06 09:00:00,44.229000091552734,13.98900032043457,41.01300048828125,10.722000122070312,3.4119999408721924,1.22599995136261,13.052000045776367
2016-12-06 10:00:00,35.85300064086914,8.963000297546387,31.97900009155273,6.298999786376952,3.4119999408721924,1.2150000333786009,15.68850040435791
2016-12-06 11:00:00,39.37099838256836,9.633000373840332,35.222999572753906,7.1040000915527335,3.4119999408721924,1.2369999885559082,18.32550048828125
2016-12-06 12:00:00,39.790000915527344,10.303000450134276,37.2599983215332,8.121999740600586,3.4119999408721924,0.0,19.64349937438965
2016-12-06 13:00:00,41.38100051879883,11.727999687194824,38.84199905395508,8.95300006866455,3.4119999408721924,1.246999979019165,20.742000579833984
2016-12-06 14:00:00,46.2400016784668,14.072999954223633,42.75500106811523,10.90999984741211,3.4119999408721924,1.22599995136261,22.06049919128418
2016-12-06 15:00:00,47.07799911499024,14.994000434875488,43.53300094604492,11.821000099182127,3.4119999408721924,1.2150000333786009,21.401500701904297
2016-12-06 16:00:00,48.25,13.487000465393065,42.51399993896485,9.354999542236328,4.670000076293945,1.2150000333786009,20.522499084472656
2016-12-06 17:00:00,50.68000030517578,14.994000434875488,44.17599868774414,9.890999794006348,7.25,2.45199990272522,18.76499938964844
2016-12-06 18:00:00,54.19800186157226,16.083000183105472,48.4109992980957,11.579999923706056,5.480000019073486,2.45199990272522,16.78700065612793
2016-12-06 19:00:00,48.08300018310547,13.487000465393065,43.02299880981445,9.56999969482422,5.491000175476074,2.45199990272522,15.908499717712402
2016-12-06 20:00:00,49.59099960327149,16.670000076293945,43.50600051879883,10.614999771118164,5.586999893188477,1.343000054359436,15.029500007629396
2016-12-06 21:00:00,50.84700012207031,16.586000442504886,45.73099899291992,12.08899974822998,5.5970001220703125,1.343000054359436,14.59000015258789
2016-12-06 22:00:00,50.59600067138672,17.507999420166016,43.63999938964844,12.303999900817873,6.813000202178955,2.559000015258789,13.711000442504885
2016-12-06 23:00:00,45.1510009765625,14.994000434875488,39.08300018310547,10.803000450134276,5.427000045776367,2.559000015258789,13.271499633789062
2016-12-07 00:00:00,41.632999420166016,13.067999839782717,37.39400100708008,9.595999717712402,5.427000045776367,2.559000015258789,12.83199977874756
2016-12-07 01:00:00,43.64300155639648,13.402999877929688,38.01100158691406,9.48900032043457,5.341000080108644,2.440999984741211,12.17300033569336
2016-12-07 02:00:00,41.88399887084961,12.39799976348877,37.18000030517578,9.034000396728516,4.040999889373778,2.440999984741211,11.513500213623049
2016-12-07 03:00:00,43.72700119018555,13.319000244140623,37.823001861572266,9.32800006866455,5.544000148773193,2.440999984741211,11.07450008392334
2016-12-07 04:00:00,35.93600082397461,10.55500030517578,31.06800079345703,7.263999938964844,5.447999954223633,2.440999984741211,10.634499549865724
2016-12-07 05:00:00,42.47000122070313,13.152000427246096,37.87699890136719,9.784000396728516,5.447999954223633,2.440999984741211,10.195500373840332
2016-12-07 06:00:00,44.983001708984375,13.234999656677244,40.28900146484375,9.677000045776367,3.9769999980926514,2.440999984741211,9.97599983215332
2016-12-07 07:00:00,38.95199966430664,9.800999641418455,34.338001251220696,6.460000038146973,5.276999950408936,1.22599995136261,9.755999565124512
2016-12-07 08:00:00,40.54399871826172,10.805999755859377,36.777000427246094,7.934999942779541,3.9769999980926514,1.3009999990463257,9.755999565124512
2016-12-07 09:00:00,46.49100112915039,15.664999961853027,42.72800064086914,11.982000350952148,3.9769999980926514,1.22599995136261,11.95300006866455
2016-12-07 10:00:00,43.97800064086914,13.152000427246096,39.94100189208984,9.649999618530272,3.9769999980926514,1.22599995136261,15.24899959564209
2016-12-07 11:00:00,47.915000915527344,15.748000144958494,44.04199981689453,11.875,3.9769999980926514,1.22599995136261,18.98450088500977
2016-12-07 12:00:00,46.99399948120117,14.994000434875488,44.14899826049805,12.008999824523926,2.750999927520752,0.0,21.840999603271484
2016-12-07 13:00:00,46.40700149536133,17.004999160766598,43.39899826049805,14.20699977874756,2.750999927520752,0.0,24.69700050354004
2016-12-07 14:00:00,44.14599990844727,14.91100025177002,41.415000915527344,12.116000175476074,2.750999927520752,0.0,25.57600021362305
2016-12-07 15:00:00,45.90499877929688,16.0,43.42499923706055,13.053999900817873,2.750999927520752,0.0,25.35650062561035
2016-12-07 16:00:00,47.41299819946289,16.0,43.55899810791016,12.357000350952148,3.986999988555908,1.22599995136261,24.69700050354004
2016-12-07 17:00:00,47.49599838256836,14.659000396728516,43.31800079345703,11.097999572753906,3.986999988555908,1.2150000333786009,23.15900039672852
2016-12-07 18:00:00,52.68999862670898,17.34000015258789,47.76800155639648,12.946999549865724,3.986999988555908,1.2150000333786009,21.18149948120117
2016-12-07 19:00:00,48.91999816894531,14.91100025177002,43.26399993896485,10.560999870300291,5.223999977111816,1.2150000333786009,19.863500595092773
2016-12-07 20:00:00,49.0880012512207,14.576000213623049,43.72000122070313,10.37399959564209,5.330999851226807,2.440999984741211,18.545000076293945
2016-12-07 21:00:00,49.84199905395508,15.329999923706056,45.999000549316406,11.151000022888184,5.330999851226807,2.440999984741211,17.666000366210938
2016-12-07 22:00:00,48.33399963378906,15.496999740600586,42.88899993896485,11.017000198364258,5.352000236511231,2.440999984741211,17.226499557495114
2016-12-07 23:00:00,46.40700149536133,14.156999588012695,41.06600189208984,10.29300022125244,4.531000137329102,1.3109999895095823,16.34749984741211
2016-12-08 00:00:00,44.73199844360352,14.072999954223633,38.86800003051758,10.133000373840332,5.5229997634887695,1.3109999895095823,15.468500137329102
2016-12-08 01:00:00,43.391998291015625,13.402999877929688,37.87699890136719,9.32800006866455,5.938000202178955,1.22599995136261,15.029500007629396
2016-12-08 02:00:00,41.29800033569336,12.5649995803833,36.617000579833984,9.006999969482422,4.734000205993652,2.440999984741211,14.150500297546388
2016-12-08 03:00:00,42.88899993896485,13.402999877929688,37.39400100708008,9.354999542236328,5.948999881744385,2.440999984741211,13.711000442504885
2016-12-08 04:00:00,38.78499984741211,11.810999870300291,34.41899871826172,8.604999542236326,4.808000087738037,1.246999979019165,13.271499633789062
2016-12-08 05:00:00,43.14099884033203,14.743000030517578,38.11800003051758,9.91800022125244,4.531000137329102,1.2790000438690186,12.392499923706056
2016-12-08 06:00:00,45.4020004272461,14.324000358581545,40.95899963378906,10.74899959564209,4.499000072479248,1.2790000438690186,11.95300006866455
2016-12-08 07:00:00,37.277000427246094,8.711999893188478,33.963001251220696,6.058000087738037,4.499000072479248,1.2790000438690186,11.513500213623049
2016-12-08 08:00:00,42.303001403808594,11.309000015258787,38.46599960327149,8.095000267028809,3.252000093460083,1.2790000438690186,11.513500213623049
2016-12-08 09:00:00,47.32899856567383,15.748000144958494,44.04199981689453,12.170000076293944,3.1979999542236333,1.2790000438690186,13.711000442504885
2016-12-08 10:00:00,41.2140007019043,11.057000160217283,38.43899917602539,8.36299991607666,3.1979999542236333,0.0,16.78700065612793
2016-12-08 11:00:00,45.48600006103516,12.480999946594238,41.60300064086914,9.006999969482422,3.1979999542236333,1.246999979019165,20.30299949645996
2016-12-08 12:00:00,46.82600021362305,13.487000465393065,43.50600051879883,10.07900047302246,3.1979999542236333,1.2150000333786009,22.71949958801269
2016-12-08 13:00:00,46.071998596191406,14.407999992370604,42.67499923706055,11.151000022888184,3.1979999542236333,1.3650000095367432,24.91699981689453
2016-12-08 14:00:00,46.32400131225586,14.91100025177002,43.18399810791016,11.579999923706056,3.1979999542236333,1.2899999618530271,26.894500732421875
2016-12-08 15:00:00,46.99399948120117,15.329999923706056,42.99599838256836,11.71399974822998,3.1979999542236333,1.2899999618530271,26.894500732421875
2016-12-08 16:00:00,45.06700134277344,17.423999786376953,41.52199935913086,13.67099952697754,3.1979999542236333,1.2150000333786009,26.23550033569336
2016-12-08 17:00:00,48.25,15.246000289916992,43.104000091552734,11.312000274658203,5.724999904632568,1.2150000333786009,24.69750022888184
2016-12-08 18:00:00,53.0250015258789,17.590999603271484,47.125,12.84000015258789,5.724999904632568,1.2150000333786009,22.93950080871582
2016-12-08 19:00:00,46.82600021362305,12.145999908447266,41.20000076293945,7.98799991607666,5.800000190734862,1.2150000333786009,21.18149948120117
2016-12-08 20:00:00,46.65900039672852,12.899999618530272,41.68299865722656,8.657999992370605,5.800000190734862,2.440999984741211,20.08300018310547
2016-12-08 21:00:00,51.34999847412109,15.83199977874756,45.24800109863281,11.312000274658203,5.714000225067139,2.440999984741211,18.98450088500977
2016-12-08 22:00:00,48.50199890136719,14.743000030517578,42.48699951171875,10.668999671936035,5.714000225067139,2.440999984741211,18.105499267578125
2016-12-08 23:00:00,43.05699920654297,11.644000053405762,38.62699890136719,8.470999717712402,4.6479997634887695,2.440999984741211,17.226499557495114
2016-12-09 00:00:00,43.55899810791016,13.402999877929688,39.055999755859375,9.864999771118164,4.616000175476074,1.2369999885559082,16.567499160766598
2016-12-09 01:00:00,38.78499984741211,10.13599967956543,35.2760009765625,7.559000015258789,3.433000087738037,1.2150000333786009,15.908499717712402
2016-12-09 02:00:00,40.62699890136719,10.890000343322754,36.9119987487793,8.069000244140625,3.433000087738037,1.22599995136261,15.029500007629396
2016-12-09 03:00:00,39.45500183105469,10.805999755859377,36.45600128173828,8.310000419616701,3.433000087738037,0.0,14.59000015258789
2016-12-09 04:00:00,40.3759994506836,11.309000015258787,36.483001708984375,8.52400016784668,4.6589999198913565,1.375,14.150500297546388
2016-12-09 05:00:00,39.45500183105469,11.140999794006348,34.766998291015625,7.854000091552732,4.328999996185304,1.2580000162124634,14.59000015258789
2016-12-09 06:00:00,42.97299957275391,12.062999725341797,39.83300018310547,9.302000045776367,3.2939999103546143,0.0,14.59000015258789
2016-12-09 07:00:00,38.617000579833984,8.376999855041504,35.0620002746582,5.816999912261963,3.2939999103546143,0.0,14.150500297546388
2016-12-09 08:00:00,40.71099853515625,10.55500030517578,37.31399917602539,7.747000217437744,3.2939999103546143,0.0,13.711000442504885
2016-12-09 09:00:00,46.15599822998047,13.402999877929688,42.70199966430664,9.94499969482422,3.2939999103546143,1.2899999618530271,15.029500007629396
2016-12-09 10:00:00,44.39699935913086,12.062999725341797,40.98600006103516,8.845999717712402,3.2939999103546143,1.246999979019165,16.78700065612793
2016-12-09 11:00:00,43.97800064086914,11.5600004196167,41.46799850463867,8.899999618530273,3.2939999103546143,0.0,18.98450088500977
2016-12-09 12:00:00,47.24499893188477,13.402999877929688,44.33700180053711,10.133000373840332,3.2939999103546143,1.2150000333786009,20.96199989318848
2016-12-09 13:00:00,44.39699935913086,13.234999656677244,42.40700149536133,10.427000045776367,2.068000078201294,0.0,22.71949958801269
2016-12-09 14:00:00,45.48600006103516,13.98900032043457,42.72800064086914,10.855999946594238,3.2939999103546143,0.0,23.818500518798828
2016-12-09 15:00:00,44.39699935913086,13.487000465393065,41.06600189208984,10.401000022888184,3.2939999103546143,1.22599995136261,23.37899971008301
2016-12-09 16:00:00,48.25,15.07800006866455,45.73099899291992,11.767999649047852,3.2939999103546143,0.0,21.840499877929688
2016-12-09 17:00:00,43.72700119018555,12.145999908447266,39.94100189208984,8.899999618530273,4.541999816894531,1.2369999885559082,20.30299949645996
2016-12-09 18:00:00,47.41299819946289,13.98900032043457,44.20299911499024,10.96399974822998,3.1770000457763667,0.0,19.20400047302246
2016-12-09 19:00:00,47.83200073242188,13.487000465393065,43.18399810791016,9.890999794006348,4.402999877929688,1.4179999828338623,18.325000762939453
2016-12-09 20:00:00,50.512001037597656,15.83199977874756,46.5620002746582,11.795000076293944,4.2109999656677255,1.4179999828338623,17.445999145507812
2016-12-09 21:00:00,52.60599899291992,17.089000701904293,46.72200012207031,12.08899974822998,5.61899995803833,2.6440000534057617,16.566999435424805
2016-12-09 22:00:00,50.00899887084961,16.0,44.81900024414063,11.71399974822998,5.576000213623047,2.6440000534057617,16.128000259399414
2016-12-09 23:00:00,45.56999969482422,13.98900032043457,41.73699951171875,10.937000274658203,3.954999923706055,0.0,15.468500137329102
2016-12-10 00:00:00,44.983001708984375,14.491999626159668,39.80699920654297,10.45400047302246,5.5329999923706055,1.2690000534057615,15.24899959564209
2016-12-10 01:00:00,43.47600173950195,13.904999732971191,37.823001861572266,10.024999618530272,5.927999973297119,2.483999967575073,15.029500007629396
2016-12-10 02:00:00,44.81600189208984,14.324000358581545,38.573001861572266,10.133000373840332,6.172999858856201,2.483999967575073,14.59000015258789
2016-12-10 03:00:00,43.47600173950195,13.904999732971191,38.17100143432617,10.024999618530272,5.980999946594237,2.483999967575073,14.150500297546388
2016-12-10 04:00:00,43.55899810791016,14.491999626159668,38.14500045776367,10.668999671936035,5.853000164031982,2.483999967575073,13.930999755859377
2016-12-10 05:00:00,43.89400100708008,14.491999626159668,38.38600158691406,9.99899959564209,5.853000164031982,2.483999967575073,13.711000442504885
2016-12-10 06:00:00,45.65399932861328,14.491999626159668,40.20899963378906,10.614999771118164,5.085000038146973,1.2690000534057615,13.711000442504885
2016-12-10 07:00:00,42.1349983215332,12.314000129699709,38.22499847412109,9.248000144958496,4.083000183105469,1.2150000333786009,13.271499633789062
2016-12-10 08:00:00,41.71599960327149,11.140999794006348,37.42100143432617,7.98799991607666,4.083000183105469,1.2369999885559082,13.271499633789062
2016-12-10 09:00:00,43.72700119018555,13.152000427246096,40.52999877929688,10.024999618530272,4.030000209808351,1.246999979019165,13.930999755859377
2016-12-10 10:00:00,48.83700180053711,15.329999923706056,44.73899841308594,11.418999671936035,4.030000209808351,1.2690000534057615,14.8100004196167
2016-12-10 11:00:00,44.0620002746582,12.5649995803833,40.42300033569336,9.274999618530272,4.030000209808351,1.2690000534057615,15.24899959564209
2016-12-10 12:00:00,47.07799911499024,13.234999656677244,43.18399810791016,9.91800022125244,4.030000209808351,1.2790000438690186,15.907999992370604
2016-12-10 13:00:00,48.16699981689453,15.161999702453612,44.44400024414063,11.579999923706056,4.030000209808351,1.2790000438690186,16.128000259399414
2016-12-10 14:00:00,44.73199844360352,13.98900032043457,40.90599822998047,10.401000022888184,4.030000209808351,1.2790000438690186,17.006999969482422
2016-12-10 15:00:00,44.64799880981445,13.904999732971191,40.36899948120117,10.642000198364258,4.030000209808351,1.2790000438690186,17.445999145507812
2016-12-10 16:00:00,44.64799880981445,13.152000427246096,40.31600189208984,9.16800022125244,5.267000198364258,1.2790000438690186,17.666000366210938
2016-12-10 17:00:00,47.999000549316406,13.654000282287598,42.64799880981445,9.32800006866455,5.267000198364258,2.505000114440918,17.445999145507812
2016-12-10 18:00:00,52.94100189208984,16.250999450683597,47.09799957275391,11.151000022888184,6.493000030517577,2.483999967575073,17.666000366210938
2016-12-10 19:00:00,46.32400131225586,12.145999908447266,40.82500076293945,8.175999641418457,5.276999950408936,2.483999967575073,17.88599967956543
2016-12-10 20:00:00,49.92599868774414,13.487000465393065,43.15700149536133,8.73900032043457,6.908999919891357,2.483999967575073,17.88599967956543
2016-12-10 21:00:00,48.83700180053711,14.91100025177002,41.81700134277344,10.024999618530272,6.610000133514402,2.483999967575073,17.666000366210938
2016-12-10 22:00:00,47.74800109863281,13.821999549865724,40.85200119018555,9.034000396728516,6.610000133514402,2.483999967575073,17.006999969482422
2016-12-10 23:00:00,47.74800109863281,15.329999923706056,41.89699935913086,10.776000022888184,5.671999931335449,2.483999967575073,16.34749984741211
2016-12-11 00:00:00,45.1510009765625,14.994000434875488,39.61899948120117,10.560999870300291,5.714000225067139,2.483999967575073,15.908499717712402
2016-12-11 01:00:00,41.632999420166016,13.402999877929688,34.98199844360352,8.657999992370605,6.758999824523926,2.5369999408721924,15.468500137329102
2016-12-11 02:00:00,41.29800033569336,13.56999969482422,36.83100128173828,9.810999870300291,4.679999828338623,2.5369999408721924,15.029500007629396
2016-12-11 03:00:00,41.2140007019043,13.319000244140623,35.35699844360352,9.034000396728516,6.216000080108643,2.5369999408721924,14.8100004196167
2016-12-11 04:00:00,41.29800033569336,13.234999656677244,36.05400085449219,9.32800006866455,4.9679999351501465,2.5369999408721924,14.150500297546388
2016-12-11 05:00:00,42.05199813842773,13.56999969482422,36.483001708984375,9.409000396728516,5.127999782562256,2.5369999408721924,13.711000442504885
2016-12-11 06:00:00,43.391998291015625,14.241000175476074,38.94900131225586,10.53499984741211,5.203000068664551,2.5369999408721924,13.491000175476074
2016-12-11 07:00:00,43.55899810791016,12.984000205993652,38.38600158691406,8.845999717712402,5.25600004196167,1.2790000438690186,13.491000175476074
2016-12-11 08:00:00,41.29800033569336,10.805999755859377,36.483001708984375,7.263999938964844,4.105000019073486,2.505000114440918,13.491000175476074
2016-12-11 09:00:00,42.88899993896485,11.5600004196167,38.46599960327149,7.827000141143799,4.169000148773193,2.505000114440918,13.491000175476074
2016-12-11 10:00:00,48.584999084472656,15.07800006866455,44.33700180053711,11.043999671936035,4.169000148773193,2.505000114440918,15.24899959564209
2016-12-11 11:00:00,48.16699981689453,14.156999588012695,44.25600051879883,10.668999671936035,4.169000148773193,1.2899999618530271,16.566999435424805
2016-12-11 12:00:00,46.90999984741211,13.98900032043457,42.54100036621094,10.29300022125244,4.169000148773193,1.2899999618530271,17.006500244140625
2016-12-11 13:00:00,46.40700149536133,14.743000030517578,42.459999084472656,10.96399974822998,4.169000148773193,1.2899999618530271,17.666000366210938
2016-12-11 14:00:00,46.40700149536133,14.324000358581545,42.48699951171875,10.614999771118164,4.169000148773193,1.2899999618530271,19.423999786376957
2016-12-11 15:00:00,46.82600021362305,14.743000030517578,42.54100036621094,10.96399974822998,4.169000148773193,2.569000005722046,19.863500595092773
2016-12-11 16:00:00,49.42300033569336,15.83199977874756,44.47100067138672,11.151000022888184,5.383999824523926,2.569000005722046,20.30299949645996
2016-12-11 17:00:00,50.17699813842773,14.407999992370604,44.97999954223633,10.29300022125244,5.436999797821045,2.569000005722046,19.423999786376957
2016-12-11 18:00:00,52.43899917602539,14.82699966430664,45.70399856567383,9.972000122070312,5.436999797821045,2.569000005722046,18.76499938964844
2016-12-11 19:00:00,45.31800079345703,11.47599983215332,39.67300033569336,7.290999889373777,5.468999862670898,2.569000005722046,18.545000076293945
2016-12-11 20:00:00,47.32899856567383,12.480999946594238,41.46799850463867,8.095000267028809,5.468999862670898,2.569000005722046,18.32550048828125
2016-12-11 21:00:00,50.512001037597656,15.161999702453612,44.60499954223633,10.480999946594238,5.554999828338623,1.3539999723434448,17.885499954223633
2016-12-11 22:00:00,44.64799880981445,11.727999687194824,40.77199935913086,8.657999992370605,4.317999839782715,1.3539999723434448,17.006500244140625
2016-12-11 23:00:00,42.303001403808594,12.062999725341797,36.992000579833984,8.390000343322754,5.480000019073486,1.3539999723434448,16.567499160766598
2016-12-12 00:00:00,43.391998291015625,13.234999656677244,38.46599960327149,9.70400047302246,5.341000080108644,1.3539999723434448,16.347999572753903
2016-12-12 01:00:00,44.14599990844727,13.821999549865724,37.76900100708008,9.515999794006348,5.341000080108644,2.697000026702881,16.347999572753903
2016-12-12 02:00:00,38.95199966430664,11.5600004196167,33.80199813842773,7.98799991607666,5.447999954223633,1.4819999933242798,16.78700065612793
2016-12-12 03:00:00,40.71099853515625,12.899999618530272,36.1879997253418,9.220999717712402,5.447999954223633,1.4819999933242798,16.78700065612793
2016-12-12 04:00:00,41.04600143432617,12.732999801635742,36.0,9.220999717712402,5.447999954223633,1.4819999933242798,16.34749984741211
2016-12-12 05:00:00,40.9630012512207,12.314000129699709,36.26800155639648,8.979999542236328,4.019000053405762,1.4819999933242798,16.34749984741211
2016-12-12 06:00:00,41.632999420166016,12.480999946594238,36.29499816894531,8.925999641418457,5.181000232696533,1.4819999933242798,16.34749984741211
2016-12-12 07:00:00,45.65399932861328,13.821999549865724,40.77199935913086,9.838000297546388,4.9790000915527335,1.4819999933242798,15.908499717712402
2016-12-12 08:00:00,41.2140007019043,11.47599983215332,36.05400085449219,7.827000141143799,4.9790000915527335,1.4819999933242798,15.908499717712402
2016-12-12 09:00:00,47.999000549316406,15.581000328063965,43.935001373291016,11.526000022888184,3.742000102996826,1.2790000438690186,16.34749984741211
2016-12-12 10:00:00,42.05199813842773,10.722000122070312,38.17100143432617,7.61299991607666,3.742000102996826,1.2790000438690186,18.325000762939453
2016-12-12 11:00:00,44.900001525878906,12.5649995803833,40.50299835205078,9.16800022125244,3.742000102996826,1.2690000534057615,20.522499084472656
2016-12-12 12:00:00,45.82099914550781,14.072999954223633,42.80899810791016,10.829999923706056,3.742000102996826,1.246999979019165,21.621000289916992
2016-12-12 13:00:00,48.33399963378906,16.083000183105472,43.74700164794922,12.08899974822998,3.742000102996826,1.246999979019165,22.5
2016-12-12 14:00:00,48.50199890136719,16.334999084472653,44.47100067138672,12.652000427246096,3.742000102996826,1.246999979019165,22.71999931335449
2016-12-12 15:00:00,48.83700180053711,16.753999710083008,44.84600067138672,12.946999549865724,3.742000102996826,1.246999979019165,22.71999931335449
2016-12-12 16:00:00,50.26100158691406,17.004999160766598,45.16799926757813,12.652000427246096,5.052999973297119,1.246999979019165,22.71999931335449
2016-12-12 17:00:00,53.44400024414063,17.507999420166016,47.39300155639648,12.170000076293944,6.269000053405763,2.463000059127808,22.71999931335449
2016-12-12 18:00:00,52.35499954223633,16.670000076293945,44.84600067138672,11.392000198364258,7.014999866485598,2.463000059127808,22.06049919128418
2016-12-12 19:00:00,48.16699981689453,13.487000465393065,42.165000915527344,9.11400032043457,6.130000114440918,2.463000059127808,21.621000289916992
2016-12-12 20:00:00,49.59099960327149,13.98900032043457,43.15700149536133,9.16800022125244,7.302999973297119,2.463000059127808,21.18149948120117
2016-12-12 21:00:00,49.84199905395508,16.166999816894528,44.87300109863281,11.579999923706056,5.61899995803833,2.463000059127808,20.96199989318848
2016-12-12 22:00:00,51.34999847412109,17.674999237060547,44.14899826049805,12.41100025177002,6.88700008392334,2.463000059127808,20.74250030517578
2016-12-12 23:00:00,45.73699951171875,15.329999923706056,39.72600173950195,10.937000274658203,7.058000087738037,2.463000059127808,20.302499771118164
2016-12-13 00:00:00,45.4020004272461,15.83199977874756,38.86800003051758,11.553000450134276,5.745999813079834,2.463000059127808,20.08300018310547
2016-12-13 01:00:00,44.0620002746582,14.743000030517578,37.5009994506836,10.401000022888184,5.651000022888184,2.463000059127808,19.423999786376957
2016-12-13 02:00:00,38.53300094604492,12.314000129699709,32.998001098632805,8.73900032043457,5.651000022888184,2.463000059127808,18.76499938964844
2016-12-13 03:00:00,40.87900161743164,13.904999732971191,35.16899871826172,9.972000122070312,4.4670000076293945,2.463000059127808,18.105499267578125
2016-12-13 04:00:00,41.2140007019043,12.314000129699709,37.367000579833984,9.16800022125244,4.4780001640319815,2.463000059127808,17.666000366210938
2016-12-13 05:00:00,39.20299911499024,11.392000198364258,33.50699996948242,7.61299991607666,5.724999904632568,2.463000059127808,17.226499557495114
2016-12-13 06:00:00,40.125,12.062999725341797,36.483001708984375,8.925999641418457,3.858999967575073,1.246999979019165,16.78700065612793
2016-12-13 07:00:00,42.55400085449219,11.895000457763672,37.31399917602539,8.336999893188478,5.074999809265137,1.246999979019165,16.34749984741211
2016-12-13 08:00:00,39.62200164794922,9.885000228881836,35.652000427246094,7.1570000648498535,3.625,1.2150000333786009,15.907999992370604
2016-12-13 09:00:00,46.65900039672852,14.241000175476074,43.39899826049805,11.043999671936035,3.625,0.0,15.68850040435791
2016-12-13 10:00:00,40.459999084472656,10.38700008392334,36.858001708984375,7.559000015258789,3.7309999465942383,1.246999979019165,15.24899959564209
2016-12-13 11:00:00,47.999000549316406,14.324000358581545,44.28300094604492,10.855999946594238,3.7309999465942383,1.246999979019165,15.24899959564209
2016-12-13 12:00:00,47.07799911499024,13.98900032043457,43.74700164794922,11.151000022888184,2.494999885559082,0.0,15.468999862670898
2016-12-13 13:00:00,48.50199890136719,15.83199977874756,44.49800109863281,12.598999977111816,3.720999956130981,0.0,15.908499717712402
2016-12-13 14:00:00,43.64300155639648,11.727999687194824,40.31600189208984,8.685000419616701,3.677999973297119,0.0,16.34749984741211
2016-12-13 15:00:00,43.05699920654297,11.309000015258787,40.12799835205078,8.604999542236326,2.377000093460083,0.0,16.128000259399414
2016-12-13 16:00:00,50.59600067138672,14.82699966430664,47.07099914550781,11.33899974822998,3.6040000915527344,1.2369999885559082,16.128000259399414
2016-12-13 17:00:00,52.27099990844727,14.659000396728516,48.35800170898438,10.776000022888184,4.861999988555908,1.3329999446868896,16.128000259399414
2016-12-13 18:00:00,51.01499938964844,13.402999877929688,47.36600112915039,9.91800022125244,4.894000053405762,1.3220000267028809,16.128000259399414
2016-12-13 19:00:00,45.48600006103516,10.052000045776367,41.09299850463867,6.995999813079834,4.48799991607666,0.0,16.567499160766598
2016-12-13 20:00:00,48.50199890136719,11.895000457763672,43.479000091552734,8.470999717712402,4.4670000076293945,1.246999979019165,16.128000259399414
2016-12-13 21:00:00,49.84199905395508,13.319000244140623,44.49800109863281,9.461999893188477,4.531000137329102,1.5349999666213991,15.68850040435791
2016-12-13 22:00:00,47.999000549316406,13.152000427246096,42.91600036621094,9.649999618530272,4.531000137329102,0.0,15.468999862670898
2016-12-13 23:00:00,46.99399948120117,13.487000465393065,41.97800064086914,10.024999618530272,5.330999851226807,1.493000030517578,14.809499740600586
2016-12-14 00:00:00,43.72700119018555,12.229999542236328,39.24399948120117,9.006999969482422,3.9449999332427983,1.4609999656677246,13.930500030517578
2016-12-14 01:00:00,42.88899993896485,11.47599983215332,38.27899932861328,8.578000068664549,5.043000221252441,0.0,13.05150032043457
2016-12-14 02:00:00,39.45500183105469,10.805999755859377,35.54399871826172,7.77400016784668,5.043000221252441,1.4290000200271606,12.612500190734863
2016-12-14 03:00:00,39.95700073242188,10.470999717712402,34.820999145507805,7.61299991607666,4.541999816894531,1.4609999656677246,12.612500190734863
2016-12-14 04:00:00,41.13000106811523,11.225000381469728,37.52799987792969,8.657999992370605,4.616000175476074,0.0,11.73349952697754
2016-12-14 05:00:00,42.1349983215332,11.5600004196167,36.96500015258789,8.36299991607666,4.734000205993652,1.2150000333786009,10.854499816894531
2016-12-14 06:00:00,40.71099853515625,10.55500030517578,37.2869987487793,8.255999565124513,3.7100000381469727,0.0,10.195500373840332
2016-12-14 07:00:00,45.98899841308594,12.314000129699709,40.55699920654297,8.657999992370605,5.085000038146973,1.3009999990463257,10.195500373840332
2016-12-14 08:00:00,45.31800079345703,11.895000457763672,41.415000915527344,8.711999893188478,4.114999771118163,0.0,9.975500106811523
2016-12-14 09:00:00,49.50699996948242,14.91100025177002,45.89099884033203,11.178000450134276,2.8469998836517334,0.0,10.19499969482422
2016-12-14 10:00:00,46.74300003051758,11.47599983215332,43.90800094604492,8.578000068664549,2.8469998836517334,0.0,10.414999961853027
2016-12-14 11:00:00,48.50199890136719,12.145999908447266,44.79199981689453,8.578000068664549,2.8469998836517334,1.2369999885559082,10.854499816894531
2016-12-14 12:00:00,51.51699829101562,14.241000175476074,47.84799957275391,10.53499984741211,4.061999797821045,1.2369999885559082,11.95300006866455
2016-12-14 13:00:00,49.25600051879883,13.821999549865724,45.81100082397461,10.53499984741211,4.061999797821045,0.0,13.271499633789062
2016-12-14 14:00:00,49.3390007019043,14.324000358581545,45.81100082397461,10.90999984741211,4.061999797821045,1.246999979019165,15.68850040435791
2016-12-14 15:00:00,43.14099884033203,12.732999801635742,39.27000045776367,9.623000144958496,4.105000019073486,1.2369999885559082,16.127500534057614
2016-12-14 16:00:00,43.64300155639648,11.392000198364258,38.89500045776367,7.88100004196167,4.125999927520752,1.246999979019165,15.249500274658203
2016-12-14 17:00:00,45.82099914550781,11.47599983215332,40.36899948120117,7.827000141143799,5.352000236511231,2.4730000495910645,13.491000175476074
2016-12-14 18:00:00,55.11899948120117,15.246000289916992,48.38399887084961,10.69499969482422,6.546000003814697,2.4730000495910645,12.392499923706056
2016-12-14 19:00:00,50.68000030517578,12.229999542236328,44.33700180053711,8.069000244140625,6.502999782562256,1.22599995136261,11.513500213623049
2016-12-14 20:00:00,49.75799942016602,11.47599983215332,42.78200149536133,6.861999988555907,6.22599983215332,2.463000059127808,10.854499816894531
2016-12-14 21:00:00,52.68999862670898,13.98900032043457,46.66899871826172,9.729999542236328,6.216000080108643,2.463000059127808,10.414999961853027
2016-12-14 22:00:00,50.428001403808594,14.324000358581545,45.08700180053711,10.133000373840332,5.629000186920166,1.5670000314712524,9.97599983215332
2016-12-14 23:00:00,48.66899871826172,14.241000175476074,42.38000106811523,10.07900047302246,5.629000186920166,1.5670000314712524,9.316499710083008
2016-12-15 00:00:00,43.89400100708008,12.229999542236328,39.24399948120117,8.95300006866455,5.629000186920166,1.5670000314712524,8.656999588012695
2016-12-15 01:00:00,44.39699935913086,12.145999908447266,39.055999755859375,8.657999992370605,4.958000183105469,1.22599995136261,7.998000144958496
2016-12-15 02:00:00,44.81600189208984,12.815999984741213,38.86800003051758,9.086999893188477,4.90399980545044,1.22599995136261,7.339000225067139
2016-12-15 03:00:00,45.31800079345703,13.234999656677244,39.29700088500977,9.248000144958496,6.162000179290772,1.246999979019165,6.89900016784668
2016-12-15 04:00:00,40.71099853515625,11.057000160217283,36.1879997253418,8.255999565124513,4.7230000495910645,1.246999979019165,6.460000038146973
2016-12-15 05:00:00,40.54399871826172,11.47599983215332,35.25,7.98799991607666,5.660999774932861,1.2580000162124634,6.020500183105469
2016-12-15 06:00:00,41.54899978637695,10.890000343322754,35.57099914550781,7.372000217437744,5.660999774932861,1.2580000162124634,5.580999851226807
2016-12-15 07:00:00,46.90999984741211,12.64900016784668,41.25400161743164,8.845999717712402,5.043000221252441,1.22599995136261,5.142000198364258
2016-12-15 08:00:00,45.23500061035156,11.309000015258787,39.45800018310547,7.479000091552732,6.0980000495910645,2.569000005722046,5.142000198364258
2016-12-15 09:00:00,50.09299850463867,14.994000434875488,44.01499938964844,10.31999969482422,6.077000141143799,2.569000005722046,7.558499813079834
2016-12-15 10:00:00,49.17200088500977,14.82699966430664,43.23799896240234,10.401000022888184,5.96999979019165,2.569000005722046,10.635000228881836
2016-12-15 11:00:00,51.76900100708008,16.419000625610348,46.13299942016602,11.579999923706056,5.651000022888184,2.569000005722046,14.150500297546388
2016-12-15 12:00:00,50.00899887084961,13.98900032043457,45.38199996948242,9.972000122070312,4.392000198364259,2.569000005722046,16.78700065612793
2016-12-15 13:00:00,51.01499938964844,15.83199977874756,45.43600082397461,11.017000198364258,5.724999904632568,2.6010000705718994,18.325000762939453
2016-12-15 14:00:00,50.93099975585938,15.916000366210938,45.8650016784668,11.12399959564209,5.724999904632568,2.6010000705718994,19.863000869750977
2016-12-15 15:00:00,47.41299819946289,14.659000396728516,42.35300064086914,10.480999946594238,3.869999885559082,2.6010000705718994,19.20450019836425
2016-12-15 16:00:00,50.512001037597656,15.664999961853027,45.22100067138672,10.74899959564209,5.0960001945495605,2.6010000705718994,17.226499557495114
2016-12-15 17:00:00,54.28200149536133,16.419000625610348,48.196998596191406,11.28499984741211,6.333000183105469,2.6010000705718994,17.226499557495114
2016-12-15 18:00:00,57.46500015258789,16.50200080871582,51.17200088500977,11.28499984741211,6.269000053405763,2.6010000705718994,13.930999755859377
2016-12-15 19:00:00,50.59600067138672,12.480999946594238,44.47100067138672,8.015000343322754,6.151999950408936,1.3860000371932983,12.83199977874756
2016-12-15 20:00:00,54.19800186157226,14.659000396728516,49.29600143432617,10.213000297546388,6.162000179290772,2.6440000534057617,11.95300006866455
2016-12-15 21:00:00,56.20800018310547,16.166999816894528,49.8849983215332,10.96399974822998,6.364999771118164,1.3860000371932983,10.854499816894531
2016-12-15 22:00:00,52.52299880981445,15.246000289916992,45.91799926757813,10.213000297546388,6.364999771118164,1.3860000371932983,10.414999961853027
2016-12-15 23:00:00,49.50699996948242,14.743000030517578,43.34500122070313,10.159000396728516,5.745999813079834,1.246999979019165,9.97599983215332
2016-12-16 00:00:00,47.41299819946289,13.821999549865724,42.32600021362305,9.94499969482422,5.745999813079834,1.246999979019165,9.316499710083008
2016-12-16 01:00:00,46.57500076293945,13.821999549865724,40.66400146484375,9.56999969482422,6.065999984741211,1.246999979019165,8.876999855041504
2016-12-16 02:00:00,45.73699951171875,13.654000282287598,39.16299819946289,9.515999794006348,5.223999977111816,2.494999885559082,8.218000411987305
2016-12-16 03:00:00,46.15599822998047,13.73799991607666,40.15499877929688,9.48900032043457,6.396999835968018,1.2690000534057615,7.777999877929687
2016-12-16 04:00:00,45.48600006103516,13.654000282287598,40.42300033569336,9.99899959564209,5.10699987411499,1.2690000534057615,7.339000225067139
2016-12-16 05:00:00,45.1510009765625,13.319000244140623,39.29700088500977,9.302000045776367,6.460999965667725,1.2690000534057615,6.89900016784668
2016-12-16 06:00:00,48.91999816894531,14.491999626159668,42.78200149536133,10.105999946594238,5.394999980926514,1.246999979019165,6.89900016784668
2016-12-16 07:00:00,41.13000106811523,9.21399974822998,36.29499816894531,6.004000186920166,5.127999782562256,1.22599995136261,6.460000038146973
2016-12-16 08:00:00,45.90499877929688,10.638999938964844,39.24399948120117,6.326000213623048,6.364999771118164,1.22599995136261,6.460000038146973
2016-12-16 09:00:00,51.43399810791016,14.407999992370604,47.36600112915039,10.722000122070312,4.030000209808351,1.22599995136261,7.777999877929687
2016-12-16 10:00:00,47.66400146484375,11.979000091552734,43.96099853515625,8.630999565124513,4.030000209808351,0.0,10.854499816894531
2016-12-16 11:00:00,51.68500137329102,14.156999588012695,46.88299942016602,9.864999771118164,4.030000209808351,1.2369999885559082,14.59000015258789
2016-12-16 12:00:00,50.68000030517578,14.156999588012695,46.7760009765625,10.53499984741211,4.030000209808351,1.2369999885559082,17.666000366210938
2016-12-16 13:00:00,49.84199905395508,15.07800006866455,45.62300109863281,11.312000274658203,4.030000209808351,1.4609999656677246,19.863000869750977
2016-12-16 14:00:00,50.76300048828125,15.664999961853027,46.2400016784668,11.232000350952148,4.307000160217285,1.4609999656677246,21.18149948120117
2016-12-16 15:00:00,50.00899887084961,15.07800006866455,46.374000549316406,11.204999923706056,3.0920000076293945,1.524999976158142,20.742000579833984
2016-12-16 16:00:00,52.10400009155274,15.07800006866455,47.178001403808594,10.989999771118164,4.339000225067139,1.3329999446868896,19.64349937438965
2016-12-16 17:00:00,37.025001525878906,8.711999893188478,31.711000442504893,5.656000137329103,4.339000225067139,1.3009999990463257,17.445999145507812
2016-12-16 18:00:00,35.76900100708008,6.86899995803833,31.363000869750977,4.100999832153319,5.565000057220459,1.3109999895095823,15.468500137329102
2016-12-16 19:00:00,35.85300064086914,7.623000144958496,29.9689998626709,4.182000160217285,5.5329999923706055,1.5349999666213991,13.930500030517578
2016-12-16 20:00:00,36.27199935913086,7.706999778747559,29.941999435424805,4.315999984741212,6.184000015258789,1.5349999666213991,12.392499923706056
2016-12-16 21:00:00,32.333999633789055,6.031000137329103,26.75200080871582,3.243000030517578,6.236999988555907,1.2369999885559082,11.07450008392334
2016-12-16 22:00:00,28.229999542236328,4.2719998359680185,23.589000701904297,2.3320000171661377,4.531000137329102,1.2899999618530271,9.755999565124512
2016-12-16 23:00:00,27.392000198364247,5.863999843597412,21.417999267578125,3.0829999446868896,6.289999961853027,1.22599995136261,8.876999855041504
2016-12-17 00:00:00,22.450000762939453,4.2719998359680185,18.36199951171875,2.3320000171661377,4.6479997634887695,1.22599995136261,7.998000144958496
2016-12-17 01:00:00,22.0310001373291,4.105000019073486,16.913999557495114,1.9029999971389768,4.690999984741211,1.2150000333786009,7.558499813079834
2016-12-17 02:00:00,22.78499984741211,4.690999984741211,17.208999633789062,2.2780001163482666,5.948999881744385,1.2690000534057615,7.558499813079834
2016-12-17 03:00:00,20.941999435424805,0.0,16.083000183105472,2.0639998912811284,4.679999828338623,1.2899999618530271,7.558499813079834
2016-12-17 04:00:00,19.51799964904785,0.0,14.715999603271484,1.7690000534057615,4.829999923706055,1.2899999618530271,7.338500022888184
2016-12-17 05:00:00,20.77400016784668,0.0,15.145000457763672,1.7419999837875366,4.872000217437744,1.2899999618530271,7.11899995803833
2016-12-17 06:00:00,22.0310001373291,0.0,16.700000762939453,1.6619999408721924,4.85099983215332,1.3650000095367432,6.679999828338622
2016-12-17 07:00:00,22.450000762939453,0.0,18.308000564575195,2.009999990463257,4.85099983215332,1.2150000333786009,6.240499973297119
2016-12-17 08:00:00,25.381999969482425,4.775000095367432,20.077999114990234,2.4660000801086426,4.9679999351501465,1.246999979019165,5.80049991607666
2016-12-17 09:00:00,25.29800033569336,5.445000171661377,21.552000045776367,3.4579999446868896,3.380000114440918,1.2790000438690186,7.778500080108643
2016-12-17 10:00:00,27.141000747680664,6.198999881744385,22.51700019836425,3.753000020980835,4.6589999198913565,1.2790000438690186,10.195500373840332
2016-12-17 11:00:00,27.05699920654297,5.947999954223633,22.54400062561035,3.5920000076293945,4.626999855041504,1.2150000333786009,13.711000442504885
2016-12-17 12:00:00,24.375999450683597,4.690999984741211,20.184999465942383,2.5999999046325684,4.626999855041504,1.2150000333786009,16.567499160766598
2016-12-17 13:00:00,24.62800025939941,5.193999767303467,19.836000442504886,3.0829999446868896,4.510000228881836,1.22599995136261,18.98450088500977
2016-12-17 14:00:00,24.125,4.859000205993652,19.488000869750977,2.815000057220459,4.510000228881836,1.2369999885559082,21.840999603271484
2016-12-17 15:00:00,24.292999267578125,5.52899980545044,19.836000442504886,3.3510000705718994,4.030000209808351,1.5460000038146973,22.06049919128418
2016-12-17 16:00:00,26.30299949645996,5.696000099182129,21.604999542236328,3.243000030517578,4.030000209808351,1.5460000038146973,20.96199989318848
2016-12-17 17:00:00,32.501998901367195,7.454999923706055,27.42200088500977,4.26200008392334,5.639999866485598,2.7720000743865967,18.98450088500977
2016-12-17 18:00:00,35.26599884033203,8.041999816894531,30.666000366210927,5.441999912261963,4.264999866485597,1.5570000410079956,17.226499557495114
2016-12-17 19:00:00,34.847000122070305,8.125,29.351999282836918,5.254000186920166,5.5229997634887695,1.5570000410079956,16.128000259399414
2016-12-17 20:00:00,36.27199935913086,8.878999710083008,30.048999786376957,5.281000137329102,5.5970001220703125,1.5570000410079956,14.809499740600586
2016-12-17 21:00:00,34.345001220703125,8.125,29.433000564575195,5.173999786376953,5.607999801635742,1.5570000410079956,13.711000442504885
2016-12-17 22:00:00,33.17200088500977,7.706999778747559,27.34199905395508,4.63700008392334,5.629000186920166,1.5570000410079956,13.05150032043457
2016-12-17 23:00:00,30.743000030517567,7.454999923706055,25.65299987792969,4.7179999351501465,5.683000087738037,1.5570000410079956,12.83199977874756
2016-12-18 00:00:00,28.983999252319336,6.701000213623048,23.214000701904297,3.8059999942779537,5.683000087738037,1.5570000410079956,12.392499923706056
2016-12-18 01:00:00,27.97900009155273,6.2829999923706055,22.007999420166016,3.3510000705718994,6.193999767303468,1.5779999494552612,12.172499656677244
2016-12-18 02:00:00,26.05200004577637,5.611999988555908,20.371999740600582,3.1630001068115234,4.6479997634887695,1.5779999494552612,11.73349952697754
2016-12-18 03:00:00,25.71699905395508,5.276999950408936,19.91699981689453,2.6540000438690186,5.906000137329103,1.5779999494552612,11.513500213623049
2016-12-18 04:00:00,25.80100059509277,5.611999988555908,20.051000595092773,3.135999917984009,5.341000080108644,1.2580000162124634,10.634499549865724
2016-12-18 05:00:00,24.71199989318848,5.193999767303467,20.63999938964844,3.5920000076293945,5.341000080108644,0.0,9.755999565124512
2016-12-18 06:00:00,26.72200012207031,4.941999912261963,22.06100082397461,3.002000093460083,5.320000171661377,1.2369999885559082,9.316499710083008
2016-12-18 07:00:00,26.63800048828125,4.2719998359680185,22.302000045776367,2.2780001163482666,4.072999954223634,1.343000054359436,8.876999855041504
2016-12-18 08:00:00,0.0,0.0,23.05299949645996,3.1630001068115234,5.40500020980835,1.3969999551773071,8.876999855041504
2016-12-18 09:00:00,0.0,0.0,24.36599922180176,3.7260000705718994,5.25600004196167,1.3969999551773071,10.634499549865724
2016-12-18 10:00:00,0.0,0.0,26.77899932861328,3.88700008392334,4.541999816894531,1.3329999446868896,13.271499633789062
2016-12-18 11:00:00,0.0,0.0,27.15399932861328,3.2699999809265137,4.541999816894531,1.2150000333786009,15.24899959564209
2016-12-18 12:00:00,0.0,0.0,24.660999298095703,2.438999891281128,4.541999816894531,1.4819999933242798,17.445999145507812
2016-12-18 13:00:00,0.0,0.0,25.03700065612793,3.135999917984009,4.765999794006348,1.2790000438690186,19.643999099731445
2016-12-18 14:00:00,0.0,0.0,24.34000015258789,3.4040000438690186,4.765999794006348,1.2790000438690186,21.840999603271484
2016-12-18 15:00:00,0.0,0.0,25.492000579833984,3.484999895095825,4.776000022888184,2.569000005722046,22.06049919128418
