date,HUFL,HULL,MUFL,MULL,LUFL,LULL,OT
2016/7/1 00:00,5.827000141,2.009000063,1.598999977,0.462000012,4.203000069,1.340000033,30.53100014
2016/7/1 01:00,5.69299984,2.075999975,1.491999984,0.425999999,4.142000198,1.371000051,27.78700066
2016/7/1 02:00,5.157000065,1.741000056,1.279000044,0.354999989,3.77699995,1.218000054,27.78700066
2016/7/1 03:00,5.090000153,1.942000031,1.279000044,0.391000003,3.806999922,1.279000044,25.04400063
2016/7/1 04:00,5.357999802,1.942000031,1.491999984,0.462000012,3.868000031,1.279000044,21.94799995
2016/7/1 05:00,5.625999928,2.142999887,1.527999997,0.532999992,4.051000118,1.371000051,21.17399979
2016/7/1 06:00,7.166999817,2.947000027,2.131999969,0.782000005,5.026000023,1.85800004,22.79199982
2016/7/1 07:00,7.434999943,3.282000065,2.309999943,1.031000018,5.086999893,2.223999977,23.1439991
2016/7/1 08:00,5.559000015,3.013999939,2.451999903,1.172999978,2.954999924,1.432000041,21.66699982
2016/7/1 09:00,4.554999828,2.545000076,1.91900003,0.816999972,2.680000067,1.371000051,17.44599915
2016/7/1 10:00,4.956999779,2.545000076,1.99000001,0.852999985,2.954999924,1.491999984,19.97900009
2016/7/1 11:00,5.760000229,2.545000076,2.203000069,0.852999985,3.441999912,1.491999984,20.11899948
2016/7/1 12:00,4.68900013,2.545000076,1.812000036,0.852999985,2.832999945,1.523000002,19.20499992
2016/7/1 13:00,4.68900013,2.678999901,1.77699995,1.243999958,3.107000113,1.613999963,18.5720005
2016/7/1 14:00,5.090000153,2.947000027,2.451999903,1.350000024,2.559000015,1.432000041,19.55599976
2016/7/1 15:00,5.090000153,3.148000002,2.486999989,1.350000024,2.588999987,1.523000002,17.30500031
2016/7/1 16:00,4.21999979,2.411000013,1.70599997,0.782000005,2.618999958,1.491999984,19.48600006
2016/7/1 17:00,4.756000042,2.344000101,1.63499999,0.711000025,3.075999975,1.491999984,19.13400078
2016/7/1 18:00,5.625999928,2.880000114,2.523000002,1.207999945,3.075999975,1.491999984,20.68199921
2016/7/1 19:00,5.492000103,3.013999939,2.451999903,1.207999945,3.015000105,1.552999973,18.71199989
2016/7/1 20:00,5.357999802,3.013999939,2.451999903,1.207999945,2.862999916,1.523000002,17.86800003
2016/7/1 21:00,5.090000153,2.947000027,2.381000042,1.207999945,2.680000067,1.523000002,18.00900078
2016/7/1 22:00,4.822999954,2.947000027,2.203000069,1.172999978,2.618999958,1.523000002,18.00900078
2016/7/1 23:00,4.622000217,2.880000114,2.131999969,1.136999965,2.467000008,1.491999984,19.76799965
2016/7/2 00:00,5.223999977,3.08100009,2.700999975,1.315000057,2.437000036,1.523000002,21.10400009
2016/7/2 01:00,5.157000065,3.013999939,2.878000021,1.350000024,2.345000029,1.432000041,19.6970005
2016/7/2 02:00,5.157000065,3.148000002,2.878000021,1.491999984,2.28399992,1.432000041,20.04899979
2016/7/2 03:00,5.157000065,3.08100009,2.914000034,1.491999984,2.193000078,1.401000023,20.75200081
2016/7/2 04:00,4.554999828,3.08100009,2.451999903,1.491999984,2.193000078,1.401000023,21.38500023
2016/7/2 05:00,5.425000191,3.282000065,3.092000008,1.70599997,2.437000036,1.462000012,22.22999954
2016/7/2 06:00,5.492000103,3.282000065,2.523000002,1.491999984,2.984999895,1.462000012,20.26000023
2016/7/2 07:00,5.625999928,3.214999914,2.486999989,1.491999984,3.075999975,1.523000002,21.10400009
2016/7/2 08:00,5.559000015,3.282000065,2.594000101,1.669999957,2.924000025,1.523000002,20.61199951
2016/7/2 09:00,5.223999977,3.214999914,2.559000015,1.56400001,2.680000067,1.462000012,18.36100006
2016/7/2 10:00,9.913000107,4.956999779,6.644999981,3.305000067,3.046000004,1.552999973,20.96299934
2016/7/2 11:00,11.78800011,5.425000191,8.173000336,2.523000002,3.686000109,1.674999952,19.41600037
2016/7/2 12:00,9.645000458,4.956999779,6.751999855,2.131999969,3.107000113,1.827999949,20.82299995
2016/7/2 13:00,10.38199997,5.760000229,7.461999893,2.559000015,2.984999895,1.76699996,20.19000053
2016/7/2 14:00,8.774000168,4.68900013,6.111999989,2.025000095,2.894000053,1.91900003,21.31500053
2016/7/2 15:00,10.44900036,5.157000065,6.965000153,2.451999903,2.772000074,1.735999942,22.0189991
2016/7/2 16:00,9.845999718,4.822999954,7.035999775,2.664999962,2.894000053,1.76699996,20.68199921
2016/7/2 17:00,9.913000107,4.822999954,6.894000053,2.415999889,3.229000092,1.735999942,25.4659996
2016/7/2 18:00,10.64999962,4.68900013,6.928999901,2.451999903,3.381000042,1.797000051,25.88800049
2016/7/2 19:00,10.11400032,4.354000092,6.644999981,1.812000036,3.107000113,1.735999942,27.85700035
2016/7/2 20:00,9.979999542,4.152999878,6.573999882,1.953999996,3.411000013,1.76699996,27.29500008
2016/7/2 21:00,9.31000042,4.21999979,6.005000114,2.131999969,3.229000092,1.85800004,22.22999954
2016/7/2 22:00,9.444000244,4.622000217,6.965000153,2.167999983,2.954999924,1.85800004,21.94799995
2016/7/2 23:00,9.444000244,4.287000179,6.822999954,2.559000015,2.588999987,1.735999942,27.29500008
2016/7/3 00:00,10.38199997,5.425000191,7.604000092,2.309999943,2.954999924,1.674999952,29.33499908
2016/7/3 01:00,9.779000282,5.223999977,6.71600008,2.842999935,2.650000095,1.674999952,26.02799988
2016/7/3 02:00,10.38199997,4.68900013,7.320000172,2.203000069,2.984999895,1.85800004,24.34000015
2016/7/3 03:00,9.779000282,4.152999878,6.822999954,1.99000001,2.528000116,1.674999952,26.45000076
2016/7/3 04:00,10.71700001,4.756000042,7.355999947,2.806999922,2.650000095,1.797000051,25.95800018
2016/7/3 05:00,10.31499958,4.68900013,7.390999794,2.451999903,2.924000025,1.85800004,24.05900002
2016/7/3 06:00,12.59200001,5.223999977,8.670999527,2.203000069,3.71600008,1.949000001,25.32500076
2016/7/3 07:00,11.11900043,4.622000217,7.888999939,2.842999935,3.625,1.91900003,23.63699913
2016/7/3 08:00,10.64999962,4.421000004,7.035999775,2.025000095,3.594000101,1.91900003,26.37999916
2016/7/3 09:00,10.04699993,4.21999979,6.43200016,1.669999957,3.686000109,1.949000001,27.36499977
2016/7/3 10:00,11.72099972,5.090000153,7.888999939,2.559000015,3.563999891,1.85800004,28.06800079
2016/7/3 11:00,12.12300014,5.357999802,8.065999985,2.486999989,4.081999779,1.91900003,29.47500038
2016/7/3 12:00,9.979999542,5.022999763,6.857999802,2.559000015,3.289999962,1.85800004,26.80200005
2016/7/3 13:00,9.243000031,4.956999779,6.289999962,2.630000114,3.137000084,1.888000011,29.96800041
2016/7/3 14:00,10.18099976,5.425000191,7.177999973,3.019999981,3.075999975,1.888000011,30.38999939
2016/7/3 15:00,9.645000458,5.425000191,7.106999874,2.664999962,3.015000105,1.827999949,31.16399956
2016/7/3 16:00,9.779000282,4.889999866,6.502999783,2.984999895,3.075999975,2.00999999,29.75699997
2016/7/3 17:00,11.11900043,5.157000065,7.320000172,2.914000034,3.806999922,1.980000019,32.28900146
2016/7/3 18:00,11.05200005,4.956999779,7.390999794,2.523000002,3.686000109,1.980000019,31.93799973
2016/7/3 19:00,10.7840004,4.889999866,7.214000225,2.486999989,3.594000101,1.888000011,28.56100082
2016/7/3 20:00,11.18599987,4.889999866,7.177999973,2.345000029,3.960000038,1.91900003,21.52599907
2016/7/3 21:00,10.44900036,4.889999866,6.610000134,2.309999943,3.806999922,2.040999889,22.22999954
2016/7/3 22:00,9.578000069,5.760000229,6.787000179,3.127000093,3.259000063,1.888000011,19.41600037
2016/7/3 23:00,9.31000042,5.760000229,6.610000134,3.055999994,3.167999983,1.888000011,18.5720005
2016/7/4 00:00,9.913000107,5.894000053,6.254000187,2.630000114,3.015000105,1.85800004,21.66699982
2016/7/4 01:00,8.975000381,4.956999779,6.289999962,2.664999962,2.862999916,1.827999949,25.5359993
2016/7/4 02:00,8.640000343,4.822999954,6.147999763,2.594000101,2.924000025,1.827999949,27.85700035
2016/7/4 03:00,9.175999641,5.492000103,5.578999996,2.381000042,2.862999916,1.85800004,27.9279995
2016/7/4 04:00,9.109000206,4.822999954,5.650000095,2.523000002,2.772000074,1.797000051,24.62100029
2016/7/4 05:00,9.845999718,5.559000015,5.96999979,2.948999882,3.107000113,1.888000011,23.84799957
2016/7/4 06:00,11.5880003,5.425000191,7.390999794,2.806999922,3.806999922,1.980000019,23.0739994
2016/7/4 07:00,11.78800011,6.09499979,7.214000225,2.984999895,3.898999929,2.040999889,22.51099968
2016/7/4 08:00,10.58300018,5.960999966,7.143000126,2.914000034,3.654999971,2.071000099,21.66699982
2016/7/4 09:00,11.5880003,6.296000004,7.568999767,3.055999994,3.471999884,2.00999999,25.39500046
2016/7/4 10:00,11.92199993,6.229000092,7.710999966,3.055999994,3.746000051,1.949000001,25.18400002
2016/7/4 11:00,12.32400036,5.559000015,8.421999931,3.233999968,4.203000069,1.980000019,29.54599953
2016/7/4 12:00,10.38199997,5.894000053,6.857999802,2.630000114,3.563999891,1.949000001,29.47500038
2016/7/4 13:00,10.04699993,5.425000191,6.751999855,3.019999981,3.319999933,1.949000001,29.26399994
2016/7/4 14:00,10.51599979,6.027999878,7.106999874,3.375999928,3.137000084,1.91900003,30.95299911
2016/7/4 15:00,10.71700001,6.09499979,6.787000179,3.019999981,3.167999983,2.00999999,31.72599983
2016/7/4 16:00,9.979999542,5.022999763,6.502999783,2.559000015,3.441999912,2.040999889,33.13299942
2016/7/4 17:00,11.31999969,5.090000153,7.355999947,2.451999903,3.868000031,2.040999889,28.9829998
2016/7/4 18:00,11.38700008,4.956999779,7.355999947,2.451999903,4.295000076,2.193000078,28.9829998
2016/7/4 19:00,9.376999855,3.88499999,6.894000053,2.239000082,2.467000008,1.187999964,31.72599983
2016/7/4 20:00,10.11400032,4.085999966,7.143000126,2.239000082,2.954999924,1.462000012,25.18400002
2016/7/4 21:00,10.38199997,4.822999954,6.894000053,2.309999943,3.503000021,2.00999999,30.53100014
2016/7/4 22:00,9.645000458,4.889999866,6.610000134,1.91900003,3.259000063,1.91900003,27.64599991
2016/7/4 23:00,12.72599983,6.497000217,9.345999718,3.482000113,3.167999983,1.980000019,25.4659996
2016/7/5 00:00,11.98900032,5.625999928,8.777000427,2.948999882,3.197999954,1.980000019,25.95800018
2016/7/5 01:00,12.52499962,6.296000004,8.954999924,3.163000107,3.137000084,2.00999999,25.95800018
2016/7/5 02:00,12.32400036,6.296000004,8.812999725,3.375999928,2.984999895,1.91900003,26.02799988
2016/7/5 03:00,10.71700001,5.425000191,8.065999985,2.878000021,2.832999945,1.85800004,28.91300011
2016/7/5 04:00,11.31999969,5.625999928,7.676000118,2.630000114,3.046000004,1.888000011,30.45999908
2016/7/5 05:00,10.85099983,4.68900013,6.822999954,1.883000016,3.319999933,2.040999889,31.375
2016/7/5 06:00,13.32900047,5.425000191,8.883999825,2.736000061,4.081999779,1.949000001,32.7820015
2016/7/5 07:00,11.45400047,5.223999977,7.853000164,2.772000074,3.654999971,2.00999999,31.72599983
2016/7/5 08:00,11.05200005,5.960999966,7.461999893,3.127000093,3.563999891,2.101999998,30.31999969
2016/7/5 09:00,10.98499966,6.027999878,7.532999992,2.700999975,3.411000013,2.040999889,30.45999908
2016/7/5 10:00,12.79300022,5.960999966,8.56400013,3.447000027,3.838000059,2.163000107,32.92200089
2016/7/5 11:00,13.39599991,6.429999828,8.741999626,3.482000113,4.598999977,2.253999949,31.09300041
2016/7/5 12:00,11.25300026,5.425000191,7.676000118,2.736000061,3.594000101,2.00999999,25.67700005
2016/7/5 13:00,9.913000107,4.554999828,6.681000233,2.309999943,3.319999933,1.91900003,27.15399933
2016/7/5 14:00,10.18099976,5.357999802,7.320000172,2.486999989,3.319999933,2.071000099,28.77199936
2016/7/5 15:00,10.85099983,5.223999977,7.249000072,2.415999889,3.319999933,1.949000001,30.60099983
2016/7/5 16:00,10.04699993,5.022999763,6.894000053,2.736000061,3.167999983,2.253999949,32.00799942
2016/7/5 17:00,11.92199993,5.425000191,7.923999786,2.878000021,4.386000156,2.101999998,33.13299942
2016/7/5 18:00,11.45400047,4.956999779,7.461999893,2.345000029,3.99000001,2.040999889,31.51499939
2016/7/5 19:00,10.85099983,4.68900013,7.071000099,2.345000029,3.806999922,1.949000001,31.02300072
2016/7/5 20:00,11.18599987,4.622000217,7.284999847,2.203000069,3.898999929,1.888000011,31.44499969
2016/7/5 21:00,10.64999962,4.68900013,6.894000053,2.167999983,3.806999922,2.00999999,31.72599983
2016/7/5 22:00,9.979999542,4.354000092,6.644999981,1.91900003,3.563999891,1.980000019,30.95299911
2016/7/5 23:00,11.85499954,5.760000229,7.81799984,2.700999975,3.259000063,1.949000001,30.45999908
2016/7/6 00:00,10.38199997,5.090000153,6.467000008,2.842999935,3.015000105,1.827999949,28.91300011
2016/7/6 01:00,10.71700001,5.425000191,7.498000145,2.309999943,2.832999945,1.91900003,30.38999939
2016/7/6 02:00,10.85099983,5.357999802,7.81799984,2.878000021,2.832999945,1.85800004,31.51499939
2016/7/6 03:00,9.779000282,5.157000065,5.96999979,2.345000029,3.167999983,2.131999969,31.23399925
2016/7/6 04:00,9.376999855,4.487999916,6.254000187,2.273999929,3.015000105,2.040999889,30.53100014
2016/7/6 05:00,11.38700008,5.559000015,7.853000164,2.842999935,3.259000063,2.345000029,30.10899925
2016/7/6 06:00,11.85499954,4.487999916,8.208999634,2.096999884,3.868000031,1.85800004,30.31999969
2016/7/6 07:00,12.52499962,6.162000179,9.131999969,3.625,3.532999992,1.888000011,29.61599922
2016/7/6 08:00,12.72599983,6.362999916,9.345999718,3.375999928,3.71600008,1.980000019,30.53100014
2016/7/6 09:00,11.11900043,4.756000042,7.177999973,2.131999969,3.349999905,1.980000019,32.99300003
2016/7/6 10:00,11.78800011,4.889999866,8.031000137,2.451999903,3.563999891,1.85800004,30.24900055
2016/7/6 11:00,13.12800026,4.956999779,8.670999527,2.772000074,3.99000001,1.91900003,30.24900055
2016/7/6 12:00,10.58300018,4.756000042,7.0,2.061000109,2.954999924,1.644999981,30.67099953
2016/7/6 13:00,10.31499958,5.290999889,7.498000145,2.345000029,3.046000004,1.70599997,31.58600044
2016/7/6 14:00,9.444000244,5.022999763,6.965000153,2.203000069,2.650000095,1.644999981,31.93799973
2016/7/6 15:00,10.44900036,4.21999979,7.0,2.381000042,2.710999966,1.583999991,28.9829998
2016/7/6 16:00,9.845999718,4.085999966,7.071000099,1.91900003,2.710999966,1.552999973,27.71699905
2016/7/6 17:00,10.98499966,4.756000042,7.639999866,2.630000114,3.289999962,1.644999981,30.67099953
2016/7/6 18:00,10.71700001,4.287000179,7.320000172,2.096999884,3.319999933,1.644999981,24.34000015
2016/7/6 19:00,9.175999641,3.549999952,6.005000114,1.56400001,3.107000113,1.613999963,29.68600082
2016/7/6 20:00,9.645000458,4.152999878,6.254000187,1.457000017,3.411000013,1.735999942,30.24900055
2016/7/6 21:00,8.505999565,2.880000114,5.436999798,0.745999992,3.532999992,1.827999949,29.96800041
2016/7/6 22:00,10.51599979,3.348999977,7.106999874,1.279000044,3.259000063,1.644999981,29.54599953
2016/7/6 23:00,13.39599991,4.68900013,10.23400021,2.381000042,3.259000063,1.674999952,28.49099922
2016/7/7 00:00,12.59200001,5.157000065,9.204000473,2.309999943,2.772000074,1.613999963,28.56100082
2016/7/7 01:00,14.19999981,6.229000092,11.19400024,3.447000027,2.559000015,1.552999973,28.77199936
2016/7/7 02:00,12.59200001,6.229000092,10.9090004,3.696000099,2.528000116,1.523000002,27.71699905
2016/7/7 03:00,14.2670002,6.362999916,11.12199974,3.872999907,2.832999945,1.674999952,28.13899994
2016/7/7 04:00,12.59200001,5.090000153,9.204000473,2.772000074,2.680000067,1.827999949,27.36499977
2016/7/7 05:00,13.73099995,5.625999928,10.66100025,2.984999895,3.229000092,1.76699996,26.73200035
2016/7/7 06:00,15.13700008,5.760000229,11.22900009,2.948999882,3.319999933,1.644999981,26.37999916
2016/7/7 07:00,14.2670002,5.960999966,10.80300045,3.197999954,3.381000042,1.797000051,25.39500046
2016/7/7 08:00,12.52499962,5.090000153,9.31000042,3.055999994,3.075999975,1.797000051,27.9279995
2016/7/7 09:00,12.32400036,5.559000015,8.670999527,2.842999935,3.015000105,1.674999952,28.9829998
2016/7/7 10:00,13.26200008,6.09499979,9.807999611,2.842999935,3.441999912,1.76699996,29.75699997
2016/7/7 11:00,12.32400036,4.956999779,8.244000435,2.559000015,3.99000001,1.735999942,30.60099983
2016/7/7 12:00,9.645000458,3.617000103,6.787000179,1.598999977,3.046000004,1.523000002,32.64099884
2016/7/7 13:00,10.51599979,4.554999828,7.390999794,2.131999969,2.802000046,1.552999973,35.38499832
2016/7/7 14:00,9.376999855,3.818000078,6.573999882,1.56400001,2.650000095,1.552999973,37.2840004
2016/7/7 15:00,9.109000206,3.684000015,6.610000134,1.598999977,2.588999987,2.131999969,38.47999954
2016/7/7 16:00,9.243000031,3.415999889,6.538000107,1.70599997,2.984999895,1.552999973,36.79100037
2016/7/7 17:00,10.44900036,4.21999979,7.320000172,2.096999884,3.229000092,1.523000002,34.11800003
2016/7/7 18:00,11.05200005,4.287000179,7.604000092,1.99000001,3.471999884,1.674999952,33.8370018
2016/7/7 19:00,10.11400032,4.085999966,6.857999802,1.953999996,3.259000063,1.644999981,33.27399826
2016/7/7 20:00,11.11900043,4.152999878,7.427000046,1.91900003,3.746000051,1.674999952,32.92200089
2016/7/7 21:00,10.44900036,3.282000065,7.106999874,1.279000044,3.594000101,1.70599997,33.62599945
2016/7/7 22:00,10.51599979,3.88499999,7.355999947,1.598999977,3.167999983,1.674999952,32.64099884
2016/7/7 23:00,11.85499954,5.357999802,8.883999825,3.197999954,3.075999975,1.552999973,31.58600044
2016/7/8 00:00,11.85499954,4.756000042,8.883999825,2.984999895,2.954999924,1.523000002,31.09300041
2016/7/8 01:00,10.38199997,4.756000042,7.994999886,2.630000114,2.497999907,1.340000033,30.74200058
2016/7/8 02:00,11.18599987,5.223999977,8.706000328,2.594000101,2.375999928,1.401000023,29.33499908
2016/7/8 03:00,10.24800014,4.554999828,7.747000217,2.736000061,2.437000036,1.491999984,28.77199936
2016/7/8 04:00,10.91800022,4.085999966,8.244000435,2.594000101,2.315000057,1.462000012,29.12400055
2016/7/8 05:00,12.6590004,5.223999977,9.416999817,2.700999975,2.894000053,1.613999963,29.26399994
2016/7/8 06:00,13.59700012,5.425000191,9.737000465,2.984999895,3.471999884,1.644999981,29.40500069
2016/7/8 07:00,10.38199997,4.085999966,7.214000225,2.025000095,3.289999962,1.644999981,28.91300011
2016/7/8 08:00,9.979999542,4.554999828,6.71600008,2.273999929,3.289999962,1.797000051,29.89699936
2016/7/8 09:00,9.645000458,4.019000053,6.894000053,2.594000101,3.015000105,1.644999981,30.53100014
2016/7/8 10:00,11.72099972,4.756000042,7.994999886,2.167999983,3.381000042,1.735999942,30.67099953
2016/7/8 11:00,11.78800011,4.21999979,8.031000137,2.131999969,3.928999901,1.827999949,30.67099953
2016/7/8 12:00,10.44900036,4.085999966,7.355999947,1.812000036,3.167999983,1.674999952,31.09300041
2016/7/8 13:00,10.18099976,3.415999889,6.857999802,1.741000056,3.046000004,1.613999963,30.88199997
2016/7/8 14:00,12.92700005,5.022999763,6.751999855,1.527999997,5.696000099,2.223999977,32.71099854
2016/7/8 15:00,10.18099976,4.21999979,6.573999882,1.741000056,3.015000105,1.644999981,34.75099945
2016/7/8 16:00,9.444000244,3.549999952,6.610000134,1.279000044,2.924000025,1.613999963,34.40000153
2016/7/8 17:00,10.31499958,4.085999966,7.177999973,2.096999884,3.229000092,1.644999981,34.32899857
2016/7/8 18:00,10.71700001,3.88499999,7.106999874,1.741000056,3.563999891,1.674999952,33.62599945
2016/7/8 19:00,10.18099976,3.617000103,6.467000008,1.421000004,3.594000101,1.674999952,33.55599976
2016/7/8 20:00,11.85499954,4.085999966,7.639999866,1.56400001,4.263999939,1.85800004,32.7820015
2016/7/8 21:00,12.72599983,4.354000092,8.244000435,2.131999969,4.295000076,1.76699996,32.14899826
2016/7/8 22:00,14.06599998,5.357999802,9.666000366,2.239000082,3.77699995,1.70599997,31.23399925
2016/7/8 23:00,18.15200043,8.840999603,12.40200043,4.19299984,5.81799984,3.046000004,30.53100014
2016/7/9 00:00,14.60200024,5.960999966,11.30000019,3.339999914,3.259000063,1.76699996,30.95299911
2016/7/9 01:00,14.53499985,6.162000179,11.69099998,3.90899992,3.046000004,1.644999981,30.31999969
2016/7/9 02:00,14.40100002,6.296000004,11.72700024,3.944000006,2.802000046,1.613999963,29.40500069
2016/7/9 03:00,13.9989996,6.497000217,10.94499969,3.197999954,2.710999966,1.674999952,28.70199966
2016/7/9 04:00,14.06599998,6.296000004,11.30000019,3.482000113,2.832999945,2.00999999,28.77199936
2016/7/9 05:00,14.2670002,5.425000191,10.8380003,3.019999981,3.319999933,1.76699996,28.91300011
2016/7/9 06:00,14.60200024,5.69299984,10.8739996,3.055999994,3.289999962,1.735999942,28.27899933
2016/7/9 07:00,9.109000206,2.611999989,6.395999908,1.065999985,2.740999937,1.523000002,28.63100052
2016/7/9 08:00,11.45400047,3.415999889,8.279999733,1.101999998,3.137000084,1.76699996,28.77199936
2016/7/9 09:00,9.779000282,3.549999952,6.005000114,1.70599997,3.289999962,1.644999981,29.96800041
2016/7/9 10:00,10.85099983,4.21999979,6.573999882,1.243999958,3.471999884,1.797000051,29.75699997
2016/7/9 11:00,10.51599979,3.48300004,6.610000134,1.350000024,3.868000031,1.735999942,30.31999969
2016/7/9 12:00,9.779000282,3.617000103,5.899000168,0.852999985,3.229000092,1.70599997,31.44499969
2016/7/9 13:00,10.24800014,3.750999928,6.610000134,1.243999958,3.046000004,1.552999973,30.74200058
2016/7/9 14:00,9.645000458,4.019000053,6.822999954,1.56400001,3.046000004,1.552999973,31.65600014
2016/7/9 15:00,9.578000069,3.818000078,6.361000061,1.491999984,3.075999975,1.613999963,32.28900146
2016/7/9 16:00,11.98900032,4.152999878,6.43200016,1.527999997,5.604000092,2.193000078,32.85200119
2016/7/9 17:00,10.7840004,3.818000078,6.644999981,1.207999945,3.868000031,1.888000011,32.07799911
2016/7/9 18:00,10.11400032,3.415999889,6.254000187,1.207999945,3.686000109,2.040999889,31.86700058
2016/7/9 19:00,9.444000244,3.148000002,5.96999979,1.101999998,3.411000013,1.644999981,31.375
2016/7/9 20:00,11.31999969,3.48300004,7.427000046,1.812000036,4.051000118,1.674999952,30.88199997
2016/7/9 21:00,13.52999973,4.756000042,9.522999763,2.700999975,3.898999929,1.462000012,30.88199997
2016/7/9 22:00,12.45800018,5.827000141,8.918999672,3.552999973,3.503000021,1.583999991,29.96800041
2016/7/9 23:00,13.32900047,5.357999802,9.593999863,2.451999903,3.289999962,1.552999973,29.96800041
2016/7/10 00:00,15.27099991,6.229000092,9.737000465,2.736000061,5.482999802,2.00999999,29.47500038
2016/7/10 01:00,15.53899956,6.09499979,10.51799965,3.163000107,5.208000183,2.040999889,29.33499908
2016/7/10 02:00,15.13700008,6.362999916,9.630000114,3.233999968,4.934000015,1.91900003,29.82699966
2016/7/10 03:00,14.40100002,5.894000053,8.493000031,2.984999895,4.934000015,1.980000019,29.12400055
2016/7/10 04:00,14.13300037,5.157000065,8.598999977,2.451999903,4.965000153,1.949000001,28.56100082
2016/7/10 05:00,13.9989996,4.354000092,8.706000328,2.131999969,5.269000053,2.040999889,28.63100052
2016/7/10 06:00,14.93700027,5.625999928,9.026000023,1.91900003,5.81799984,2.101999998,27.78700066
2016/7/10 07:00,13.32900047,4.554999828,7.710999966,1.457000017,5.573999882,2.193000078,27.50600052
2016/7/10 08:00,10.85099983,4.554999828,7.320000172,2.203000069,3.197999954,1.76699996,28.06800079
2016/7/10 09:00,9.845999718,4.287000179,6.857999802,1.812000036,3.167999983,1.70599997,29.61599922
2016/7/10 10:00,10.24800014,3.951999903,6.857999802,1.70599997,3.381000042,1.797000051,29.47500038
2016/7/10 11:00,11.85499954,4.019000053,7.604000092,1.812000036,4.142000198,1.735999942,29.0529995
2016/7/10 12:00,8.572999954,3.282000065,5.578999996,1.136999965,2.984999895,1.523000002,29.47500038
2016/7/10 13:00,8.640000343,3.08100009,5.507999897,1.031000018,2.710999966,1.432000041,29.12400055
2016/7/10 14:00,8.305999756,2.411000013,5.188000202,0.711000025,2.924000025,1.523000002,29.68600082
2016/7/10 15:00,8.774000168,3.348999977,6.147999763,1.350000024,2.528000116,1.432000041,31.02300072
2016/7/10 16:00,8.038000107,2.545000076,5.614999771,0.888000011,2.467000008,1.340000033,31.16399956
2016/7/10 17:00,9.175999641,2.746000051,6.289999962,1.136999965,3.229000092,1.432000041,30.67099953
2016/7/10 18:00,9.444000244,3.214999914,6.395999908,1.421000004,3.167999983,1.523000002,29.96800041
2016/7/10 19:00,8.505999565,2.880000114,5.791999817,1.101999998,2.710999966,1.309999943,30.17900085
2016/7/10 20:00,10.04699993,3.08100009,6.857999802,1.279000044,3.167999983,1.309999943,29.47500038
2016/7/10 21:00,9.711999893,2.075999975,6.395999908,0.603999972,3.289999962,1.309999943,29.40500069
2016/7/10 22:00,9.979999542,3.08100009,7.0,1.315000057,2.862999916,1.309999943,28.20899963
2016/7/10 23:00,9.979999542,3.549999952,7.214000225,1.883000016,2.680000067,1.279000044,29.12400055
2016/7/11 00:00,13.59700012,5.357999802,8.989999771,2.700999975,4.873000145,1.797000051,28.56100082
2016/7/11 01:00,13.59700012,4.889999866,8.493000031,1.91900003,4.568999767,1.674999952,29.19400024
2016/7/11 02:00,12.12300014,4.085999966,7.071000099,1.77699995,4.598999977,1.674999952,28.56100082
2016/7/11 03:00,11.98900032,3.951999903,7.568999767,1.598999977,4.477000237,1.735999942,29.26399994
2016/7/11 04:00,11.98900032,4.21999979,7.568999767,1.598999977,4.355999947,1.91900003,29.0529995
2016/7/11 05:00,12.99400043,4.421000004,7.853000164,1.598999977,4.568999767,1.674999952,28.91300011
2016/7/11 06:00,13.79800034,4.085999966,8.137999535,2.096999884,5.269000053,1.76699996,29.82699966
2016/7/11 07:00,12.99400043,4.152999878,8.173000336,2.025000095,5.208000183,1.888000011,29.82699966
2016/7/11 08:00,9.979999542,3.818000078,7.249000072,1.56400001,2.894000053,1.432000041,29.19400024
2016/7/11 09:00,10.11400032,3.88499999,6.644999981,1.669999957,2.772000074,1.371000051,30.88199997
2016/7/11 10:00,9.845999718,3.348999977,6.787000179,1.812000036,2.405999899,1.491999984,31.23399925
2016/7/11 11:00,10.98499966,3.617000103,7.143000126,1.598999977,3.503000021,1.371000051,32.21900177
2016/7/11 12:00,8.371999741,2.812999964,5.507999897,0.569000006,2.680000067,1.218000054,32.99300003
2016/7/11 13:00,8.907999992,2.880000114,5.791999817,0.745999992,2.588999987,1.187999964,33.9070015
2016/7/11 14:00,9.041999817,3.013999939,6.289999962,0.995000005,2.588999987,1.279000044,34.75099945
2016/7/11 15:00,9.243000031,3.214999914,6.361000061,1.031000018,2.680000067,1.156999946,34.75099945
2016/7/11 16:00,8.23900032,2.812999964,5.721000195,1.243999958,2.528000116,1.248999953,34.8219986
2016/7/11 17:00,8.975000381,2.880000114,5.934000015,1.243999958,3.015000105,1.248999953,34.89199829
2016/7/11 18:00,8.505999565,2.344000101,5.578999996,0.745999992,2.894000053,1.156999946,33.34400177
2016/7/11 19:00,7.836999893,2.075999975,5.223999977,0.532999992,2.588999987,1.126999974,31.65600014
2016/7/11 20:00,9.175999641,1.942000031,6.183000088,0.603999972,2.894000053,0.975000024,33.48500061
2016/7/11 21:00,9.175999641,2.009000063,6.218999863,0.603999972,2.954999924,0.975000024,32.64099884
2016/7/11 22:00,8.371999741,3.013999939,6.289999962,1.207999945,2.437000036,0.944000006,32.5
2016/7/11 23:00,10.91800022,3.549999952,9.026000023,2.309999943,2.131999969,0.883000016,33.06299973
2016/7/12 00:00,11.52099991,3.549999952,9.593999863,2.309999943,1.980000019,0.822000027,33.48500061
2016/7/12 01:00,11.52099991,4.152999878,9.593999863,2.700999975,1.735999942,0.670000017,33.69599915
2016/7/12 02:00,12.12300014,4.554999828,10.3409996,3.482000113,1.827999949,0.791999996,33.55599976
2016/7/12 03:00,11.92199993,4.085999966,10.16300011,2.948999882,1.797000051,0.822000027,33.34400177
2016/7/12 04:00,11.72099972,3.818000078,9.522999763,2.451999903,1.797000051,0.822000027,32.99300003
2016/7/12 05:00,11.11900043,3.348999977,8.918999672,2.415999889,2.101999998,0.883000016,33.34400177
2016/7/12 06:00,11.11900043,3.818000078,8.635000229,1.84800005,2.559000015,1.036000013,33.9070015
2016/7/12 07:00,9.444000244,2.27699995,6.894000053,1.386000037,2.00999999,0.731000006,33.20399857
2016/7/12 08:00,8.706999779,3.08100009,6.681000233,1.598999977,2.375999928,1.065999985,34.18899918
2016/7/12 09:00,8.907999992,2.411000013,6.467000008,1.527999997,2.405999899,0.975000024,35.9469986
2016/7/12 10:00,10.11400032,2.678999901,6.965000153,1.421000004,2.862999916,1.187999964,36.36899948
2016/7/12 11:00,10.85099983,3.013999939,7.320000172,1.77699995,3.349999905,1.126999974,36.08800125
2016/7/12 12:00,9.376999855,1.875,6.005000114,0.958999991,2.894000053,1.156999946,36.08800125
2016/7/12 13:00,9.779000282,2.344000101,6.254000187,0.497000009,2.862999916,1.097000003,36.22900009
2016/7/12 14:00,9.51099968,2.009000063,6.467000008,0.958999991,2.862999916,1.218000054,38.4090004
2016/7/12 15:00,9.243000031,2.812999964,6.822999954,0.888000011,2.618999958,1.309999943,39.60499954
2016/7/12 16:00,8.774000168,1.942000031,6.111999989,0.462000012,2.710999966,1.126999974,40.09799957
2016/7/12 17:00,9.645000458,2.678999901,6.395999908,1.136999965,3.075999975,1.156999946,40.52000046
2016/7/12 18:00,9.109000206,2.142999887,5.96999979,0.603999972,3.107000113,1.097000003,37.84700012
2016/7/12 19:00,8.572999954,1.875,5.507999897,0.462000012,3.075999975,1.065999985,37.35400009
2016/7/12 20:00,10.85099983,2.142999887,7.143000126,0.532999992,3.746000051,1.097000003,36.01800156
2016/7/12 21:00,10.98499966,2.142999887,7.284999847,0.603999972,3.746000051,1.065999985,36.15800095
2016/7/12 22:00,12.79300022,2.746000051,9.807999611,1.70599997,3.259000063,0.913999975,36.01800156
2016/7/12 23:00,16.00799942,5.69299984,13.11200047,3.482000113,2.832999945,1.004999995,36.22900009
2016/7/13 00:00,19.15600014,6.229000092,13.71700001,4.014999866,5.026000023,1.523000002,36.50999832
2016/7/13 01:00,16.81200027,5.894000053,12.18900013,3.411000013,4.873000145,1.462000012,36.72100067
2016/7/13 02:00,17.61599922,5.960999966,12.72200012,3.588999987,4.721000195,1.491999984,36.58000183
2016/7/13 03:00,16.34300041,5.760000229,11.37100029,2.948999882,4.477000237,1.491999984,37.70600128
2016/7/13 04:00,18.01799965,7.099999905,13.46800041,3.90899992,4.477000237,1.523000002,37.70600128
2016/7/13 05:00,18.15200043,7.032999992,13.39700031,4.086999893,4.659999847,1.523000002,37.63600159
2016/7/13 06:00,16.20899963,4.822999954,10.51799965,2.700999975,5.056000233,1.552999973,37.00299835
2016/7/13 07:00,13.4630003,4.085999966,8.065999985,1.457000017,5.238999844,1.827999949,38.54999924
2016/7/13 08:00,10.31499958,3.415999889,6.928999901,1.315000057,2.802000046,1.462000012,38.05799866
2016/7/13 09:00,8.840999603,3.148000002,6.751999855,1.457000017,2.040999889,1.126999974,37.00299835
2016/7/13 10:00,10.24800014,3.282000065,6.610000134,1.172999978,3.107000113,1.309999943,37.00299835
2016/7/13 11:00,8.572999954,2.009000063,6.502999783,0.852999985,2.163000107,1.065999985,29.82699966
2016/7/13 12:00,8.774000168,2.142999887,5.721000195,0.425999999,2.650000095,1.004999995,32.85200119
2016/7/13 13:00,9.51099968,1.60800004,6.040999889,0.425999999,2.862999916,1.097000003,36.15800095
2016/7/13 14:00,8.774000168,2.075999975,6.040999889,0.816999972,2.375999928,1.004999995,35.80699921
2016/7/13 15:00,9.31000042,2.142999887,6.218999863,0.995000005,2.924000025,1.126999974,37.77600098
2016/7/13 16:00,8.305999756,2.27699995,5.721000195,0.924000025,2.618999958,1.097000003,39.53499985
2016/7/13 17:00,8.975000381,2.27699995,5.96999979,0.782000005,3.015000105,1.279000044,38.26900101
2016/7/13 18:00,8.840999603,2.142999887,5.721000195,0.603999972,3.107000113,1.126999974,34.75099945
2016/7/13 19:00,9.041999817,2.344000101,5.862999916,0.603999972,3.441999912,1.126999974,33.76699829
2016/7/13 20:00,11.25300026,2.611999989,7.177999973,0.852999985,4.111999989,1.187999964,32.85200119
2016/7/13 21:00,11.98900032,3.415999889,8.598999977,2.167999983,3.928999901,1.187999964,33.13299942
2016/7/13 22:00,12.52499962,3.818000078,9.630000114,1.598999977,3.259000063,0.975000024,34.32899857
2016/7/13 23:00,13.59700012,4.622000217,10.97999954,2.842999935,3.107000113,1.065999985,35.38499832
2016/7/14 00:00,14.60200024,5.357999802,11.19400024,2.878000021,2.862999916,1.036000013,34.54000092
2016/7/14 01:00,13.4630003,4.554999828,10.8739996,2.984999895,2.467000008,0.883000016,32.71099854
2016/7/14 02:00,12.25699997,3.88499999,9.522999763,2.131999969,2.467000008,0.944000006,33.9070015
2016/7/14 03:00,12.25699997,4.68900013,10.66100025,2.984999895,2.253999949,0.913999975,34.68099976
2016/7/14 04:00,11.5880003,3.684000015,8.847999573,1.70599997,2.101999998,0.883000016,35.66600037
2016/7/14 05:00,11.92199993,3.348999977,9.274999619,1.99000001,2.101999998,0.883000016,34.47000122
2016/7/14 06:00,11.52099991,3.684000015,9.559000015,2.273999929,2.528000116,0.944000006,35.31399918
2016/7/14 07:00,8.774000168,2.678999901,5.862999916,1.136999965,2.315000057,1.065999985,33.8370018
2016/7/14 08:00,7.971000195,3.08100009,5.96999979,1.598999977,2.375999928,1.279000044,35.8769989
2016/7/14 09:00,8.305999756,2.411000013,5.862999916,1.279000044,2.375999928,1.156999946,35.52500153
2016/7/14 10:00,9.376999855,2.344000101,6.502999783,1.172999978,2.802000046,1.248999953,36.58000183
2016/7/14 11:00,10.04699993,3.148000002,6.857999802,0.782000005,3.167999983,1.097000003,37.35400009
2016/7/14 12:00,8.23900032,2.075999975,5.68599987,0.391000003,2.588999987,1.036000013,34.61100006
2016/7/14 13:00,8.305999756,2.27699995,6.005000114,0.852999985,2.650000095,0.975000024,33.8370018
2016/7/14 14:00,7.903999805,2.210000038,5.401000023,0.782000005,2.467000008,1.036000013,33.20399857
2016/7/14 15:00,12.18999958,4.68900013,10.02099991,2.559000015,2.253999949,0.913999975,34.68099976
2016/7/14 16:00,7.836999893,1.541000009,5.295000076,0.675000012,2.467000008,1.279000044,36.72100067
2016/7/14 17:00,7.903999805,1.60800004,4.619999886,-0.107000001,3.167999983,1.126999974,34.75099945
2016/7/14 18:00,6.429999828,0.938000023,3.980000019,-0.284000009,2.467000008,1.126999974,24.90299988
2016/7/14 19:00,7.836999893,1.340000033,5.188000202,0.035999998,2.710999966,1.065999985,32.85200119
2016/7/14 20:00,8.975000381,1.406999946,5.68599987,0.035999998,3.259000063,0.975000024,33.13299942
2016/7/14 21:00,8.305999756,0.670000017,5.223999977,-0.425999999,3.107000113,0.975000024,29.96800041
2016/7/14 22:00,8.104999542,0.80400002,5.436999798,-0.319999993,2.650000095,0.883000016,30.38999939
2016/7/14 23:00,10.11400032,2.545000076,7.639999866,1.136999965,2.588999987,0.913999975,31.375
2016/7/15 00:00,13.19499969,4.019000053,8.421999931,2.096999884,4.782000065,1.462000012,31.30400085
2016/7/15 01:00,13.32900047,4.287000179,8.279999733,1.953999996,4.447000027,1.309999943,32.64099884
2016/7/15 02:00,13.86499977,4.354000092,8.989999771,1.812000036,4.263999939,1.309999943,33.34400177
2016/7/15 03:00,11.98900032,3.214999914,7.710999966,1.421000004,4.142000198,1.340000033,33.34400177
2016/7/15 04:00,11.85499954,3.415999889,7.106999874,0.782000005,4.234000206,1.432000041,34.61100006
2016/7/15 05:00,11.85499954,2.678999901,7.498000145,0.958999991,4.386000156,1.340000033,33.9070015
2016/7/15 06:00,11.11900043,2.009000063,6.361000061,0.603999972,4.873000145,1.462000012,34.54000092
2016/7/15 07:00,11.98900032,2.947000027,6.005000114,0.782000005,4.994999886,1.674999952,35.38499832
2016/7/15 08:00,8.975000381,2.344000101,6.183000088,0.888000011,2.559000015,1.279000044,34.32899857
2016/7/15 09:00,9.51099968,3.013999939,7.035999775,1.953999996,2.375999928,1.097000003,31.58600044
2016/7/15 10:00,10.11400032,3.549999952,6.965000153,1.56400001,2.954999924,1.432000041,31.375
2016/7/15 11:00,10.31499958,3.617000103,7.320000172,1.101999998,3.289999962,1.097000003,30.74200058
2016/7/15 12:00,8.640000343,2.27699995,5.721000195,0.391000003,2.588999987,0.975000024,31.58600044
2016/7/15 13:00,8.907999992,2.477999926,6.111999989,0.816999972,2.618999958,1.126999974,31.375
2016/7/15 14:00,9.31000042,2.545000076,6.361000061,0.816999972,2.528000116,1.156999946,31.02300072
2016/7/15 15:00,8.171999931,2.27699995,5.791999817,1.065999985,2.223999977,1.097000003,25.81699944
2016/7/15 16:00,7.836999893,2.210000038,5.507999897,0.782000005,2.680000067,1.156999946,24.90299988
2016/7/15 17:00,8.505999565,2.210000038,5.578999996,0.497000009,3.229000092,1.401000023,18.00900078
2016/7/15 18:00,7.234000206,1.340000033,4.619999886,0.0,2.588999987,1.097000003,22.44099998
2016/7/15 19:00,6.96600008,1.139000058,4.441999912,-0.035999998,2.467000008,0.975000024,16.88299942
2016/7/15 20:00,7.166999817,1.139000058,4.762000084,0.0,2.437000036,0.852999985,22.0890007
2016/7/15 21:00,8.371999741,2.947000027,6.218999863,1.207999945,2.437000036,1.036000013,24.1989994
2016/7/15 22:00,9.109000206,2.210000038,7.568999767,0.958999991,2.00999999,0.883000016,25.74699974
2016/7/15 23:00,8.907999992,2.678999901,7.639999866,1.527999997,1.949000001,0.883000016,26.52099991
2016/7/16 00:00,8.505999565,2.210000038,6.644999981,0.782000005,1.644999981,0.852999985,26.94300079
2016/7/16 01:00,10.04699993,3.08100009,8.031000137,1.669999957,1.735999942,0.822000027,27.36499977
2016/7/16 02:00,10.85099983,3.750999928,8.741999626,1.99000001,1.462000012,0.760999978,28.35000038
2016/7/16 03:00,8.907999992,2.947000027,7.639999866,1.598999977,1.491999984,0.791999996,28.06800079
2016/7/16 04:00,9.51099968,2.009000063,7.320000172,1.065999985,1.371000051,0.670000017,28.35000038
2016/7/16 05:00,9.578000069,2.477999926,7.853000164,0.958999991,1.644999981,0.670000017,27.9279995
2016/7/16 06:00,9.645000458,2.210000038,7.604000092,0.782000005,2.163000107,0.731000006,27.71699905
2016/7/16 07:00,6.229000092,1.875,4.122000217,0.354999989,2.131999969,1.004999995,29.89699936
2016/7/16 08:00,6.96600008,2.746000051,4.93900013,0.711000025,2.101999998,1.065999985,30.17900085
2016/7/16 09:00,7.301000118,1.60800004,5.117000103,0.319999993,2.101999998,0.975000024,31.44499969
2016/7/16 10:00,8.840999603,2.27699995,6.395999908,0.958999991,2.588999987,1.126999974,33.20399857
2016/7/16 11:00,9.243000031,2.142999887,6.43200016,0.995000005,3.015000105,1.156999946,33.41500092
2016/7/16 12:00,6.429999828,1.273000002,4.263999939,0.284000009,2.345000029,1.004999995,32.71099854
2016/7/16 13:00,6.697999954,2.27699995,4.547999859,0.354999989,2.253999949,1.036000013,32.85200119
2016/7/16 14:00,7.769999981,2.678999901,4.93900013,1.207999945,2.193000078,1.097000003,33.20399857
2016/7/16 15:00,8.104999542,2.344000101,5.828000069,1.065999985,2.193000078,1.065999985,34.04800034
2016/7/16 16:00,7.099999905,2.142999887,5.329999924,1.350000024,2.131999969,1.065999985,35.52500153
2016/7/16 17:00,7.836999893,2.210000038,5.366000175,0.958999991,2.528000116,1.036000013,34.47000122
2016/7/16 18:00,7.301000118,1.741000056,4.477000237,0.354999989,2.528000116,1.097000003,35.59600067
2016/7/16 19:00,6.697999954,1.20599997,4.229000092,-0.035999998,2.405999899,1.004999995,33.62599945
2016/7/16 20:00,7.836999893,1.20599997,4.974999905,0.0,2.862999916,0.975000024,32.14899826
2016/7/16 21:00,7.434999943,1.273000002,4.584000111,-0.354999989,2.650000095,0.975000024,32.00799942
2016/7/16 22:00,8.104999542,2.009000063,6.005000114,0.958999991,2.253999949,0.852999985,31.72599983
2016/7/16 23:00,7.836999893,1.807999969,5.366000175,0.782000005,2.071000099,0.883000016,30.88199997
2016/7/17 00:00,10.18099976,2.746000051,8.598999977,1.669999957,1.91900003,0.852999985,31.30400085
2016/7/17 01:00,10.04699993,2.947000027,8.173000336,1.598999977,1.827999949,0.883000016,31.23399925
2016/7/17 02:00,9.779000282,3.08100009,7.747000217,2.131999969,1.735999942,0.822000027,31.72599983
2016/7/17 03:00,8.43900013,2.27699995,6.787000179,1.207999945,1.583999991,0.760999978,31.23399925
2016/7/17 04:00,9.041999817,1.942000031,7.604000092,1.491999984,1.552999973,0.700999975,31.86700058
2016/7/17 05:00,9.31000042,2.210000038,7.568999767,1.243999958,1.85800004,0.975000024,32.21900177
2016/7/17 06:00,11.45400047,3.214999914,8.883999825,1.421000004,2.437000036,0.791999996,31.72599983
2016/7/17 07:00,7.703000069,2.009000063,5.68599987,0.711000025,2.375999928,1.065999985,32.28900146
2016/7/17 08:00,7.836999893,2.210000038,5.650000095,0.745999992,2.345000029,1.036000013,34.25899887
2016/7/17 09:00,7.769999981,2.142999887,5.366000175,1.101999998,2.650000095,1.248999953,33.97800064
2016/7/17 10:00,9.175999641,3.08100009,6.43200016,1.172999978,2.894000053,1.218000054,34.47000122
2016/7/17 11:00,9.645000458,2.477999926,6.610000134,1.350000024,3.107000113,1.004999995,35.24399948
2016/7/17 12:00,7.636000156,1.807999969,5.188000202,0.248999998,2.405999899,0.975000024,36.29899979
2016/7/17 13:00,8.038000107,1.541000009,5.010000229,0.497000009,2.437000036,1.036000013,36.72100067
2016/7/17 14:00,8.371999741,2.411000013,6.147999763,1.031000018,2.193000078,0.975000024,38.3390007
2016/7/17 15:00,8.371999741,2.344000101,5.899000168,0.852999985,2.345000029,1.065999985,40.02700043
2016/7/17 16:00,7.703000069,2.142999887,5.472000122,1.065999985,2.223999977,0.975000024,37.98699951
2016/7/17 17:00,8.505999565,2.545000076,5.791999817,1.172999978,2.710999966,1.126999974,39.11299896
2016/7/17 18:00,8.305999756,1.942000031,5.543000221,0.532999992,2.710999966,1.097000003,37.00299835
2016/7/17 19:00,8.104999542,1.674000025,5.366000175,0.319999993,2.710999966,1.065999985,35.24399948
2016/7/17 20:00,9.913000107,1.674000025,6.395999908,0.284000009,3.381000042,0.975000024,34.18899918
2016/7/17 21:00,10.24800014,0.536000013,6.502999783,-0.745999992,3.289999962,0.913999975,33.8370018
2016/7/17 22:00,12.45800018,3.684000015,9.807999611,2.131999969,2.528000116,0.822000027,33.48500061
2016/7/17 23:00,14.2670002,4.287000179,11.65499973,2.878000021,2.467000008,0.760999978,33.48500061
2016/7/18 00:00,14.53499985,3.951999903,10.16300011,2.061000109,4.568999767,1.340000033,34.61100006
2016/7/18 01:00,15.8739996,5.157000065,11.37100029,2.772000074,4.355999947,1.309999943,33.9070015
2016/7/18 02:00,15.13700008,4.152999878,10.09200001,2.167999983,4.447000027,1.401000023,33.55599976
2016/7/18 03:00,14.46800041,4.21999979,9.593999863,2.131999969,4.324999809,1.462000012,34.89199829
2016/7/18 04:00,12.18999958,3.282000065,7.923999786,0.888000011,4.172999859,1.340000033,34.9620018
2016/7/18 05:00,12.79300022,2.746000051,8.244000435,0.958999991,4.416999817,1.371000051,34.8219986
2016/7/18 06:00,13.19499969,2.947000027,8.635000229,1.031000018,4.751999855,1.401000023,34.68099976
2016/7/18 07:00,13.59700012,4.152999878,8.635000229,1.279000044,4.903999805,1.674999952,36.58000183
2016/7/18 08:00,9.913000107,2.545000076,7.710999966,1.207999945,2.588999987,1.126999974,34.40000153
2016/7/18 09:00,8.104999542,1.942000031,6.111999989,0.603999972,2.375999928,1.309999943,36.08800125
2016/7/18 10:00,8.975000381,2.880000114,6.43200016,0.852999985,2.772000074,1.279000044,36.22900009
2016/7/18 11:00,9.31000042,3.08100009,6.43200016,1.031000018,3.229000092,1.279000044,36.29899979
2016/7/18 12:00,7.636000156,1.674000025,5.046000004,0.284000009,2.437000036,1.036000013,35.9469986
2016/7/18 13:00,8.23900032,2.075999975,5.68599987,0.639999986,2.345000029,0.913999975,37.35400009
2016/7/18 14:00,8.706999779,2.009000063,6.43200016,0.745999992,2.437000036,1.004999995,38.54999924
2016/7/18 15:00,7.903999805,2.27699995,5.436999798,0.675000012,2.832999945,1.126999974,38.05799866
2016/7/18 16:00,8.43900013,1.741000056,5.578999996,0.462000012,2.802000046,1.156999946,35.52500153
2016/7/18 17:00,8.505999565,2.075999975,5.472000122,0.497000009,3.015000105,1.309999943,35.66600037
2016/7/18 18:00,8.371999741,1.942000031,5.543000221,0.391000003,3.289999962,1.340000033,33.13299942
2016/7/18 19:00,8.171999931,1.741000056,5.329999924,0.319999993,2.832999945,1.036000013,33.62599945
2016/7/18 20:00,10.51599979,2.075999975,6.822999954,0.497000009,3.686000109,1.126999974,35.24399948
2016/7/18 21:00,11.45400047,1.674000025,8.065999985,0.178000003,3.563999891,1.156999946,33.55599976
2016/7/18 22:00,12.45800018,3.415999889,9.949999809,1.77699995,2.862999916,0.883000016,33.9070015
2016/7/18 23:00,12.05599976,3.348999977,10.05599976,1.77699995,2.437000036,0.883000016,33.69599915
2016/7/19 00:00,13.59700012,4.085999966,11.37100029,2.486999989,2.315000057,0.852999985,33.76699829
2016/7/19 01:00,13.79800034,4.085999966,11.30000019,3.163000107,1.827999949,0.670000017,33.62599945
2016/7/19 02:00,12.72599983,4.354000092,10.8380003,2.486999989,1.827999949,0.670000017,33.48500061
2016/7/19 03:00,11.38700008,3.214999914,9.593999863,2.381000042,1.70599997,0.731000006,33.13299942
2016/7/19 04:00,12.52499962,4.152999878,10.5539999,2.203000069,1.70599997,1.004999995,32.92200089
2016/7/19 05:00,12.05599976,3.08100009,10.23400021,1.812000036,1.888000011,0.731000006,31.65600014
2016/7/19 06:00,10.7840004,2.545000076,8.777000427,1.065999985,2.253999949,0.913999975,32.85200119
2016/7/19 07:00,8.572999954,2.075999975,6.147999763,0.284000009,2.315000057,1.065999985,32.21900177
2016/7/19 08:00,8.706999779,2.545000076,5.578999996,1.56400001,2.618999958,1.126999974,31.72599983
2016/7/19 09:00,9.645000458,2.678999901,6.894000053,0.888000011,2.559000015,1.309999943,32.64099884
2016/7/19 10:00,9.645000458,2.477999926,6.751999855,0.782000005,3.107000113,1.036000013,32.14899826
2016/7/19 11:00,9.51099968,2.545000076,6.183000088,0.782000005,3.259000063,1.126999974,27.50600052
2016/7/19 12:00,7.703000069,1.807999969,4.903999805,0.354999989,2.253999949,0.852999985,29.26399994
2016/7/19 13:00,7.903999805,1.741000056,5.223999977,0.425999999,2.223999977,0.852999985,31.44499969
2016/7/19 14:00,7.501999855,1.473999977,5.791999817,0.711000025,2.040999889,0.852999985,31.51499939
2016/7/19 15:00,9.578000069,2.746000051,6.894000053,0.995000005,1.980000019,0.913999975,32.07799911
2016/7/19 16:00,7.903999805,2.075999975,5.507999897,0.852999985,2.740999937,1.279000044,32.07799911
2016/7/19 17:00,8.371999741,1.875,5.472000122,0.391000003,2.924000025,1.218000054,33.8370018
2016/7/19 18:00,7.836999893,1.674000025,4.974999905,0.178000003,2.710999966,1.065999985,34.04800034
2016/7/19 19:00,7.636000156,1.541000009,5.081999779,0.213,2.618999958,1.065999985,33.69599915
2016/7/19 20:00,9.645000458,1.541000009,6.361000061,0.462000012,3.319999933,1.065999985,33.48500061
2016/7/19 21:00,9.578000069,1.875,6.183000088,0.284000009,3.015000105,1.036000013,32.71099854
2016/7/19 22:00,8.43900013,1.807999969,5.934000015,0.745999992,2.345000029,0.731000006,32.64099884
2016/7/19 23:00,10.64999962,2.411000013,8.065999985,1.279000044,2.163000107,0.700999975,32.43000031
2016/7/20 00:00,13.52999973,4.019000053,8.208999634,1.56400001,4.568999767,1.401000023,32.00799942
2016/7/20 01:00,13.32900047,3.48300004,8.847999573,1.63499999,4.295000076,1.371000051,31.65600014
2016/7/20 02:00,12.25699997,2.947000027,7.960000038,1.598999977,4.234000206,1.279000044,31.375
2016/7/20 03:00,11.18599987,3.214999914,7.214000225,1.243999958,4.142000198,1.279000044,31.58600044
2016/7/20 04:00,11.78800011,1.942000031,7.0,0.816999972,4.203000069,1.309999943,32.43000031
2016/7/20 05:00,12.25699997,2.411000013,7.177999973,0.816999972,4.447000027,1.371000051,31.79700089
2016/7/20 06:00,13.12800026,3.415999889,8.031000137,1.065999985,4.903999805,1.491999984,33.20399857
2016/7/20 07:00,11.11900043,2.880000114,6.218999863,0.248999998,5.026000023,1.644999981,34.68099976
2016/7/20 08:00,8.038000107,2.142999887,5.791999817,0.995000005,2.618999958,1.097000003,34.40000153
2016/7/20 09:00,8.706999779,3.08100009,6.254000187,1.279000044,2.802000046,1.248999953,36.93199921
2016/7/20 10:00,10.38199997,2.812999964,7.071000099,1.243999958,2.710999966,1.156999946,33.48500061
2016/7/20 11:00,10.18099976,2.880000114,6.894000053,1.136999965,3.503000021,1.097000003,33.62599945
2016/7/20 12:00,8.038000107,1.942000031,5.650000095,0.391000003,2.528000116,0.944000006,33.20399857
2016/7/20 13:00,8.706999779,2.210000038,5.96999979,0.213,2.802000046,1.065999985,33.27399826
2016/7/20 14:00,9.376999855,2.210000038,6.71600008,1.065999985,2.680000067,1.187999964,35.52500153
2016/7/20 15:00,9.376999855,2.545000076,6.395999908,0.711000025,2.710999966,1.279000044,35.03300095
2016/7/20 16:00,8.505999565,2.075999975,5.791999817,0.675000012,2.650000095,1.279000044,35.66600037
2016/7/20 17:00,8.975000381,2.142999887,5.899000168,0.639999986,2.984999895,1.126999974,33.69599915
2016/7/20 18:00,9.041999817,1.807999969,5.721000195,0.284000009,2.862999916,1.156999946,34.40000153
2016/7/20 19:00,8.505999565,2.210000038,5.578999996,0.497000009,3.046000004,1.065999985,36.79100037
2016/7/20 20:00,11.98900032,2.27699995,7.498000145,0.354999989,4.507999897,1.248999953,35.9469986
2016/7/20 21:00,11.98900032,1.875,7.923999786,-0.142000005,4.172999859,1.097000003,35.38499832
2016/7/20 22:00,15.27099991,4.085999966,11.19400024,2.203000069,3.625,1.036000013,34.32899857
2016/7/20 23:00,14.93700027,4.085999966,10.9090004,2.345000029,3.046000004,1.156999946,35.73600006
2016/7/21 00:00,15.20400047,4.622000217,12.04599953,2.700999975,2.802000046,0.975000024,34.89199829
2016/7/21 01:00,16.94599915,5.357999802,14.67599964,4.122000217,2.588999987,0.913999975,35.31399918
2016/7/21 02:00,15.20400047,4.889999866,12.79300022,3.163000107,2.163000107,0.883000016,35.31399918
2016/7/21 03:00,13.93200016,5.090000153,11.90400028,3.197999954,2.131999969,0.883000016,35.8769989
2016/7/21 04:00,13.73099995,4.085999966,11.05099964,2.273999929,2.040999889,0.822000027,35.52500153
2016/7/21 05:00,13.52999973,3.148000002,11.37100029,1.669999957,2.193000078,0.822000027,34.47000122
2016/7/21 06:00,14.19999981,3.88499999,11.76200008,1.91900003,2.437000036,0.883000016,34.25899887
2016/7/21 07:00,13.79800034,4.21999979,11.37100029,1.883000016,2.559000015,1.097000003,37.2140007
2016/7/21 08:00,13.93200016,4.554999828,10.97999954,2.984999895,2.954999924,1.248999953,40.94200134
2016/7/21 09:00,12.92700005,4.554999828,9.593999863,2.167999983,2.772000074,1.279000044,38.76100159
2016/7/21 10:00,10.91800022,3.617000103,7.427000046,1.812000036,3.349999905,1.340000033,35.24399948
2016/7/21 11:00,11.52099991,3.348999977,8.031000137,1.491999984,3.319999933,1.248999953,33.06299973
2016/7/21 12:00,9.376999855,2.477999926,5.899000168,0.142000005,2.862999916,1.004999995,32.28900146
2016/7/21 13:00,10.04699993,2.411000013,7.106999874,0.639999986,3.015000105,1.036000013,33.20399857
2016/7/21 14:00,9.913000107,2.411000013,7.035999775,0.782000005,2.832999945,0.975000024,33.55599976
2016/7/21 15:00,8.23900032,1.340000033,5.96999979,0.569000006,2.071000099,0.760999978,35.31399918
2016/7/21 16:00,8.23900032,2.075999975,6.111999989,0.675000012,2.131999969,0.944000006,36.72100067
2016/7/21 17:00,9.376999855,2.210000038,6.218999863,0.603999972,3.349999905,1.401000023,36.86199951
2016/7/21 18:00,9.444000244,2.880000114,5.934000015,0.391000003,3.441999912,1.371000051,34.9620018
2016/7/21 19:00,8.907999992,1.60800004,5.68599987,0.178000003,3.167999983,1.097000003,37.35400009
2016/7/21 20:00,12.59200001,2.142999887,7.853000164,0.391000003,4.598999977,1.156999946,36.58000183
2016/7/21 21:00,14.53499985,3.88499999,10.44699955,1.84800005,4.842999935,1.248999953,35.03300095
2016/7/21 22:00,14.19999981,3.951999903,10.44699955,2.451999903,4.142000198,1.065999985,36.72100067
2016/7/21 23:00,15.06999969,5.022999763,11.12199974,3.092000008,3.806999922,1.097000003,36.86199951
2016/7/22 00:00,17.81699944,6.162000179,11.97500038,3.588999987,5.81799984,1.583999991,36.65100098
2016/7/22 01:00,18.15200043,6.296000004,13.07699966,3.696000099,5.269000053,1.491999984,36.15800095
2016/7/22 02:00,16.27599907,6.09499979,11.19400024,4.19299984,4.965000153,1.462000012,36.01800156
2016/7/22 03:00,15.27099991,5.290999889,9.772000313,2.451999903,4.813000202,1.401000023,35.66600037
2016/7/22 04:00,12.52499962,3.684000015,7.782000065,1.99000001,4.630000114,1.371000051,35.52500153
2016/7/22 05:00,13.32900047,4.421000004,8.31499958,2.025000095,4.873000145,1.401000023,36.86199951
2016/7/22 06:00,12.85999966,4.487999916,8.102000237,2.096999884,4.903999805,1.491999984,35.03300095
2016/7/22 07:00,12.32400036,4.019000053,7.427000046,2.486999989,4.903999805,1.76699996,38.62099838
2016/7/22 08:00,10.51599979,3.818000078,7.888999939,2.239000082,2.832999945,1.156999946,38.19800186
2016/7/22 09:00,11.92199993,4.889999866,8.847999573,2.948999882,2.832999945,1.218000054,37.2140007
2016/7/22 10:00,11.5880003,3.214999914,7.568999767,1.527999997,3.289999962,1.401000023,37.35400009
2016/7/22 11:00,11.5880003,3.08100009,7.676000118,1.136999965,3.77699995,1.279000044,37.63600159
2016/7/22 12:00,10.51599979,2.611999989,7.355999947,0.888000011,3.259000063,1.065999985,37.00299835
2016/7/22 13:00,11.5880003,2.142999887,7.249000072,0.782000005,3.746000051,1.248999953,37.49499893
2016/7/22 14:00,11.38700008,2.812999964,8.031000137,0.958999991,3.471999884,1.156999946,39.18299866
2016/7/22 15:00,11.11900043,2.142999887,7.320000172,0.852999985,3.137000084,1.218000054,39.67599869
2016/7/22 16:00,10.11400032,3.282000065,6.71600008,0.711000025,3.349999905,1.401000023,39.04299927
2016/7/22 17:00,10.51599979,2.812999964,7.106999874,1.065999985,3.806999922,1.401000023,40.16799927
2016/7/22 18:00,9.845999718,2.344000101,6.610000134,0.995000005,3.71600008,1.248999953,37.2140007
2016/7/22 19:00,9.845999718,2.009000063,6.361000061,0.391000003,3.563999891,1.218000054,39.04299927
2016/7/22 20:00,14.2670002,2.746000051,8.741999626,0.639999986,5.421999931,1.309999943,38.69100189
2016/7/22 21:00,14.66899967,1.942000031,8.847999573,0.497000009,5.513000011,1.279000044,37.2840004
2016/7/22 22:00,16.47699928,4.152999878,11.54899979,2.273999929,4.568999767,1.004999995,36.86199951
2016/7/22 23:00,14.80300045,2.947000027,9.949999809,1.172999978,4.203000069,1.126999974,37.63600159
2016/7/23 00:00,14.53499985,3.282000065,10.9090004,3.872999907,3.563999891,0.944000006,36.65100098
2016/7/23 01:00,13.66399956,4.354000092,10.5539999,2.096999884,3.259000063,0.913999975,37.84700012
2016/7/23 02:00,12.85999966,3.951999903,9.843000412,2.309999943,2.924000025,0.944000006,37.91699982
2016/7/23 03:00,13.32900047,4.152999878,10.73200035,2.061000109,2.680000067,0.883000016,36.79100037
2016/7/23 04:00,12.6590004,4.019000053,9.522999763,1.70599997,2.650000095,1.004999995,35.17399979
2016/7/23 05:00,11.72099972,3.282000065,8.954999924,1.883000016,2.650000095,0.975000024,35.17399979
2016/7/23 06:00,11.31999969,3.282000065,8.777000427,1.031000018,2.772000074,1.065999985,36.72100067
2016/7/23 07:00,11.92199993,4.019000053,9.31000042,2.381000042,2.680000067,1.126999974,38.90200043
2016/7/23 08:00,10.11400032,3.214999914,7.071000099,1.136999965,3.015000105,1.248999953,41.22299957
2016/7/23 09:00,11.11900043,3.549999952,7.960000038,1.491999984,3.046000004,1.523000002,40.73099899
2016/7/23 10:00,11.18599987,2.678999901,7.81799984,1.101999998,3.806999922,1.371000051,39.95700073
2016/7/23 11:00,11.78800011,2.880000114,7.782000065,0.995000005,4.111999989,1.279000044,37.2840004
2016/7/23 12:00,11.85499954,3.013999939,7.284999847,0.425999999,3.868000031,1.218000054,36.58000183
2016/7/23 13:00,12.72599983,3.013999939,7.923999786,0.888000011,4.142000198,1.097000003,38.83200073
2016/7/23 14:00,12.45800018,2.411000013,7.853000164,0.958999991,4.234000206,1.218000054,40.02700043
2016/7/23 15:00,12.12300014,2.210000038,7.81799984,0.782000005,3.77699995,1.126999974,41.01200104
2016/7/23 16:00,11.11900043,2.746000051,7.355999947,0.958999991,3.71600008,1.248999953,41.22299957
2016/7/23 17:00,11.31999969,3.214999914,7.710999966,1.065999985,3.898999929,1.279000044,40.37900162
2016/7/23 18:00,11.25300026,2.880000114,7.214000225,0.924000025,3.928999901,1.309999943,38.83200073
2016/7/23 19:00,11.25300026,2.344000101,7.355999947,0.816999972,3.928999901,1.065999985,39.11299896
2016/7/23 20:00,13.59700012,2.477999926,9.913999557,0.816999972,3.746000051,0.731000006,38.83200073
2016/7/23 21:00,16.07500076,3.48300004,10.02099991,0.675000012,5.96999979,1.340000033,38.4090004
2016/7/23 22:00,16.40999985,3.88499999,11.22900009,1.207999945,5.026000023,1.156999946,38.26900101
2016/7/23 23:00,16.20899963,3.951999903,11.44200039,1.63499999,4.690999985,1.126999974,38.19800186
2016/7/24 00:00,17.07999992,5.559000015,10.23400021,2.451999903,6.671000004,1.674999952,38.26900101
2016/7/24 01:00,18.21899986,4.889999866,12.04599953,2.131999969,6.427000046,1.674999952,38.4090004
2016/7/24 02:00,18.62000084,5.357999802,11.93999958,2.167999983,5.81799984,1.491999984,37.63600159
2016/7/24 03:00,17.75,5.357999802,11.37100029,2.700999975,5.604000092,1.613999963,37.84700012
2016/7/24 04:00,15.06999969,4.956999779,10.23400021,2.345000029,5.513000011,1.613999963,37.63600159
2016/7/24 05:00,16.1420002,4.756000042,10.66100025,1.812000036,5.482999802,1.70599997,37.70600128
2016/7/24 06:00,15.13700008,4.354000092,9.701000214,1.669999957,5.361000061,1.613999963,38.3390007
2016/7/24 07:00,15.53899956,4.956999779,9.807999611,2.273999929,5.329999924,1.735999942,40.73099899
2016/7/24 08:00,11.11900043,3.750999928,8.031000137,1.527999997,3.167999983,1.279000044,42.41899872
2016/7/24 09:00,11.72099972,4.085999966,8.208999634,1.598999977,3.107000113,1.309999943,42.63000107
2016/7/24 10:00,12.25699997,3.415999889,8.670999527,2.203000069,3.868000031,1.309999943,40.52000046
2016/7/24 11:00,12.92700005,3.415999889,8.741999626,1.491999984,4.507999897,1.340000033,39.95700073
2016/7/24 12:00,12.79300022,2.477999926,8.670999527,1.031000018,4.203000069,1.126999974,38.12799835
2016/7/24 13:00,14.19999981,3.750999928,9.416999817,1.491999984,4.813000202,1.279000044,39.95700073
2016/7/24 14:00,13.19499969,2.678999901,8.706000328,1.065999985,4.659999847,1.340000033,41.57500076
2016/7/24 15:00,12.52499962,3.617000103,8.527999878,0.995000005,4.172999859,1.248999953,44.1780014
2016/7/24 16:00,12.25699997,3.282000065,8.279999733,1.315000057,4.051000118,1.218000054,44.45899963
2016/7/24 17:00,12.18999958,3.214999914,8.031000137,1.243999958,4.234000206,1.340000033,45.44400024
2016/7/24 18:00,11.78800011,2.812999964,7.604000092,0.958999991,4.172999859,1.309999943,45.09199905
2016/7/24 19:00,13.19499969,3.415999889,8.598999977,1.491999984,4.630000114,1.401000023,41.99700165
2016/7/24 20:00,16.94599915,3.88499999,10.73200035,1.77699995,6.275000095,1.491999984,40.52000046
2016/7/24 21:00,17.2140007,3.348999977,10.625,0.745999992,6.610000134,1.583999991,40.37900162
2016/7/24 22:00,18.21899986,5.157000065,12.79300022,2.309999943,5.482999802,1.279000044,39.74599838
2016/7/24 23:00,17.95100021,5.022999763,12.89900017,2.736000061,5.086999893,1.309999943,40.09799957
2016/7/25 00:00,16.74500084,4.554999828,12.11699963,2.559000015,4.751999855,1.279000044,39.95700073
2016/7/25 01:00,16.27599907,4.152999878,11.79800034,2.415999889,4.111999989,1.187999964,40.73099899
2016/7/25 02:00,16.1420002,5.090000153,11.72700024,2.486999989,3.898999929,1.156999946,40.37900162
2016/7/25 03:00,15.13700008,4.085999966,11.12199974,2.381000042,3.471999884,1.248999953,39.74599838
2016/7/25 04:00,13.19499969,2.947000027,9.737000465,1.243999958,2.984999895,1.036000013,38.76100159
2016/7/25 05:00,12.6590004,3.282000065,9.204000473,1.527999997,2.862999916,1.004999995,39.11299896
2016/7/25 06:00,12.59200001,3.08100009,8.635000229,0.816999972,3.075999975,1.218000054,39.60499954
2016/7/25 07:00,5.022999763,1.741000056,1.457000017,0.319999993,3.137000084,1.340000033,41.15299988
2016/7/25 08:00,3.214999914,1.340000033,0.107000001,-0.071000002,3.046000004,1.309999943,43.26300049
2016/7/25 09:00,3.549999952,1.473999977,0.107000001,0.0,3.441999912,1.371000051,42.8409996
2016/7/25 10:00,4.019000053,1.273000002,0.142000005,0.0,3.838000059,1.218000054,42.13800049
2016/7/25 11:00,5.960999966,-0.40200001,2.559000015,-2.025000095,4.324999809,1.126999974,39.88700104
2016/7/25 12:00,13.93200016,1.674000025,8.918999672,0.319999993,4.386000156,1.156999946,40.87200165
2016/7/25 13:00,14.73600006,0.736999989,9.593999863,-1.527999997,4.965000153,1.248999953,41.64500046
2016/7/25 14:00,13.66399956,0.067000002,9.097000122,-1.741000056,4.659999847,1.218000054,41.64500046
2016/7/25 15:00,13.86499977,0.134000003,9.06099987,-1.953999996,4.416999817,1.097000003,43.89699936
2016/7/25 16:00,12.85999966,0.268000007,8.598999977,-1.527999997,4.234000206,1.248999953,43.61500168
2016/7/25 17:00,12.45800018,0.134000003,8.493000031,-1.63499999,4.051000118,1.187999964,45.65499878
2016/7/25 18:00,12.12300014,0.0,8.137999535,-1.812000036,4.111999989,1.248999953,43.68500137
2016/7/25 19:00,13.26200008,0.335000008,8.635000229,-1.63499999,4.659999847,1.401000023,41.36399841
2016/7/25 20:00,17.61599922,1.139000058,11.15799999,-1.243999958,6.548999786,1.523000002,40.59000015
2016/7/25 21:00,17.75,0.80400002,11.22900009,-1.527999997,6.487999916,1.613999963,40.6609993
2016/7/25 22:00,17.34799957,1.473999977,11.79800034,-0.711000025,5.635000229,1.371000051,39.25400162
2016/7/25 23:00,16.07500076,1.541000009,11.40699959,-0.816999972,4.782000065,1.156999946,40.30899811
2016/7/26 00:00,17.88400078,2.27699995,11.01599979,-0.354999989,6.730999947,1.674999952,39.53499985
2016/7/26 01:00,18.41900063,2.611999989,11.76200008,-0.248999998,6.487999916,1.644999981,39.04299927
2016/7/26 02:00,15.8739996,1.741000056,9.87899971,-0.532999992,6.183000088,1.70599997,39.25400162
2016/7/26 03:00,16.00799942,1.807999969,10.27000046,-1.207999945,5.787000179,1.644999981,38.4090004
2016/7/26 04:00,12.92700005,0.80400002,7.427000046,-2.167999983,5.452000141,1.491999984,39.11299896
2016/7/26 05:00,12.92700005,0.938000023,7.639999866,-2.167999983,5.269000053,1.432000041,37.2840004
2016/7/26 06:00,12.99400043,1.273000002,8.065999985,-0.995000005,5.117000103,1.644999981,38.26900101
2016/7/26 07:00,13.79800034,1.60800004,8.065999985,-1.243999958,5.117000103,1.735999942,40.52000046
2016/7/26 08:00,11.05200005,0.602999985,8.456999779,-1.350000024,2.862999916,1.248999953,40.94200134
2016/7/26 09:00,11.65499973,0.670000017,8.421999931,-0.782000005,2.862999916,1.126999974,39.11299896
2016/7/26 10:00,13.32900047,0.870999992,9.522999763,-0.995000005,3.503000021,1.126999974,39.95700073
2016/7/26 11:00,14.33399963,0.938000023,9.559000015,-1.491999984,4.081999779,1.065999985,38.90200043
2016/7/26 12:00,14.93700027,0.670000017,9.737000465,-0.391000003,4.538000107,1.097000003,39.32400131
2016/7/26 13:00,15.73999977,0.736999989,9.87899971,-1.741000056,5.208000183,1.309999943,40.02700043
2016/7/26 14:00,15.40499973,0.536000013,9.701000214,-1.953999996,5.026000023,1.248999953,40.73099899
2016/7/26 15:00,13.59700012,0.670000017,9.23900032,-1.598999977,4.477000237,1.097000003,42.49000168
2016/7/26 16:00,13.32900047,0.602999985,8.989999771,-0.888000011,4.295000076,1.248999953,44.74100113
2016/7/26 17:00,13.12800026,1.473999977,8.670999527,-0.675000012,4.447000027,1.309999943,45.02199936
2016/7/26 18:00,12.79300022,1.072000027,8.350999832,-0.745999992,4.386000156,1.371000051,42.8409996
2016/7/26 19:00,13.93200016,1.273000002,8.918999672,-0.711000025,5.026000023,1.401000023,41.7859993
2016/7/26 20:00,18.75399971,2.611999989,11.86900043,0.035999998,6.883999825,1.491999984,41.29399872
2016/7/26 21:00,16.81200027,1.473999977,10.80300045,-0.852999985,6.883999825,1.523000002,41.22299957
2016/7/26 22:00,17.48200035,3.08100009,11.69099998,0.639999986,5.725999832,1.371000051,40.87200165
2016/7/26 23:00,17.41500092,3.282000065,11.65499973,0.639999986,5.300000191,1.279000044,40.52000046
2016/7/27 00:00,16.6779995,2.545000076,11.65499973,0.639999986,4.842999935,1.187999964,39.67599869
2016/7/27 01:00,14.40100002,2.678999901,10.23400021,0.532999992,4.386000156,1.126999974,38.4090004
2016/7/27 02:00,14.46800041,1.807999969,10.23400021,0.569000006,4.051000118,1.065999985,38.62099838
2016/7/27 03:00,14.2670002,2.210000038,10.12699986,0.354999989,3.746000051,1.097000003,37.91699982
2016/7/27 04:00,14.06599998,2.075999975,10.23400021,0.391000003,3.349999905,1.004999995,40.30899811
2016/7/27 05:00,12.6590004,2.27699995,9.522999763,0.319999993,3.229000092,0.975000024,39.81600189
2016/7/27 06:00,13.19499969,1.807999969,9.559000015,-0.284000009,3.137000084,1.097000003,37.70600128
2016/7/27 07:00,11.65499973,1.473999977,7.853000164,-0.178000003,3.349999905,1.371000051,40.09799957
2016/7/27 08:00,12.12300014,1.741000056,8.031000137,-0.603999972,3.411000013,1.340000033,42.20800018
2016/7/27 09:00,12.6590004,1.807999969,8.31499958,-0.354999989,3.654999971,1.340000033,40.02700043
2016/7/27 10:00,14.93700027,2.075999975,9.807999611,0.0,4.355999947,1.432000041,39.46500015
2016/7/27 11:00,15.47200012,1.541000009,10.30500031,-0.035999998,4.994999886,1.309999943,38.69100189
2016/7/27 12:00,16.27599907,2.009000063,10.3409996,-0.711000025,5.208000183,1.309999943,38.19800186
2016/7/27 13:00,16.61100006,1.942000031,10.3760004,-0.603999972,5.635000229,1.340000033,38.76100159
2016/7/27 14:00,16.07500076,1.942000031,10.3760004,-0.354999989,5.208000183,1.340000033,39.25400162
2016/7/27 15:00,15.13700008,1.875,10.51799965,-0.213,4.751999855,1.279000044,41.36399841
2016/7/27 16:00,12.99400043,1.406999946,8.954999924,-0.284000009,4.111999989,1.279000044,42.98199844
2016/7/27 17:00,12.85999966,1.139000058,8.706000328,-0.603999972,4.172999859,1.126999974,44.66999817
2016/7/27 18:00,12.72599983,0.938000023,8.350999832,-0.888000011,4.295000076,1.279000044,41.57500076
2016/7/27 19:00,14.13300037,1.20599997,9.131999969,-0.816999972,5.147999763,1.371000051,39.81600189
2016/7/27 20:00,19.15600014,2.344000101,12.08199978,-0.178000003,7.097000122,1.583999991,40.02700043
2016/7/27 21:00,18.2859993,1.60800004,11.61999989,-0.782000005,6.671000004,1.552999973,39.74599838
2016/7/27 22:00,19.42399979,2.27699995,13.32600021,0.354999989,5.725999832,1.279000044,40.37900162
2016/7/27 23:00,19.29000092,3.684000015,14.71100044,1.065999985,5.147999763,1.218000054,39.60499954
2016/7/28 00:00,21.43400002,3.818000078,14.17800045,0.497000009,7.126999855,1.70599997,39.32400131
2016/7/28 01:00,19.55800056,3.951999903,13.07699966,0.569000006,6.730999947,1.735999942,40.30899811
2016/7/28 02:00,18.95499992,3.684000015,12.47299957,1.031000018,6.366000175,1.613999963,40.73099899
2016/7/28 03:00,16.81200027,2.477999926,10.8739996,-0.035999998,5.940000057,1.674999952,41.7159996
2016/7/28 04:00,17.28100014,2.812999964,11.58399963,0.354999989,5.696000099,1.523000002,39.39400101
2016/7/28 05:00,17.07999992,3.415999889,11.72700024,0.603999972,5.604000092,1.644999981,38.62099838
2016/7/28 06:00,14.66899967,1.674000025,8.954999924,-1.065999985,5.90899992,1.85800004,39.11299896
2016/7/28 07:00,14.93700027,2.545000076,8.847999573,0.0,5.604000092,1.85800004,41.43399811
2016/7/28 08:00,11.11900043,1.541000009,7.888999939,-0.639999986,3.289999962,1.309999943,41.92699814
2016/7/28 09:00,12.39099979,1.60800004,8.706000328,-0.142000005,3.625,1.309999943,38.19800186
2016/7/28 10:00,14.2670002,2.27699995,9.593999863,-0.142000005,4.172999859,1.371000051,38.05799866
2016/7/28 11:00,14.2670002,1.875,9.593999863,-0.284000009,4.751999855,1.371000051,38.3390007
2016/7/28 12:00,15.60599995,0.80400002,9.772000313,-1.101999998,5.117000103,1.279000044,38.76100159
2016/7/28 13:00,16.20899963,2.075999975,11.26500034,-0.391000003,5.725999832,1.371000051,40.37900162
2016/7/28 14:00,16.07500076,1.807999969,10.23400021,-0.639999986,5.452000141,1.401000023,39.95700073
2016/7/28 15:00,15.40499973,1.674000025,10.16300011,-0.569000006,5.086999893,1.340000033,43.1230011
2016/7/28 16:00,13.9989996,1.473999977,9.416999817,-0.391000003,4.630000114,1.279000044,44.59999847
2016/7/28 17:00,13.52999973,1.406999946,8.706000328,-0.745999992,4.782000065,1.401000023,44.95199966
2016/7/28 18:00,12.99400043,1.340000033,8.527999878,-0.603999972,4.507999897,1.462000012,43.33399963
2016/7/28 19:00,13.86499977,2.746000051,9.593999863,0.532999992,4.994999886,1.462000012,41.92699814
2016/7/28 20:00,18.95499992,3.415999889,11.76200008,0.603999972,7.097000122,1.552999973,40.73099899
2016/7/28 21:00,18.41900063,2.611999989,11.65499973,0.248999998,6.791999817,1.432000041,39.95700073
2016/7/28 22:00,17.48200035,3.818000078,11.54899979,0.888000011,6.031000137,1.432000041,39.32400131
2016/7/28 23:00,17.41500092,3.415999889,12.43700027,1.56400001,5.421999931,1.309999943,38.83200073
2016/7/29 00:00,17.2140007,4.152999878,12.57900047,1.812000036,5.056000233,1.309999943,39.67599869
2016/7/29 01:00,15.00399971,3.148000002,10.66100025,0.852999985,4.538000107,1.187999964,38.4090004
2016/7/29 02:00,15.3380003,3.617000103,10.9090004,1.99000001,4.081999779,1.126999974,40.59000015
2016/7/29 03:00,13.59700012,3.08100009,9.416999817,1.457000017,3.960000038,1.248999953,38.62099838
2016/7/29 04:00,12.92700005,2.947000027,9.416999817,1.136999965,3.471999884,1.156999946,38.12799835
2016/7/29 05:00,13.79800034,2.344000101,9.949999809,0.319999993,3.349999905,1.097000003,38.4090004
2016/7/29 06:00,11.31999969,2.611999989,7.923999786,0.497000009,3.411000013,1.371000051,38.76100159
2016/7/29 07:00,12.79300022,3.214999914,9.380999565,1.457000017,3.381000042,1.340000033,41.15299988
2016/7/29 08:00,11.31999969,2.812999964,7.747000217,0.675000012,3.471999884,1.432000041,42.77099991
2016/7/29 09:00,13.12800026,3.415999889,9.416999817,1.243999958,3.77699995,1.340000033,41.08300018
2016/7/29 10:00,14.53499985,2.947000027,9.487999916,0.888000011,4.386000156,1.432000041,41.64500046
2016/7/29 11:00,13.52999973,2.947000027,9.949999809,1.136999965,3.868000031,0.975000024,41.08300018
2016/7/29 12:00,15.80700016,2.880000114,10.19900036,0.532999992,5.300000191,1.371000051,40.02700043
2016/7/29 13:00,16.87899971,2.477999926,10.4119997,0.852999985,5.84800005,1.523000002,40.87200165
2016/7/29 14:00,15.60599995,2.545000076,10.30500031,0.639999986,5.604000092,1.401000023,43.68500137
2016/7/29 15:00,15.20400047,2.477999926,9.807999611,0.675000012,5.208000183,1.371000051,46.00699997
2016/7/29 16:00,14.60200024,3.148000002,9.522999763,0.852999985,5.117000103,1.552999973,44.59999847
2016/7/29 17:00,13.9989996,3.08100009,9.168000221,0.816999972,4.873000145,1.491999984,44.10800171
2016/7/29 18:00,13.06099987,2.210000038,8.493000031,0.319999993,4.568999767,1.371000051,40.16799927
2016/7/29 19:00,13.9989996,2.411000013,9.026000023,0.213,5.056000233,1.340000033,37.84700012
2016/7/29 20:00,19.15600014,1.674000025,11.83300018,-1.101999998,7.34100008,1.644999981,39.74599838
2016/7/29 21:00,19.0890007,1.139000058,11.93999958,-1.527999997,7.218999863,1.644999981,39.32400131
2016/7/29 22:00,20.29500008,2.947000027,14.49800014,0.178000003,6.610000134,1.552999973,39.88700104
2016/7/29 23:00,19.35700035,2.812999964,13.75199986,-0.071000002,5.96999979,1.491999984,40.45000076
2016/7/30 00:00,21.56800079,3.684000015,13.75199986,0.213,7.888999939,1.980000019,40.87200165
2016/7/30 01:00,21.03199959,3.684000015,13.75199986,0.425999999,7.40199995,1.797000051,41.01200104
2016/7/30 02:00,19.55800056,2.545000076,12.82800007,-0.035999998,6.974999905,1.888000011,40.52000046
2016/7/30 03:00,19.02199936,2.075999975,11.90400028,0.142000005,6.395999908,1.70599997,40.59000015
2016/7/30 04:00,17.61599922,3.013999939,11.40699959,-0.319999993,6.214000225,1.76699996,39.18299866
2016/7/30 05:00,17.01300049,2.545000076,11.12199974,-0.391000003,6.06099987,1.827999949,39.60499954
2016/7/30 06:00,16.40999985,2.344000101,10.4119997,-0.248999998,5.940000057,1.827999949,39.18299866
2016/7/30 07:00,16.47699928,4.421000004,10.4829998,1.101999998,5.879000187,1.980000019,41.36399841
2016/7/30 08:00,14.60200024,4.085999966,10.27000046,0.888000011,3.806999922,1.552999973,44.31900024
2016/7/30 09:00,13.26200008,2.746000051,9.168000221,0.425999999,4.295000076,1.552999973,44.38899994
2016/7/30 10:00,15.3380003,3.617000103,10.625,1.279000044,4.568999767,1.432000041,43.82600021
2016/7/30 11:00,16.34300041,3.549999952,10.66100025,0.782000005,5.300000191,1.583999991,45.23300171
2016/7/30 12:00,17.28100014,3.282000065,10.94499969,0.816999972,5.664999962,1.401000023,44.03699875
2016/7/30 13:00,17.75,2.746000051,11.30000019,0.782000005,6.152999878,1.491999984,43.68500137
2016/7/30 14:00,17.2140007,3.549999952,11.37100029,0.639999986,5.940000057,1.491999984,44.52999878
2016/7/30 15:00,16.47699928,2.678999901,10.27000046,0.391000003,5.482999802,1.462000012,44.88100052
2016/7/30 16:00,15.00399971,2.880000114,9.984999657,0.745999992,5.026000023,1.401000023,44.38899994
2016/7/30 17:00,14.40100002,2.344000101,9.23900032,0.425999999,4.994999886,1.432000041,43.1230011
2016/7/30 18:00,13.86499977,2.210000038,8.954999924,0.284000009,4.994999886,1.371000051,40.80099869
2016/7/30 19:00,11.11900043,2.009000063,9.131999969,0.425999999,1.888000011,0.731000006,37.91699982
2016/7/30 20:00,17.34799957,1.072000027,12.89900017,-0.675000012,4.234000206,0.975000024,35.59600067
2016/7/30 21:00,17.54899979,0.201000005,12.97000027,-1.812000036,4.538000107,1.065999985,39.32400131
2016/7/30 22:00,19.29000092,3.282000065,15.70600033,0.603999972,3.960000038,0.944000006,38.19800186
2016/7/30 23:00,20.96500015,3.684000015,16.41699982,1.243999958,5.300000191,1.309999943,37.91699982
2016/7/31 00:00,21.36700058,3.617000103,16.34600067,0.532999992,4.659999847,1.248999953,38.26900101
2016/7/31 01:00,21.36700058,3.617000103,16.34600067,0.532999992,4.659999847,1.248999953,38.26900101
2016/7/31 02:00,21.36700058,3.617000103,16.34600067,0.532999992,4.659999847,1.248999953,38.26900101
2016/7/31 03:00,21.36700058,3.617000103,16.34600067,0.532999992,4.659999847,1.248999953,38.26900101
2016/7/31 04:00,21.36700058,3.617000103,16.34600067,0.532999992,4.659999847,1.248999953,38.26900101
2016/7/31 05:00,21.36700058,3.617000103,16.34600067,0.532999992,4.659999847,1.248999953,38.26900101
2016/7/31 06:00,21.36700058,3.617000103,16.34600067,0.532999992,4.659999847,1.248999953,38.26900101
2016/7/31 07:00,21.36700058,3.617000103,16.34600067,0.532999992,4.659999847,1.248999953,38.26900101
2016/7/31 08:00,21.36700058,3.617000103,16.34600067,0.532999992,4.659999847,1.248999953,38.26900101
2016/7/31 09:00,21.36700058,3.617000103,16.34600067,0.532999992,4.659999847,1.248999953,38.26900101
2016/7/31 10:00,21.36700058,3.617000103,16.34600067,0.532999992,4.659999847,1.248999953,38.26900101
2016/7/31 11:00,21.36700058,3.617000103,16.34600067,0.532999992,4.659999847,1.248999953,38.26900101
2016/7/31 12:00,21.36700058,3.617000103,16.34600067,0.532999992,4.659999847,1.248999953,38.26900101
2016/7/31 13:00,21.36700058,3.617000103,16.34600067,0.532999992,4.659999847,1.248999953,38.26900101
2016/7/31 14:00,21.36700058,3.617000103,16.34600067,0.532999992,4.659999847,1.248999953,38.26900101
2016/7/31 15:00,21.36700058,3.617000103,16.34600067,0.532999992,4.659999847,1.248999953,38.26900101
2016/7/31 16:00,21.36700058,3.617000103,16.34600067,0.532999992,4.659999847,1.248999953,38.26900101
2016/7/31 17:00,21.36700058,3.617000103,16.34600067,0.532999992,4.659999847,1.248999953,38.26900101
2016/7/31 18:00,21.36700058,3.617000103,16.34600067,0.532999992,4.659999847,1.248999953,38.26900101
2016/7/31 19:00,21.36700058,3.617000103,16.34600067,0.532999992,4.659999847,1.248999953,38.26900101
2016/7/31 20:00,21.36700058,3.617000103,16.34600067,0.532999992,4.659999847,1.248999953,38.26900101
2016/7/31 21:00,21.36700058,3.617000103,16.34600067,0.532999992,4.659999847,1.248999953,38.26900101
2016/7/31 22:00,21.36700058,3.617000103,16.34600067,0.532999992,4.659999847,1.248999953,38.26900101
2016/7/31 23:00,21.36700058,3.617000103,16.34600067,0.532999992,4.659999847,1.248999953,38.26900101
2016/8/1 00:00,20.49600029,3.818000078,15.92000008,1.279000044,4.659999847,1.156999946,36.22900009
2016/8/1 01:00,19.69199944,3.951999903,15.45800018,1.457000017,4.263999939,1.065999985,35.80699921
2016/8/1 02:00,18.08499908,2.545000076,13.68099976,0.284000009,3.898999929,1.065999985,35.80699921
2016/8/1 03:00,18.21899986,2.812999964,14.71100044,0.745999992,3.77699995,1.218000054,35.66600037
2016/8/1 04:00,15.80700016,1.541000009,12.54399967,0.284000009,3.197999954,1.065999985,34.18899918
2016/8/1 05:00,16.07500076,2.477999926,13.71700001,0.425999999,3.075999975,0.975000024,33.8370018
2016/8/1 06:00,18.01799965,3.214999914,14.17800045,0.816999972,3.259000063,1.248999953,33.8370018
2016/8/1 07:00,15.94099998,5.157000065,12.72200012,2.664999962,3.107000113,1.248999953,34.75099945
2016/8/1 08:00,14.53499985,3.750999928,10.66100025,1.172999978,3.471999884,1.401000023,35.45500183
2016/8/1 09:00,11.98900032,2.142999887,8.102000237,0.497000009,3.197999954,1.218000054,34.61100006
2016/8/1 10:00,13.12800026,2.812999964,8.598999977,0.711000025,3.746000051,1.309999943,34.75099945
2016/8/1 11:00,13.39599991,2.746000051,8.847999573,0.319999993,4.386000156,1.248999953,35.17399979
2016/8/1 12:00,14.73600006,2.344000101,9.274999619,0.462000012,4.630000114,1.309999943,34.8219986
2016/8/1 13:00,15.60599995,2.812999964,10.05599976,0.603999972,5.208000183,1.279000044,36.29899979
2016/8/1 14:00,15.06999969,3.214999914,9.593999863,0.569000006,4.782000065,1.248999953,36.93199921
2016/8/1 15:00,13.73099995,2.142999887,9.487999916,0.248999998,4.386000156,1.248999953,38.12799835
2016/8/1 16:00,12.72599983,2.27699995,8.493000031,0.391000003,4.234000206,1.248999953,40.02700043
2016/8/1 17:00,12.6590004,2.411000013,8.598999977,0.603999972,4.051000118,1.309999943,39.11299896
2016/8/1 18:00,10.71700001,1.473999977,6.610000134,-0.178000003,4.051000118,1.279000044,38.4090004
2016/8/1 19:00,11.98900032,1.674000025,7.853000164,0.0,4.172999859,1.279000044,37.56499863
2016/8/1 20:00,18.01799965,1.273000002,11.72700024,-1.243999958,6.395999908,1.462000012,37.14300156
2016/8/1 21:00,19.29000092,1.541000009,13.46800041,-1.031000018,6.456999779,1.462000012,35.31399918
2016/8/1 22:00,18.5529995,1.674000025,13.11200047,-0.425999999,5.544000149,1.371000051,35.52500153
2016/8/1 23:00,19.95999908,3.88499999,14.99600029,1.101999998,5.361000061,1.432000041,36.15800095
2016/8/2 00:00,22.30400085,3.214999914,15.13799953,0.354999989,7.218999863,1.980000019,35.66600037
2016/8/2 01:00,20.83099937,3.684000015,14.35599995,0.711000025,6.671000004,1.70599997,35.45500183
2016/8/2 02:00,21.29999924,3.88499999,14.56900024,0.816999972,6.395999908,1.644999981,35.9469986
2016/8/2 03:00,19.29000092,4.956999779,13.36100006,1.99000001,6.214000225,1.76699996,36.08800125
2016/8/2 04:00,19.0890007,5.022999763,13.46800041,2.381000042,5.725999832,1.613999963,35.59600067
2016/8/2 05:00,18.41900063,5.157000065,12.97000027,2.131999969,5.664999962,1.735999942,34.9620018
2016/8/2 06:00,16.61100006,4.354000092,11.05099964,1.279000044,5.725999832,1.76699996,34.18899918
2016/8/2 07:00,16.07500076,4.554999828,11.22900009,2.273999929,4.903999805,1.70599997,34.89199829
2016/8/2 08:00,13.26200008,4.21999979,10.19900036,2.203000069,3.289999962,1.552999973,36.08800125
2016/8/2 09:00,12.6590004,2.411000013,9.168000221,0.425999999,3.441999912,1.371000051,36.50999832
2016/8/2 10:00,13.4630003,3.214999914,9.380999565,0.958999991,4.386000156,1.523000002,37.2140007
2016/8/2 11:00,14.2670002,2.411000013,9.487999916,0.319999993,4.782000065,1.432000041,38.97200012
2016/8/2 12:00,14.80300045,2.411000013,9.843000412,0.532999992,4.873000145,1.309999943,38.90200043
2016/8/2 13:00,14.46800041,2.210000038,9.843000412,0.603999972,4.751999855,1.309999943,39.53499985
2016/8/2 14:00,12.05599976,1.473999977,7.994999886,-0.213,4.172999859,1.340000033,38.97200012
2016/8/2 15:00,11.18599987,2.545000076,7.390999794,0.284000009,3.71600008,1.371000051,36.65100098
2016/8/2 16:00,10.44900036,1.875,6.894000053,0.178000003,3.806999922,1.309999943,36.43999863
2016/8/2 17:00,10.98499966,2.210000038,6.894000053,0.354999989,3.563999891,1.248999953,32.71099854
2016/8/2 18:00,8.640000343,1.541000009,5.68599987,0.035999998,2.984999895,1.156999946,33.55599976
2016/8/2 19:00,9.51099968,0.80400002,6.361000061,-0.319999993,3.167999983,0.883000016,34.8219986
2016/8/2 20:00,12.99400043,1.541000009,8.56400013,0.0,4.568999767,1.036000013,35.38499832
2016/8/2 21:00,11.5880003,0.736999989,7.355999947,-0.782000005,4.142000198,1.126999974,32.71099854
2016/8/2 22:00,12.6590004,2.009000063,8.635000229,0.462000012,3.625,1.036000013,34.75099945
2016/8/2 23:00,15.00399971,3.013999939,11.58399963,1.172999978,3.319999933,1.004999995,33.34400177
2016/8/3 00:00,14.66899967,3.549999952,11.97500038,1.598999977,2.924000025,0.944000006,31.09300041
2016/8/3 01:00,13.79800034,3.148000002,10.6960001,1.421000004,2.740999937,0.975000024,31.30400085
2016/8/3 02:00,9.578000069,1.20599997,7.284999847,0.354999989,2.315000057,0.975000024,33.55599976
2016/8/3 03:00,9.376999855,0.938000023,7.177999973,0.0,2.131999969,0.731000006,32.36000061
2016/8/3 04:00,9.578000069,1.340000033,7.568999767,0.142000005,2.131999969,0.822000027,31.02300072
2016/8/3 05:00,8.371999741,0.268000007,6.289999962,-0.958999991,2.223999977,0.760999978,32.5
2016/8/3 06:00,9.913000107,0.670000017,7.143000126,-0.569000006,2.650000095,0.822000027,32.64099884
2016/8/3 07:00,9.779000282,1.807999969,7.427000046,0.248999998,2.315000057,0.822000027,31.79700089
2016/8/3 08:00,6.631000042,0.536000013,4.051000118,-1.136999965,2.437000036,1.036000013,30.38999939
2016/8/3 09:00,6.96600008,1.20599997,4.65500021,-0.142000005,2.772000074,1.097000003,30.45999908
2016/8/3 10:00,4.622000217,-0.40200001,1.953999996,-2.096999884,2.680000067,1.004999995,28.49099922
2016/8/3 11:00,3.013999939,1.004999995,0.0,0.0,2.954999924,0.913999975,28.9829998
2016/8/3 12:00,2.27699995,1.004999995,0.0,0.0,2.375999928,0.913999975,30.88199997
2016/8/3 13:00,2.411000013,0.938000023,0.0,0.0,2.467000008,0.852999985,32.5
2016/8/3 14:00,2.545000076,0.938000023,0.0,0.0,2.497999907,0.883000016,31.93799973
2016/8/3 15:00,2.27699995,0.938000023,0.0,-0.071000002,2.437000036,0.944000006,31.93799973
2016/8/3 16:00,5.357999802,2.344000101,2.948999882,1.350000024,2.375999928,0.852999985,32.57099915
2016/8/3 17:00,8.640000343,3.750999928,5.650000095,2.381000042,3.046000004,1.097000003,34.32899857
2016/8/3 18:00,8.43900013,4.287000179,5.366000175,2.559000015,2.954999924,0.883000016,33.06299973
2016/8/3 19:00,8.171999931,3.348999977,5.543000221,2.381000042,2.618999958,0.731000006,33.13299942
2016/8/3 20:00,10.64999962,3.951999903,7.249000072,2.700999975,3.411000013,0.760999978,32.36000061
2016/8/3 21:00,9.243000031,3.148000002,6.573999882,1.953999996,2.954999924,0.760999978,30.53100014
2016/8/3 22:00,8.706999779,4.085999966,6.183000088,2.700999975,2.375999928,0.731000006,31.44499969
2016/8/3 23:00,8.572999954,4.956999779,7.106999874,3.802000046,2.467000008,0.852999985,31.44499969
2016/8/4 00:00,9.444000244,4.622000217,6.928999901,2.736000061,1.91900003,0.700999975,31.86700058
2016/8/4 01:00,9.041999817,4.68900013,7.035999775,3.055999994,2.163000107,0.760999978,32.28900146
2016/8/4 02:00,8.43900013,3.750999928,6.361000061,3.411000013,1.949000001,0.822000027,32.07799911
2016/8/4 03:00,8.23900032,4.354000092,6.289999962,3.019999981,1.980000019,0.852999985,32.36000061
2016/8/4 04:00,7.903999805,3.951999903,5.366000175,2.309999943,1.70599997,1.004999995,32.07799911
2016/8/4 05:00,8.305999756,4.019000053,5.756999969,2.309999943,2.253999949,0.852999985,30.95299911
2016/8/4 06:00,8.774000168,4.287000179,6.644999981,2.594000101,2.650000095,0.852999985,31.93799973
2016/8/4 07:00,8.640000343,4.68900013,5.721000195,3.482000113,2.467000008,1.004999995,32.14899826
2016/8/4 08:00,8.706999779,4.822999954,6.040999889,3.588999987,2.467000008,0.944000006,32.07799911
2016/8/4 09:00,9.109000206,4.21999979,6.254000187,2.772000074,2.223999977,0.913999975,34.18899918
2016/8/4 10:00,10.85099983,4.622000217,7.960000038,3.197999954,2.862999916,0.883000016,35.73600006
2016/8/4 11:00,8.907999992,4.21999979,5.614999771,2.061000109,3.594000101,1.126999974,35.03300095
2016/8/4 12:00,8.23900032,3.48300004,5.650000095,2.239000082,2.710999966,1.004999995,33.8370018
2016/8/4 13:00,8.104999542,3.750999928,5.899000168,2.309999943,2.315000057,0.822000027,30.67099953
2016/8/4 14:00,7.434999943,3.282000065,5.578999996,2.486999989,2.253999949,0.883000016,31.23399925
2016/8/4 15:00,8.104999542,3.951999903,5.721000195,2.594000101,2.405999899,0.913999975,32.57099915
2016/8/4 16:00,7.636000156,3.951999903,5.046000004,2.736000061,2.315000057,0.944000006,34.75099945
2016/8/4 17:00,8.305999756,3.951999903,5.721000195,2.664999962,2.559000015,0.913999975,35.59600067
2016/8/4 18:00,8.23900032,3.88499999,5.472000122,2.559000015,2.862999916,1.126999974,36.29899979
2016/8/4 19:00,8.104999542,3.684000015,5.223999977,2.381000042,2.772000074,1.004999995,35.59600067
2016/8/4 20:00,10.91800022,3.684000015,7.461999893,2.345000029,3.563999891,0.883000016,33.06299973
2016/8/4 21:00,9.979999542,3.951999903,6.538000107,2.345000029,3.349999905,1.004999995,32.64099884
2016/8/4 22:00,10.7840004,4.085999966,8.137999535,2.948999882,2.832999945,0.975000024,33.27399826
2016/8/4 23:00,12.52499962,6.09499979,10.8380003,4.300000191,2.497999907,0.944000006,32.43000031
2016/8/5 00:00,13.79800034,6.027999878,11.86900043,4.690999985,2.131999969,0.822000027,32.85200119
2016/8/5 01:00,11.65499973,5.492000103,9.630000114,3.76699996,2.101999998,0.822000027,33.69599915
2016/8/5 02:00,13.86499977,6.09499979,11.01599979,4.903999805,2.040999889,0.852999985,33.13299942
2016/8/5 03:00,11.45400047,5.625999928,9.843000412,3.980000019,2.071000099,0.852999985,33.76699829
2016/8/5 04:00,13.39599991,6.027999878,10.8739996,4.300000191,2.00999999,0.852999985,34.18899918
2016/8/5 05:00,12.12300014,5.625999928,9.737000465,3.980000019,2.223999977,0.852999985,33.48500061
2016/8/5 06:00,14.2670002,6.027999878,12.11699963,4.441999912,2.437000036,0.760999978,33.69599915
2016/8/5 07:00,13.4630003,6.96600008,11.19400024,4.833000183,2.618999958,1.156999946,35.8769989
2016/8/5 08:00,10.85099983,5.894000053,8.208999634,4.263999939,2.650000095,1.340000033,35.66600037
2016/8/5 09:00,9.979999542,5.157000065,7.249000072,3.375999928,2.954999924,1.523000002,34.11800003
2016/8/5 10:00,11.11900043,4.756000042,7.427000046,3.197999954,3.319999933,1.401000023,34.04800034
2016/8/5 11:00,10.98499966,5.223999977,7.214000225,3.411000013,3.441999912,1.371000051,35.24399948
2016/8/5 12:00,8.23900032,3.818000078,5.791999817,2.630000114,2.772000074,1.036000013,35.59600067
2016/8/5 13:00,9.041999817,4.487999916,6.324999809,2.273999929,2.862999916,1.004999995,34.11800003
2016/8/5 14:00,8.907999992,4.554999828,6.254000187,2.842999935,2.437000036,1.036000013,33.55599976
2016/8/5 15:00,9.041999817,3.818000078,6.005000114,2.203000069,2.315000057,1.065999985,35.38499832
2016/8/5 16:00,8.43900013,4.019000053,5.791999817,2.630000114,2.588999987,1.097000003,35.80699921
2016/8/5 17:00,9.243000031,4.085999966,6.040999889,2.842999935,3.046000004,1.279000044,34.54000092
2016/8/5 18:00,8.23900032,3.750999928,5.436999798,2.772000074,2.802000046,1.248999953,34.18899918
2016/8/5 19:00,8.038000107,3.415999889,5.401000023,2.239000082,2.588999987,0.852999985,34.32899857
2016/8/5 20:00,10.51599979,3.549999952,7.214000225,2.381000042,3.229000092,0.791999996,33.20399857
2016/8/5 21:00,9.376999855,3.617000103,6.43200016,2.451999903,2.924000025,0.822000027,33.27399826
2016/8/5 22:00,11.25300026,5.157000065,8.38599968,3.660000086,2.710999966,0.913999975,32.64099884
2016/8/5 23:00,12.52499962,5.559000015,9.593999863,3.411000013,2.437000036,1.156999946,33.20399857
2016/8/6 00:00,14.60200024,5.760000229,9.31000042,3.588999987,4.873000145,1.491999984,32.85200119
2016/8/6 01:00,13.4630003,6.362999916,9.593999863,3.90899992,4.477000237,1.432000041,32.99300003
2016/8/6 02:00,13.39599991,5.960999966,9.87899971,4.19299984,4.203000069,1.371000051,32.36000061
2016/8/6 03:00,13.06099987,5.894000053,9.026000023,3.838000059,4.234000206,1.340000033,33.8370018
2016/8/6 04:00,13.12800026,6.296000004,8.989999771,3.447000027,4.234000206,1.491999984,33.9070015
2016/8/6 05:00,13.93200016,6.296000004,9.416999817,3.411000013,4.507999897,1.401000023,33.62599945
2016/8/6 06:00,13.79800034,6.229000092,9.23900032,3.233999968,4.873000145,1.340000033,33.48500061
2016/8/6 07:00,12.52499962,6.027999878,7.461999893,3.197999954,4.659999847,1.552999973,34.18899918
2016/8/6 08:00,9.243000031,5.492000103,6.751999855,3.233999968,2.467000008,1.036000013,37.77600098
2016/8/6 09:00,9.711999893,5.357999802,7.320000172,3.305000067,2.467000008,1.065999985,38.3390007
2016/8/6 10:00,11.38700008,4.756000042,7.676000118,3.233999968,3.015000105,1.065999985,38.62099838
2016/8/6 11:00,11.5880003,4.822999954,7.568999767,3.055999994,3.289999962,1.036000013,39.32400131
2016/8/6 12:00,10.04699993,4.487999916,6.822999954,3.055999994,2.924000025,1.036000013,37.63600159
2016/8/6 13:00,10.11400032,4.622000217,7.604000092,2.700999975,3.167999983,0.975000024,39.53499985
2016/8/6 14:00,9.913000107,4.085999966,7.461999893,2.664999962,2.894000053,1.036000013,40.23799896
2016/8/6 15:00,9.645000458,4.554999828,7.071000099,2.984999895,3.167999983,1.156999946,38.54999924
2016/8/6 16:00,9.779000282,4.68900013,6.681000233,3.019999981,3.229000092,1.156999946,38.90200043
2016/8/6 17:00,10.04699993,4.554999828,6.751999855,2.772000074,3.289999962,1.218000054,38.47999954
2016/8/6 18:00,9.645000458,4.421000004,6.502999783,2.806999922,3.107000113,1.126999974,37.63600159
2016/8/6 19:00,9.913000107,3.88499999,6.538000107,2.381000042,3.289999962,1.126999974,36.86199951
2016/8/6 20:00,13.86499977,4.554999828,9.23900032,2.664999962,4.690999985,1.065999985,35.03300095
2016/8/6 21:00,12.32400036,4.287000179,8.279999733,2.345000029,4.051000118,1.097000003,34.61100006
2016/8/6 22:00,12.25699997,4.956999779,8.883999825,3.055999994,3.381000042,1.004999995,34.18899918
2016/8/6 23:00,12.05599976,5.357999802,9.026000023,3.696000099,3.167999983,1.065999985,33.8370018
2016/8/7 00:00,11.98900032,5.559000015,9.345999718,3.625,2.772000074,0.944000006,33.69599915
2016/8/7 01:00,11.38700008,5.357999802,9.204000473,3.625,2.497999907,0.852999985,34.47000122
2016/8/7 02:00,10.85099983,5.492000103,9.026000023,3.944000006,2.223999977,0.852999985,34.18899918
2016/8/7 03:00,9.243000031,5.090000153,7.143000126,3.339999914,2.163000107,0.822000027,34.47000122
2016/8/7 04:00,9.645000458,4.889999866,7.071000099,3.375999928,2.101999998,1.156999946,33.13299942
2016/8/7 05:00,9.175999641,4.287000179,7.035999775,3.305000067,2.345000029,0.822000027,33.41500092
2016/8/7 06:00,10.44900036,5.223999977,8.706000328,3.625,2.253999949,0.670000017,32.99300003
2016/8/7 07:00,10.98499966,5.625999928,8.670999527,3.980000019,2.28399992,0.852999985,33.13299942
2016/8/7 08:00,8.305999756,5.357999802,6.610000134,4.086999893,2.223999977,0.913999975,34.04800034
2016/8/7 09:00,9.913000107,4.756000042,7.143000126,3.482000113,2.894000053,1.187999964,35.24399948
2016/8/7 10:00,11.05200005,5.022999763,7.710999966,3.092000008,3.137000084,1.126999974,34.04800034
2016/8/7 11:00,11.45400047,5.492000103,7.81799984,3.019999981,3.686000109,1.097000003,34.25899887
2016/8/7 12:00,11.05200005,4.152999878,7.106999874,2.948999882,3.503000021,1.156999946,35.31399918
2016/8/7 13:00,11.98900032,5.022999763,7.888999939,3.447000027,3.838000059,1.065999985,34.8219986
2016/8/7 14:00,11.72099972,5.090000153,8.173000336,3.163000107,3.77699995,1.218000054,35.8769989
2016/8/7 15:00,11.92199993,5.492000103,8.244000435,3.305000067,3.532999992,1.218000054,36.50999832
2016/8/7 16:00,10.64999962,4.756000042,6.822999954,3.197999954,3.381000042,1.156999946,36.86199951
2016/8/7 17:00,10.91800022,4.622000217,7.177999973,3.092000008,3.898999929,1.248999953,37.2140007
2016/8/7 18:00,9.979999542,4.487999916,6.502999783,2.806999922,3.71600008,1.065999985,36.36899948
2016/8/7 19:00,10.7840004,4.085999966,7.071000099,2.559000015,3.71600008,1.036000013,36.72100067
2016/8/7 20:00,15.40499973,5.223999977,10.12699986,3.339999914,5.390999794,1.309999943,34.18899918
2016/8/7 21:00,14.2670002,5.090000153,9.274999619,3.411000013,4.903999805,1.187999964,34.89199829
2016/8/7 22:00,13.19499969,5.69299984,9.168000221,3.625,4.142000198,1.156999946,34.18899918
2016/8/7 23:00,14.86999989,6.229000092,11.33600044,4.229000092,3.563999891,1.036000013,34.11800003
2016/8/8 00:00,15.47200012,4.822999954,12.04599953,3.305000067,3.197999954,1.004999995,33.55599976
2016/8/8 01:00,14.40100002,6.631000042,11.72700024,4.690999985,2.984999895,1.036000013,33.69599915
2016/8/8 02:00,12.6590004,6.162000179,10.4829998,4.157999992,2.740999937,1.004999995,33.48500061
2016/8/8 03:00,12.59200001,5.960999966,9.913999557,4.051000118,2.528000116,0.944000006,33.27399826
2016/8/8 04:00,12.72599983,6.229000092,10.05599976,4.122000217,2.497999907,0.913999975,33.13299942
2016/8/8 05:00,13.39599991,5.559000015,10.58899975,4.725999832,2.497999907,0.852999985,32.64099884
2016/8/8 06:00,13.26200008,5.894000053,10.4829998,4.513000011,2.710999966,1.036000013,31.93799973
2016/8/8 07:00,11.65499973,5.827000141,9.204000473,4.086999893,2.984999895,1.248999953,33.41500092
2016/8/8 08:00,10.24800014,5.223999977,7.143000126,3.233999968,2.680000067,1.126999974,33.20399857
2016/8/8 09:00,9.645000458,4.622000217,6.502999783,3.019999981,2.862999916,1.156999946,32.99300003
2016/8/8 10:00,11.92199993,5.625999928,7.747000217,3.305000067,3.503000021,1.309999943,34.04800034
2016/8/8 11:00,12.12300014,5.559000015,8.173000336,3.588999987,3.654999971,1.218000054,34.54000092
2016/8/8 12:00,11.45400047,4.554999828,8.137999535,2.878000021,3.503000021,1.218000054,33.76699829
2016/8/8 13:00,12.18999958,4.354000092,7.853000164,2.700999975,3.625,1.065999985,33.97800064
2016/8/8 14:00,11.78800011,5.492000103,8.279999733,3.411000013,3.503000021,1.218000054,35.31399918
2016/8/8 15:00,12.05599976,5.625999928,8.38599968,3.482000113,3.654999971,1.156999946,35.80699921
2016/8/8 16:00,11.31999969,5.492000103,7.747000217,3.802000046,3.686000109,1.218000054,38.19800186
2016/8/8 17:00,11.18599987,5.357999802,7.498000145,3.339999914,3.654999971,1.309999943,36.43999863
2016/8/8 18:00,10.31499958,4.756000042,6.71600008,2.984999895,3.625,1.309999943,36.86199951
2016/8/8 19:00,11.45400047,4.622000217,7.604000092,2.914000034,3.838000059,1.126999974,36.50999832
2016/8/8 20:00,16.6779995,3.951999903,10.80300045,1.598999977,5.725999832,1.552999973,35.59600067
2016/8/8 21:00,17.01300049,5.625999928,11.76200008,3.197999954,5.300000191,1.309999943,35.10300064
2016/8/8 22:00,18.21899986,5.559000015,13.71700001,3.127000093,4.568999767,1.248999953,34.89199829
2016/8/8 23:00,17.81699944,5.090000153,13.36100006,2.984999895,4.081999779,1.218000054,34.25899887
2016/8/9 00:00,20.62999916,6.296000004,14.28499985,3.305000067,6.183000088,1.735999942,33.13299942
2016/8/9 01:00,19.55800056,5.760000229,13.50300026,3.019999981,5.664999962,1.674999952,33.8370018
2016/8/9 02:00,19.22299957,5.827000141,13.57400036,3.019999981,5.300000191,1.613999963,33.55599976
2016/8/9 03:00,17.95100021,8.23900032,12.43700027,4.762000084,5.300000191,1.613999963,33.41500092
2016/8/9 04:00,17.81699944,7.434999943,12.26000023,4.833000183,5.026000023,1.613999963,32.71099854
2016/8/9 05:00,18.01799965,8.038000107,12.40200043,4.65500021,4.934000015,1.523000002,32.21900177
2016/8/9 06:00,18.88800049,6.362999916,12.86400032,3.552999973,5.513000011,1.735999942,33.06299973
2016/8/9 07:00,18.21899986,6.429999828,12.26000023,3.127000093,5.361000061,1.827999949,34.54000092
2016/8/9 08:00,13.4630003,5.223999977,10.66100025,3.447000027,3.197999954,1.371000051,33.34400177
2016/8/9 09:00,11.38700008,5.223999977,8.031000137,3.375999928,2.894000053,1.340000033,34.04800034
2016/8/9 10:00,12.52499962,6.027999878,8.670999527,4.051000118,3.471999884,1.401000023,33.48500061
2016/8/9 11:00,11.92199993,5.827000141,8.208999634,2.984999895,3.838000059,1.340000033,33.34400177
2016/8/9 12:00,12.12300014,5.223999977,8.031000137,3.163000107,3.71600008,1.218000054,33.13299942
2016/8/9 13:00,12.92700005,4.956999779,8.244000435,3.092000008,4.081999779,1.279000044,34.18899918
2016/8/9 14:00,12.12300014,5.559000015,8.350999832,3.588999987,4.051000118,1.371000051,35.59600067
2016/8/9 15:00,11.45400047,5.559000015,7.853000164,3.055999994,3.441999912,1.279000044,35.59600067
2016/8/9 16:00,11.25300026,5.357999802,7.568999767,3.375999928,3.532999992,1.279000044,36.58000183
2016/8/9 17:00,10.91800022,5.157000065,7.568999767,3.375999928,3.381000042,1.340000033,35.80699921
2016/8/9 18:00,10.11400032,4.554999828,6.822999954,2.878000021,3.471999884,1.248999953,36.22900009
2016/8/9 19:00,10.31499958,4.354000092,6.787000179,2.772000074,3.532999992,1.126999974,34.89199829
2016/8/9 20:00,14.06599998,4.554999828,9.097000122,2.700999975,5.056000233,1.218000054,31.51499939
2016/8/9 21:00,14.13300037,5.022999763,10.66100025,3.411000013,4.477000237,1.097000003,32.14899826
2016/8/9 22:00,15.8739996,6.09499979,11.69099998,4.370999813,3.928999901,1.065999985,32.07799911
2016/8/9 23:00,15.3380003,6.09499979,11.30000019,3.90899992,3.654999971,1.097000003,32.14899826
2016/8/10 00:00,17.88400078,7.703000069,14.03600025,4.903999805,3.289999962,1.065999985,31.23399925
2016/8/10 01:00,16.54400063,6.497000217,13.07699966,4.762000084,2.832999945,0.913999975,31.375
2016/8/10 02:00,16.40999985,6.56400013,13.21899986,5.258999825,2.710999966,0.944000006,31.44499969
2016/8/10 03:00,14.80300045,7.032999992,12.72200012,4.974999905,2.618999958,1.004999995,31.30400085
2016/8/10 04:00,14.66899967,6.831999779,12.01099968,4.65500021,2.559000015,0.975000024,30.31999969
2016/8/10 05:00,14.93700027,6.429999828,12.57900047,4.833000183,2.802000046,1.004999995,31.375
2016/8/10 06:00,16.94599915,6.497000217,13.00599957,4.93900013,3.015000105,1.065999985,30.95299911
2016/8/10 07:00,15.53899956,7.636000156,12.93500042,5.329999924,2.924000025,1.248999953,31.02300072
2016/8/10 08:00,14.19999981,7.099999905,10.66100025,4.796999931,3.319999933,1.340000033,32.5
2016/8/10 09:00,11.65499973,3.684000015,8.244000435,1.70599997,3.563999891,1.462000012,32.36000061
2016/8/10 10:00,11.72099972,5.022999763,7.994999886,3.269000053,4.020999908,1.432000041,32.92200089
2016/8/10 11:00,12.6590004,5.223999977,8.065999985,3.127000093,4.142000198,1.462000012,33.34400177
2016/8/10 12:00,11.72099972,4.554999828,7.888999939,2.914000034,4.081999779,1.432000041,33.34400177
2016/8/10 13:00,13.39599991,5.357999802,8.208999634,2.842999935,4.324999809,1.371000051,33.8370018
2016/8/10 14:00,13.06099987,5.69299984,8.56400013,3.872999907,4.142000198,1.309999943,34.75099945
2016/8/10 15:00,12.25699997,4.956999779,8.279999733,3.127000093,3.868000031,1.279000044,35.59600067
2016/8/10 16:00,11.92199993,5.625999928,7.853000164,3.552999973,3.868000031,1.523000002,35.10300064
2016/8/10 17:00,11.5880003,5.492000103,7.710999966,3.802000046,3.99000001,1.552999973,33.55599976
2016/8/10 18:00,10.7840004,4.889999866,6.894000053,2.878000021,3.99000001,1.432000041,32.43000031
2016/8/10 19:00,11.85499954,4.487999916,7.747000217,2.700999975,4.203000069,1.218000054,31.72599983
2016/8/10 20:00,17.01300049,3.818000078,10.9090004,1.56400001,6.122000217,1.340000033,31.16399956
2016/8/10 21:00,15.80700016,4.287000179,10.3760004,1.812000036,5.544000149,1.309999943,30.38999939
2016/8/10 22:00,15.3380003,4.354000092,10.7670002,2.167999983,4.598999977,1.097000003,30.10899925
2016/8/10 23:00,15.20400047,4.956999779,10.02099991,2.239000082,4.598999977,1.340000033,29.68600082
2016/8/11 00:00,16.54400063,7.234000206,10.16300011,4.300000191,6.518000126,1.797000051,29.33499908
2016/8/11 01:00,14.66899967,6.362999916,8.989999771,4.157999992,6.031000137,1.644999981,29.40500069
2016/8/11 02:00,14.86999989,6.56400013,8.38599968,4.370999813,5.81799984,1.70599997,29.61599922
2016/8/11 03:00,14.93700027,6.96600008,8.954999924,4.690999985,5.664999962,1.797000051,29.12400055
2016/8/11 04:00,14.46800041,7.301000118,8.350999832,4.300000191,5.513000011,1.76699996,28.77199936
2016/8/11 05:00,13.06099987,6.631000042,7.853000164,3.872999907,5.421999931,1.583999991,28.49099922
2016/8/11 06:00,14.60200024,5.960999966,8.812999725,4.122000217,5.482999802,1.735999942,28.35000038
2016/8/11 07:00,10.04699993,5.357999802,6.894000053,3.838000059,3.167999983,1.432000041,29.33499908
2016/8/11 08:00,11.25300026,6.229000092,7.782000065,3.696000099,3.289999962,1.491999984,29.47500038
2016/8/11 09:00,11.38700008,5.157000065,8.031000137,3.517999887,3.532999992,1.432000041,30.17900085
2016/8/11 10:00,12.72599983,5.960999966,8.635000229,3.305000067,3.99000001,1.462000012,31.375
2016/8/11 11:00,13.86499977,4.019000053,8.883999825,1.953999996,4.538000107,1.401000023,31.44499969
2016/8/11 12:00,13.73099995,4.956999779,8.847999573,3.339999914,4.538000107,1.340000033,31.375
2016/8/11 13:00,14.73600006,5.69299984,9.31000042,2.878000021,5.208000183,1.462000012,32.14899826
2016/8/11 14:00,14.53499985,6.09499979,9.097000122,3.269000053,4.751999855,1.401000023,32.99300003
2016/8/11 15:00,13.26200008,5.425000191,9.06099987,3.197999954,4.507999897,1.432000041,34.40000153
2016/8/11 16:00,12.45800018,5.492000103,8.38599968,3.76699996,4.172999859,1.279000044,35.38499832
2016/8/11 17:00,11.45400047,5.022999763,7.284999847,3.019999981,4.263999939,1.462000012,35.31399918
2016/8/11 18:00,6.631000042,2.210000038,2.486999989,0.675000012,4.111999989,1.371000051,33.48500061
2016/8/11 19:00,10.24800014,3.617000103,6.183000088,2.061000109,4.111999989,1.097000003,32.07799911
2016/8/11 20:00,17.48200035,4.085999966,11.30000019,2.061000109,6.06099987,1.432000041,30.74200058
2016/8/11 21:00,17.14699936,4.487999916,11.05099964,2.096999884,5.756999969,1.340000033,30.24900055
2016/8/11 22:00,17.95100021,5.625999928,13.04100037,2.984999895,5.177999973,1.340000033,30.60099983
2016/8/11 23:00,17.48200035,6.162000179,12.97000027,3.980000019,4.690999985,1.432000041,30.17900085
2016/8/12 00:00,18.15200043,5.357999802,13.82299995,3.482000113,4.203000069,1.279000044,30.53100014
2016/8/12 01:00,16.94599915,6.027999878,13.18299961,3.233999968,3.928999901,1.218000054,30.03800011
2016/8/12 02:00,16.61100006,5.760000229,13.32600021,3.269000053,3.503000021,1.097000003,29.61599922
2016/8/12 03:00,15.40499973,6.831999779,12.36600018,4.796999931,2.954999924,1.065999985,28.9829998
2016/8/12 04:00,14.73600006,7.099999905,11.90400028,4.93900013,2.984999895,1.065999985,28.77199936
2016/8/12 05:00,13.66399956,5.960999966,10.44699955,3.90899992,2.772000074,0.944000006,28.27899933
2016/8/12 06:00,12.99400043,5.894000053,10.3409996,3.90899992,2.772000074,1.004999995,27.85700035
2016/8/12 07:00,13.06099987,6.229000092,10.12699986,4.19299984,2.954999924,1.218000054,29.82699966
2016/8/12 08:00,12.92700005,6.697999954,9.487999916,3.90899992,3.197999954,1.491999984,29.89699936
2016/8/12 09:00,11.72099972,5.69299984,8.065999985,5.117000103,3.441999912,1.583999991,30.53100014
2016/8/12 10:00,13.59700012,6.027999878,8.989999771,3.76699996,3.928999901,1.552999973,30.53100014
2016/8/12 11:00,13.66399956,6.296000004,9.097000122,3.375999928,4.263999939,1.371000051,31.02300072
2016/8/12 12:00,13.52999973,5.357999802,9.131999969,3.092000008,4.447000027,1.371000051,31.02300072
2016/8/12 13:00,14.60200024,5.559000015,9.772000313,3.447000027,4.813000202,1.309999943,31.79700089
2016/8/12 14:00,14.19999981,5.625999928,9.131999969,3.019999981,4.477000237,1.340000033,33.8370018
2016/8/12 15:00,13.9989996,4.956999779,8.989999771,3.163000107,4.081999779,1.309999943,33.41500092
2016/8/12 16:00,12.6590004,4.889999866,8.635000229,2.948999882,4.020999908,1.371000051,35.38499832
2016/8/12 17:00,12.85999966,5.090000153,8.421999931,2.948999882,4.203000069,1.432000041,34.40000153
2016/8/12 18:00,11.72099972,5.090000153,7.461999893,3.055999994,4.203000069,1.491999984,33.76699829
2016/8/12 19:00,12.39099979,4.889999866,8.065999985,3.055999994,4.324999809,1.279000044,31.93799973
2016/8/12 20:00,18.01799965,4.085999966,11.65499973,1.77699995,6.395999908,1.401000023,31.58600044
2016/8/12 21:00,17.81699944,3.549999952,11.19400024,0.852999985,6.275000095,1.462000012,31.375
2016/8/12 22:00,21.43400002,6.96600008,15.63500023,4.441999912,5.635000229,1.309999943,31.51499939
2016/8/12 23:00,19.89299965,5.827000141,14.67599964,3.233999968,5.056000233,1.309999943,31.23399925
2016/8/13 00:00,20.96500015,5.960999966,14.67599964,3.127000093,6.578999996,1.674999952,31.51499939
2016/8/13 01:00,20.76399994,6.56400013,14.21399975,3.055999994,6.366000175,1.644999981,30.74200058
2016/8/13 02:00,18.21899986,4.68900013,12.33100033,2.203000069,5.879000187,1.552999973,30.74200058
2016/8/13 03:00,18.62000084,6.09499979,13.11200047,3.305000067,5.787000179,1.613999963,30.60099983
2016/8/13 04:00,18.88800049,5.492000103,12.82800007,2.700999975,5.635000229,1.85800004,29.96800041
2016/8/13 05:00,16.40999985,5.022999763,11.33600044,2.594000101,5.361000061,1.613999963,29.54599953
2016/8/13 06:00,15.47200012,4.152999878,9.701000214,1.598999977,5.664999962,1.70599997,29.19400024
2016/8/13 07:00,15.40499973,5.559000015,9.666000366,2.415999889,5.573999882,1.949000001,30.67099953
2016/8/13 08:00,14.19999981,5.223999977,10.51799965,2.914000034,3.259000063,1.552999973,30.81200027
2016/8/13 09:00,12.18999958,4.085999966,8.38599968,4.086999893,3.686000109,1.523000002,31.23399925
2016/8/13 10:00,13.86499977,6.229000092,9.131999969,3.980000019,4.234000206,1.371000051,32.64099884
2016/8/13 11:00,14.73600006,6.229000092,9.274999619,3.625,4.873000145,1.401000023,32.43000031
2016/8/13 12:00,14.73600006,5.827000141,9.737000465,3.802000046,4.751999855,1.279000044,32.28900146
2016/8/13 13:00,15.13700008,5.894000053,10.19900036,3.838000059,5.269000053,1.432000041,33.34400177
2016/8/13 14:00,15.27099991,6.162000179,9.913999557,3.517999887,5.177999973,1.552999973,34.89199829
2016/8/13 15:00,14.93700027,5.492000103,9.559000015,3.197999954,4.690999985,1.371000051,35.80699921
2016/8/13 16:00,13.19499969,5.290999889,8.777000427,3.233999968,4.447000027,1.218000054,36.65100098
2016/8/13 17:00,13.06099987,5.357999802,8.741999626,3.305000067,4.416999817,1.340000033,36.79100037
2016/8/13 18:00,12.79300022,5.090000153,8.279999733,3.339999914,4.598999977,1.491999984,35.45500183
2016/8/13 19:00,13.86499977,5.69299984,9.416999817,3.552999973,4.965000153,1.340000033,33.76699829
2016/8/13 20:00,19.89299965,6.96600008,12.61499977,4.086999893,7.188000202,1.644999981,33.06299973
2016/8/13 21:00,18.95499992,7.434999943,11.97500038,4.263999939,6.945000172,1.583999991,32.64099884
2016/8/13 22:00,19.35700035,5.223999977,12.93500042,2.239000082,6.0,1.491999984,32.5
2016/8/13 23:00,18.08499908,4.21999979,12.50800037,2.451999903,5.604000092,1.462000012,32.28900146
2016/8/14 00:00,18.01799965,5.827000141,13.53899956,2.948999882,4.721000195,1.187999964,31.93799973
2016/8/14 01:00,19.15600014,5.960999966,14.92500019,3.696000099,4.324999809,1.187999964,31.72599983
2016/8/14 02:00,17.54899979,5.827000141,13.32600021,3.163000107,4.142000198,1.218000054,30.88199997
2016/8/14 03:00,16.00799942,7.434999943,12.04599953,5.578999996,3.746000051,1.156999946,30.38999939
2016/8/14 04:00,14.93700027,6.362999916,11.65499973,4.441999912,3.471999884,1.371000051,30.17900085
2016/8/14 05:00,14.06599998,5.559000015,10.6960001,3.588999987,3.471999884,1.156999946,29.61599922
2016/8/14 06:00,13.73099995,6.162000179,10.16300011,4.157999992,3.289999962,1.097000003,28.91300011
2016/8/14 07:00,13.9989996,7.099999905,10.09200001,4.335000038,3.137000084,1.309999943,30.67099953
2016/8/14 08:00,10.64999962,6.497000217,7.604000092,3.838000059,3.532999992,1.552999973,30.95299911
2016/8/14 09:00,11.98900032,6.229000092,8.065999985,3.872999907,3.654999971,1.523000002,31.16399956
2016/8/14 10:00,13.73099995,4.487999916,9.168000221,1.883000016,4.416999817,1.552999973,32.00799942
2016/8/14 11:00,14.46800041,4.152999878,9.701000214,1.812000036,4.965000153,1.491999984,32.57099915
2016/8/14 12:00,14.86999989,4.019000053,10.02099991,1.70599997,5.329999924,1.70599997,32.43000031
2016/8/14 13:00,16.47699928,4.152999878,10.44699955,1.491999984,5.696000099,1.523000002,33.34400177
2016/8/14 14:00,16.07500076,4.554999828,10.30500031,1.56400001,5.177999973,1.371000051,34.75099945
2016/8/14 15:00,15.27099991,4.487999916,9.737000465,1.56400001,4.782000065,1.371000051,35.8769989
2016/8/14 16:00,14.06599998,5.357999802,9.274999619,3.127000093,4.751999855,1.644999981,37.00299835
2016/8/14 17:00,13.59700012,5.894000053,8.847999573,3.872999907,4.690999985,1.432000041,36.36899948
2016/8/14 18:00,12.52499962,5.090000153,8.244000435,3.233999968,4.263999939,1.187999964,35.45500183
2016/8/14 19:00,13.66399956,5.492000103,8.989999771,3.482000113,4.630000114,1.340000033,33.06299973
2016/8/14 20:00,19.0890007,4.756000042,12.15299988,1.84800005,6.914000034,1.523000002,32.64099884
2016/8/14 21:00,18.35300064,4.085999966,11.72700024,1.56400001,6.671000004,1.491999984,32.7820015
2016/8/14 22:00,17.28100014,5.022999763,11.51299953,2.345000029,6.092000008,1.462000012,32.21900177
2016/8/14 23:00,16.40999985,4.622000217,11.12199974,2.273999929,5.361000061,1.371000051,31.86700058
2016/8/15 00:00,19.55800056,6.162000179,12.40200043,2.772000074,7.28000021,1.91900003,31.86700058
2016/8/15 01:00,17.54899979,5.894000053,11.19400024,2.806999922,6.671000004,1.76699996,31.16399956
2016/8/15 02:00,16.61100006,6.96600008,10.27000046,4.406000137,6.214000225,1.76699996,31.02300072
2016/8/15 03:00,15.67300034,7.099999905,9.913999557,4.300000191,5.725999832,1.674999952,30.38999939
2016/8/15 04:00,14.80300045,6.296000004,8.38599968,3.76699996,5.90899992,1.76699996,30.03800011
2016/8/15 05:00,16.07500076,6.96600008,9.559000015,4.300000191,5.84800005,1.76699996,29.82699966
2016/8/15 06:00,15.94099998,7.166999817,9.593999863,3.76699996,5.90899992,1.797000051,29.19400024
2016/8/15 07:00,15.13700008,7.769999981,8.954999924,4.300000191,5.84800005,2.131999969,30.74200058
2016/8/15 08:00,11.25300026,6.56400013,7.923999786,3.872999907,3.503000021,1.462000012,30.81200027
2016/8/15 09:00,11.92199993,6.697999954,8.527999878,3.944000006,3.411000013,1.371000051,31.375
2016/8/15 10:00,14.2670002,6.764999866,9.204000473,3.802000046,4.386000156,1.371000051,32.64099884
2016/8/15 11:00,14.66899967,6.56400013,9.451999664,3.980000019,4.721000195,1.309999943,32.57099915
2016/8/15 12:00,15.13700008,5.625999928,9.843000412,3.872999907,4.994999886,1.432000041,32.43000031
2016/8/15 13:00,16.27599907,4.487999916,11.15799999,1.99000001,5.269000053,1.432000041,33.34400177
2016/8/15 14:00,16.27599907,4.019000053,11.22900009,2.309999943,4.994999886,1.401000023,35.38499832
2016/8/15 15:00,15.40499973,4.085999966,10.05599976,1.491999984,4.965000153,1.491999984,35.8769989
2016/8/15 16:00,14.13300037,4.487999916,9.666000366,2.131999969,4.507999897,1.674999952,36.15800095
2016/8/15 17:00,13.59700012,5.894000053,9.168000221,3.838000059,4.477000237,1.401000023,36.93199921
2016/8/15 18:00,12.72599983,5.425000191,8.244000435,3.375999928,4.447000027,1.401000023,34.9620018
2016/8/15 19:00,14.33399963,5.625999928,9.204000473,3.375999928,4.994999886,1.371000051,33.13299942
2016/8/15 20:00,19.29000092,4.487999916,12.43700027,2.131999969,7.006000042,1.491999984,31.86700058
2016/8/15 21:00,18.88800049,4.152999878,12.47299957,2.025000095,6.395999908,1.371000051,31.86700058
2016/8/15 22:00,20.22800064,6.09499979,14.3210001,3.552999973,5.604000092,1.340000033,32.43000031
2016/8/15 23:00,18.95499992,5.827000141,14.21399975,3.092000008,5.300000191,1.401000023,32.5
2016/8/16 00:00,20.09399986,5.157000065,14.4630003,3.233999968,4.934000015,1.371000051,31.72599983
2016/8/16 01:00,17.34799957,5.425000191,13.36100006,3.127000093,4.234000206,1.156999946,31.16399956
2016/8/16 02:00,17.28100014,6.697999954,13.25500011,4.762000084,3.746000051,1.126999974,31.09300041
2016/8/16 03:00,15.40499973,4.756000042,12.04599953,2.415999889,3.686000109,1.097000003,30.67099953
2016/8/16 04:00,16.40999985,5.157000065,12.57900047,3.197999954,3.319999933,1.065999985,30.67099953
2016/8/16 05:00,14.33399963,5.625999928,11.15799999,4.122000217,3.229000092,1.065999985,29.89699936
2016/8/16 06:00,11.38700008,5.492000103,8.173000336,3.233999968,3.289999962,1.097000003,29.82699966
2016/8/16 07:00,10.44900036,4.956999779,7.604000092,2.984999895,3.046000004,1.309999943,30.45999908
2016/8/16 08:00,8.774000168,4.354000092,5.507999897,2.842999935,3.319999933,1.279000044,30.88199997
2016/8/16 09:00,10.31499958,4.889999866,6.538000107,2.772000074,3.625,1.309999943,30.88199997
2016/8/16 10:00,12.05599976,4.822999954,7.390999794,2.664999962,4.142000198,1.552999973,31.72599983
2016/8/16 11:00,12.99400043,5.625999928,7.639999866,2.914000034,4.598999977,1.491999984,31.86700058
2016/8/16 12:00,13.06099987,5.357999802,8.031000137,2.523000002,4.903999805,1.432000041,32.36000061
2016/8/16 13:00,14.66899967,5.223999977,8.421999931,2.736000061,5.725999832,1.552999973,33.34400177
2016/8/16 14:00,13.59700012,4.889999866,8.208999634,2.664999962,5.361000061,1.552999973,35.03300095
2016/8/16 15:00,13.12800026,5.157000065,7.532999992,2.381000042,4.903999805,1.340000033,35.45500183
2016/8/16 16:00,11.85499954,4.287000179,7.390999794,2.203000069,4.477000237,1.462000012,36.36899948
2016/8/16 17:00,11.25300026,3.818000078,6.751999855,1.953999996,4.477000237,1.340000033,36.36899948
2016/8/16 18:00,10.91800022,3.750999928,6.467000008,1.953999996,4.447000027,1.552999973,34.54000092
2016/8/16 19:00,11.92199993,3.88499999,7.0,2.025000095,4.934000015,1.309999943,33.06299973
2016/8/16 20:00,16.40999985,5.357999802,9.451999664,2.309999943,7.40199995,1.491999984,31.86700058
2016/8/16 21:00,18.35300064,4.019000053,11.86900043,1.207999945,6.518000126,1.674999952,32.28900146
2016/8/16 22:00,18.82099915,5.559000015,12.57900047,2.061000109,5.879000187,1.401000023,31.375
2016/8/16 23:00,18.35300064,5.425000191,13.36100006,2.486999989,5.329999924,1.279000044,31.16399956
2016/8/17 00:00,18.01799965,5.827000141,13.75199986,2.984999895,4.630000114,1.218000054,30.53100014
2016/8/17 01:00,18.15200043,5.357999802,13.36100006,3.305000067,4.386000156,1.218000054,29.89699936
2016/8/17 02:00,17.07999992,4.68900013,13.32600021,2.984999895,3.868000031,1.156999946,29.47500038
2016/8/17 03:00,14.06599998,6.296000004,11.15799999,4.051000118,3.503000021,1.065999985,29.12400055
2016/8/17 04:00,14.19999981,5.960999966,11.33600044,4.263999939,3.107000113,1.340000033,28.42000008
2016/8/17 05:00,12.32400036,4.554999828,9.026000023,2.914000034,3.107000113,1.126999974,28.56100082
2016/8/17 06:00,12.92700005,5.157000065,9.06099987,3.092000008,3.319999933,1.218000054,28.35000038
2016/8/17 07:00,10.11400032,4.68900013,8.38599968,3.588999987,2.253999949,0.852999985,29.40500069
2016/8/17 08:00,10.18099976,5.827000141,7.214000225,3.233999968,2.862999916,1.248999953,29.96800041
2016/8/17 09:00,12.05599976,5.960999966,8.244000435,3.625,3.441999912,1.432000041,30.31999969
2016/8/17 10:00,14.06599998,6.56400013,9.807999611,4.014999866,4.172999859,1.491999984,31.16399956
2016/8/17 11:00,14.40100002,6.429999828,9.913999557,4.19299984,4.538000107,1.371000051,31.23399925
2016/8/17 12:00,15.00399971,5.960999966,9.772000313,3.660000086,4.598999977,1.613999963,32.5
2016/8/17 13:00,16.54400063,5.894000053,11.19400024,3.838000059,5.421999931,1.613999963,32.64099884
2016/8/17 14:00,16.00799942,6.697999954,10.5539999,3.944000006,5.329999924,1.644999981,34.25899887
2016/8/17 15:00,15.20400047,6.229000092,10.02099991,4.051000118,4.934000015,1.644999981,34.40000153
2016/8/17 16:00,13.73099995,5.492000103,8.883999825,3.127000093,4.598999977,1.552999973,35.52500153
2016/8/17 17:00,13.32900047,5.157000065,8.883999825,3.305000067,4.295000076,1.523000002,35.73600006
2016/8/17 18:00,12.59200001,5.090000153,8.244000435,3.055999994,4.263999939,1.491999984,34.54000092
2016/8/17 19:00,13.52999973,4.68900013,8.777000427,2.594000101,4.659999847,1.340000033,32.99300003
2016/8/17 20:00,18.62000084,5.69299984,11.61999989,2.984999895,7.006000042,1.491999984,32.7820015
2016/8/17 21:00,17.95100021,5.827000141,11.30000019,3.055999994,6.730999947,1.735999942,32.21900177
2016/8/17 22:00,17.61599922,6.631000042,11.76200008,4.335000038,5.940000057,1.552999973,31.375
2016/8/17 23:00,17.88400078,5.960999966,12.72200012,3.588999987,5.300000191,1.401000023,31.16399956
2016/8/18 00:00,20.89800072,6.96600008,12.61499977,2.878000021,7.218999863,1.888000011,30.53100014
2016/8/18 01:00,19.0890007,8.171999931,11.72700024,4.690999985,6.762000084,1.91900003,30.17900085
2016/8/18 02:00,16.47699928,6.764999866,10.05599976,4.19299984,6.335000038,1.76699996,30.17900085
2016/8/18 03:00,16.54400063,7.099999905,10.4119997,4.335000038,5.96999979,1.76699996,29.75699997
2016/8/18 04:00,14.66899967,6.162000179,8.989999771,3.375999928,5.604000092,1.76699996,29.33499908
2016/8/18 05:00,16.07500076,6.96600008,10.3760004,4.65500021,5.635000229,1.797000051,28.91300011
2016/8/18 06:00,15.20400047,7.234000206,9.772000313,4.014999866,5.940000057,1.91900003,28.42000008
2016/8/18 07:00,14.46800041,7.032999992,7.994999886,3.838000059,5.84800005,1.949000001,29.75699997
2016/8/18 08:00,11.38700008,6.09499979,8.777000427,4.335000038,3.503000021,1.552999973,30.38999939
2016/8/18 09:00,12.59200001,6.631000042,8.812999725,4.014999866,3.503000021,1.523000002,30.60099983
2016/8/18 10:00,14.06599998,5.827000141,9.31000042,3.76699996,4.538000107,1.462000012,31.93799973
2016/8/18 11:00,14.66899967,5.894000053,9.380999565,3.872999907,4.721000195,1.552999973,33.06299973
2016/8/18 12:00,15.40499973,6.027999878,9.807999611,3.019999981,5.238999844,1.491999984,33.48500061
2016/8/18 13:00,16.20899963,5.894000053,10.51799965,3.163000107,5.90899992,1.644999981,34.47000122
2016/8/18 14:00,15.53899956,5.760000229,10.3760004,3.411000013,5.390999794,1.523000002,36.08800125
2016/8/18 15:00,15.53899956,6.56400013,10.02099991,3.552999973,5.329999924,1.552999973,36.58000183
2016/8/18 16:00,14.19999981,5.559000015,9.380999565,3.339999914,5.086999893,1.583999991,38.4090004
2016/8/18 17:00,14.2670002,5.625999928,9.274999619,3.447000027,5.026000023,1.613999963,37.91699982
2016/8/18 18:00,13.12800026,5.357999802,8.350999832,3.019999981,4.751999855,1.613999963,35.59600067
2016/8/18 19:00,14.13300037,4.487999916,9.026000023,2.345000029,5.086999893,1.371000051,35.45500183
2016/8/18 20:00,19.82600021,4.421000004,12.47299957,1.527999997,7.370999813,1.76699996,33.9070015
2016/8/18 21:00,18.75399971,4.68900013,12.11699963,1.953999996,6.822999954,1.552999973,33.8370018
2016/8/18 22:00,22.17000008,6.631000042,16.06200027,3.588999987,6.0,1.491999984,34.04800034
2016/8/18 23:00,21.03199959,6.497000217,15.45800018,3.127000093,5.725999832,1.401000023,32.64099884
2016/8/19 00:00,21.16600037,6.631000042,16.06200027,3.980000019,4.934000015,1.340000033,33.27399826
2016/8/19 01:00,19.15600014,6.09499979,14.35599995,3.233999968,4.659999847,1.248999953,32.99300003
2016/8/19 02:00,19.55800056,5.960999966,14.99600029,3.660000086,4.386000156,1.309999943,32.71099854
2016/8/19 03:00,17.95100021,6.362999916,13.82299995,3.269000053,4.172999859,1.279000044,32.5
2016/8/19 04:00,17.75,6.162000179,14.0010004,3.660000086,3.71600008,1.218000054,32.21900177
2016/8/19 05:00,16.47699928,5.625999928,13.25500011,2.842999935,3.746000051,1.248999953,31.58600044
2016/8/19 06:00,16.00799942,5.157000065,12.50800037,2.415999889,3.838000059,1.309999943,32.21900177
2016/8/19 07:00,16.1420002,7.769999981,12.04599953,5.223999977,3.654999971,1.552999973,33.20399857
2016/8/19 08:00,14.93700027,5.69299984,11.19400024,3.055999994,3.746000051,1.583999991,35.31399918
2016/8/19 09:00,15.47200012,5.223999977,11.05099964,2.664999962,4.081999779,1.613999963,35.03300095
2016/8/19 10:00,14.60200024,5.827000141,10.05599976,3.76699996,5.177999973,1.552999973,37.14300156
2016/8/19 11:00,15.8739996,6.429999828,10.73200035,3.980000019,5.482999802,1.491999984,37.14300156
2016/8/19 12:00,17.41500092,5.69299984,10.97999954,3.730999947,5.787000179,1.613999963,37.91699982
2016/8/19 13:00,17.41500092,4.68900013,11.61999989,1.91900003,5.81799984,1.401000023,37.2140007
2016/8/19 14:00,16.27599907,4.152999878,10.5539999,1.315000057,5.147999763,1.401000023,36.86199951
2016/8/19 15:00,15.73999977,5.492000103,10.66100025,4.19299984,5.026000023,1.371000051,38.76100159
2016/8/19 16:00,14.73600006,5.559000015,9.701000214,3.019999981,4.994999886,1.613999963,39.04299927
2016/8/19 17:00,14.19999981,5.357999802,9.204000473,3.019999981,5.026000023,1.432000041,38.54999924
2016/8/19 18:00,13.26200008,4.68900013,8.456999779,2.594000101,4.782000065,1.491999984,36.08800125
2016/8/19 19:00,16.1420002,4.756000042,10.09200001,2.381000042,6.122000217,1.491999984,35.80699921
2016/8/19 20:00,20.02700043,4.487999916,12.57900047,1.527999997,7.522999763,1.76699996,34.75099945
2016/8/19 21:00,19.02199936,4.152999878,12.15299988,1.421000004,7.28000021,1.797000051,33.8370018
2016/8/19 22:00,22.70599937,8.572999954,16.16799927,4.547999859,6.335000038,1.613999963,34.61100006
2016/8/19 23:00,23.6439991,6.96600008,17.3409996,4.19299984,5.787000179,1.552999973,33.8370018
2016/8/20 00:00,19.75900078,6.429999828,14.81799984,3.980000019,5.238999844,1.432000041,35.38499832
2016/8/20 01:00,19.95999908,6.229000092,15.42199993,3.872999907,4.782000065,1.309999943,34.89199829
2016/8/20 02:00,17.81699944,5.357999802,13.50300026,2.984999895,4.447000027,1.218000054,35.03300095
2016/8/20 03:00,17.28100014,5.492000103,12.82800007,2.700999975,4.142000198,1.279000044,33.8370018
2016/8/20 04:00,15.8739996,6.497000217,12.29500008,4.370999813,3.806999922,1.279000044,34.18899918
2016/8/20 05:00,14.2670002,4.622000217,10.8739996,2.594000101,3.625,1.279000044,33.55599976
2016/8/20 06:00,15.13700008,6.429999828,11.76200008,4.263999939,3.686000109,1.156999946,32.99300003
2016/8/20 07:00,15.47200012,6.764999866,11.65499973,4.762000084,3.532999992,1.309999943,33.62599945
2016/8/20 08:00,15.53899956,7.636000156,11.65499973,5.046000004,3.654999971,1.462000012,34.75099945
2016/8/20 09:00,14.86999989,7.434999943,10.8739996,4.300000191,3.838000059,1.432000041,35.38499832
2016/8/20 10:00,17.48200035,6.831999779,12.22399998,4.903999805,4.965000153,1.523000002,36.29899979
2016/8/20 11:00,15.13700008,5.559000015,9.666000366,2.842999935,4.994999886,1.552999973,35.66600037
2016/8/20 12:00,10.31499958,4.421000004,6.005000114,2.239000082,4.295000076,1.218000054,34.68099976
2016/8/20 13:00,11.45400047,4.554999828,7.143000126,2.630000114,4.051000118,1.218000054,33.27399826
2016/8/20 14:00,10.91800022,4.019000053,6.965000153,2.486999989,4.142000198,1.309999943,32.43000031
2016/8/20 15:00,10.51599979,4.421000004,7.177999973,2.772000074,3.503000021,1.218000054,33.13299942
2016/8/20 16:00,9.711999893,3.750999928,7.320000172,2.381000042,2.802000046,0.913999975,31.375
2016/8/20 17:00,11.38700008,4.085999966,7.284999847,2.096999884,4.081999779,1.309999943,32.7820015
2016/8/20 18:00,7.903999805,2.411000013,5.578999996,1.457000017,2.28399992,0.670000017,30.53100014
2016/8/20 19:00,8.907999992,2.545000076,6.395999908,1.56400001,2.528000116,0.670000017,30.24900055
2016/8/20 20:00,12.12300014,3.214999914,8.493000031,1.953999996,3.594000101,0.760999978,27.43499947
2016/8/20 21:00,14.40100002,4.554999828,9.87899971,2.736000061,4.598999977,1.036000013,27.9279995
2016/8/20 22:00,14.40100002,5.827000141,10.19900036,3.375999928,3.868000031,1.036000013,27.78700066
2016/8/20 23:00,15.27099991,7.166999817,12.40200043,4.833000183,3.381000042,1.036000013,27.9279995
2016/8/21 00:00,14.60200024,6.296000004,11.08699989,4.263999939,3.259000063,0.975000024,27.43499947
2016/8/21 01:00,15.06999969,6.96600008,12.22399998,4.833000183,2.924000025,1.004999995,27.01300049
2016/8/21 02:00,13.79800034,6.96600008,11.15799999,4.65500021,2.772000074,1.004999995,27.71699905
2016/8/21 03:00,13.32900047,6.631000042,11.30000019,5.010000229,2.559000015,0.975000024,28.20899963
2016/8/21 04:00,13.06099987,5.625999928,10.05599976,3.802000046,2.315000057,0.913999975,28.91300011
2016/8/21 05:00,11.92199993,3.013999939,9.451999664,1.70599997,2.345000029,0.883000016,28.06800079
2016/8/21 06:00,13.4630003,4.085999966,11.05099964,2.273999929,2.680000067,0.913999975,26.5909996
2016/8/21 07:00,13.32900047,4.822999954,10.16300011,3.233999968,2.559000015,1.004999995,27.43499947
2016/8/21 08:00,12.6590004,4.354000092,9.487999916,2.594000101,2.650000095,1.036000013,27.9279995
2016/8/21 09:00,10.58300018,3.08100009,7.960000038,1.63499999,2.740999937,1.126999974,28.84199905
2016/8/21 10:00,10.98499966,5.157000065,7.747000217,3.339999914,3.349999905,1.126999974,29.89699936
2016/8/21 11:00,10.98499966,4.822999954,7.532999992,2.984999895,3.806999922,0.944000006,30.24900055
2016/8/21 12:00,10.18099976,4.421000004,6.965000153,2.523000002,3.319999933,1.065999985,30.31999969
2016/8/21 13:00,11.31999969,4.421000004,7.071000099,2.630000114,3.654999971,1.097000003,30.67099953
2016/8/21 14:00,11.18599987,4.152999878,7.143000126,2.594000101,3.532999992,1.156999946,31.09300041
2016/8/21 15:00,10.91800022,4.756000042,7.071000099,2.630000114,3.229000092,1.065999985,30.38999939
2016/8/21 16:00,9.979999542,3.951999903,6.857999802,2.273999929,3.167999983,1.156999946,31.02300072
2016/8/21 17:00,10.18099976,3.818000078,6.644999981,2.309999943,3.503000021,1.126999974,30.38999939
2016/8/21 18:00,9.376999855,3.750999928,5.791999817,2.273999929,3.349999905,1.065999985,28.91300011
2016/8/21 19:00,9.979999542,3.684000015,6.361000061,2.309999943,3.471999884,0.975000024,28.9829998
2016/8/21 20:00,14.53499985,4.487999916,9.23900032,2.594000101,5.300000191,1.156999946,27.78700066
2016/8/21 21:00,14.60200024,4.085999966,10.27000046,2.664999962,4.659999847,1.036000013,27.50600052
2016/8/21 22:00,14.53499985,3.818000078,10.16300011,2.096999884,4.111999989,1.126999974,27.99799919
2016/8/21 23:00,15.73999977,5.022999763,11.65499973,3.163000107,3.594000101,1.097000003,27.71699905
2016/8/22 00:00,20.02700043,6.831999779,14.0010004,4.157999992,5.756999969,1.613999963,27.50600052
2016/8/22 01:00,19.15600014,6.162000179,13.43200016,4.406000137,5.361000061,1.491999984,27.43499947
2016/8/22 02:00,18.08499908,6.429999828,12.47299957,4.122000217,5.026000023,1.462000012,28.9829998
2016/8/22 03:00,16.20899963,6.229000092,11.40699959,3.447000027,5.026000023,1.552999973,27.78700066
2016/8/22 04:00,17.88400078,5.625999928,12.86400032,3.660000086,4.965000153,1.583999991,29.89699936
2016/8/22 05:00,15.80700016,4.889999866,10.6960001,3.092000008,4.507999897,1.340000033,29.54599953
2016/8/22 06:00,15.80700016,5.157000065,11.22900009,3.055999994,4.751999855,1.401000023,29.96800041
2016/8/22 07:00,13.86499977,6.631000042,8.812999725,3.944000006,4.598999977,1.583999991,29.0529995
2016/8/22 08:00,9.845999718,4.554999828,7.888999939,3.625,1.91900003,0.822000027,23.49600029
2016/8/22 09:00,8.640000343,4.554999828,6.395999908,3.269000053,1.980000019,0.822000027,25.39500046
2016/8/22 10:00,10.85099983,5.425000191,7.106999874,3.482000113,3.229000092,1.218000054,28.35000038
2016/8/22 11:00,10.51599979,4.152999878,7.355999947,2.948999882,2.954999924,1.036000013,29.12400055
2016/8/22 12:00,9.376999855,4.287000179,6.928999901,2.664999962,2.680000067,0.944000006,29.82699966
2016/8/22 13:00,9.175999641,4.421000004,6.822999954,2.451999903,2.772000074,1.004999995,29.47500038
2016/8/22 14:00,9.711999893,4.421000004,6.395999908,2.345000029,2.832999945,1.097000003,28.70199966
2016/8/22 15:00,8.975000381,3.818000078,6.361000061,2.630000114,2.772000074,1.004999995,29.12400055
2016/8/22 16:00,8.907999992,4.152999878,6.254000187,2.842999935,2.618999958,1.004999995,28.84199905
2016/8/22 17:00,10.04699993,4.287000179,6.681000233,2.772000074,3.381000042,1.279000044,28.77199936
2016/8/22 18:00,8.907999992,3.88499999,5.862999916,2.415999889,3.015000105,1.097000003,28.13899994
2016/8/22 19:00,10.71700001,4.019000053,7.0,2.451999903,3.71600008,1.097000003,27.01300049
2016/8/22 20:00,12.52499962,4.019000053,8.137999535,2.486999989,4.355999947,1.097000003,26.66200066
2016/8/22 21:00,13.32900047,4.354000092,9.487999916,2.594000101,3.928999901,0.975000024,26.73200035
2016/8/22 22:00,13.59700012,3.750999928,10.02099991,2.061000109,3.289999962,1.036000013,27.15399933
2016/8/22 23:00,13.86499977,3.549999952,10.9090004,2.594000101,3.046000004,0.975000024,26.80200005
2016/8/23 00:00,14.13300037,4.287000179,11.54899979,3.127000093,2.772000074,0.975000024,27.15399933
2016/8/23 01:00,14.33399963,4.889999866,12.33100033,2.914000034,2.528000116,0.852999985,27.01300049
2016/8/23 02:00,14.06599998,4.756000042,11.33600044,2.594000101,2.497999907,0.883000016,27.01300049
2016/8/23 03:00,13.32900047,6.497000217,10.94499969,4.263999939,2.253999949,0.852999985,26.73200035
2016/8/23 04:00,13.59700012,6.497000217,10.8380003,5.046000004,2.163000107,0.822000027,26.66200066
2016/8/23 05:00,11.18599987,5.425000191,9.416999817,3.980000019,2.131999969,0.731000006,26.80200005
2016/8/23 06:00,13.52999973,6.162000179,10.80300045,4.584000111,2.588999987,0.822000027,26.30999947
2016/8/23 07:00,11.98900032,6.09499979,9.31000042,4.547999859,2.375999928,0.975000024,26.5909996
2016/8/23 08:00,12.39099979,5.894000053,9.345999718,4.051000118,2.437000036,1.004999995,28.06800079
2016/8/23 09:00,9.979999542,4.956999779,6.822999954,3.055999994,2.497999907,1.065999985,28.27899933
2016/8/23 10:00,11.05200005,5.625999928,7.747000217,3.163000107,3.411000013,1.097000003,28.35000038
2016/8/23 11:00,12.39099979,5.492000103,8.883999825,3.696000099,3.532999992,1.036000013,29.54599953
2016/8/23 12:00,11.05200005,4.421000004,7.106999874,2.559000015,3.503000021,1.279000044,29.61599922
2016/8/23 13:00,12.12300014,4.956999779,7.639999866,3.092000008,3.654999971,1.065999985,30.53100014
2016/8/23 14:00,11.78800011,4.889999866,7.604000092,2.914000034,3.532999992,1.036000013,31.86700058
2016/8/23 15:00,10.98499966,4.822999954,7.994999886,3.127000093,3.349999905,1.248999953,32.14899826
2016/8/23 16:00,10.58300018,4.622000217,7.427000046,2.630000114,3.229000092,1.187999964,33.13299942
2016/8/23 17:00,10.64999962,5.022999763,7.284999847,3.092000008,3.411000013,1.156999946,32.85200119
2016/8/23 18:00,9.779000282,3.88499999,6.467000008,2.345000029,3.319999933,1.065999985,31.51499939
2016/8/23 19:00,11.25300026,3.951999903,7.284999847,2.273999929,3.928999901,1.156999946,30.88199997
2016/8/23 20:00,15.60599995,5.559000015,10.12699986,3.163000107,5.573999882,1.036000013,29.68600082
2016/8/23 21:00,14.13300037,4.956999779,9.097000122,2.878000021,4.994999886,1.248999953,29.75699997
2016/8/23 22:00,13.73099995,6.09499979,9.666000366,3.90899992,4.172999859,1.187999964,29.47500038
2016/8/23 23:00,13.39599991,6.09499979,10.02099991,4.086999893,3.625,1.065999985,29.47500038
2016/8/24 00:00,14.46800041,6.027999878,11.58399963,4.833000183,3.107000113,1.065999985,28.91300011
2016/8/24 01:00,13.59700012,6.362999916,10.4119997,4.619999886,3.441999912,1.065999985,28.27899933
2016/8/24 02:00,11.98900032,5.760000229,9.451999664,3.944000006,2.650000095,0.852999985,28.20899963
2016/8/24 03:00,12.39099979,6.497000217,10.12699986,4.868000031,2.588999987,0.944000006,27.50600052
2016/8/24 04:00,10.04699993,5.022999763,7.320000172,3.233999968,2.497999907,0.944000006,27.29500008
2016/8/24 05:00,11.92199993,5.960999966,9.026000023,4.051000118,2.618999958,0.944000006,26.87299919
2016/8/24 06:00,11.45400047,5.290999889,8.635000229,3.339999914,2.588999987,0.822000027,26.5909996
2016/8/24 07:00,12.12300014,6.429999828,9.737000465,4.477000237,2.437000036,1.004999995,26.94300079
2016/8/24 08:00,10.64999962,5.492000103,7.994999886,3.76699996,2.497999907,1.126999974,27.71699905
2016/8/24 09:00,10.71700001,5.559000015,7.568999767,3.802000046,2.497999907,1.065999985,28.13899994
2016/8/24 10:00,11.5880003,5.357999802,7.710999966,3.552999973,3.197999954,1.126999974,29.54599953
2016/8/24 11:00,11.72099972,4.756000042,8.137999535,3.055999994,3.77699995,1.065999985,29.61599922
2016/8/24 12:00,11.65499973,4.956999779,7.427000046,2.523000002,3.471999884,1.156999946,29.89699936
2016/8/24 13:00,13.4630003,4.554999828,8.670999527,2.700999975,4.081999779,1.126999974,30.67099953
2016/8/24 14:00,11.72099972,5.157000065,8.777000427,3.127000093,3.898999929,1.248999953,32.57099915
2016/8/24 15:00,12.85999966,5.69299984,9.204000473,3.872999907,3.594000101,1.126999974,32.99300003
2016/8/24 16:00,10.91800022,5.090000153,7.639999866,3.339999914,3.319999933,1.218000054,34.18899918
2016/8/24 17:00,10.85099983,4.756000042,7.461999893,3.305000067,3.471999884,1.126999974,33.8370018
2016/8/24 18:00,9.845999718,3.951999903,6.502999783,2.451999903,3.289999962,1.065999985,31.79700089
2016/8/24 19:00,10.7840004,3.684000015,7.106999874,2.239000082,3.71600008,1.248999953,31.23399925
2016/8/24 20:00,15.06999969,4.622000217,9.666000366,2.700999975,5.300000191,1.156999946,30.17900085
2016/8/24 21:00,13.79800034,4.622000217,8.598999977,2.806999922,5.177999973,1.340000033,29.47500038
2016/8/24 22:00,15.13700008,6.429999828,11.76200008,4.406000137,4.081999779,1.097000003,29.19400024
2016/8/24 23:00,15.40499973,3.818000078,11.90400028,2.203000069,3.503000021,1.004999995,28.42000008
2016/8/25 00:00,17.28100014,5.559000015,12.47299957,2.984999895,5.604000092,1.583999991,28.06800079
2016/8/25 01:00,16.07500076,4.152999878,10.51799965,2.061000109,5.238999844,1.432000041,27.36499977
2016/8/25 02:00,13.79800034,3.348999977,9.097000122,1.63499999,4.873000145,1.371000051,27.15399933
2016/8/25 03:00,13.59700012,5.760000229,9.345999718,3.76699996,4.630000114,1.340000033,26.80200005
2016/8/25 04:00,12.99400043,5.69299984,8.598999977,3.269000053,4.447000027,1.248999953,26.30999947
2016/8/25 05:00,13.59700012,5.492000103,8.847999573,3.411000013,4.538000107,1.309999943,26.5909996
2016/8/25 06:00,13.79800034,5.960999966,9.23900032,3.90899992,4.507999897,1.218000054,26.23900032
2016/8/25 07:00,15.27099991,5.090000153,10.02099991,2.273999929,4.477000237,1.432000041,27.9279995
2016/8/25 08:00,10.58300018,3.348999977,8.777000427,2.594000101,2.28399992,0.944000006,28.63100052
2016/8/25 09:00,10.51599979,5.559000015,7.390999794,3.163000107,2.467000008,0.944000006,29.61599922
2016/8/25 10:00,11.38700008,5.492000103,7.747000217,3.163000107,3.075999975,1.065999985,32.14899826
2016/8/25 11:00,11.5880003,5.223999977,7.994999886,3.019999981,3.594000101,1.065999985,31.65600014
2016/8/25 12:00,10.58300018,4.019000053,7.249000072,2.486999989,3.289999962,1.004999995,31.58600044
2016/8/25 13:00,12.72599983,4.956999779,8.527999878,2.664999962,3.806999922,1.036000013,33.06299973
2016/8/25 14:00,11.85499954,5.492000103,8.208999634,3.517999887,3.77699995,1.248999953,33.20399857
2016/8/25 15:00,12.45800018,4.822999954,8.244000435,3.055999994,3.746000051,1.340000033,32.85200119
2016/8/25 16:00,10.85099983,4.152999878,7.390999794,2.630000114,3.381000042,1.248999953,33.9070015
2016/8/25 17:00,11.05200005,4.68900013,7.498000145,2.948999882,3.594000101,1.097000003,33.69599915
2016/8/25 18:00,10.24800014,4.21999979,6.71600008,2.630000114,3.532999992,1.156999946,32.14899826
2016/8/25 19:00,12.32400036,4.287000179,8.031000137,2.381000042,4.355999947,1.156999946,31.86700058
2016/8/25 20:00,16.00799942,3.08100009,10.19900036,1.172999978,5.725999832,1.126999974,30.31999969
2016/8/25 21:00,16.47699928,4.622000217,11.51299953,2.559000015,4.873000145,1.187999964,30.17900085
2016/8/25 22:00,16.00799942,4.152999878,12.15299988,2.025000095,4.111999989,1.097000003,29.82699966
2016/8/25 23:00,16.47699928,5.157000065,12.64999962,3.588999987,3.77699995,1.248999953,28.77199936
2016/8/26 00:00,18.01799965,6.09499979,14.3920002,3.90899992,3.532999992,1.126999974,28.70199966
2016/8/26 01:00,16.54400063,5.625999928,13.96500015,3.517999887,3.107000113,0.944000006,28.13899994
2016/8/26 02:00,15.53899956,4.554999828,12.79300022,2.948999882,2.588999987,0.883000016,27.64599991
2016/8/26 03:00,15.3380003,7.301000118,13.25500011,5.188000202,2.375999928,0.822000027,27.85700035
2016/8/26 04:00,15.73999977,5.290999889,13.04100037,3.197999954,2.650000095,0.883000016,27.43499947
2016/8/26 05:00,14.86999989,6.96600008,12.40200043,4.619999886,2.772000074,0.913999975,26.66200066
2016/8/26 06:00,13.73099995,5.625999928,11.44200039,4.263999939,2.437000036,0.852999985,26.02799988
2016/8/26 07:00,11.72099972,5.760000229,9.843000412,4.014999866,2.00999999,0.913999975,25.32500076
2016/8/26 08:00,10.31499958,6.162000179,8.421999931,4.833000183,1.888000011,0.852999985,25.6060009
2016/8/26 09:00,9.444000244,5.760000229,7.249000072,4.300000191,2.315000057,1.036000013,26.80200005
2016/8/26 10:00,10.18099976,5.022999763,6.502999783,3.375999928,2.710999966,1.279000044,26.80200005
2016/8/26 11:00,9.109000206,4.956999779,6.395999908,3.055999994,2.832999945,1.097000003,27.36499977
2016/8/26 12:00,7.636000156,3.818000078,4.93900013,2.309999943,2.163000107,0.975000024,26.52099991
2016/8/26 13:00,8.171999931,3.684000015,5.295000076,2.594000101,2.345000029,1.036000013,27.43499947
2016/8/26 14:00,7.568999767,4.354000092,5.117000103,2.486999989,2.772000074,1.097000003,27.78700066
2016/8/26 15:00,7.368000031,4.085999966,5.578999996,2.736000061,1.888000011,0.883000016,27.08399963
2016/8/26 16:00,6.764999866,3.750999928,4.762000084,2.594000101,2.040999889,0.944000006,27.36499977
2016/8/26 17:00,7.636000156,3.415999889,5.081999779,2.309999943,2.497999907,1.004999995,25.81699944
2016/8/26 18:00,6.296000004,3.08100009,4.441999912,2.025000095,1.888000011,0.700999975,24.62100029
2016/8/26 19:00,6.296000004,2.477999926,4.441999912,1.56400001,1.76699996,0.547999978,23.84799957
2016/8/26 20:00,6.96600008,2.611999989,5.010000229,1.883000016,1.980000019,0.547999978,23.4260006
2016/8/26 21:00,7.434999943,2.545000076,4.868000031,0.816999972,2.559000015,0.883000016,23.00300026
2016/8/26 22:00,11.05200005,4.152999878,8.847999573,3.269000053,2.193000078,0.852999985,22.37000084
2016/8/26 23:00,11.25300026,3.08100009,9.630000114,1.70599997,2.163000107,1.004999995,22.0890007
2016/8/27 00:00,15.47200012,5.357999802,10.7670002,2.806999922,4.598999977,1.491999984,22.86300087
2016/8/27 01:00,15.13700008,4.354000092,10.51799965,3.019999981,4.295000076,1.462000012,23.63699913
2016/8/27 02:00,15.06999969,6.429999828,11.12199974,4.335000038,4.172999859,1.371000051,23.28499985
2016/8/27 03:00,15.20400047,6.631000042,11.15799999,4.796999931,4.111999989,1.340000033,23.21500015
2016/8/27 04:00,14.40100002,5.625999928,10.44699955,3.944000006,4.355999947,1.401000023,23.35499954
2016/8/27 05:00,16.94599915,5.492000103,12.29500008,2.984999895,4.447000027,1.309999943,23.0739994
2016/8/27 06:00,18.21899986,7.501999855,12.79300022,5.188000202,5.086999893,1.613999963,23.1439991
2016/8/27 07:00,14.19999981,4.822999954,9.131999969,2.309999943,4.782000065,1.85800004,23.56599998
2016/8/27 08:00,12.12300014,4.085999966,9.204000473,2.594000101,2.467000008,1.340000033,23.84799957
2016/8/27 09:00,9.51099968,3.148000002,6.857999802,1.350000024,2.345000029,1.340000033,25.25499916
2016/8/27 10:00,9.711999893,4.421000004,6.43200016,3.375999928,2.618999958,1.248999953,26.30999947
2016/8/27 11:00,9.31000042,4.68900013,6.361000061,2.451999903,3.229000092,1.065999985,26.66200066
2016/8/27 12:00,7.301000118,3.951999903,5.188000202,2.486999989,2.375999928,1.065999985,27.50600052
2016/8/27 13:00,7.368000031,3.617000103,4.93900013,2.451999903,2.345000029,1.187999964,27.57600021
2016/8/27 14:00,8.171999931,4.68900013,5.436999798,2.664999962,2.345000029,1.218000054,28.49099922
2016/8/27 15:00,8.23900032,3.88499999,5.295000076,2.381000042,2.193000078,1.065999985,28.20899963
2016/8/27 16:00,7.234000206,3.88499999,4.833000183,2.948999882,2.315000057,1.036000013,27.71699905
2016/8/27 17:00,8.305999756,4.21999979,5.543000221,2.664999962,2.710999966,1.036000013,27.71699905
2016/8/27 18:00,7.568999767,3.750999928,5.010000229,2.415999889,2.528000116,1.004999995,26.52099991
2016/8/27 19:00,6.631000042,3.282000065,4.335000038,2.061000109,2.253999949,0.975000024,26.02799988
2016/8/27 20:00,7.501999855,3.282000065,5.081999779,2.239000082,2.315000057,0.822000027,25.18400002
2016/8/27 21:00,7.166999817,2.678999901,4.65500021,1.491999984,2.467000008,0.913999975,24.34000015
2016/8/27 22:00,9.109000206,3.951999903,6.610000134,2.700999975,2.101999998,0.852999985,24.27000046
2016/8/27 23:00,10.91800022,5.223999977,8.598999977,3.411000013,2.163000107,0.913999975,23.98800087
2016/8/28 00:00,9.51099968,4.822999954,7.071000099,3.625,1.888000011,0.760999978,23.84799957
2016/8/28 01:00,8.505999565,4.421000004,6.076000214,2.664999962,1.735999942,0.731000006,23.49600029
2016/8/28 02:00,6.56400013,3.818000078,5.401000023,2.523000002,1.613999963,0.700999975,22.29999924
2016/8/28 03:00,7.368000031,3.415999889,5.828000069,2.878000021,1.583999991,0.731000006,22.1590004
2016/8/28 04:00,8.104999542,3.348999977,5.899000168,2.806999922,1.613999963,0.639999986,22.29999924
2016/8/28 05:00,7.836999893,4.085999966,6.289999962,2.486999989,1.85800004,0.670000017,20.96299934
2016/8/28 06:00,8.171999931,3.148000002,6.005000114,2.239000082,2.497999907,0.822000027,20.32999992
2016/8/28 07:00,9.444000244,4.287000179,6.928999901,3.092000008,2.618999958,1.065999985,21.66699982
2016/8/28 08:00,8.975000381,3.282000065,5.899000168,1.031000018,2.650000095,1.156999946,22.58099937
2016/8/28 09:00,8.43900013,4.756000042,5.258999825,2.948999882,2.497999907,1.156999946,25.32500076
2016/8/28 10:00,9.845999718,5.022999763,6.183000088,2.772000074,3.289999962,1.371000051,26.80200005
2016/8/28 11:00,9.578000069,4.956999779,6.822999954,3.233999968,2.984999895,1.248999953,26.80200005
2016/8/28 12:00,6.96600008,3.348999977,4.547999859,1.812000036,2.315000057,0.975000024,26.80200005
2016/8/28 13:00,8.43900013,4.085999966,5.578999996,2.878000021,2.467000008,1.097000003,27.57600021
2016/8/28 14:00,8.505999565,4.756000042,5.791999817,2.594000101,2.253999949,1.156999946,29.0529995
2016/8/28 15:00,6.831999779,3.348999977,4.690999985,2.594000101,2.131999969,1.097000003,28.91300011
2016/8/28 16:00,7.301000118,4.085999966,4.974999905,2.630000114,2.253999949,1.004999995,30.24900055
2016/8/28 17:00,7.903999805,3.750999928,5.223999977,2.381000042,2.740999937,1.036000013,30.24900055
2016/8/28 18:00,7.703000069,3.48300004,4.93900013,2.239000082,2.680000067,1.065999985,29.0529995
2016/8/28 19:00,6.96600008,3.08100009,4.547999859,1.91900003,2.375999928,0.944000006,27.64599991
2016/8/28 20:00,8.371999741,3.617000103,5.472000122,2.203000069,2.802000046,0.944000006,26.66200066
2016/8/28 21:00,7.368000031,3.348999977,4.903999805,2.451999903,2.375999928,0.822000027,25.81699944
2016/8/28 22:00,8.104999542,3.818000078,5.96999979,2.381000042,2.253999949,0.944000006,25.25499916
2016/8/28 23:00,8.505999565,4.354000092,5.899000168,2.594000101,2.193000078,0.944000006,24.62100029
2016/8/29 00:00,6.429999828,3.750999928,4.513000011,2.451999903,2.071000099,0.883000016,24.4810009
2016/8/29 01:00,7.703000069,3.750999928,5.899000168,2.523000002,1.949000001,0.883000016,23.98800087
2016/8/29 02:00,7.501999855,4.019000053,6.147999763,2.842999935,1.797000051,0.822000027,24.1989994
2016/8/29 03:00,7.099999905,4.019000053,4.762000084,2.736000061,1.85800004,0.852999985,23.63699913
2016/8/29 04:00,6.362999916,3.348999977,4.263999939,2.451999903,1.85800004,0.913999975,23.0739994
2016/8/29 05:00,7.368000031,3.013999939,5.258999825,2.486999989,2.071000099,0.791999996,22.58099937
2016/8/29 06:00,10.7840004,4.487999916,7.676000118,3.055999994,2.740999937,1.036000013,23.1439991
2016/8/29 07:00,8.305999756,4.756000042,5.578999996,2.523000002,2.467000008,1.218000054,23.91799927
2016/8/29 08:00,8.572999954,4.622000217,5.543000221,3.375999928,2.710999966,1.340000033,25.39500046
2016/8/29 09:00,8.975000381,5.223999977,6.254000187,3.552999973,2.740999937,1.340000033,26.66200066
2016/8/29 10:00,10.04699993,5.425000191,6.681000233,3.163000107,2.984999895,1.309999943,26.16900063
2016/8/29 11:00,9.845999718,4.756000042,6.681000233,2.948999882,3.289999962,1.309999943,25.81699944
2016/8/29 12:00,8.371999741,4.019000053,5.650000095,2.239000082,2.375999928,1.065999985,27.78700066
2016/8/29 13:00,8.774000168,4.622000217,5.828000069,2.914000034,2.528000116,1.156999946,28.42000008
2016/8/29 14:00,8.640000343,4.68900013,5.650000095,2.842999935,2.467000008,1.187999964,28.49099922
2016/8/29 15:00,8.706999779,4.756000042,5.472000122,2.948999882,2.588999987,1.187999964,29.33499908
2016/8/29 16:00,8.975000381,4.956999779,6.361000061,3.163000107,2.618999958,1.218000054,29.82699966
2016/8/29 17:00,8.774000168,4.554999828,6.361000061,2.948999882,2.710999966,1.218000054,29.26399994
2016/8/29 18:00,7.836999893,3.951999903,5.295000076,2.239000082,2.559000015,1.065999985,26.52099991
2016/8/29 19:00,7.434999943,3.148000002,4.833000183,1.953999996,2.528000116,0.944000006,26.09900093
2016/8/29 20:00,8.371999741,3.415999889,5.721000195,2.273999929,2.650000095,0.760999978,25.25499916
2016/8/29 21:00,10.38199997,3.818000078,7.427000046,2.594000101,2.375999928,0.852999985,24.5510006
2016/8/29 22:00,9.645000458,4.889999866,7.782000065,3.696000099,1.949000001,0.822000027,24.69199944
2016/8/29 23:00,10.91800022,5.625999928,8.883999825,3.802000046,1.949000001,0.913999975,24.83200073
2016/8/30 00:00,14.86999989,6.497000217,10.12699986,4.725999832,4.295000076,1.401000023,24.12899971
2016/8/30 01:00,14.66899967,7.099999905,10.3409996,4.584000111,4.081999779,1.340000033,23.91799927
2016/8/30 02:00,13.66399956,6.764999866,9.451999664,4.086999893,4.020999908,1.340000033,24.5510006
2016/8/30 03:00,13.52999973,6.296000004,9.666000366,4.014999866,3.898999929,1.309999943,24.4810009
2016/8/30 04:00,12.99400043,6.09499979,8.670999527,4.406000137,4.172999859,1.371000051,24.62100029
2016/8/30 05:00,15.06999969,6.831999779,9.949999809,4.014999866,4.751999855,1.432000041,24.62100029
2016/8/30 06:00,15.3380003,7.099999905,10.3760004,3.944000006,5.208000183,1.613999963,24.40999985
2016/8/30 07:00,16.20899963,6.027999878,11.65499973,3.375999928,4.965000153,1.76699996,24.90299988
2016/8/30 08:00,12.99400043,5.559000015,10.09200001,3.197999954,2.680000067,1.401000023,25.32500076
2016/8/30 09:00,9.779000282,4.622000217,7.284999847,3.019999981,2.375999928,1.156999946,26.52099991
2016/8/30 10:00,9.645000458,4.68900013,6.787000179,3.375999928,2.862999916,1.218000054,27.71699905
2016/8/30 11:00,9.913000107,4.756000042,7.0,3.055999994,3.015000105,1.126999974,27.78700066
2016/8/30 12:00,8.43900013,3.88499999,5.401000023,2.167999983,2.345000029,0.944000006,28.27899933
2016/8/30 13:00,8.572999954,4.354000092,6.324999809,2.914000034,2.223999977,1.004999995,28.70199966
2016/8/30 14:00,8.505999565,4.822999954,5.791999817,3.163000107,2.253999949,1.065999985,30.31999969
2016/8/30 15:00,7.903999805,4.68900013,6.111999989,3.588999987,2.223999977,1.097000003,30.03800011
2016/8/30 16:00,7.903999805,4.554999828,5.436999798,2.984999895,2.437000036,1.218000054,30.53100014
2016/8/30 17:00,8.907999992,4.421000004,5.899000168,3.019999981,2.772000074,1.248999953,30.31999969
2016/8/30 18:00,8.104999542,4.085999966,5.366000175,2.664999962,2.680000067,1.097000003,28.77199936
2016/8/30 19:00,7.769999981,3.617000103,5.188000202,2.167999983,2.588999987,1.036000013,26.87299919
2016/8/30 20:00,8.572999954,3.88499999,5.899000168,2.594000101,2.559000015,0.883000016,25.95800018
2016/8/30 21:00,9.51099968,3.617000103,7.532999992,2.523000002,2.253999949,0.852999985,25.25499916
2016/8/30 22:00,11.45400047,5.290999889,9.31000042,4.513000011,2.101999998,0.760999978,24.83200073
2016/8/30 23:00,12.79300022,3.818000078,10.9090004,2.273999929,1.949000001,0.791999996,24.40999985
2016/8/31 00:00,13.79800034,4.622000217,12.36600018,3.055999994,1.85800004,0.822000027,25.04400063
2016/8/31 01:00,13.79800034,4.622000217,12.36600018,3.055999994,1.85800004,0.822000027,25.04400063
2016/8/31 02:00,13.79800034,4.622000217,12.36600018,3.055999994,1.85800004,0.822000027,25.04400063
2016/8/31 03:00,13.79800034,4.622000217,12.36600018,3.055999994,1.85800004,0.822000027,25.04400063
2016/8/31 04:00,13.79800034,4.622000217,12.36600018,3.055999994,1.85800004,0.822000027,25.04400063
2016/8/31 05:00,13.79800034,4.622000217,12.36600018,3.055999994,1.85800004,0.822000027,25.04400063
2016/8/31 06:00,13.79800034,4.622000217,12.36600018,3.055999994,1.85800004,0.822000027,25.04400063
2016/8/31 07:00,13.79800034,4.622000217,12.36600018,3.055999994,1.85800004,0.822000027,25.04400063
2016/8/31 08:00,13.79800034,4.622000217,12.36600018,3.055999994,1.85800004,0.822000027,25.04400063
2016/8/31 09:00,13.79800034,4.622000217,12.36600018,3.055999994,1.85800004,0.822000027,25.04400063
2016/8/31 10:00,13.79800034,4.622000217,12.36600018,3.055999994,1.85800004,0.822000027,25.04400063
2016/8/31 11:00,13.79800034,4.622000217,12.36600018,3.055999994,1.85800004,0.822000027,25.04400063
2016/8/31 12:00,13.79800034,4.622000217,12.36600018,3.055999994,1.85800004,0.822000027,25.04400063
2016/8/31 13:00,13.79800034,4.622000217,12.36600018,3.055999994,1.85800004,0.822000027,25.04400063
2016/8/31 14:00,13.79800034,4.622000217,12.36600018,3.055999994,1.85800004,0.822000027,25.04400063
2016/8/31 15:00,13.79800034,4.622000217,12.36600018,3.055999994,1.85800004,0.822000027,25.04400063
2016/8/31 16:00,13.79800034,4.622000217,12.36600018,3.055999994,1.85800004,0.822000027,25.04400063
2016/8/31 17:00,13.79800034,4.622000217,12.36600018,3.055999994,1.85800004,0.822000027,25.04400063
2016/8/31 18:00,13.79800034,4.622000217,12.36600018,3.055999994,1.85800004,0.822000027,25.04400063
2016/8/31 19:00,13.79800034,4.622000217,12.36600018,3.055999994,1.85800004,0.822000027,25.04400063
2016/8/31 20:00,13.79800034,4.622000217,12.36600018,3.055999994,1.85800004,0.822000027,25.04400063
2016/8/31 21:00,13.79800034,4.622000217,12.36600018,3.055999994,1.85800004,0.822000027,25.04400063
2016/8/31 22:00,13.79800034,4.622000217,12.36600018,3.055999994,1.85800004,0.822000027,25.04400063
2016/8/31 23:00,13.79800034,4.622000217,12.36600018,3.055999994,1.85800004,0.822000027,25.04400063
2016/9/1 00:00,16.00799942,7.234000206,10.8739996,4.619999886,4.538000107,1.552999973,26.30999947
2016/9/1 01:00,14.53499985,6.229000092,9.701000214,4.051000118,4.295000076,1.797000051,25.88800049
2016/9/1 02:00,14.40100002,4.487999916,9.772000313,2.061000109,4.477000237,1.583999991,25.74699974
2016/9/1 03:00,14.60200024,6.429999828,10.30500031,4.370999813,4.324999809,1.523000002,25.39500046
2016/9/1 04:00,12.32400036,5.157000065,8.598999977,3.305000067,4.324999809,1.552999973,25.25499916
2016/9/1 05:00,13.86499977,6.229000092,9.23900032,4.122000217,4.782000065,1.552999973,25.11400032
2016/9/1 06:00,14.60200024,4.287000179,9.737000465,1.457000017,5.147999763,1.735999942,24.69199944
2016/9/1 07:00,15.8739996,5.894000053,10.66100025,3.339999914,5.086999893,1.91900003,25.32500076
2016/9/1 08:00,10.38199997,3.549999952,7.214000225,1.84800005,2.680000067,1.401000023,26.30999947
2016/9/1 09:00,9.51099968,3.684000015,6.822999954,2.096999884,2.710999966,1.309999943,27.36499977
2016/9/1 10:00,10.18099976,3.818000078,7.0,1.315000057,3.046000004,1.401000023,28.70199966
2016/9/1 11:00,10.7840004,3.818000078,7.320000172,1.527999997,3.319999933,1.309999943,27.36499977
2016/9/1 12:00,8.774000168,4.487999916,6.005000114,2.772000074,2.437000036,1.126999974,27.71699905
2016/9/1 13:00,8.171999931,3.818000078,5.791999817,2.486999989,2.405999899,0.944000006,28.9829998
2016/9/1 14:00,8.43900013,3.951999903,5.828000069,2.630000114,2.467000008,1.218000054,30.53100014
2016/9/1 15:00,9.243000031,3.617000103,6.928999901,1.527999997,2.650000095,1.187999964,30.53100014
2016/9/1 16:00,9.51099968,3.48300004,6.610000134,1.598999977,2.650000095,1.613999963,30.74200058
2016/9/1 17:00,9.444000244,3.08100009,6.467000008,1.491999984,2.924000025,1.218000054,30.31999969
2016/9/1 18:00,8.305999756,4.152999878,5.68599987,2.736000061,2.650000095,1.097000003,30.10899925
2016/9/1 19:00,8.907999992,3.88499999,5.828000069,2.345000029,2.954999924,1.036000013,29.0529995
2016/9/1 20:00,9.779000282,3.818000078,6.573999882,2.381000042,3.259000063,1.065999985,28.42000008
2016/9/1 21:00,9.041999817,3.214999914,5.934000015,1.84800005,3.046000004,1.097000003,27.85700035
2016/9/1 22:00,9.31000042,4.287000179,6.183000088,2.381000042,2.862999916,1.065999985,27.64599991
2016/9/1 23:00,10.7840004,5.090000153,7.960000038,3.980000019,2.345000029,0.975000024,26.94300079
2016/9/2 00:00,12.12300014,6.09499979,9.451999664,3.980000019,2.28399992,1.065999985,26.80200005
2016/9/2 01:00,10.91800022,5.69299984,8.208999634,3.90899992,2.253999949,1.004999995,26.30999947
2016/9/2 02:00,10.51599979,5.760000229,8.56400013,4.086999893,2.163000107,1.036000013,25.95800018
2016/9/2 03:00,9.578000069,4.956999779,7.853000164,3.233999968,2.071000099,1.004999995,25.4659996
2016/9/2 04:00,10.38199997,4.822999954,8.56400013,3.447000027,1.949000001,0.944000006,24.90299988
2016/9/2 05:00,11.05200005,5.559000015,9.131999969,4.051000118,2.040999889,0.852999985,24.40999985
2016/9/2 06:00,12.52499962,3.951999903,9.23900032,2.309999943,2.710999966,1.004999995,24.1989994
2016/9/2 07:00,11.05200005,3.818000078,8.350999832,2.096999884,2.680000067,1.371000051,24.62100029
2016/9/2 08:00,10.91800022,4.554999828,8.456999779,2.594000101,2.832999945,1.462000012,24.83200073
2016/9/2 09:00,10.31499958,6.362999916,7.604000092,3.944000006,2.954999924,1.462000012,26.23900032
2016/9/2 10:00,10.7840004,6.296000004,7.532999992,3.838000059,3.107000113,1.491999984,28.06800079
2016/9/2 11:00,10.31499958,5.290999889,7.390999794,3.872999907,3.289999962,1.340000033,27.71699905
2016/9/2 12:00,8.907999992,4.554999828,5.543000221,2.167999983,2.862999916,1.309999943,28.56100082
2016/9/2 13:00,9.243000031,4.554999828,6.040999889,2.630000114,2.954999924,1.309999943,29.19400024
2016/9/2 14:00,8.975000381,5.290999889,6.040999889,3.127000093,3.075999975,1.371000051,31.72599983
2016/9/2 15:00,9.845999718,5.223999977,6.610000134,3.127000093,2.894000053,1.309999943,31.51499939
2016/9/2 16:00,9.444000244,4.354000092,6.538000107,2.878000021,2.832999945,1.340000033,31.72599983
2016/9/2 17:00,9.51099968,4.68900013,6.43200016,3.019999981,3.075999975,1.248999953,32.57099915
2016/9/2 18:00,8.774000168,4.287000179,5.756999969,2.664999962,2.984999895,1.218000054,30.17900085
2016/9/2 19:00,9.376999855,4.085999966,6.218999863,2.486999989,3.107000113,1.097000003,28.13899994
2016/9/2 20:00,10.18099976,4.085999966,6.681000233,2.523000002,3.441999912,1.156999946,27.50600052
2016/9/2 21:00,9.109000206,3.415999889,6.040999889,2.061000109,3.015000105,1.097000003,27.22400093
2016/9/2 22:00,10.38199997,4.889999866,7.994999886,3.375999928,2.528000116,1.036000013,26.87299919
2016/9/2 23:00,11.85499954,5.425000191,9.131999969,3.411000013,2.559000015,1.097000003,27.15399933
2016/9/3 00:00,12.6590004,5.69299984,7.853000164,3.127000093,4.813000202,1.735999942,26.66200066
2016/9/3 01:00,15.94099998,7.368000031,11.33600044,4.833000183,4.568999767,1.644999981,26.45000076
2016/9/3 02:00,14.40100002,6.764999866,9.772000313,4.441999912,4.447000027,1.583999991,26.09900093
2016/9/3 03:00,12.85999966,6.497000217,8.173000336,4.086999893,4.507999897,1.583999991,25.95800018
2016/9/3 04:00,14.06599998,5.69299984,8.777000427,3.944000006,4.598999977,1.674999952,26.16900063
2016/9/3 05:00,14.93700027,6.899000168,9.913999557,4.300000191,4.630000114,1.644999981,26.23900032
2016/9/3 06:00,16.87899971,7.301000118,11.76200008,4.65500021,5.421999931,1.827999949,25.95800018
2016/9/3 07:00,13.9989996,6.899000168,9.416999817,4.441999912,5.117000103,1.827999949,27.01300049
2016/9/3 08:00,8.43900013,5.69299984,6.040999889,3.517999887,2.710999966,1.523000002,27.71699905
2016/9/3 09:00,9.31000042,5.760000229,6.822999954,3.802000046,2.832999945,1.432000041,28.20899963
2016/9/3 10:00,11.05200005,5.625999928,7.320000172,3.90899992,3.259000063,1.432000041,28.91300011
2016/9/3 11:00,10.7840004,4.956999779,7.320000172,3.127000093,3.471999884,1.401000023,29.75699997
2016/9/3 12:00,9.979999542,4.822999954,6.894000053,3.375999928,2.772000074,1.126999974,30.67099953
2016/9/3 13:00,10.71700001,5.157000065,7.071000099,2.772000074,2.954999924,1.248999953,30.95299911
2016/9/3 14:00,9.578000069,5.090000153,6.928999901,3.696000099,2.772000074,1.340000033,30.10899925
2016/9/3 15:00,8.840999603,5.223999977,6.610000134,3.092000008,2.650000095,1.218000054,30.31999969
2016/9/3 16:00,8.774000168,4.889999866,6.395999908,3.696000099,2.618999958,1.218000054,30.81200027
2016/9/3 17:00,9.31000042,4.822999954,6.43200016,3.163000107,2.954999924,1.309999943,30.81200027
2016/9/3 18:00,7.903999805,4.019000053,5.258999825,2.700999975,2.650000095,1.097000003,28.84199905
2016/9/3 19:00,9.041999817,3.549999952,5.96999979,2.167999983,3.015000105,1.004999995,28.20899963
2016/9/3 20:00,9.444000244,3.549999952,6.289999962,2.131999969,3.046000004,0.944000006,28.06800079
2016/9/3 21:00,10.51599979,4.152999878,7.676000118,2.451999903,2.740999937,0.913999975,27.78700066
2016/9/3 22:00,10.38199997,4.354000092,7.81799984,2.914000034,2.375999928,0.944000006,27.50600052
2016/9/3 23:00,12.05599976,5.223999977,8.989999771,3.872999907,2.467000008,1.065999985,27.36499977
2016/9/4 00:00,11.11900043,4.822999954,8.954999924,3.90899992,2.345000029,1.036000013,27.01300049
2016/9/4 01:00,11.31999969,5.157000065,9.630000114,4.513000011,2.071000099,0.913999975,26.73200035
2016/9/4 02:00,11.72099972,4.956999779,8.989999771,3.944000006,2.071000099,0.944000006,26.5909996
2016/9/4 03:00,11.5880003,5.69299984,9.559000015,3.980000019,1.888000011,0.883000016,26.09900093
2016/9/4 04:00,10.38199997,5.157000065,8.421999931,3.233999968,1.980000019,0.883000016,25.81699944
2016/9/4 05:00,11.11900043,4.822999954,9.23900032,3.339999914,2.040999889,0.852999985,25.81699944
2016/9/4 06:00,13.19499969,6.027999878,10.73200035,3.944000006,2.710999966,1.004999995,25.95800018
2016/9/4 07:00,11.72099972,4.889999866,8.883999825,3.197999954,2.710999966,1.218000054,25.74699974
2016/9/4 08:00,10.11400032,4.554999828,7.676000118,3.055999994,2.710999966,1.279000044,26.37999916
2016/9/4 09:00,8.572999954,4.354000092,5.96999979,2.664999962,2.618999958,1.279000044,27.64599991
2016/9/4 10:00,9.979999542,4.487999916,7.106999874,2.984999895,2.740999937,1.248999953,28.27899933
2016/9/4 11:00,9.109000206,3.88499999,6.254000187,2.415999889,2.924000025,1.126999974,29.19400024
2016/9/4 12:00,7.166999817,3.013999939,4.619999886,1.56400001,2.528000116,1.097000003,29.12400055
2016/9/4 13:00,7.301000118,2.880000114,4.868000031,1.63499999,2.497999907,1.097000003,28.9829998
2016/9/4 14:00,7.166999817,3.148000002,4.833000183,1.812000036,2.315000057,1.036000013,28.84199905
2016/9/4 15:00,7.301000118,3.415999889,4.903999805,2.131999969,2.497999907,1.126999974,27.50600052
2016/9/4 16:00,7.368000031,3.88499999,5.046000004,2.594000101,2.253999949,1.156999946,26.80200005
2016/9/4 17:00,8.23900032,3.750999928,5.436999798,2.309999943,2.772000074,1.126999974,27.08399963
2016/9/4 18:00,6.96600008,3.282000065,4.584000111,2.061000109,2.375999928,1.004999995,26.09900093
2016/9/4 19:00,7.703000069,3.08100009,5.081999779,1.953999996,2.618999958,0.852999985,26.09900093
2016/9/4 20:00,7.903999805,3.08100009,5.081999779,1.883000016,2.740999937,0.883000016,25.74699974
2016/9/4 21:00,6.899000168,3.750999928,4.441999912,2.096999884,2.528000116,0.883000016,25.6060009
2016/9/4 22:00,8.505999565,4.68900013,6.147999763,3.339999914,2.223999977,0.883000016,25.11400032
2016/9/4 23:00,9.444000244,5.357999802,7.320000172,3.660000086,1.949000001,0.852999985,24.97299957
2016/9/5 00:00,12.52499962,6.96600008,11.44200039,5.862999916,1.888000011,0.852999985,24.90299988
2016/9/5 01:00,12.32400036,6.697999954,10.12699986,4.903999805,1.735999942,0.791999996,24.27000046
2016/9/5 02:00,11.65499973,6.56400013,9.274999619,4.263999939,1.644999981,0.852999985,24.4810009
2016/9/5 03:00,12.25699997,6.831999779,10.3760004,5.223999977,1.76699996,0.975000024,24.4810009
2016/9/5 04:00,12.52499962,6.162000179,10.23400021,4.513000011,1.949000001,0.944000006,24.34000015
2016/9/5 05:00,10.31499958,5.157000065,8.102000237,3.838000059,2.131999969,0.944000006,24.34000015
2016/9/5 06:00,13.66399956,6.56400013,10.3409996,4.868000031,2.710999966,1.065999985,24.27000046
2016/9/5 07:00,12.18999958,6.831999779,9.23900032,4.762000084,2.528000116,1.218000054,24.5510006
2016/9/5 08:00,10.24800014,7.032999992,7.782000065,4.370999813,2.559000015,1.401000023,24.90299988
2016/9/5 09:00,9.041999817,6.027999878,6.538000107,3.305000067,2.680000067,1.279000044,25.6060009
2016/9/5 10:00,9.913000107,4.956999779,6.928999901,3.305000067,2.862999916,1.279000044,26.30999947
2016/9/5 11:00,9.979999542,4.354000092,6.467000008,2.878000021,2.772000074,1.156999946,26.45000076
2016/9/5 12:00,8.371999741,4.287000179,5.68599987,2.415999889,2.437000036,1.036000013,27.50600052
2016/9/5 13:00,7.903999805,4.354000092,5.578999996,2.451999903,2.467000008,1.156999946,27.50600052
2016/9/5 14:00,7.836999893,4.822999954,5.721000195,3.127000093,2.223999977,1.065999985,28.20899963
2016/9/5 15:00,7.703000069,4.287000179,5.828000069,3.163000107,2.345000029,1.097000003,28.56100082
2016/9/5 16:00,7.501999855,4.21999979,5.117000103,2.948999882,2.345000029,1.097000003,29.82699966
2016/9/5 17:00,8.43900013,4.152999878,5.614999771,2.664999962,2.740999937,1.097000003,28.20899963
2016/9/5 18:00,7.501999855,3.88499999,4.868000031,2.381000042,2.559000015,1.065999985,27.85700035
2016/9/5 19:00,8.038000107,3.348999977,5.223999977,2.025000095,2.772000074,1.004999995,27.01300049
2016/9/5 20:00,8.038000107,3.282000065,5.329999924,2.061000109,2.710999966,0.944000006,26.16900063
2016/9/5 21:00,7.099999905,3.148000002,4.65500021,1.953999996,2.467000008,0.913999975,26.66200066
2016/9/5 22:00,7.703000069,3.48300004,4.762000084,2.096999884,2.193000078,0.944000006,26.45000076
2016/9/5 23:00,7.836999893,3.88499999,5.68599987,2.239000082,2.253999949,0.975000024,25.95800018
2016/9/6 00:00,11.78800011,5.827000141,7.532999992,3.625,4.507999897,1.613999963,25.74699974
2016/9/6 01:00,9.913000107,5.425000191,8.38599968,4.229000092,1.949000001,0.944000006,25.74699974
2016/9/6 02:00,11.25300026,4.756000042,6.857999802,2.806999922,4.234000206,1.462000012,25.32500076
2016/9/6 03:00,10.71700001,5.022999763,6.928999901,3.233999968,4.234000206,1.523000002,26.02799988
2016/9/6 04:00,10.7840004,5.157000065,7.249000072,3.233999968,4.263999939,1.583999991,25.74699974
2016/9/6 05:00,12.18999958,5.425000191,7.676000118,2.948999882,4.386000156,1.371000051,25.25499916
2016/9/6 06:00,13.39599991,4.554999828,8.244000435,2.948999882,4.934000015,1.462000012,23.77700043
2016/9/6 07:00,11.72099972,5.357999802,6.538000107,2.878000021,4.721000195,1.552999973,23.49600029
2016/9/6 08:00,8.975000381,4.21999979,6.538000107,3.447000027,2.131999969,1.187999964,22.93300056
2016/9/6 09:00,8.774000168,4.68900013,6.502999783,3.625,2.28399992,1.156999946,23.70700073
2016/9/6 10:00,9.109000206,4.956999779,6.361000061,3.163000107,2.650000095,1.218000054,24.40999985
2016/9/6 11:00,8.572999954,4.354000092,5.650000095,2.948999882,2.375999928,1.004999995,24.1989994
2016/9/6 12:00,6.429999828,3.549999952,4.406000137,2.239000082,1.76699996,0.852999985,23.91799927
2016/9/6 13:00,6.56400013,3.549999952,4.051000118,1.598999977,1.888000011,0.944000006,22.44099998
2016/9/6 14:00,6.09499979,3.214999914,4.263999939,2.415999889,1.888000011,1.065999985,21.73699951
2016/9/6 15:00,6.429999828,3.750999928,4.477000237,2.239000082,1.827999949,0.975000024,21.52599907
2016/9/6 16:00,5.960999966,3.08100009,3.944000006,1.669999957,1.980000019,1.065999985,20.96299934
2016/9/6 17:00,7.703000069,3.549999952,5.117000103,2.239000082,2.528000116,1.004999995,20.68199921
2016/9/6 18:00,6.229000092,2.812999964,3.980000019,1.669999957,2.131999969,0.852999985,20.19000053
2016/9/6 19:00,5.827000141,2.411000013,3.872999907,1.527999997,1.980000019,0.670000017,19.90800095
2016/9/6 20:00,5.625999928,2.411000013,3.552999973,1.491999984,2.193000078,0.760999978,19.48600006
2016/9/6 21:00,4.956999779,2.678999901,3.305000067,1.207999945,1.797000051,0.731000006,17.51600075
2016/9/6 22:00,4.68900013,2.477999926,3.980000019,1.91900003,1.371000051,0.547999978,17.51600075
2016/9/6 23:00,6.96600008,3.415999889,6.076000214,3.092000008,1.462000012,0.700999975,17.86800003
2016/9/7 00:00,8.104999542,4.019000053,6.965000153,3.197999954,1.523000002,0.731000006,18.00900078
2016/9/7 01:00,8.171999931,4.354000092,6.822999954,2.984999895,1.491999984,0.731000006,18.29000092
2016/9/7 02:00,8.371999741,4.554999828,6.928999901,3.233999968,1.279000044,0.609000027,18.21999931
2016/9/7 03:00,6.631000042,3.684000015,5.366000175,2.700999975,1.309999943,0.639999986,18.29000092
2016/9/7 04:00,8.104999542,4.019000053,6.894000053,3.197999954,1.432000041,0.700999975,18.36100006
2016/9/7 05:00,9.376999855,4.487999916,7.498000145,2.878000021,1.674999952,0.700999975,18.21999931
2016/9/7 06:00,10.71700001,5.090000153,8.421999931,3.375999928,2.497999907,0.852999985,18.50099945
2016/9/7 07:00,10.31499958,5.827000141,8.031000137,4.157999992,2.467000008,1.126999974,19.06399918
2016/9/7 08:00,9.31000042,5.357999802,6.43200016,3.019999981,2.437000036,1.156999946,19.62700081
2016/9/7 09:00,8.371999741,5.157000065,5.578999996,3.375999928,2.223999977,1.248999953,20.82299995
2016/9/7 10:00,9.041999817,5.425000191,6.254000187,3.447000027,2.559000015,1.279000044,21.45599937
2016/9/7 11:00,8.104999542,4.21999979,5.578999996,2.948999882,2.588999987,0.944000006,22.44099998
2016/9/7 12:00,5.960999966,3.617000103,3.90899992,1.598999977,1.980000019,0.975000024,23.63699913
2016/9/7 13:00,6.027999878,3.549999952,4.263999939,2.239000082,1.888000011,0.913999975,23.98800087
2016/9/7 14:00,6.899000168,3.951999903,4.477000237,2.096999884,1.888000011,0.975000024,25.18400002
2016/9/7 15:00,6.96600008,3.617000103,4.441999912,2.559000015,1.797000051,1.065999985,25.11400032
2016/9/7 16:00,6.697999954,3.818000078,4.93900013,2.486999989,1.888000011,1.004999995,25.95800018
2016/9/7 17:00,7.234000206,3.684000015,4.974999905,2.381000042,2.345000029,0.944000006,24.83200073
2016/9/7 18:00,6.631000042,3.348999977,4.441999912,2.131999969,2.131999969,0.944000006,24.1989994
2016/9/7 19:00,6.631000042,2.746000051,4.19299984,1.56400001,2.375999928,0.913999975,23.00300026
2016/9/7 20:00,6.497000217,3.013999939,4.441999912,1.812000036,2.131999969,0.852999985,22.65200043
2016/9/7 21:00,6.497000217,3.214999914,3.944000006,1.812000036,1.827999949,0.760999978,22.44099998
2016/9/7 22:00,5.223999977,3.214999914,3.588999987,1.953999996,1.552999973,0.760999978,22.44099998
2016/9/7 23:00,7.099999905,4.085999966,5.791999817,3.092000008,1.644999981,0.760999978,22.58099937
2016/9/8 00:00,10.38199997,5.090000153,6.218999863,3.019999981,3.868000031,1.340000033,22.0189991
2016/9/8 01:00,11.05200005,4.756000042,6.894000053,3.447000027,3.868000031,1.279000044,22.1590004
2016/9/8 02:00,10.11400032,5.357999802,6.43200016,3.838000059,3.838000059,1.340000033,22.0890007
2016/9/8 03:00,10.24800014,5.090000153,5.828000069,2.914000034,3.99000001,1.401000023,21.52599907
2016/9/8 04:00,10.44900036,5.290999889,5.650000095,3.127000093,4.111999989,1.462000012,21.80800056
2016/9/8 05:00,10.04699993,5.223999977,5.436999798,2.451999903,4.659999847,1.491999984,22.1590004
2016/9/8 06:00,12.85999966,5.827000141,7.214000225,3.625,5.208000183,1.552999973,21.45599937
2016/9/8 07:00,11.65499973,5.223999977,6.361000061,3.055999994,4.538000107,1.583999991,22.29999924
2016/9/8 08:00,8.23900032,4.354000092,5.899000168,2.736000061,2.588999987,1.340000033,23.28499985
2016/9/8 09:00,8.038000107,4.822999954,6.147999763,3.092000008,2.467000008,1.401000023,24.1989994
2016/9/8 10:00,8.975000381,4.956999779,5.899000168,2.842999935,2.862999916,1.371000051,25.4659996
2016/9/8 11:00,9.175999641,4.756000042,6.005000114,3.197999954,2.954999924,1.156999946,25.04400063
2016/9/8 12:00,7.368000031,3.617000103,4.370999813,1.669999957,2.223999977,1.036000013,25.4659996
2016/9/8 13:00,6.362999916,3.750999928,4.300000191,1.84800005,2.193000078,1.065999985,25.88800049
2016/9/8 14:00,7.568999767,3.951999903,4.903999805,2.131999969,2.131999969,1.065999985,27.9279995
2016/9/8 15:00,6.764999866,3.951999903,5.329999924,2.486999989,2.131999969,1.248999953,27.78700066
2016/9/8 16:00,6.899000168,3.750999928,4.93900013,2.415999889,2.345000029,1.156999946,27.71699905
2016/9/8 17:00,7.568999767,3.88499999,5.188000202,2.594000101,2.437000036,1.036000013,27.22400093
2016/9/8 18:00,6.831999779,3.282000065,4.477000237,2.025000095,2.28399992,0.913999975,26.16900063
2016/9/8 19:00,7.368000031,3.282000065,4.833000183,2.239000082,2.559000015,0.944000006,24.90299988
2016/9/8 20:00,7.368000031,3.415999889,4.903999805,2.239000082,2.528000116,0.944000006,25.39500046
2016/9/8 21:00,8.706999779,3.348999977,6.502999783,2.381000042,2.071000099,0.852999985,24.76199913
2016/9/8 22:00,10.04699993,5.090000153,8.137999535,3.76699996,1.888000011,0.883000016,24.5510006
2016/9/8 23:00,10.91800022,5.559000015,9.345999718,3.730999947,1.70599997,0.883000016,24.12899971
2016/9/9 00:00,11.98900032,6.429999828,10.3409996,4.833000183,1.583999991,0.852999985,24.69199944
2016/9/9 01:00,12.72599983,6.764999866,10.51799965,4.619999886,1.70599997,0.913999975,24.27000046
2016/9/9 02:00,12.6590004,7.099999905,10.94499969,4.974999905,1.674999952,0.852999985,23.98800087
2016/9/9 03:00,12.45800018,6.497000217,10.19900036,4.725999832,1.462000012,0.760999978,23.98800087
2016/9/9 04:00,12.18999958,6.56400013,10.7670002,5.223999977,1.70599997,0.913999975,23.84799957
2016/9/9 05:00,11.72099972,3.750999928,9.984999657,2.273999929,1.980000019,0.944000006,23.84799957
2016/9/9 06:00,12.6590004,3.48300004,10.09200001,2.096999884,2.559000015,1.036000013,23.28499985
2016/9/9 07:00,10.31499958,3.214999914,8.065999985,1.84800005,2.28399992,1.004999995,23.77700043
2016/9/9 08:00,11.05200005,4.622000217,8.527999878,2.203000069,2.28399992,1.126999974,24.34000015
2016/9/9 09:00,9.376999855,3.013999939,7.498000145,1.136999965,2.405999899,1.218000054,25.32500076
2016/9/9 10:00,9.913000107,5.022999763,6.610000134,3.127000093,2.650000095,1.218000054,26.80200005
2016/9/9 11:00,9.175999641,5.022999763,6.218999863,2.914000034,2.710999966,1.126999974,26.66200066
2016/9/9 12:00,7.234000206,3.348999977,4.868000031,1.883000016,2.467000008,1.156999946,27.50600052
2016/9/9 13:00,7.836999893,3.951999903,5.081999779,2.664999962,2.588999987,1.156999946,28.42000008
2016/9/9 14:00,8.774000168,4.822999954,5.791999817,2.700999975,2.559000015,1.248999953,29.61599922
2016/9/9 15:00,8.774000168,5.223999977,6.324999809,3.233999968,2.528000116,1.218000054,29.54599953
2016/9/9 16:00,8.43900013,4.287000179,6.040999889,2.700999975,2.680000067,1.218000054,29.19400024
2016/9/9 17:00,8.840999603,4.152999878,6.005000114,2.451999903,2.802000046,1.187999964,28.70199966
2016/9/9 18:00,7.703000069,3.549999952,4.903999805,2.131999969,2.802000046,1.218000054,27.43499947
2016/9/9 19:00,8.43900013,3.617000103,5.614999771,2.131999969,2.894000053,1.097000003,27.08399963
2016/9/9 20:00,7.903999805,3.415999889,5.258999825,2.203000069,2.650000095,0.944000006,27.08399963
2016/9/9 21:00,7.368000031,2.947000027,4.974999905,1.70599997,2.375999928,0.913999975,26.66200066
2016/9/9 22:00,9.645000458,4.622000217,7.071000099,3.411000013,1.980000019,0.883000016,26.80200005
2016/9/9 23:00,10.38199997,4.956999779,8.38599968,3.163000107,2.00999999,0.975000024,25.88800049
2016/9/10 00:00,10.18099976,5.492000103,8.350999832,3.838000059,1.827999949,0.852999985,26.23900032
2016/9/10 01:00,10.91800022,5.625999928,8.741999626,3.90899992,1.583999991,0.791999996,25.74699974
2016/9/10 02:00,11.11900043,5.223999977,9.451999664,4.300000191,1.462000012,0.700999975,25.39500046
2016/9/10 03:00,10.7840004,4.956999779,8.847999573,3.447000027,1.462000012,0.731000006,25.5359993
2016/9/10 04:00,10.71700001,4.622000217,8.56400013,3.339999914,1.735999942,0.883000016,24.5510006
2016/9/10 05:00,10.31499958,5.157000065,7.994999886,3.482000113,1.85800004,0.791999996,24.90299988
2016/9/10 06:00,10.71700001,5.022999763,8.031000137,2.914000034,2.375999928,1.004999995,23.98800087
2016/9/10 07:00,9.913000107,5.425000191,7.284999847,3.019999981,2.588999987,1.279000044,24.1989994
2016/9/10 08:00,10.91800022,5.960999966,8.456999779,3.625,2.710999966,1.340000033,24.83200073
2016/9/10 09:00,9.041999817,5.559000015,6.538000107,3.447000027,2.862999916,1.491999984,26.52099991
2016/9/10 10:00,9.979999542,5.894000053,7.106999874,3.696000099,3.137000084,1.491999984,27.01300049
2016/9/10 11:00,10.31499958,5.492000103,7.249000072,3.269000053,3.107000113,1.279000044,26.66200066
2016/9/10 12:00,7.971000195,4.019000053,4.93900013,2.594000101,2.345000029,1.126999974,27.29500008
2016/9/10 13:00,7.836999893,4.085999966,5.010000229,1.812000036,2.437000036,1.156999946,27.85700035
2016/9/10 14:00,7.836999893,3.818000078,5.507999897,3.092000008,2.375999928,1.156999946,28.27899933
2016/9/10 15:00,8.305999756,4.68900013,5.472000122,2.806999922,2.405999899,1.126999974,28.13899994
2016/9/10 16:00,7.301000118,4.085999966,5.010000229,2.630000114,2.375999928,1.097000003,27.64599991
2016/9/10 17:00,8.840999603,4.354000092,6.147999763,2.878000021,2.740999937,1.097000003,27.50600052
2016/9/10 18:00,7.568999767,3.750999928,4.974999905,2.594000101,2.375999928,0.944000006,27.08399963
2016/9/10 19:00,8.23900032,3.684000015,5.721000195,2.167999983,2.618999958,1.004999995,26.30999947
2016/9/10 20:00,7.636000156,3.348999977,5.366000175,2.309999943,2.28399992,0.791999996,25.5359993
2016/9/10 21:00,9.175999641,3.617000103,6.965000153,1.883000016,2.253999949,0.852999985,24.97299957
2016/9/10 22:00,11.11900043,4.956999779,9.593999863,4.370999813,2.040999889,0.944000006,24.1989994
2016/9/10 23:00,13.12800026,3.88499999,10.51799965,2.806999922,1.797000051,0.913999975,24.27000046
2016/9/11 00:00,17.34799957,5.894000053,12.97000027,3.517999887,4.203000069,1.401000023,24.5510006
2016/9/11 01:00,16.61100006,5.425000191,12.47299957,2.984999895,4.172999859,1.371000051,24.40999985
2016/9/11 02:00,16.87899971,5.960999966,12.68599987,3.482000113,4.081999779,1.432000041,24.90299988
2016/9/11 03:00,16.54400063,5.290999889,12.43700027,2.984999895,3.868000031,1.401000023,24.69199944
2016/9/11 04:00,14.86999989,6.429999828,10.51799965,4.157999992,4.020999908,1.491999984,24.34000015
2016/9/11 05:00,15.60599995,4.889999866,11.19400024,2.523000002,4.568999767,1.491999984,25.18400002
2016/9/11 06:00,17.95100021,5.090000153,12.54399967,2.700999975,5.117000103,1.644999981,24.90299988
2016/9/11 07:00,16.47699928,5.425000191,11.76200008,2.736000061,4.965000153,1.797000051,25.25499916
2016/9/11 08:00,13.9989996,4.421000004,11.51299953,2.914000034,2.467000008,1.248999953,25.25499916
2016/9/11 09:00,10.91800022,5.894000053,8.493000031,3.944000006,2.193000078,1.248999953,25.67700005
2016/9/11 10:00,8.774000168,4.889999866,6.076000214,2.664999962,2.588999987,1.156999946,25.39500046
2016/9/11 11:00,9.376999855,4.68900013,6.218999863,2.415999889,3.229000092,1.218000054,25.18400002
2016/9/11 12:00,7.166999817,3.549999952,4.300000191,2.203000069,2.345000029,1.036000013,24.97299957
2016/9/11 13:00,7.166999817,3.415999889,4.513000011,2.486999989,2.375999928,1.097000003,25.25499916
2016/9/11 14:00,7.636000156,4.68900013,5.258999825,2.984999895,2.223999977,1.126999974,25.11400032
2016/9/11 15:00,6.362999916,3.282000065,4.300000191,1.99000001,2.131999969,1.036000013,24.27000046
2016/9/11 16:00,6.027999878,3.415999889,3.625,1.491999984,2.315000057,1.126999974,24.27000046
2016/9/11 17:00,7.501999855,3.617000103,4.903999805,2.381000042,2.650000095,1.126999974,23.35499954
2016/9/11 18:00,6.764999866,3.415999889,4.547999859,2.309999943,2.315000057,0.944000006,22.44099998
2016/9/11 19:00,7.099999905,3.148000002,4.584000111,2.061000109,2.375999928,0.852999985,21.73699951
2016/9/11 20:00,6.497000217,3.148000002,4.370999813,2.096999884,2.040999889,0.760999978,21.38500023
2016/9/11 21:00,5.625999928,2.210000038,3.802000046,1.56400001,1.76699996,0.639999986,21.31500053
2016/9/11 22:00,6.027999878,3.148000002,3.660000086,1.812000036,1.583999991,0.700999975,20.82299995
2016/9/11 23:00,8.706999779,4.421000004,5.96999979,3.197999954,1.85800004,0.731000006,20.40099907
2016/9/12 00:00,9.31000042,4.487999916,7.782000065,3.660000086,1.491999984,0.822000027,20.47100067
2016/9/12 01:00,9.845999718,5.223999977,7.81799984,3.76699996,1.371000051,0.760999978,20.04899979
2016/9/12 02:00,9.845999718,5.223999977,8.102000237,3.90899992,1.309999943,0.700999975,19.97900009
2016/9/12 03:00,8.975000381,4.756000042,7.355999947,3.411000013,1.340000033,0.700999975,19.97900009
2016/9/12 04:00,8.840999603,4.68900013,7.284999847,3.660000086,1.491999984,0.731000006,19.83799934
2016/9/12 05:00,9.711999893,4.21999979,7.710999966,3.305000067,1.76699996,1.126999974,20.04899979
2016/9/12 06:00,10.64999962,4.152999878,8.031000137,2.984999895,2.375999928,0.760999978,20.11899948
2016/9/12 07:00,9.979999542,5.290999889,6.502999783,3.339999914,2.345000029,1.126999974,20.82299995
2016/9/12 08:00,8.774000168,5.559000015,5.68599987,3.411000013,2.497999907,1.309999943,21.17399979
2016/9/12 09:00,6.96600008,3.88499999,4.903999805,2.523000002,2.528000116,1.523000002,21.73699951
2016/9/12 10:00,8.305999756,4.085999966,5.366000175,2.415999889,2.710999966,1.279000044,24.34000015
2016/9/12 11:00,8.23900032,3.951999903,5.578999996,2.736000061,2.772000074,1.156999946,23.91799927
2016/9/12 12:00,7.166999817,3.214999914,4.584000111,2.239000082,2.28399992,1.126999974,24.5510006
2016/9/12 13:00,7.099999905,3.951999903,4.619999886,2.381000042,2.163000107,1.036000013,25.6060009
2016/9/12 14:00,6.296000004,3.951999903,4.547999859,2.239000082,1.980000019,1.004999995,27.08399963
2016/9/12 15:00,7.301000118,3.750999928,4.974999905,2.842999935,2.101999998,1.065999985,26.80200005
2016/9/12 16:00,6.697999954,3.88499999,4.406000137,2.523000002,2.223999977,1.097000003,27.22400093
2016/9/12 17:00,8.104999542,3.818000078,5.401000023,2.630000114,2.467000008,1.004999995,26.73200035
2016/9/12 18:00,7.166999817,3.48300004,4.690999985,2.273999929,2.467000008,0.913999975,25.95800018
2016/9/12 19:00,7.368000031,3.214999914,4.903999805,2.025000095,2.437000036,0.883000016,24.90299988
2016/9/12 20:00,6.96600008,3.214999914,4.762000084,2.061000109,2.375999928,0.883000016,24.40999985
2016/9/12 21:00,6.96600008,1.875,4.441999912,0.782000005,2.00999999,0.822000027,24.1989994
2016/9/12 22:00,8.572999954,4.019000053,6.538000107,2.345000029,1.827999949,0.822000027,24.05900002
2016/9/12 23:00,10.7840004,3.617000103,9.131999969,2.772000074,1.735999942,0.822000027,23.77700043
2016/9/13 00:00,14.60200024,4.421000004,10.6960001,2.309999943,4.081999779,1.401000023,23.98800087
2016/9/13 01:00,14.46800041,4.354000092,10.23400021,2.096999884,3.99000001,1.309999943,23.63699913
2016/9/13 02:00,14.80300045,4.822999954,10.3760004,2.594000101,3.71600008,1.279000044,23.56599998
2016/9/13 03:00,14.60200024,4.889999866,10.51799965,2.736000061,3.960000038,1.371000051,23.0739994
2016/9/13 04:00,14.53499985,4.822999954,9.984999657,2.700999975,3.868000031,1.309999943,23.21500015
2016/9/13 05:00,14.60200024,4.554999828,10.4829998,2.239000082,4.172999859,1.309999943,22.86300087
2016/9/13 06:00,16.1420002,4.68900013,11.05099964,2.203000069,4.813000202,1.401000023,22.44099998
2016/9/13 07:00,14.86999989,4.554999828,10.44699955,2.736000061,3.898999929,1.126999974,23.63699913
2016/9/13 08:00,10.64999962,4.822999954,9.345999718,3.980000019,1.371000051,0.578999996,24.12899971
2016/9/13 09:00,6.899000168,3.818000078,5.828000069,3.552999973,1.309999943,0.518000007,24.83200073
2016/9/13 10:00,7.836999893,4.622000217,6.254000187,3.588999987,1.552999973,0.578999996,26.80200005
2016/9/13 11:00,8.104999542,4.152999878,6.324999809,2.736000061,1.735999942,0.547999978,26.09900093
2016/9/13 12:00,6.497000217,3.282000065,5.223999977,2.381000042,1.248999953,0.486999989,26.45000076
2016/9/13 13:00,5.894000053,2.947000027,4.584000111,2.025000095,1.309999943,0.486999989,27.15399933
2016/9/13 14:00,6.697999954,3.549999952,5.081999779,2.415999889,1.156999946,0.456999987,28.06800079
2016/9/13 15:00,7.166999817,4.152999878,5.68599987,2.878000021,1.187999964,0.518000007,28.06800079
2016/9/13 16:00,6.56400013,3.818000078,5.258999825,2.984999895,1.187999964,0.486999989,27.71699905
2016/9/13 17:00,6.764999866,2.947000027,5.507999897,2.523000002,1.279000044,0.456999987,27.50600052
2016/9/13 18:00,6.229000092,3.148000002,4.93900013,2.486999989,1.248999953,0.365999997,26.87299919
2016/9/13 19:00,7.769999981,3.415999889,5.117000103,2.381000042,2.680000067,0.883000016,25.88800049
2016/9/13 20:00,7.836999893,3.48300004,5.046000004,2.273999929,2.740999937,0.944000006,25.32500076
2016/9/13 21:00,7.032999992,3.214999914,4.300000191,2.167999983,2.680000067,0.975000024,25.04400063
2016/9/13 22:00,8.774000168,4.152999878,6.183000088,2.664999962,2.193000078,0.852999985,24.62100029
2016/9/13 23:00,11.98900032,5.157000065,9.772000313,3.802000046,1.949000001,0.852999985,24.1989994
2016/9/14 00:00,12.52499962,6.362999916,10.625,4.370999813,1.827999949,0.822000027,23.91799927
2016/9/14 01:00,11.85499954,6.362999916,10.02099991,4.547999859,1.644999981,0.760999978,23.84799957
2016/9/14 02:00,12.39099979,3.617000103,10.625,2.914000034,1.674999952,0.791999996,23.0739994
2016/9/14 03:00,9.444000244,5.022999763,7.782000065,3.625,1.523000002,0.731000006,22.65200043
2016/9/14 04:00,8.640000343,4.085999966,7.0,2.772000074,1.491999984,0.852999985,22.65200043
2016/9/14 05:00,9.376999855,4.152999878,7.532999992,2.948999882,1.888000011,0.791999996,22.51099968
2016/9/14 06:00,11.45400047,4.487999916,8.954999924,3.127000093,2.559000015,0.883000016,22.29999924
2016/9/14 07:00,11.05200005,5.894000053,9.131999969,4.584000111,2.223999977,1.004999995,22.51099968
2016/9/14 08:00,10.98499966,6.027999878,8.421999931,4.051000118,2.28399992,1.218000054,22.93300056
2016/9/14 09:00,8.907999992,5.559000015,6.787000179,3.90899992,2.193000078,1.156999946,23.0739994
2016/9/14 10:00,10.04699993,5.425000191,6.928999901,3.517999887,2.618999958,1.248999953,23.49600029
2016/9/14 11:00,8.907999992,4.822999954,5.899000168,2.984999895,2.710999966,1.126999974,23.28499985
2016/9/14 12:00,6.631000042,3.549999952,4.229000092,1.669999957,2.101999998,1.036000013,23.84799957
2016/9/14 13:00,6.764999866,3.88499999,4.19299984,1.812000036,2.253999949,1.126999974,23.77700043
2016/9/14 14:00,6.429999828,3.684000015,4.725999832,2.131999969,2.253999949,1.065999985,24.05900002
2016/9/14 15:00,6.09499979,4.152999878,4.441999912,2.451999903,1.949000001,1.036000013,23.49600029
2016/9/14 16:00,5.960999966,3.549999952,4.157999992,2.309999943,1.949000001,0.975000024,23.28499985
2016/9/14 17:00,6.429999828,3.282000065,4.263999939,2.025000095,2.101999998,0.913999975,22.58099937
2016/9/14 18:00,6.162000179,3.214999914,4.014999866,2.061000109,2.163000107,0.852999985,22.58099937
2016/9/14 19:00,6.764999866,3.08100009,4.547999859,2.061000109,2.223999977,0.822000027,22.72200012
2016/9/14 20:00,6.631000042,2.947000027,4.229000092,1.77699995,2.375999928,0.852999985,21.80800056
2016/9/14 21:00,5.492000103,3.013999939,3.730999947,2.309999943,1.827999949,0.700999975,21.73699951
2016/9/14 22:00,7.903999805,4.487999916,6.644999981,3.447000027,1.523000002,0.670000017,21.80800056
2016/9/14 23:00,9.779000282,4.756000042,7.994999886,3.375999928,1.462000012,0.700999975,21.73699951
2016/9/15 00:00,13.73099995,6.296000004,9.807999611,4.263999939,3.71600008,1.248999953,21.45599937
2016/9/15 01:00,13.66399956,6.764999866,9.274999619,4.547999859,3.838000059,1.340000033,21.80800056
2016/9/15 02:00,13.26200008,6.296000004,8.706000328,3.552999973,3.868000031,1.401000023,21.52599907
2016/9/15 03:00,12.52499962,5.357999802,8.635000229,3.838000059,3.898999929,1.309999943,20.75200081
2016/9/15 04:00,11.85499954,5.827000141,8.38599968,3.90899992,3.99000001,1.401000023,21.10400009
2016/9/15 05:00,12.32400036,5.492000103,7.710999966,3.197999954,4.172999859,1.401000023,21.0340004
2016/9/15 06:00,11.78800011,3.415999889,6.005000114,1.883000016,4.690999985,1.401000023,20.61199951
2016/9/15 07:00,10.51599979,4.287000179,5.401000023,2.025000095,4.598999977,1.432000041,20.61199951
2016/9/15 08:00,5.827000141,2.344000101,3.730999947,0.852999985,2.223999977,0.913999975,18.92300034
2016/9/15 09:00,6.764999866,3.08100009,4.157999992,1.065999985,2.193000078,0.883000016,19.6970005
2016/9/15 10:00,8.23900032,2.812999964,5.329999924,1.421000004,2.437000036,0.760999978,18.99399948
2016/9/15 11:00,6.56400013,3.148000002,4.547999859,1.669999957,2.193000078,0.639999986,17.65699959
2016/9/15 12:00,4.554999828,1.674000025,3.127000093,1.243999958,1.432000041,0.547999978,21.10400009
2016/9/15 13:00,4.354000092,2.477999926,2.914000034,1.279000044,1.401000023,0.639999986,20.47100067
2016/9/15 14:00,4.889999866,2.477999926,3.339999914,1.101999998,1.491999984,0.670000017,20.26000023
2016/9/15 15:00,4.956999779,2.210000038,2.842999935,0.995000005,1.523000002,0.670000017,18.85300064
2016/9/15 16:00,4.68900013,1.942000031,2.914000034,1.065999985,1.70599997,0.670000017,18.92300034
2016/9/15 17:00,5.827000141,1.875,3.802000046,1.136999965,2.131999969,0.609000027,18.71199989
2016/9/15 18:00,5.022999763,1.875,3.163000107,1.101999998,1.85800004,0.609000027,17.86800003
2016/9/15 19:00,5.559000015,2.009000063,3.482000113,1.101999998,2.071000099,0.609000027,17.16500092
2016/9/15 20:00,5.090000153,1.875,3.092000008,1.031000018,1.980000019,0.670000017,16.67200089
2016/9/15 21:00,4.622000217,2.344000101,2.772000074,1.457000017,1.735999942,0.639999986,16.25
2016/9/15 22:00,4.287000179,2.880000114,2.736000061,1.883000016,1.613999963,0.700999975,15.75800037
2016/9/15 23:00,4.756000042,2.947000027,2.914000034,1.812000036,1.674999952,0.760999978,15.33600044
2016/9/16 00:00,4.354000092,2.746000051,2.984999895,1.812000036,1.401000023,0.639999986,14.70300007
2016/9/16 01:00,4.21999979,2.812999964,2.664999962,1.91900003,1.309999943,0.609000027,14.84300041
2016/9/16 02:00,3.282000065,2.009000063,2.131999969,1.669999957,1.126999974,0.547999978,14.42099953
2016/9/16 03:00,2.947000027,2.210000038,1.99000001,1.243999958,0.944000006,0.486999989,14.42099953
2016/9/16 04:00,3.148000002,2.545000076,1.953999996,1.56400001,1.126999974,0.518000007,13.71800041
2016/9/16 05:00,4.287000179,2.075999975,2.451999903,1.741000056,1.248999953,0.518000007,13.29599953
2016/9/16 06:00,5.827000141,2.812999964,3.305000067,1.70599997,2.131999969,0.670000017,13.22500038
2016/9/16 07:00,6.229000092,2.142999887,3.944000006,0.924000025,2.253999949,0.700999975,13.15499973
2016/9/16 08:00,6.764999866,2.411000013,3.872999907,1.315000057,2.131999969,0.852999985,12.59200001
2016/9/16 09:00,7.099999905,3.617000103,4.547999859,1.99000001,2.345000029,1.004999995,13.01399994
2016/9/16 10:00,7.032999992,3.415999889,4.868000031,2.203000069,2.467000008,0.852999985,13.08500004
2016/9/16 11:00,7.234000206,3.013999939,4.477000237,1.741000056,2.740999937,1.004999995,13.8579998
2016/9/16 12:00,5.69299984,2.477999926,3.625,1.457000017,1.980000019,0.944000006,18.21999931
2016/9/16 13:00,5.69299984,2.611999989,3.944000006,1.598999977,1.76699996,0.760999978,19.48600006
2016/9/16 14:00,5.827000141,3.148000002,3.660000086,1.491999984,1.644999981,0.822000027,20.32999992
2016/9/16 15:00,5.357999802,3.348999977,3.588999987,1.491999984,1.644999981,0.791999996,21.17399979
2016/9/16 16:00,5.492000103,2.812999964,3.588999987,1.812000036,1.888000011,0.822000027,20.96299934
2016/9/16 17:00,6.56400013,2.812999964,4.335000038,1.812000036,2.223999977,0.791999996,20.61199951
2016/9/16 18:00,5.894000053,2.411000013,3.696000099,1.527999997,2.223999977,0.700999975,21.17399979
2016/9/16 19:00,5.894000053,2.411000013,3.76699996,1.491999984,2.131999969,0.639999986,20.82299995
2016/9/16 20:00,5.625999928,2.477999926,3.517999887,1.527999997,2.040999889,0.700999975,21.66699982
2016/9/16 21:00,4.822999954,2.411000013,3.019999981,1.741000056,1.735999942,0.731000006,21.80800056
2016/9/16 22:00,6.56400013,3.951999903,5.081999779,2.203000069,1.401000023,0.639999986,21.45599937
2016/9/16 23:00,6.831999779,3.148000002,5.081999779,2.096999884,1.432000041,0.639999986,21.52599907
2016/9/17 00:00,6.96600008,3.549999952,5.828000069,2.061000109,1.218000054,0.578999996,20.89299965
2016/9/17 01:00,6.831999779,3.282000065,5.507999897,2.131999969,1.218000054,0.609000027,20.96299934
2016/9/17 02:00,6.296000004,3.750999928,5.188000202,1.953999996,1.218000054,0.639999986,21.45599937
2016/9/17 03:00,7.636000156,3.88499999,5.96999979,2.203000069,1.097000003,0.639999986,20.32999992
2016/9/17 04:00,8.371999741,4.287000179,6.822999954,2.984999895,1.462000012,0.731000006,19.76799965
2016/9/17 05:00,8.305999756,3.617000103,6.147999763,2.167999983,1.76699996,0.852999985,19.97900009
2016/9/17 06:00,9.175999641,4.21999979,7.676000118,2.948999882,2.588999987,0.822000027,20.04899979
2016/9/17 07:00,8.706999779,4.019000053,6.502999783,2.736000061,2.345000029,1.004999995,20.54100037
2016/9/17 08:00,8.171999931,4.287000179,6.324999809,2.772000074,2.00999999,0.944000006,21.45599937
2016/9/17 09:00,7.234000206,3.415999889,4.725999832,2.381000042,2.101999998,1.065999985,22.93300056
2016/9/17 10:00,8.43900013,4.152999878,5.96999979,2.523000002,2.467000008,1.065999985,23.84799957
2016/9/17 11:00,8.706999779,3.88499999,5.329999924,2.061000109,2.832999945,0.944000006,23.84799957
2016/9/17 12:00,6.429999828,3.214999914,4.263999939,1.812000036,2.163000107,1.036000013,25.5359993
2016/9/17 13:00,6.429999828,3.818000078,3.76699996,1.91900003,2.040999889,1.065999985,25.39500046
2016/9/17 14:00,6.56400013,3.951999903,4.014999866,2.273999929,1.980000019,1.065999985,26.37999916
2016/9/17 15:00,6.631000042,3.88499999,4.513000011,2.273999929,1.980000019,1.065999985,25.5359993
2016/9/17 16:00,6.162000179,3.684000015,3.872999907,2.630000114,2.193000078,1.156999946,25.32500076
2016/9/17 17:00,6.831999779,3.013999939,4.406000137,1.91900003,2.437000036,0.944000006,25.39500046
2016/9/17 18:00,6.296000004,2.812999964,4.051000118,1.741000056,2.253999949,0.822000027,24.62100029
2016/9/17 19:00,6.497000217,2.678999901,4.263999939,1.70599997,2.223999977,0.731000006,23.84799957
2016/9/17 20:00,6.162000179,2.947000027,4.014999866,1.812000036,2.163000107,0.791999996,22.86300087
2016/9/17 21:00,6.899000168,2.545000076,5.614999771,1.84800005,1.949000001,0.852999985,22.29999924
2016/9/17 22:00,8.907999992,4.822999954,7.106999874,3.411000013,1.432000041,0.670000017,22.65200043
2016/9/17 23:00,9.041999817,4.287000179,7.071000099,3.127000093,1.674999952,0.852999985,22.44099998
2016/9/18 00:00,13.59700012,6.362999916,9.23900032,4.122000217,4.051000118,1.401000023,22.37000084
2016/9/18 01:00,14.2670002,7.032999992,9.737000465,4.690999985,4.111999989,1.462000012,21.73699951
2016/9/18 02:00,12.59200001,5.960999966,8.598999977,3.660000086,4.234000206,1.613999963,23.98800087
2016/9/18 03:00,13.19499969,6.09499979,8.741999626,4.157999992,4.111999989,1.491999984,23.1439991
2016/9/18 04:00,12.92700005,6.631000042,8.812999725,4.370999813,4.142000198,1.523000002,22.93300056
2016/9/18 05:00,13.4630003,5.894000053,8.954999924,3.482000113,4.568999767,1.523000002,22.51099968
2016/9/18 06:00,15.73999977,6.899000168,10.58899975,4.014999866,5.208000183,1.674999952,22.0890007
2016/9/18 07:00,14.46800041,6.56400013,9.416999817,3.980000019,4.813000202,1.76699996,22.58099937
2016/9/18 08:00,9.913000107,5.492000103,7.355999947,3.375999928,2.193000078,1.279000044,23.4260006
2016/9/18 09:00,8.706999779,4.68900013,6.681000233,3.163000107,2.131999969,1.126999974,24.12899971
2016/9/18 10:00,8.23900032,3.48300004,4.93900013,2.096999884,2.437000036,1.004999995,24.97299957
2016/9/18 11:00,7.903999805,4.287000179,5.543000221,2.559000015,2.497999907,0.913999975,26.52099991
2016/9/18 12:00,6.296000004,3.214999914,4.157999992,2.451999903,1.91900003,0.822000027,26.66200066
2016/9/18 13:00,5.827000141,3.48300004,3.980000019,1.77699995,1.91900003,0.852999985,27.71699905
2016/9/18 14:00,5.894000053,3.48300004,4.122000217,2.594000101,1.76699996,0.913999975,28.49099922
2016/9/18 15:00,6.362999916,3.148000002,4.051000118,2.559000015,1.827999949,1.004999995,28.63100052
2016/9/18 16:00,5.827000141,3.617000103,3.76699996,2.239000082,2.00999999,0.975000024,27.85700035
2016/9/18 17:00,6.831999779,3.348999977,4.441999912,2.273999929,2.345000029,0.822000027,27.08399963
2016/9/18 18:00,6.229000092,2.947000027,4.122000217,1.883000016,2.193000078,0.822000027,25.95800018
2016/9/18 19:00,6.56400013,2.812999964,4.300000191,1.741000056,2.315000057,0.700999975,24.5510006
2016/9/18 20:00,6.296000004,2.947000027,4.157999992,2.025000095,2.040999889,0.791999996,23.70700073
2016/9/18 21:00,5.425000191,3.013999939,3.872999907,1.421000004,1.70599997,0.700999975,23.4260006
2016/9/18 22:00,7.636000156,4.21999979,6.147999763,2.594000101,1.735999942,0.791999996,22.79199982
2016/9/18 23:00,9.578000069,2.344000101,7.143000126,1.243999958,1.888000011,0.883000016,22.22999954
2016/9/19 00:00,9.845999718,3.013999939,8.279999733,1.953999996,1.644999981,0.791999996,22.37000084
2016/9/19 01:00,9.979999542,5.223999977,8.670999527,3.660000086,1.462000012,0.700999975,22.72200012
2016/9/19 02:00,9.51099968,4.822999954,8.065999985,3.305000067,1.432000041,0.731000006,22.58099937
2016/9/19 03:00,9.779000282,4.421000004,8.208999634,3.339999914,1.462000012,0.700999975,22.37000084
2016/9/19 04:00,9.175999641,4.421000004,7.747000217,3.517999887,1.309999943,0.639999986,21.0340004
2016/9/19 05:00,7.903999805,3.88499999,6.040999889,2.451999903,1.85800004,0.760999978,20.32999992
2016/9/19 06:00,12.52499962,2.611999989,9.701000214,1.527999997,2.467000008,0.822000027,19.6970005
2016/9/19 07:00,12.45800018,6.229000092,9.451999664,4.051000118,2.405999899,1.065999985,20.68199921
2016/9/19 08:00,9.979999542,4.956999779,7.568999767,3.411000013,2.315000057,1.218000054,20.68199921
2016/9/19 09:00,7.301000118,4.889999866,5.081999779,3.127000093,2.28399992,1.187999964,22.44099998
2016/9/19 10:00,7.769999981,4.019000053,6.005000114,2.664999962,2.223999977,1.004999995,24.34000015
2016/9/19 11:00,8.640000343,3.684000015,5.507999897,2.806999922,2.497999907,0.913999975,24.34000015
2016/9/19 12:00,6.497000217,3.48300004,4.690999985,2.096999884,1.85800004,0.760999978,24.27000046
2016/9/19 13:00,5.827000141,3.818000078,3.944000006,2.203000069,2.040999889,0.883000016,25.4659996
2016/9/19 14:00,6.027999878,3.684000015,4.441999912,2.878000021,1.91900003,0.975000024,26.30999947
2016/9/19 15:00,5.625999928,3.684000015,3.980000019,1.883000016,1.76699996,0.883000016,27.01300049
2016/9/19 16:00,5.827000141,3.415999889,3.944000006,2.309999943,1.91900003,0.944000006,26.73200035
2016/9/19 17:00,6.764999866,3.08100009,4.65500021,2.061000109,2.163000107,0.760999978,25.88800049
2016/9/19 18:00,6.09499979,2.947000027,3.90899992,1.812000036,2.163000107,0.791999996,25.04400063
2016/9/19 19:00,6.429999828,2.678999901,4.122000217,1.669999957,2.375999928,0.791999996,23.98800087
2016/9/19 20:00,6.027999878,2.880000114,3.838000059,1.741000056,2.223999977,0.883000016,23.84799957
2016/9/19 21:00,5.960999966,1.875,3.838000059,0.995000005,1.827999949,0.852999985,22.1590004
2016/9/19 22:00,8.640000343,4.421000004,7.071000099,3.305000067,1.491999984,0.670000017,21.87800026
2016/9/19 23:00,8.572999954,4.287000179,6.751999855,2.700999975,1.797000051,0.852999985,21.73699951
2016/9/20 00:00,12.85999966,5.760000229,8.31499958,3.055999994,4.142000198,1.462000012,21.94799995
2016/9/20 01:00,11.31999969,4.889999866,7.214000225,2.948999882,4.081999779,1.401000023,21.73699951
2016/9/20 02:00,11.85499954,5.559000015,7.747000217,3.339999914,3.898999929,1.432000041,21.87800026
2016/9/20 03:00,12.32400036,5.357999802,8.173000336,3.588999987,3.806999922,1.371000051,21.38500023
2016/9/20 04:00,11.85499954,5.492000103,7.249000072,2.700999975,4.051000118,1.371000051,21.59700012
2016/9/20 05:00,12.32400036,4.822999954,7.853000164,2.948999882,4.263999939,1.340000033,21.73699951
2016/9/20 06:00,13.52999973,4.956999779,8.741999626,2.772000074,4.994999886,1.491999984,20.47100067
2016/9/20 07:00,12.45800018,5.827000141,7.532999992,3.269000053,4.751999855,1.613999963,21.17399979
2016/9/20 08:00,9.109000206,4.152999878,6.965000153,2.630000114,2.163000107,1.248999953,21.94799995
2016/9/20 09:00,8.038000107,4.152999878,5.188000202,2.415999889,2.467000008,1.371000051,23.28499985
2016/9/20 10:00,8.774000168,3.818000078,5.96999979,2.736000061,2.740999937,1.248999953,25.88800049
2016/9/20 11:00,8.104999542,3.415999889,5.578999996,2.167999983,2.740999937,1.126999974,25.81699944
2016/9/20 12:00,6.162000179,3.148000002,3.696000099,1.421000004,2.00999999,0.944000006,25.32500076
2016/9/20 13:00,6.027999878,3.282000065,3.552999973,1.99000001,1.827999949,0.852999985,26.09900093
2016/9/20 14:00,6.229000092,3.013999939,4.370999813,1.953999996,1.76699996,0.883000016,27.9279995
2016/9/20 15:00,6.296000004,3.282000065,3.838000059,1.741000056,1.91900003,1.036000013,25.5359993
2016/9/20 16:00,5.760000229,3.148000002,3.730999947,1.953999996,2.163000107,0.975000024,26.80200005
2016/9/20 17:00,6.362999916,2.947000027,4.014999866,1.812000036,2.345000029,0.822000027,25.5359993
2016/9/20 18:00,5.960999966,2.545000076,3.588999987,1.527999997,2.28399992,0.883000016,24.76199913
2016/9/20 19:00,6.764999866,2.545000076,4.051000118,1.457000017,2.559000015,0.975000024,23.1439991
2016/9/20 20:00,6.027999878,2.746000051,3.76699996,1.669999957,2.223999977,0.791999996,22.37000084
2016/9/20 21:00,7.099999905,2.142999887,5.188000202,1.741000056,1.888000011,0.760999978,21.45599937
2016/9/20 22:00,9.444000244,4.421000004,7.461999893,3.233999968,1.735999942,0.822000027,21.0340004
2016/9/20 23:00,13.19499969,4.554999828,11.40699959,2.772000074,1.674999952,0.822000027,21.66699982
2016/9/21 00:00,14.19999981,4.822999954,12.50800037,3.339999914,1.401000023,0.731000006,22.29999924
2016/9/21 01:00,13.39599991,4.354000092,11.93999958,3.197999954,1.309999943,0.670000017,21.87800026
2016/9/21 02:00,12.45800018,4.354000092,11.40699959,2.878000021,1.126999974,0.578999996,22.22999954
2016/9/21 03:00,12.92700005,4.085999966,11.65499973,2.878000021,1.126999974,0.578999996,22.22999954
2016/9/21 04:00,12.32400036,6.162000179,11.40699959,4.65500021,1.340000033,0.609000027,22.72200012
2016/9/21 05:00,14.13300037,6.497000217,12.64999962,5.081999779,1.613999963,0.670000017,22.51099968
2016/9/21 06:00,15.06999969,6.631000042,13.18299961,4.65500021,2.375999928,0.822000027,22.79199982
2016/9/21 07:00,15.06999969,5.492000103,12.11699963,3.163000107,2.315000057,0.975000024,22.0890007
2016/9/21 08:00,11.92199993,3.48300004,9.451999664,1.883000016,2.28399992,1.248999953,23.28499985
2016/9/21 09:00,7.501999855,1.807999969,4.93900013,0.213,2.101999998,1.036000013,23.63699913
2016/9/21 10:00,8.43900013,1.674000025,5.401000023,0.603999972,2.559000015,1.036000013,24.34000015
2016/9/21 11:00,8.23900032,3.415999889,5.329999924,1.741000056,2.862999916,1.097000003,24.90299988
2016/9/21 12:00,5.357999802,2.947000027,3.696000099,1.669999957,1.85800004,0.944000006,24.69199944
2016/9/21 13:00,5.425000191,3.148000002,3.339999914,1.350000024,2.163000107,1.126999974,24.4810009
2016/9/21 14:00,6.229000092,3.549999952,3.625,1.669999957,1.980000019,1.004999995,24.34000015
2016/9/21 15:00,6.631000042,3.48300004,4.122000217,2.131999969,2.00999999,1.097000003,23.84799957
2016/9/21 16:00,5.960999966,2.746000051,3.802000046,1.56400001,1.949000001,0.944000006,23.35499954
2016/9/21 17:00,6.697999954,2.27699995,4.441999912,1.065999985,2.315000057,0.852999985,22.79199982
2016/9/21 18:00,6.229000092,2.142999887,3.696000099,1.031000018,2.375999928,0.883000016,22.51099968
2016/9/21 19:00,6.429999828,2.477999926,3.802000046,1.315000057,2.559000015,0.944000006,21.66699982
2016/9/21 20:00,5.894000053,2.880000114,3.696000099,1.70599997,2.253999949,0.913999975,21.45599937
2016/9/21 21:00,5.425000191,2.27699995,3.447000027,1.279000044,1.91900003,0.822000027,20.61199951
2016/9/21 22:00,6.56400013,4.152999878,5.366000175,2.878000021,1.552999973,0.731000006,20.32999992
2016/9/21 23:00,8.23900032,2.812999964,6.644999981,1.350000024,1.674999952,0.760999978,20.19000053
2016/9/22 00:00,11.85499954,3.348999977,7.355999947,1.350000024,4.203000069,1.432000041,19.97900009
2016/9/22 01:00,10.71700001,3.415999889,6.254000187,1.172999978,4.234000206,1.491999984,19.6970005
2016/9/22 02:00,11.78800011,3.684000015,7.461999893,1.741000056,4.142000198,1.432000041,19.48600006
2016/9/22 03:00,11.85499954,4.019000053,7.498000145,1.70599997,4.142000198,1.462000012,19.41600037
2016/9/22 04:00,10.18099976,3.08100009,6.610000134,1.136999965,3.960000038,1.279000044,19.62700081
2016/9/22 05:00,13.32900047,4.019000053,9.097000122,2.061000109,4.142000198,1.218000054,19.83799934
2016/9/22 06:00,13.59700012,3.282000065,9.168000221,1.741000056,4.751999855,1.552999973,20.47100067
2016/9/22 07:00,11.5880003,5.559000015,7.0,2.948999882,4.630000114,1.552999973,20.32999992
2016/9/22 08:00,8.975000381,4.622000217,6.573999882,2.984999895,2.040999889,1.065999985,20.19000053
2016/9/22 09:00,7.636000156,4.756000042,5.543000221,2.948999882,2.131999969,1.065999985,21.31500053
2016/9/22 10:00,7.903999805,3.88499999,5.507999897,2.559000015,2.437000036,1.036000013,23.63699913
2016/9/22 11:00,8.104999542,3.415999889,5.650000095,2.025000095,2.772000074,1.004999995,23.70700073
2016/9/22 12:00,6.362999916,3.148000002,3.730999947,1.315000057,1.91900003,0.822000027,24.5510006
2016/9/22 13:00,6.09499979,3.148000002,4.229000092,1.77699995,1.797000051,0.852999985,25.88800049
2016/9/22 14:00,6.831999779,3.549999952,4.263999939,1.883000016,1.949000001,1.218000054,25.74699974
2016/9/22 15:00,8.171999931,4.019000053,5.828000069,3.019999981,2.071000099,1.065999985,25.04400063
2016/9/22 16:00,6.027999878,3.148000002,4.086999893,1.91900003,1.85800004,0.975000024,25.39500046
2016/9/22 17:00,7.166999817,3.08100009,4.547999859,1.741000056,2.528000116,0.975000024,25.32500076
2016/9/22 18:00,6.162000179,2.477999926,3.838000059,1.491999984,2.405999899,0.822000027,23.1439991
2016/9/22 19:00,6.362999916,2.344000101,3.980000019,1.421000004,2.28399992,0.731000006,22.1590004
2016/9/22 20:00,6.027999878,2.611999989,3.838000059,1.70599997,2.101999998,0.760999978,22.37000084
2016/9/22 21:00,5.827000141,2.746000051,3.552999973,1.279000044,1.735999942,0.731000006,22.0890007
2016/9/22 22:00,6.362999916,3.148000002,4.93900013,1.953999996,1.552999973,0.670000017,21.66699982
2016/9/22 23:00,10.04699993,3.214999914,8.777000427,2.096999884,1.401000023,0.639999986,21.17399979
2016/9/23 00:00,10.85099983,3.415999889,8.741999626,1.63499999,1.340000033,0.609000027,21.10400009
2016/9/23 01:00,10.24800014,3.214999914,8.670999527,2.131999969,1.248999953,0.609000027,20.68199921
2016/9/23 02:00,8.505999565,4.354000092,7.071000099,3.019999981,1.248999953,0.639999986,20.68199921
2016/9/23 03:00,9.711999893,5.357999802,8.706000328,3.872999907,1.371000051,0.700999975,19.97900009
2016/9/23 04:00,10.04699993,4.756000042,7.923999786,3.660000086,1.523000002,0.822000027,19.41600037
2016/9/23 05:00,11.05200005,3.282000065,8.812999725,1.63499999,1.797000051,0.731000006,19.13400078
2016/9/23 06:00,11.11900043,4.487999916,8.102000237,2.559000015,2.497999907,0.852999985,19.13400078
2016/9/23 07:00,10.04699993,4.21999979,7.747000217,2.914000034,2.315000057,0.975000024,19.83799934
2016/9/23 08:00,8.975000381,4.421000004,6.928999901,3.019999981,2.253999949,1.097000003,20.61199951
2016/9/23 09:00,7.568999767,4.287000179,5.258999825,2.700999975,2.28399992,1.097000003,20.89299965
2016/9/23 10:00,8.640000343,3.88499999,6.147999763,2.772000074,2.862999916,1.126999974,22.58099937
2016/9/23 11:00,8.104999542,4.085999966,5.472000122,2.239000082,2.588999987,0.944000006,22.58099937
2016/9/23 12:00,5.492000103,2.947000027,3.482000113,1.207999945,1.980000019,0.852999985,23.56599998
2016/9/23 13:00,6.56400013,3.348999977,4.19299984,1.669999957,2.040999889,0.883000016,25.4659996
2016/9/23 14:00,6.362999916,4.019000053,4.547999859,2.309999943,1.827999949,0.944000006,26.73200035
2016/9/23 15:00,6.027999878,3.818000078,4.335000038,2.025000095,1.85800004,0.944000006,26.66200066
2016/9/23 16:00,6.027999878,3.549999952,4.477000237,2.273999929,1.76699996,0.852999985,27.01300049
2016/9/23 17:00,7.368000031,3.617000103,4.796999931,2.273999929,2.193000078,0.791999996,26.23900032
2016/9/23 18:00,6.497000217,3.013999939,4.441999912,2.096999884,2.101999998,0.731000006,24.62100029
2016/9/23 19:00,6.831999779,2.812999964,4.584000111,1.91900003,2.163000107,0.609000027,23.1439991
2016/9/23 20:00,6.429999828,2.947000027,4.086999893,1.91900003,2.223999977,0.760999978,23.0739994
2016/9/23 21:00,7.099999905,2.611999989,5.650000095,1.598999977,2.071000099,0.852999985,22.0890007
2016/9/23 22:00,9.31000042,4.622000217,7.284999847,3.197999954,1.613999963,0.731000006,22.37000084
2016/9/23 23:00,12.05599976,2.880000114,9.807999611,1.91900003,1.644999981,0.822000027,21.73699951
2016/9/24 00:00,13.93200016,4.68900013,10.09200001,2.381000042,3.99000001,1.340000033,21.73699951
2016/9/24 01:00,13.4630003,4.287000179,9.701000214,2.559000015,3.654999971,1.218000054,21.59700012
2016/9/24 02:00,13.73099995,6.697999954,10.23400021,4.335000038,3.625,1.156999946,21.66699982
2016/9/24 03:00,14.60200024,6.697999954,10.73200035,4.547999859,3.654999971,1.248999953,21.24500084
2016/9/24 04:00,12.6590004,5.223999977,9.026000023,3.197999954,3.71600008,1.248999953,20.75200081
2016/9/24 05:00,15.3380003,6.429999828,10.8380003,4.263999939,4.111999989,1.248999953,20.68199921
2016/9/24 06:00,15.00399971,4.287000179,9.913999557,1.91900003,4.598999977,1.371000051,20.54100037
2016/9/24 07:00,16.47699928,4.822999954,11.47799969,2.594000101,4.782000065,1.613999963,21.17399979
2016/9/24 08:00,13.06099987,6.697999954,10.625,4.974999905,2.345000029,1.218000054,22.0189991
2016/9/24 09:00,7.568999767,4.085999966,5.223999977,2.451999903,2.00999999,1.126999974,22.65200043
2016/9/24 10:00,8.43900013,3.88499999,5.862999916,2.451999903,2.253999949,0.944000006,23.98800087
2016/9/24 11:00,8.774000168,4.085999966,5.862999916,2.415999889,2.680000067,1.065999985,24.4810009
2016/9/24 12:00,6.362999916,3.08100009,3.838000059,1.669999957,2.101999998,0.883000016,25.4659996
2016/9/24 13:00,7.166999817,3.282000065,4.441999912,2.131999969,2.223999977,1.065999985,27.22400093
2016/9/24 14:00,6.56400013,3.951999903,4.65500021,2.486999989,2.131999969,1.156999946,27.50600052
2016/9/24 15:00,7.301000118,4.019000053,4.725999832,2.381000042,2.437000036,1.218000054,27.08399963
2016/9/24 16:00,7.301000118,3.750999928,5.081999779,2.203000069,2.101999998,1.156999946,26.80200005
2016/9/24 17:00,8.774000168,4.287000179,5.828000069,2.736000061,2.984999895,1.248999953,26.16900063
2016/9/24 18:00,6.764999866,3.348999977,4.229000092,1.953999996,2.618999958,1.065999985,24.90299988
2016/9/24 19:00,6.631000042,2.545000076,4.335000038,1.598999977,2.193000078,0.639999986,24.1989994
2016/9/24 20:00,6.631000042,3.013999939,4.513000011,1.953999996,2.071000099,0.700999975,24.34000015
2016/9/24 21:00,8.104999542,3.750999928,6.289999962,2.700999975,2.131999969,0.852999985,23.49600029
2016/9/24 22:00,9.645000458,2.611999989,7.639999866,1.812000036,1.827999949,0.731000006,23.28499985
2016/9/24 23:00,10.31499958,3.684000015,8.56400013,2.559000015,1.76699996,0.760999978,23.00300026
2016/9/25 00:00,13.4630003,5.157000065,11.90400028,3.375999928,1.70599997,0.822000027,22.72200012
2016/9/25 01:00,12.59200001,4.21999979,11.76200008,3.411000013,1.248999953,0.609000027,22.65200043
2016/9/25 02:00,12.72599983,4.756000042,10.9090004,2.878000021,1.248999953,0.609000027,22.29999924
2016/9/25 03:00,12.59200001,4.21999979,10.625,3.375999928,1.371000051,0.731000006,22.0890007
2016/9/25 04:00,12.72599983,4.554999828,10.8380003,2.772000074,1.432000041,0.731000006,22.0890007
2016/9/25 05:00,12.59200001,3.549999952,10.625,2.309999943,1.70599997,0.700999975,21.73699951
2016/9/25 06:00,13.86499977,4.554999828,11.12199974,2.451999903,2.345000029,0.852999985,21.66699982
2016/9/25 07:00,12.72599983,4.622000217,10.625,2.700999975,2.405999899,1.097000003,22.22999954
2016/9/25 08:00,11.38700008,6.162000179,8.38599968,3.660000086,2.28399992,1.126999974,22.51099968
2016/9/25 09:00,9.109000206,4.822999954,6.324999809,2.239000082,2.405999899,1.248999953,23.77700043
2016/9/25 10:00,9.243000031,4.152999878,5.96999979,2.842999935,2.618999958,1.126999974,24.5510006
2016/9/25 11:00,9.175999641,4.622000217,5.96999979,2.700999975,2.710999966,1.097000003,24.69199944
2016/9/25 12:00,5.894000053,2.210000038,4.122000217,1.279000044,1.949000001,0.822000027,25.67700005
2016/9/25 13:00,5.69299984,3.282000065,4.051000118,1.812000036,1.85800004,0.852999985,26.45000076
2016/9/25 14:00,6.764999866,3.750999928,4.65500021,2.096999884,2.040999889,1.004999995,27.15399933
2016/9/25 15:00,6.96600008,3.282000065,4.903999805,2.167999983,1.949000001,0.975000024,27.22400093
2016/9/25 16:00,6.96600008,4.085999966,4.868000031,2.700999975,2.253999949,1.097000003,26.94300079
2016/9/25 17:00,7.769999981,3.684000015,4.974999905,2.273999929,2.740999937,1.126999974,26.45000076
2016/9/25 18:00,6.697999954,3.214999914,4.263999939,1.883000016,2.405999899,0.883000016,25.74699974
2016/9/25 19:00,6.831999779,2.746000051,4.513000011,1.70599997,2.315000057,0.700999975,25.25499916
2016/9/25 20:00,7.166999817,3.214999914,4.513000011,1.99000001,2.467000008,0.883000016,24.34000015
2016/9/25 21:00,6.296000004,2.210000038,4.086999893,1.065999985,2.101999998,0.760999978,23.98800087
2016/9/25 22:00,8.505999565,4.085999966,6.644999981,3.447000027,1.85800004,0.731000006,23.63699913
2016/9/25 23:00,10.71700001,5.090000153,9.204000473,3.696000099,1.613999963,0.700999975,23.4260006
2016/9/26 00:00,14.06599998,6.362999916,9.87899971,4.19299984,4.020999908,1.309999943,22.65200043
2016/9/26 01:00,13.66399956,4.421000004,9.204000473,2.061000109,3.868000031,1.279000044,22.79199982
2016/9/26 02:00,12.52499962,5.625999928,8.56400013,3.660000086,3.77699995,1.340000033,22.86300087
2016/9/26 03:00,12.85999966,6.296000004,9.204000473,3.76699996,3.806999922,1.309999943,22.37000084
2016/9/26 04:00,13.86499977,6.362999916,9.593999863,3.980000019,3.838000059,1.309999943,22.44099998
2016/9/26 05:00,14.93700027,6.56400013,10.23400021,4.051000118,4.203000069,1.279000044,22.0890007
2016/9/26 06:00,15.13700008,5.894000053,10.09200001,4.300000191,4.934000015,1.401000023,22.0890007
2016/9/26 07:00,12.72599983,6.56400013,8.173000336,4.441999912,4.630000114,1.432000041,21.87800026
2016/9/26 08:00,9.243000031,4.822999954,6.361000061,3.163000107,1.980000019,1.004999995,22.58099937
2016/9/26 09:00,8.038000107,5.223999977,5.828000069,3.517999887,2.00999999,0.975000024,23.56599998
2016/9/26 10:00,8.706999779,4.889999866,6.218999863,2.806999922,2.559000015,0.944000006,24.34000015
2016/9/26 11:00,8.305999756,4.21999979,6.610000134,3.517999887,1.491999984,0.425999999,25.25499916
2016/9/26 12:00,5.760000229,2.812999964,4.406000137,2.309999943,1.126999974,0.305000007,26.30999947
2016/9/26 13:00,6.429999828,2.477999926,4.014999866,1.386000037,2.101999998,0.822000027,27.15399933
2016/9/26 14:00,7.234000206,3.951999903,5.366000175,2.664999962,2.040999889,0.791999996,27.29500008
2016/9/26 15:00,6.831999779,4.085999966,4.796999931,2.486999989,2.193000078,0.975000024,27.15399933
2016/9/26 16:00,6.764999866,3.148000002,4.547999859,1.77699995,2.223999977,0.913999975,27.08399963
2016/9/26 17:00,7.301000118,3.282000065,4.903999805,2.345000029,2.437000036,0.852999985,26.80200005
2016/9/26 18:00,6.497000217,2.678999901,4.157999992,1.77699995,2.223999977,0.760999978,25.67700005
2016/9/26 19:00,7.032999992,2.746000051,4.335000038,1.63499999,2.618999958,0.822000027,24.69199944
2016/9/26 20:00,6.56400013,2.746000051,4.370999813,1.77699995,2.253999949,0.700999975,24.05900002
2016/9/26 21:00,7.301000118,3.348999977,5.756999969,2.025000095,1.91900003,0.670000017,23.98800087
2016/9/26 22:00,9.376999855,4.152999878,7.143000126,2.664999962,1.552999973,0.547999978,23.63699913
2016/9/26 23:00,13.39599991,4.487999916,11.79800034,3.233999968,1.735999942,0.639999986,23.21500015
2016/9/27 00:00,13.12800026,4.019000053,11.37100029,3.019999981,1.401000023,0.578999996,23.28499985
2016/9/27 01:00,11.31999969,2.947000027,10.16300011,2.061000109,1.340000033,0.578999996,23.49600029
2016/9/27 02:00,12.45800018,3.549999952,11.05099964,2.415999889,1.309999943,0.547999978,23.00300026
2016/9/27 03:00,11.52099991,3.549999952,9.559000015,2.025000095,1.248999953,0.547999978,23.1439991
2016/9/27 04:00,12.12300014,5.760000229,10.58899975,4.263999939,1.279000044,0.547999978,22.93300056
2016/9/27 05:00,12.39099979,3.951999903,11.19400024,2.273999929,1.644999981,0.518000007,22.58099937
2016/9/27 06:00,13.06099987,3.617000103,10.73200035,1.883000016,2.345000029,0.700999975,22.58099937
2016/9/27 07:00,11.85499954,3.750999928,10.16300011,3.092000008,2.375999928,0.883000016,23.00300026
2016/9/27 08:00,12.79300022,4.085999966,10.19900036,2.984999895,2.345000029,1.036000013,22.79199982
2016/9/27 09:00,9.845999718,2.746000051,7.143000126,1.350000024,2.528000116,1.218000054,23.98800087
2016/9/27 10:00,8.305999756,3.951999903,6.218999863,3.055999994,2.528000116,0.883000016,24.76199913
2016/9/27 11:00,9.31000042,3.48300004,5.899000168,2.273999929,2.710999966,0.791999996,25.04400063
2016/9/27 12:00,6.96600008,3.348999977,4.157999992,1.598999977,2.193000078,0.791999996,26.02799988
2016/9/27 13:00,6.96600008,3.617000103,4.725999832,2.309999943,2.040999889,0.822000027,26.94300079
2016/9/27 14:00,6.697999954,3.750999928,4.65500021,2.486999989,1.980000019,0.944000006,27.01300049
2016/9/27 15:00,7.368000031,4.21999979,4.796999931,2.948999882,2.131999969,1.097000003,27.50600052
2016/9/27 16:00,6.899000168,4.421000004,4.974999905,2.772000074,2.253999949,1.309999943,27.57600021
2016/9/27 17:00,7.568999767,3.549999952,4.903999805,2.273999929,2.680000067,0.883000016,27.43499947
2016/9/27 18:00,7.166999817,3.148000002,4.513000011,1.99000001,2.528000116,0.822000027,26.09900093
2016/9/27 19:00,7.568999767,3.148000002,4.796999931,1.812000036,2.710999966,0.822000027,25.25499916
2016/9/27 20:00,7.501999855,3.214999914,4.725999832,2.096999884,2.680000067,0.852999985,24.12899971
2016/9/27 21:00,8.43900013,3.415999889,6.218999863,1.883000016,2.253999949,0.731000006,23.77700043
2016/9/27 22:00,10.38199997,4.152999878,8.350999832,3.197999954,1.827999949,0.609000027,23.4260006
2016/9/27 23:00,11.72099972,3.148000002,9.772000313,2.025000095,2.040999889,0.731000006,23.00300026
2016/9/28 00:00,17.34799957,5.827000141,13.21899986,3.411000013,4.172999859,1.340000033,22.51099968
2016/9/28 01:00,17.01300049,5.559000015,12.89900017,3.055999994,4.203000069,1.279000044,22.22999954
2016/9/28 02:00,16.61100006,6.027999878,12.93500042,3.233999968,4.111999989,1.279000044,22.37000084
2016/9/28 03:00,15.06999969,4.085999966,10.7670002,2.309999943,4.111999989,1.279000044,20.61199951
2016/9/28 04:00,16.87899971,5.69299984,12.82800007,3.233999968,4.203000069,1.371000051,21.66699982
2016/9/28 05:00,17.07999992,5.559000015,12.64999962,3.411000013,4.416999817,1.340000033,21.31500053
2016/9/28 06:00,17.07999992,4.822999954,12.18900013,2.630000114,4.903999805,1.401000023,21.52599907
2016/9/28 07:00,11.98900032,5.357999802,7.427000046,3.055999994,4.751999855,1.523000002,21.45599937
2016/9/28 08:00,9.51099968,4.756000042,7.249000072,3.76699996,2.315000057,1.156999946,21.73699951
2016/9/28 09:00,9.376999855,4.756000042,6.502999783,3.233999968,2.345000029,1.097000003,21.17399979
2016/9/28 10:00,9.578000069,4.554999828,7.568999767,2.664999962,2.437000036,0.975000024,19.90800095
2016/9/28 11:00,9.578000069,4.487999916,7.249000072,3.197999954,2.559000015,0.760999978,18.50099945
2016/9/28 12:00,7.434999943,2.678999901,5.436999798,2.131999969,1.827999949,0.731000006,16.32099915
2016/9/28 13:00,5.223999977,2.947000027,3.588999987,1.99000001,1.613999963,0.791999996,15.47599983
2016/9/28 14:00,6.296000004,3.549999952,3.838000059,1.812000036,1.735999942,0.883000016,17.51600075
2016/9/28 15:00,6.296000004,3.750999928,4.263999939,2.345000029,1.644999981,0.731000006,17.44599915
2016/9/28 16:00,6.027999878,3.013999939,3.980000019,2.025000095,2.163000107,0.791999996,16.88299942
2016/9/28 17:00,6.831999779,2.880000114,4.762000084,1.953999996,2.101999998,0.578999996,14.91399956
2016/9/28 18:00,3.750999928,1.20599997,2.523000002,1.031000018,0.670000017,0.213,16.46100044
2016/9/28 19:00,3.282000065,1.273000002,2.025000095,0.745999992,1.218000054,0.456999987,16.03899956
2016/9/28 20:00,3.88499999,1.406999946,1.953999996,0.639999986,1.827999949,0.609000027,13.78800011
2016/9/28 21:00,4.889999866,2.075999975,3.055999994,0.924000025,1.644999981,0.547999978,14.84300041
2016/9/28 22:00,4.68900013,2.075999975,2.842999935,1.63499999,1.340000033,0.518000007,15.26500034
2016/9/28 23:00,8.505999565,3.951999903,6.751999855,2.914000034,1.523000002,0.609000027,14.84300041
2016/9/29 00:00,10.44900036,4.956999779,9.097000122,3.660000086,1.279000044,0.518000007,13.78800011
2016/9/29 01:00,9.376999855,4.019000053,8.208999634,3.055999994,1.126999974,0.486999989,10.3409996
2016/9/29 02:00,9.376999855,4.019000053,7.994999886,2.984999895,1.371000051,0.518000007,10.13000011
2016/9/29 03:00,9.175999641,4.956999779,8.31499958,3.980000019,1.340000033,0.547999978,11.46700001
2016/9/29 04:00,9.444000244,4.68900013,8.173000336,3.127000093,1.462000012,0.609000027,11.95899963
2016/9/29 05:00,5.69299984,2.009000063,4.300000191,1.136999965,1.523000002,0.639999986,9.98900032
2016/9/29 06:00,5.894000053,2.344000101,4.086999893,1.136999965,1.70599997,0.456999987,9.425999641
2016/9/29 07:00,7.568999767,2.880000114,5.295000076,1.421000004,2.223999977,0.731000006,9.425999641
2016/9/29 08:00,6.296000004,2.344000101,4.477000237,1.70599997,1.91900003,0.760999978,9.567000389
2016/9/29 09:00,4.622000217,1.60800004,2.203000069,1.065999985,1.85800004,0.731000006,9.708000183
2016/9/29 10:00,4.68900013,2.27699995,2.167999983,0.675000012,2.375999928,0.791999996,10.13000011
2016/9/29 11:00,5.223999977,2.27699995,2.842999935,0.924000025,2.497999907,0.731000006,10.13000011
2016/9/29 12:00,4.956999779,1.942000031,2.664999962,1.315000057,1.797000051,0.822000027,12.10000038
2016/9/29 13:00,4.622000217,2.678999901,3.305000067,1.63499999,1.76699996,0.639999986,14.70300007
2016/9/29 14:00,4.354000092,2.545000076,2.878000021,0.995000005,1.70599997,0.639999986,12.23999977
2016/9/29 15:00,4.956999779,2.142999887,3.411000013,1.279000044,1.644999981,0.670000017,14.27999973
2016/9/29 16:00,5.827000141,2.142999887,3.838000059,1.279000044,2.040999889,0.670000017,12.7329998
2016/9/29 17:00,6.697999954,1.807999969,4.584000111,1.065999985,2.040999889,0.547999978,13.43599987
2016/9/29 18:00,6.56400013,2.411000013,4.157999992,2.025000095,2.405999899,0.609000027,11.04399967
2016/9/29 19:00,5.492000103,2.142999887,3.197999954,1.386000037,2.253999949,0.609000027,10.3409996
2016/9/29 20:00,4.822999954,2.075999975,2.700999975,1.243999958,2.101999998,0.609000027,10.62199974
2016/9/29 21:00,4.756000042,1.674000025,2.948999882,1.279000044,1.827999949,0.547999978,10.48200035
2016/9/29 22:00,5.492000103,2.947000027,3.482000113,2.167999983,1.432000041,0.486999989,10.41100025
2016/9/29 23:00,6.429999828,3.348999977,5.081999779,2.239000082,1.674999952,0.609000027,10.3409996
2016/9/30 00:00,8.43900013,4.421000004,7.071000099,3.019999981,1.462000012,0.700999975,10.48200035
2016/9/30 01:00,8.171999931,4.622000217,7.035999775,3.233999968,1.462000012,0.731000006,11.46700001
2016/9/30 02:00,7.099999905,4.085999966,5.507999897,2.594000101,1.462000012,0.760999978,10.69299984
2016/9/30 03:00,7.434999943,3.818000078,5.862999916,2.878000021,1.491999984,0.731000006,13.57699966
2016/9/30 04:00,8.774000168,4.085999966,6.71600008,2.772000074,1.491999984,0.700999975,11.25599957
2016/9/30 05:00,7.903999805,3.282000065,5.68599987,2.203000069,1.85800004,0.760999978,11.32600021
2016/9/30 06:00,8.572999954,3.684000015,6.965000153,2.486999989,2.071000099,0.700999975,11.88899994
2016/9/30 07:00,8.171999931,3.617000103,4.762000084,1.953999996,2.772000074,1.036000013,11.04399967
2016/9/30 08:00,7.636000156,3.617000103,4.65500021,2.025000095,2.740999937,1.279000044,10.3409996
2016/9/30 09:00,6.899000168,4.68900013,4.406000137,2.700999975,2.862999916,1.340000033,12.7329998
2016/9/30 10:00,7.769999981,4.756000042,4.796999931,2.948999882,2.984999895,1.279000044,16.03899956
2016/9/30 11:00,8.104999542,4.68900013,4.903999805,2.273999929,3.349999905,1.309999943,15.68700027
2016/9/30 12:00,7.166999817,3.818000078,4.513000011,2.239000082,2.832999945,1.371000051,15.75800037
2016/9/30 13:00,7.501999855,4.889999866,4.868000031,3.163000107,2.740999937,1.432000041,15.75800037
2016/9/30 14:00,7.099999905,5.022999763,4.513000011,3.339999914,2.588999987,1.491999984,16.95400047
2016/9/30 15:00,7.836999893,4.756000042,4.93900013,2.878000021,2.588999987,1.401000023,16.60199928
2016/9/30 16:00,7.636000156,3.818000078,4.93900013,2.131999969,2.650000095,1.340000033,16.60199928
2016/9/30 17:00,8.907999992,3.750999928,5.507999897,2.203000069,3.503000021,1.432000041,16.95400047
2016/9/30 18:00,7.568999767,3.148000002,4.619999886,1.598999977,2.954999924,1.218000054,18.00900078
2016/9/30 19:00,7.166999817,3.013999939,4.477000237,1.598999977,2.680000067,1.126999974,18.78300095
2016/9/30 20:00,6.362999916,2.477999926,3.944000006,1.279000044,2.345000029,0.975000024,18.71199989
2016/9/30 21:00,5.625999928,2.27699995,3.552999973,1.101999998,2.040999889,0.944000006,18.43099976
2016/9/30 22:00,7.099999905,2.746000051,5.223999977,1.812000036,1.797000051,0.913999975,18.99399948
2016/9/30 23:00,7.301000118,3.214999914,5.329999924,1.99000001,1.888000011,0.975000024,18.5720005
2016/10/1 00:00,9.711999893,4.287000179,8.102000237,3.019999981,1.674999952,0.883000016,18.78300095
2016/10/1 01:00,9.845999718,4.354000092,8.208999634,3.233999968,1.70599997,0.944000006,18.5720005
2016/10/1 02:00,9.645000458,4.487999916,8.065999985,3.197999954,1.644999981,0.883000016,18.07900047
2016/10/1 03:00,8.975000381,3.951999903,7.427000046,2.984999895,1.70599997,0.883000016,19.20499992
2016/10/1 04:00,9.51099968,4.287000179,7.710999966,2.984999895,1.76699996,0.883000016,18.6420002
2016/10/1 05:00,8.43900013,3.013999939,6.183000088,2.061000109,2.040999889,0.913999975,19.27499962
2016/10/1 06:00,9.845999718,3.214999914,6.928999901,1.91900003,2.740999937,1.004999995,19.13400078
2016/10/1 07:00,10.7840004,3.951999903,8.208999634,2.594000101,2.618999958,1.004999995,19.27499962
2016/10/1 08:00,8.305999756,3.549999952,5.401000023,1.953999996,2.924000025,1.340000033,17.02400017
2016/10/1 09:00,7.234000206,3.214999914,4.335000038,1.669999957,2.894000053,1.248999953,13.78800011
2016/10/1 10:00,8.171999931,3.415999889,4.796999931,1.70599997,3.259000063,1.309999943,14.35099983
2016/10/1 11:00,8.171999931,3.282000065,4.93900013,1.77699995,3.167999983,1.218000054,15.96899986
2016/10/1 12:00,6.631000042,2.812999964,4.014999866,1.77699995,2.345000029,1.126999974,19.27499962
2016/10/1 13:00,6.96600008,3.415999889,4.547999859,1.99000001,2.253999949,1.097000003,19.97900009
2016/10/1 14:00,7.099999905,3.415999889,4.65500021,2.061000109,2.437000036,1.187999964,21.0340004
2016/10/1 15:00,6.56400013,3.348999977,4.086999893,1.84800005,2.437000036,1.187999964,20.82299995
2016/10/1 16:00,6.09499979,2.812999964,3.411000013,1.243999958,2.710999966,1.187999964,20.75200081
2016/10/1 17:00,7.971000195,2.947000027,4.974999905,1.527999997,2.924000025,1.097000003,19.55599976
2016/10/1 18:00,7.166999817,2.611999989,4.263999939,1.243999958,2.954999924,1.097000003,20.54100037
2016/10/1 19:00,7.368000031,2.545000076,4.406000137,1.243999958,2.862999916,0.975000024,20.47100067
2016/10/1 20:00,6.296000004,2.142999887,3.90899992,1.101999998,2.315000057,0.760999978,20.68199921
2016/10/1 21:00,5.894000053,2.210000038,3.517999887,1.031000018,2.315000057,0.883000016,20.75200081
2016/10/1 22:00,5.090000153,2.009000063,3.127000093,0.958999991,1.888000011,0.822000027,20.75200081
2016/10/1 23:00,8.038000107,1.273000002,5.828000069,0.391000003,2.00999999,0.913999975,20.89299965
2016/10/2 00:00,8.171999931,1.741000056,6.289999962,0.603999972,1.91900003,0.852999985,20.47100067
2016/10/2 01:00,6.497000217,0.938000023,4.547999859,0.284000009,1.76699996,0.852999985,20.26000023
2016/10/2 02:00,6.831999779,1.340000033,5.295000076,0.391000003,1.523000002,0.700999975,20.11899948
2016/10/2 03:00,6.497000217,1.20599997,5.223999977,0.391000003,1.279000044,0.639999986,20.61199951
2016/10/2 04:00,7.501999855,1.942000031,6.183000088,1.207999945,1.309999943,0.609000027,19.76799965
2016/10/2 05:00,5.69299984,1.004999995,3.802000046,0.071000002,1.76699996,0.670000017,20.32999992
2016/10/2 06:00,7.434999943,1.406999946,5.046000004,0.319999993,2.28399992,0.760999978,19.97900009
2016/10/2 07:00,6.697999954,1.541000009,4.051000118,0.319999993,2.772000074,1.065999985,18.85300064
2016/10/2 08:00,6.56400013,2.009000063,4.122000217,0.888000011,2.559000015,1.065999985,19.83799934
2016/10/2 09:00,6.631000042,2.344000101,4.19299984,1.031000018,2.559000015,1.065999985,19.27499962
2016/10/2 10:00,7.836999893,2.880000114,5.010000229,1.421000004,2.862999916,1.036000013,19.6970005
2016/10/2 11:00,7.703000069,2.545000076,5.010000229,1.207999945,2.680000067,1.004999995,20.04899979
2016/10/2 12:00,5.827000141,1.674000025,3.625,0.569000006,2.071000099,0.883000016,20.11899948
2016/10/2 13:00,5.827000141,1.942000031,3.660000086,0.675000012,2.163000107,1.065999985,21.24500084
2016/10/2 14:00,6.229000092,2.746000051,3.944000006,0.888000011,2.345000029,1.218000054,21.52599907
2016/10/2 15:00,7.301000118,2.746000051,4.833000183,1.315000057,2.528000116,1.218000054,20.47100067
2016/10/2 16:00,7.099999905,2.812999964,4.370999813,0.888000011,2.862999916,1.340000033,19.06399918
2016/10/2 17:00,8.371999741,2.411000013,4.762000084,0.745999992,3.532999992,1.432000041,16.03899956
2016/10/2 18:00,6.831999779,1.406999946,4.157999992,0.248999998,2.710999966,0.883000016,19.27499962
2016/10/2 19:00,7.032999992,1.473999977,4.370999813,0.425999999,2.772000074,0.731000006,19.76799965
2016/10/2 20:00,6.09499979,1.340000033,3.838000059,0.391000003,2.28399992,0.731000006,19.90800095
2016/10/2 21:00,5.559000015,1.340000033,3.625,0.354999989,1.949000001,0.731000006,19.97900009
2016/10/2 22:00,6.429999828,2.344000101,4.547999859,1.031000018,2.040999889,0.883000016,19.97900009
2016/10/2 23:00,8.706999779,2.812999964,6.644999981,1.598999977,2.071000099,0.822000027,20.26000023
2016/10/3 00:00,11.31999969,3.818000078,7.214000225,1.953999996,4.081999779,1.309999943,20.54100037
2016/10/3 01:00,10.98499966,3.818000078,6.928999901,1.99000001,4.020999908,1.371000051,19.83799934
2016/10/3 02:00,10.58300018,3.684000015,6.71600008,1.953999996,3.838000059,1.279000044,20.61199951
2016/10/3 03:00,11.05200005,3.818000078,7.106999874,2.061000109,3.928999901,1.309999943,20.26000023
2016/10/3 04:00,9.51099968,2.545000076,5.68599987,1.243999958,3.898999929,1.371000051,20.61199951
2016/10/3 05:00,10.98499966,3.282000065,6.467000008,1.491999984,4.355999947,1.340000033,19.97900009
2016/10/3 06:00,11.65499973,2.947000027,6.289999962,1.065999985,4.873000145,1.340000033,20.04899979
2016/10/3 07:00,12.6590004,4.019000053,7.461999893,1.63499999,5.208000183,1.76699996,19.76799965
2016/10/3 08:00,8.171999931,3.415999889,5.329999924,1.70599997,2.894000053,1.218000054,20.40099907
2016/10/3 09:00,6.96600008,3.282000065,4.19299984,1.70599997,2.740999937,1.218000054,20.68199921
2016/10/3 10:00,7.166999817,2.947000027,4.584000111,1.56400001,2.559000015,1.065999985,21.45599937
2016/10/3 11:00,7.568999767,2.477999926,4.796999931,1.315000057,2.772000074,0.975000024,22.0890007
2016/10/3 12:00,5.69299984,2.075999975,3.339999914,0.852999985,2.253999949,0.944000006,22.58099937
2016/10/3 13:00,6.429999828,2.812999964,4.300000191,1.598999977,2.163000107,1.004999995,24.4810009
2016/10/3 14:00,7.032999992,3.214999914,4.690999985,1.812000036,2.253999949,1.126999974,24.27000046
2016/10/3 15:00,6.631000042,3.148000002,4.547999859,1.953999996,2.101999998,0.944000006,24.1989994
2016/10/3 16:00,6.296000004,3.013999939,4.014999866,1.63499999,2.28399992,0.944000006,24.97299957
2016/10/3 17:00,6.96600008,2.344000101,4.619999886,1.279000044,2.375999928,0.670000017,26.02799988
2016/10/3 18:00,6.429999828,1.942000031,4.051000118,1.065999985,2.437000036,0.700999975,24.5510006
2016/10/3 19:00,6.56400013,2.142999887,4.263999939,1.350000024,2.315000057,0.639999986,23.63699913
2016/10/3 20:00,6.362999916,2.009000063,4.157999992,1.136999965,2.193000078,0.609000027,23.84799957
2016/10/3 21:00,5.760000229,1.541000009,3.872999907,0.745999992,1.949000001,0.639999986,23.21500015
2016/10/3 22:00,4.822999954,1.340000033,3.552999973,0.852999985,1.552999973,0.609000027,22.58099937
2016/10/3 23:00,7.568999767,3.684000015,5.828000069,2.486999989,1.76699996,0.731000006,22.0189991
2016/10/4 00:00,11.31999969,4.889999866,9.345999718,3.552999973,1.674999952,0.700999975,22.0189991
2016/10/4 01:00,10.58300018,5.022999763,8.493000031,3.233999968,1.462000012,0.700999975,21.59700012
2016/10/4 02:00,9.31000042,4.889999866,7.532999992,3.411000013,1.218000054,0.578999996,21.38500023
2016/10/4 03:00,10.31499958,4.889999866,8.38599968,3.411000013,1.279000044,0.609000027,20.68199921
2016/10/4 04:00,8.640000343,4.287000179,7.249000072,2.700999975,1.432000041,0.700999975,20.82299995
2016/10/4 05:00,8.371999741,3.617000103,6.467000008,2.415999889,1.674999952,0.731000006,20.96299934
2016/10/4 06:00,10.91800022,4.889999866,8.883999825,3.197999954,2.28399992,0.670000017,20.32999992
2016/10/4 07:00,10.04699993,4.21999979,8.173000336,3.092000008,2.101999998,0.760999978,20.54100037
2016/10/4 08:00,8.23900032,4.68900013,5.862999916,2.842999935,2.101999998,0.913999975,20.54100037
2016/10/4 09:00,6.899000168,3.750999928,4.690999985,2.309999943,2.315000057,1.065999985,22.29999924
2016/10/4 10:00,8.505999565,4.554999828,5.721000195,2.878000021,2.497999907,1.004999995,22.79199982
2016/10/4 11:00,8.907999992,4.287000179,5.791999817,2.594000101,2.894000053,0.944000006,22.65200043
2016/10/4 12:00,6.764999866,3.684000015,4.762000084,2.415999889,1.980000019,0.670000017,23.49600029
2016/10/4 13:00,7.368000031,3.684000015,4.477000237,1.953999996,2.375999928,1.004999995,23.4260006
2016/10/4 14:00,5.960999966,3.415999889,3.90899992,1.91900003,2.163000107,1.004999995,23.63699913
2016/10/4 15:00,6.831999779,4.554999828,4.796999931,3.055999994,2.131999969,1.004999995,23.49600029
2016/10/4 16:00,6.56400013,3.684000015,4.014999866,2.273999929,2.437000036,0.975000024,23.49600029
2016/10/4 17:00,7.434999943,3.348999977,4.725999832,2.096999884,2.588999987,0.883000016,23.84799957
2016/10/4 18:00,6.362999916,2.678999901,4.014999866,1.812000036,2.375999928,0.700999975,22.51099968
2016/10/4 19:00,6.497000217,2.678999901,4.051000118,1.598999977,2.467000008,0.700999975,22.93300056
2016/10/4 20:00,5.960999966,2.611999989,3.76699996,1.741000056,2.131999969,0.547999978,23.84799957
2016/10/4 21:00,5.425000191,1.942000031,3.305000067,1.101999998,2.131999969,0.670000017,24.69199944
2016/10/4 22:00,7.903999805,3.415999889,5.401000023,1.91900003,1.827999949,0.700999975,23.91799927
2016/10/4 23:00,9.31000042,4.68900013,7.427000046,3.482000113,1.674999952,0.639999986,23.63699913
2016/10/5 00:00,12.45800018,2.947000027,8.741999626,1.56400001,3.77699995,1.097000003,24.4810009
2016/10/5 01:00,12.45800018,3.750999928,8.812999725,1.812000036,3.746000051,1.187999964,22.72200012
2016/10/5 02:00,11.45400047,4.956999779,7.782000065,3.163000107,3.99000001,1.309999943,22.1590004
2016/10/5 03:00,12.85999966,5.827000141,8.670999527,4.086999893,3.960000038,1.248999953,22.65200043
2016/10/5 04:00,12.92700005,3.750999928,8.635000229,1.421000004,3.868000031,1.187999964,24.12899971
2016/10/5 05:00,11.72099972,4.487999916,7.532999992,2.559000015,4.203000069,1.248999953,23.49600029
2016/10/5 06:00,12.99400043,4.487999916,8.56400013,2.664999962,4.630000114,1.279000044,23.63699913
2016/10/5 07:00,13.06099987,4.956999779,7.853000164,2.878000021,4.842999935,1.523000002,23.98800087
2016/10/5 08:00,8.371999741,4.68900013,5.934000015,2.772000074,2.405999899,1.126999974,23.1439991
2016/10/5 09:00,8.038000107,4.354000092,5.472000122,2.594000101,2.497999907,1.004999995,25.18400002
2016/10/5 10:00,8.975000381,4.68900013,5.436999798,2.594000101,2.618999958,0.944000006,27.50600052
2016/10/5 11:00,9.175999641,4.487999916,5.934000015,2.878000021,2.802000046,0.944000006,25.88800049
2016/10/5 12:00,6.362999916,3.617000103,4.19299984,2.451999903,1.91900003,0.731000006,25.4659996
2016/10/5 13:00,7.368000031,4.019000053,5.223999977,2.594000101,2.193000078,0.760999978,25.04400063
2016/10/5 14:00,6.96600008,4.085999966,4.903999805,2.415999889,1.91900003,0.883000016,26.66200066
2016/10/5 15:00,6.631000042,3.684000015,4.547999859,2.381000042,1.888000011,0.975000024,25.6060009
2016/10/5 16:00,6.027999878,3.415999889,3.980000019,2.486999989,1.949000001,0.760999978,25.6060009
2016/10/5 17:00,7.099999905,3.148000002,4.477000237,2.025000095,2.405999899,0.731000006,25.4659996
2016/10/5 18:00,6.09499979,2.477999926,3.944000006,1.70599997,2.101999998,0.609000027,24.62100029
2016/10/5 19:00,6.56400013,2.611999989,4.263999939,1.77699995,2.253999949,0.547999978,24.12899971
2016/10/5 20:00,6.296000004,2.678999901,4.014999866,1.741000056,2.375999928,0.731000006,23.4260006
2016/10/5 21:00,5.760000229,3.013999939,3.517999887,1.883000016,2.00999999,0.670000017,22.58099937
2016/10/5 22:00,7.368000031,3.617000103,5.862999916,2.523000002,1.827999949,0.609000027,22.22999954
2016/10/5 23:00,10.51599979,3.684000015,8.598999977,1.883000016,1.85800004,0.731000006,21.73699951
2016/10/6 00:00,11.92199993,3.013999939,7.639999866,1.136999965,4.203000069,1.309999943,21.17399979
2016/10/6 01:00,13.19499969,5.894000053,8.741999626,3.482000113,4.020999908,1.248999953,20.89299965
2016/10/6 02:00,13.12800026,6.027999878,8.493000031,3.872999907,4.081999779,1.279000044,20.47100067
2016/10/6 03:00,13.19499969,6.09499979,9.168000221,3.90899992,4.020999908,1.309999943,20.47100067
2016/10/6 04:00,12.12300014,5.022999763,7.568999767,2.984999895,4.203000069,1.401000023,20.40099907
2016/10/6 05:00,11.85499954,4.822999954,7.532999992,2.842999935,4.295000076,1.401000023,19.83799934
2016/10/6 06:00,12.32400036,4.487999916,7.214000225,2.061000109,4.965000153,1.340000033,20.32999992
2016/10/6 07:00,13.79800034,5.69299984,8.777000427,3.660000086,4.903999805,1.462000012,19.62700081
2016/10/6 08:00,8.038000107,4.287000179,5.756999969,2.772000074,2.28399992,1.036000013,20.40099907
2016/10/6 09:00,6.697999954,3.818000078,4.513000011,2.594000101,2.163000107,0.975000024,20.47100067
2016/10/6 10:00,7.368000031,3.348999977,5.081999779,2.096999884,2.315000057,1.036000013,20.47100067
2016/10/6 11:00,8.171999931,3.415999889,5.366000175,2.167999983,2.650000095,0.975000024,21.10400009
2016/10/6 12:00,5.425000191,2.210000038,3.90899992,1.56400001,1.797000051,0.731000006,21.45599937
2016/10/6 13:00,6.831999779,3.684000015,5.010000229,2.273999929,1.980000019,0.883000016,22.93300056
2016/10/6 14:00,7.099999905,4.354000092,5.046000004,2.700999975,1.980000019,0.975000024,22.58099937
2016/10/6 15:00,5.827000141,3.549999952,4.086999893,2.203000069,1.70599997,0.944000006,22.22999954
2016/10/6 16:00,6.429999828,3.282000065,4.157999992,1.91900003,2.253999949,1.036000013,21.45599937
2016/10/6 17:00,7.703000069,2.880000114,4.833000183,1.386000037,2.832999945,0.944000006,21.0340004
2016/10/6 18:00,6.296000004,2.009000063,3.838000059,0.888000011,2.405999899,0.883000016,20.47100067
2016/10/6 19:00,6.429999828,1.807999969,4.014999866,0.816999972,2.345000029,0.700999975,19.83799934
2016/10/6 20:00,6.162000179,2.545000076,3.980000019,1.56400001,2.193000078,0.639999986,19.6970005
2016/10/6 21:00,5.760000229,3.214999914,4.051000118,2.239000082,1.85800004,0.609000027,19.34499931
2016/10/6 22:00,7.568999767,3.013999939,6.040999889,2.239000082,1.552999973,0.547999978,19.48600006
2016/10/6 23:00,11.31999969,2.678999901,9.630000114,1.386000037,1.644999981,0.639999986,19.41600037
2016/10/7 00:00,12.18999958,3.951999903,10.97999954,2.415999889,1.491999984,0.639999986,16.10899925
2016/10/7 01:00,11.78800011,4.019000053,10.625,2.948999882,1.401000023,0.578999996,17.16500092
2016/10/7 02:00,11.31999969,5.625999928,10.23400021,4.513000011,1.340000033,0.700999975,16.10899925
2016/10/7 03:00,11.18599987,6.027999878,10.02099991,4.263999939,1.248999953,0.639999986,14.21000004
2016/10/7 04:00,10.71700001,5.357999802,9.701000214,4.086999893,1.279000044,0.578999996,17.37599945
2016/10/7 05:00,8.907999992,3.617000103,7.071000099,2.451999903,1.613999963,0.700999975,17.86800003
2016/10/7 06:00,11.38700008,4.354000092,9.701000214,3.339999914,2.375999928,0.852999985,17.72699928
2016/10/7 07:00,11.98900032,5.357999802,9.416999817,4.19299984,2.559000015,0.975000024,17.37599945
2016/10/7 08:00,11.52099991,5.894000053,8.954999924,3.944000006,2.375999928,1.126999974,17.86800003
2016/10/7 09:00,7.636000156,3.951999903,5.329999924,2.239000082,2.497999907,1.156999946,18.29000092
2016/10/7 10:00,8.706999779,4.354000092,5.68599987,2.415999889,2.467000008,0.913999975,18.21999931
2016/10/7 11:00,8.706999779,4.019000053,5.862999916,2.523000002,2.862999916,0.975000024,18.21999931
2016/10/7 12:00,6.162000179,2.545000076,3.872999907,1.70599997,2.163000107,0.883000016,18.29000092
2016/10/7 13:00,6.027999878,3.818000078,4.157999992,2.309999943,2.131999969,1.004999995,13.71800041
2016/10/7 14:00,6.497000217,3.549999952,4.19299984,1.883000016,2.040999889,0.975000024,18.29000092
2016/10/7 15:00,6.764999866,3.750999928,4.157999992,1.91900003,1.980000019,1.036000013,19.20499992
2016/10/7 16:00,6.631000042,2.880000114,4.19299984,1.669999957,2.193000078,1.004999995,19.48600006
2016/10/7 17:00,7.636000156,2.611999989,4.833000183,1.56400001,2.772000074,0.883000016,19.48600006
2016/10/7 18:00,6.497000217,2.411000013,4.229000092,1.63499999,2.315000057,0.639999986,19.20499992
2016/10/7 19:00,5.827000141,2.210000038,3.802000046,1.491999984,2.071000099,0.518000007,19.06399918
2016/10/7 20:00,5.425000191,2.477999926,3.375999928,1.598999977,2.00999999,0.639999986,19.20499992
2016/10/7 21:00,6.296000004,2.210000038,5.258999825,1.491999984,1.613999963,0.547999978,19.41600037
2016/10/7 22:00,6.631000042,3.013999939,5.329999924,2.239000082,1.279000044,0.486999989,20.11899948
2016/10/7 23:00,9.175999641,2.27699995,7.320000172,1.172999978,1.552999973,0.670000017,20.75200081
2016/10/8 00:00,11.45400047,4.956999779,7.498000145,2.878000021,3.928999901,1.187999964,19.20499992
2016/10/8 01:00,11.65499973,4.822999954,7.853000164,3.055999994,3.868000031,1.218000054,17.93799973
2016/10/8 02:00,11.45400047,4.956999779,7.284999847,3.305000067,3.868000031,1.279000044,18.21999931
2016/10/8 03:00,11.5880003,5.157000065,7.390999794,2.948999882,3.868000031,1.340000033,20.11899948
2016/10/8 04:00,11.52099991,4.822999954,7.214000225,2.914000034,4.111999989,1.309999943,19.27499962
2016/10/8 05:00,12.52499962,4.822999954,7.81799984,2.630000114,4.263999939,1.340000033,18.92300034
2016/10/8 06:00,12.45800018,4.487999916,7.355999947,2.914000034,4.782000065,1.401000023,18.78300095
2016/10/8 07:00,11.11900043,4.622000217,6.71600008,2.736000061,4.813000202,1.401000023,18.00900078
2016/10/8 08:00,8.840999603,4.822999954,6.610000134,3.305000067,2.223999977,1.036000013,18.71199989
2016/10/8 09:00,8.038000107,4.21999979,5.436999798,2.736000061,2.193000078,1.036000013,21.17399979
2016/10/8 10:00,8.305999756,4.287000179,5.578999996,2.451999903,2.28399992,0.852999985,20.89299965
2016/10/8 11:00,7.903999805,3.617000103,5.721000195,2.594000101,2.375999928,0.822000027,21.38500023
2016/10/8 12:00,6.09499979,2.947000027,3.660000086,1.669999957,1.76699996,0.731000006,20.82299995
2016/10/8 13:00,5.827000141,3.48300004,4.477000237,2.486999989,1.980000019,0.883000016,22.1590004
2016/10/8 14:00,6.429999828,3.750999928,4.086999893,2.025000095,1.949000001,0.944000006,22.22999954
2016/10/8 15:00,5.894000053,3.818000078,4.014999866,2.025000095,1.85800004,0.913999975,21.52599907
2016/10/8 16:00,6.09499979,3.214999914,4.157999992,2.131999969,1.980000019,0.944000006,21.17399979
2016/10/8 17:00,6.96600008,3.282000065,4.513000011,2.239000082,2.467000008,0.883000016,21.17399979
2016/10/8 18:00,6.831999779,3.214999914,4.300000191,1.99000001,2.437000036,0.944000006,19.76799965
2016/10/8 19:00,6.429999828,2.746000051,4.051000118,1.598999977,2.467000008,0.822000027,20.26000023
2016/10/8 20:00,5.69299984,2.746000051,3.552999973,1.669999957,2.193000078,0.731000006,19.83799934
2016/10/8 21:00,7.368000031,2.545000076,5.436999798,1.77699995,1.797000051,0.700999975,19.62700081
2016/10/8 22:00,8.505999565,4.21999979,6.610000134,2.842999935,1.613999963,0.670000017,19.48600006
2016/10/8 23:00,12.59200001,3.415999889,10.66100025,2.594000101,1.371000051,0.609000027,18.92300034
2016/10/9 00:00,10.51599979,5.022999763,9.06099987,3.872999907,1.279000044,0.670000017,18.78300095
2016/10/9 01:00,11.05200005,4.822999954,9.701000214,3.552999973,1.279000044,0.670000017,19.27499962
2016/10/9 02:00,8.305999756,3.415999889,6.218999863,2.131999969,1.371000051,0.700999975,19.06399918
2016/10/9 03:00,10.7840004,5.022999763,8.954999924,3.375999928,1.432000041,0.731000006,19.06399918
2016/10/9 04:00,9.979999542,5.022999763,8.173000336,3.411000013,1.462000012,0.731000006,17.93799973
2016/10/9 05:00,11.85499954,5.357999802,9.416999817,3.76699996,1.85800004,0.760999978,17.58699989
2016/10/9 06:00,13.59700012,5.559000015,11.40699959,3.838000059,2.345000029,0.822000027,17.16500092
2016/10/9 07:00,11.92199993,5.69299984,8.954999924,3.517999887,2.28399992,0.852999985,16.88299942
2016/10/9 08:00,11.25300026,5.625999928,9.026000023,4.19299984,2.345000029,1.126999974,17.09399986
2016/10/9 09:00,7.971000195,4.019000053,5.934000015,2.381000042,2.00999999,1.004999995,18.07900047
2016/10/9 10:00,8.104999542,4.354000092,5.68599987,2.523000002,2.315000057,1.004999995,18.71199989
2016/10/9 11:00,8.104999542,3.684000015,5.472000122,2.309999943,2.559000015,0.975000024,18.43099976
2016/10/9 12:00,5.290999889,2.344000101,4.263999939,1.63499999,1.76699996,0.731000006,18.5720005
2016/10/9 13:00,6.831999779,3.348999977,4.547999859,2.025000095,1.76699996,0.852999985,20.26000023
2016/10/9 14:00,6.09499979,3.013999939,4.335000038,1.883000016,1.674999952,0.822000027,19.90800095
2016/10/9 15:00,6.229000092,3.08100009,4.547999859,1.741000056,1.797000051,0.852999985,19.76799965
2016/10/9 16:00,5.625999928,2.880000114,3.660000086,1.77699995,1.70599997,0.609000027,19.97900009
2016/10/9 17:00,6.56400013,2.880000114,4.300000191,1.91900003,2.375999928,0.760999978,19.83799934
2016/10/9 18:00,5.827000141,2.344000101,3.76699996,1.527999997,2.131999969,0.547999978,19.55599976
2016/10/9 19:00,6.09499979,2.27699995,3.90899992,1.386000037,2.223999977,0.547999978,18.36100006
2016/10/9 20:00,5.492000103,2.27699995,3.625,1.457000017,1.888000011,0.547999978,16.46100044
2016/10/9 21:00,4.889999866,1.60800004,3.197999954,0.958999991,1.674999952,0.547999978,16.39100075
2016/10/9 22:00,7.099999905,3.48300004,5.258999825,2.381000042,1.523000002,0.609000027,16.25
2016/10/9 23:00,9.51099968,4.756000042,8.137999535,3.76699996,1.644999981,0.822000027,15.68700027
2016/10/10 00:00,11.92199993,5.69299984,8.598999977,3.944000006,3.960000038,1.248999953,16.46100044
2016/10/10 01:00,12.79300022,6.162000179,8.847999573,3.552999973,3.960000038,1.309999943,16.88299942
2016/10/10 02:00,11.11900043,4.756000042,6.787000179,2.664999962,3.99000001,1.401000023,16.88299942
2016/10/10 03:00,12.45800018,5.559000015,8.137999535,3.305000067,4.111999989,1.371000051,16.53199959
2016/10/10 04:00,12.45800018,4.889999866,7.853000164,3.019999981,3.928999901,1.340000033,16.74300003
2016/10/10 05:00,12.12300014,5.290999889,8.102000237,2.878000021,4.324999809,1.371000051,16.53199959
2016/10/10 06:00,13.32900047,5.223999977,7.81799984,3.127000093,5.086999893,1.401000023,16.46100044
2016/10/10 07:00,13.19499969,5.223999977,8.208999634,3.447000027,4.873000145,1.491999984,16.46100044
2016/10/10 08:00,8.975000381,4.487999916,6.111999989,2.984999895,2.253999949,1.126999974,16.95400047
2016/10/10 09:00,6.831999779,4.354000092,4.868000031,3.092000008,2.163000107,1.156999946,17.51600075
2016/10/10 10:00,8.43900013,3.951999903,5.791999817,2.736000061,2.467000008,1.036000013,17.86800003
2016/10/10 11:00,8.23900032,4.019000053,5.756999969,2.736000061,2.559000015,0.913999975,18.07900047
2016/10/10 12:00,6.229000092,3.48300004,4.619999886,2.203000069,2.00999999,0.944000006,18.50099945
2016/10/10 13:00,6.229000092,3.348999977,4.229000092,2.025000095,2.131999969,1.126999974,19.55599976
2016/10/10 14:00,6.497000217,3.214999914,4.513000011,2.167999983,1.888000011,1.004999995,19.06399918
2016/10/10 15:00,6.631000042,4.019000053,4.441999912,2.486999989,1.980000019,1.036000013,19.76799965
2016/10/10 16:00,6.362999916,3.617000103,4.086999893,2.239000082,2.223999977,1.097000003,19.27499962
2016/10/10 17:00,7.368000031,3.282000065,4.513000011,1.91900003,2.710999966,1.065999985,19.62700081
2016/10/10 18:00,6.697999954,2.812999964,3.980000019,1.63499999,2.894000053,0.975000024,20.11899948
2016/10/10 19:00,6.296000004,2.545000076,3.980000019,1.421000004,2.375999928,0.791999996,20.04899979
2016/10/10 20:00,5.625999928,2.27699995,3.482000113,1.315000057,2.131999969,0.700999975,19.06399918
2016/10/10 21:00,6.362999916,2.411000013,4.903999805,1.315000057,1.674999952,0.578999996,19.06399918
2016/10/10 22:00,8.171999931,3.818000078,6.681000233,2.842999935,1.613999963,0.670000017,18.71199989
2016/10/10 23:00,10.44900036,4.085999966,9.737000465,3.375999928,1.462000012,0.639999986,18.14999962
2016/10/11 00:00,11.85499954,5.625999928,10.51799965,3.802000046,1.248999953,0.578999996,17.86800003
2016/10/11 01:00,12.39099979,3.415999889,11.47799969,2.559000015,1.065999985,0.518000007,17.79800034
2016/10/11 02:00,12.85999966,3.549999952,11.12199974,3.127000093,1.248999953,0.578999996,17.79800034
2016/10/11 03:00,12.59200001,3.214999914,11.01599979,2.203000069,1.097000003,0.518000007,17.16500092
2016/10/11 04:00,12.18999958,3.415999889,11.01599979,2.309999943,1.218000054,0.609000027,17.44599915
2016/10/11 05:00,11.31999969,3.214999914,9.522999763,2.131999969,1.583999991,0.639999986,17.51600075
2016/10/11 06:00,12.92700005,2.411000013,10.8380003,1.63499999,2.163000107,0.700999975,18.07900047
2016/10/11 07:00,12.85999966,2.678999901,10.73200035,1.598999977,2.223999977,0.822000027,17.86800003
2016/10/11 08:00,11.45400047,4.756000042,9.345999718,3.127000093,2.345000029,1.097000003,18.21999931
2016/10/11 09:00,7.099999905,2.947000027,4.300000191,1.741000056,2.345000029,1.156999946,18.6420002
2016/10/11 10:00,6.96600008,3.282000065,4.868000031,2.131999969,2.345000029,1.004999995,18.36100006
2016/10/11 11:00,7.434999943,4.019000053,4.65500021,2.025000095,2.650000095,0.975000024,18.36100006
2016/10/11 12:00,5.357999802,2.344000101,3.411000013,1.207999945,1.949000001,0.883000016,19.06399918
2016/10/11 13:00,7.166999817,3.818000078,4.406000137,2.273999929,2.163000107,0.944000006,18.71199989
2016/10/11 14:00,5.357999802,3.549999952,3.625,1.77699995,1.980000019,1.004999995,18.71199989
2016/10/11 15:00,6.362999916,3.415999889,4.014999866,1.84800005,1.827999949,0.975000024,18.6420002
2016/10/11 16:00,5.894000053,3.214999914,3.625,2.061000109,2.28399992,1.004999995,17.86800003
2016/10/11 17:00,7.368000031,3.08100009,4.547999859,1.812000036,3.015000105,1.036000013,17.23500061
2016/10/11 18:00,6.631000042,2.545000076,4.19299984,1.56400001,2.345000029,0.822000027,16.74300003
2016/10/11 19:00,6.229000092,2.344000101,4.014999866,1.457000017,2.223999977,0.670000017,16.60199928
2016/10/11 20:00,5.625999928,2.27699995,3.411000013,1.421000004,2.00999999,0.639999986,16.88299942
2016/10/11 21:00,5.090000153,1.674000025,3.269000053,1.315000057,1.76699996,0.639999986,16.95400047
2016/10/11 22:00,4.487999916,2.611999989,3.660000086,1.421000004,1.371000051,0.547999978,17.16500092
2016/10/11 23:00,7.636000156,3.617000103,5.614999771,2.630000114,1.85800004,0.822000027,16.39100075
2016/10/12 00:00,9.376999855,4.019000053,5.010000229,2.381000042,3.898999929,1.309999943,13.50699997
2016/10/12 01:00,9.578000069,4.019000053,5.401000023,2.451999903,3.868000031,1.248999953,13.43599987
2016/10/12 02:00,9.645000458,4.21999979,6.076000214,2.700999975,3.77699995,1.248999953,14.49100018
2016/10/12 03:00,9.779000282,4.354000092,5.791999817,2.772000074,3.686000109,1.156999946,15.125
2016/10/12 04:00,9.979999542,4.554999828,6.147999763,2.948999882,3.868000031,1.156999946,15.19499969
2016/10/12 05:00,9.779000282,4.421000004,6.111999989,3.127000093,4.020999908,1.218000054,16.46100044
2016/10/12 06:00,10.31499958,3.951999903,5.295000076,1.741000056,4.630000114,1.279000044,16.10899925
2016/10/12 07:00,11.05200005,4.354000092,6.183000088,2.451999903,4.813000202,1.432000041,16.60199928
2016/10/12 08:00,6.831999779,4.421000004,5.401000023,2.772000074,1.523000002,0.670000017,16.67200089
2016/10/12 09:00,6.09499979,3.214999914,4.65500021,2.309999943,1.462000012,0.670000017,17.51600075
2016/10/12 10:00,7.099999905,3.415999889,5.472000122,2.381000042,1.401000023,0.518000007,18.00900078
2016/10/12 11:00,7.636000156,3.617000103,6.005000114,2.559000015,1.583999991,0.547999978,18.07900047
2016/10/12 12:00,5.492000103,2.880000114,4.406000137,1.91900003,1.156999946,0.456999987,18.00900078
2016/10/12 13:00,6.229000092,3.348999977,5.152999878,2.451999903,1.004999995,0.425999999,17.44599915
2016/10/12 14:00,6.631000042,3.08100009,5.223999977,2.700999975,1.004999995,0.425999999,17.86800003
2016/10/12 15:00,6.429999828,2.947000027,4.93900013,2.664999962,0.913999975,0.365999997,17.79800034
2016/10/12 16:00,5.357999802,2.210000038,4.263999939,1.63499999,1.036000013,0.273999989,17.72699928
2016/10/12 17:00,6.09499979,2.545000076,4.65500021,1.953999996,1.491999984,0.335000008,18.6420002
2016/10/12 18:00,5.760000229,2.009000063,3.730999947,1.243999958,1.980000019,0.518000007,18.92300034
2016/10/12 19:00,6.027999878,2.27699995,3.944000006,1.457000017,2.101999998,0.547999978,18.71199989
2016/10/12 20:00,5.625999928,2.411000013,3.730999947,1.812000036,1.85800004,0.518000007,18.78300095
2016/10/12 21:00,4.956999779,1.942000031,3.482000113,1.031000018,1.613999963,0.518000007,18.6420002
2016/10/12 22:00,6.96600008,3.684000015,5.578999996,2.914000034,1.279000044,0.425999999,18.6420002
2016/10/12 23:00,8.840999603,2.477999926,7.461999893,1.457000017,1.401000023,0.518000007,18.5720005
2016/10/13 00:00,11.31999969,3.08100009,9.522999763,1.77699995,1.309999943,0.486999989,17.93799973
2016/10/13 01:00,10.18099976,3.48300004,8.989999771,2.203000069,1.248999953,0.486999989,17.51600075
2016/10/13 02:00,10.24800014,4.889999866,8.847999573,3.802000046,1.187999964,0.486999989,17.72699928
2016/10/13 03:00,8.907999992,4.822999954,8.065999985,3.76699996,1.218000054,0.518000007,17.37599945
2016/10/13 04:00,10.11400032,4.889999866,8.883999825,3.696000099,1.248999953,0.486999989,16.88299942
2016/10/13 05:00,9.444000244,5.157000065,8.031000137,3.838000059,1.491999984,0.486999989,17.16500092
2016/10/13 06:00,10.18099976,4.354000092,8.56400013,3.055999994,1.91900003,0.486999989,17.23500061
2016/10/13 07:00,9.711999893,4.152999878,7.071000099,2.700999975,2.193000078,0.731000006,17.44599915
2016/10/13 08:00,9.376999855,4.554999828,7.071000099,3.802000046,2.00999999,0.852999985,17.37599945
2016/10/13 09:00,6.899000168,3.617000103,4.441999912,2.239000082,2.071000099,0.913999975,17.09399986
2016/10/13 10:00,7.769999981,3.617000103,5.329999924,2.167999983,2.467000008,0.913999975,17.37599945
2016/10/13 11:00,7.703000069,3.282000065,5.010000229,2.451999903,2.559000015,0.822000027,17.23500061
2016/10/13 12:00,4.956999779,1.741000056,3.197999954,0.995000005,1.735999942,0.639999986,17.65699959
2016/10/13 13:00,6.162000179,2.947000027,4.796999931,2.486999989,1.70599997,0.700999975,17.51600075
2016/10/13 14:00,7.301000118,4.354000092,5.543000221,2.842999935,1.827999949,0.731000006,17.44599915
2016/10/13 15:00,6.09499979,3.214999914,4.086999893,2.381000042,1.76699996,0.852999985,17.23500061
2016/10/13 16:00,6.764999866,3.214999914,4.513000011,1.91900003,2.253999949,1.065999985,17.16500092
2016/10/13 17:00,7.434999943,2.611999989,4.65500021,1.457000017,2.772000074,0.852999985,17.09399986
2016/10/13 18:00,6.56400013,2.411000013,4.014999866,1.421000004,2.528000116,0.822000027,16.53199959
2016/10/13 19:00,6.497000217,2.411000013,3.944000006,1.350000024,2.528000116,0.791999996,16.46100044
2016/10/13 20:00,5.559000015,2.210000038,3.375999928,1.315000057,2.131999969,0.670000017,14.98400021
2016/10/13 21:00,6.631000042,2.075999975,4.903999805,1.172999978,1.735999942,0.639999986,15.40600014
2016/10/13 22:00,8.572999954,3.818000078,7.143000126,2.594000101,1.491999984,0.609000027,15.0539999
2016/10/13 23:00,10.91800022,4.68900013,9.31000042,3.482000113,1.674999952,0.760999978,15.125
2016/10/14 00:00,13.39599991,5.223999977,9.380999565,3.482000113,4.051000118,1.309999943,15.47599983
2016/10/14 01:00,14.2670002,6.429999828,10.5539999,4.086999893,3.868000031,1.279000044,15.82800007
2016/10/14 02:00,14.40100002,6.56400013,10.9090004,4.263999939,3.71600008,1.248999953,15.89799976
2016/10/14 03:00,14.2670002,6.831999779,10.97999954,4.796999931,3.654999971,1.248999953,15.75800037
2016/10/14 04:00,13.59700012,5.894000053,9.913999557,3.552999973,3.71600008,1.187999964,14.91399956
2016/10/14 05:00,13.73099995,5.022999763,9.345999718,3.517999887,3.960000038,1.279000044,14.84300041
2016/10/14 06:00,15.94099998,6.497000217,11.61999989,4.122000217,4.355999947,1.126999974,15.61699963
2016/10/14 07:00,14.93700027,5.760000229,10.27000046,3.517999887,4.873000145,1.491999984,16.03899956
2016/10/14 08:00,10.71700001,5.425000191,8.598999977,4.086999893,2.467000008,1.279000044,15.19499969
2016/10/14 09:00,7.769999981,3.684000015,5.081999779,2.523000002,2.528000116,1.309999943,15.82800007
2016/10/14 10:00,8.774000168,4.487999916,5.650000095,2.664999962,2.862999916,1.187999964,15.40600014
2016/10/14 11:00,8.23900032,4.085999966,5.899000168,2.451999903,2.588999987,0.944000006,14.49100018
2016/10/14 12:00,5.625999928,2.009000063,3.588999987,1.065999985,1.949000001,0.791999996,15.47599983
2016/10/14 13:00,6.229000092,3.415999889,4.300000191,1.883000016,1.827999949,0.760999978,14.77299976
2016/10/14 14:00,7.099999905,1.674000025,4.619999886,0.497000009,1.949000001,1.036000013,15.19499969
2016/10/14 15:00,6.631000042,2.009000063,4.441999912,0.497000009,1.85800004,1.004999995,14.49100018
2016/10/14 16:00,6.09499979,1.340000033,4.086999893,0.319999993,2.101999998,0.913999975,14.84300041
2016/10/14 17:00,7.903999805,1.541000009,5.081999779,0.354999989,2.832999945,0.852999985,15.0539999
2016/10/14 18:00,6.96600008,1.406999946,4.335000038,0.319999993,2.650000095,0.822000027,15.47599983
2016/10/14 19:00,6.631000042,1.741000056,4.19299984,0.782000005,2.28399992,0.700999975,15.54699993
2016/10/14 20:00,5.760000229,1.60800004,3.872999907,0.745999992,1.949000001,0.639999986,15.75800037
2016/10/14 21:00,5.090000153,0.938000023,3.339999914,0.071000002,1.70599997,0.639999986,16.10899925
2016/10/14 22:00,4.822999954,1.807999969,3.375999928,0.603999972,1.432000041,0.578999996,15.96899986
2016/10/14 23:00,9.913000107,4.019000053,8.173000336,2.948999882,1.462000012,0.639999986,15.75800037
2016/10/15 00:00,9.51099968,4.21999979,8.527999878,2.948999882,1.279000044,0.578999996,15.68700027
2016/10/15 01:00,9.175999641,4.421000004,8.173000336,2.700999975,1.156999946,0.486999989,15.47599983
2016/10/15 02:00,8.171999931,2.812999964,6.857999802,2.096999884,1.156999946,0.547999978,15.82800007
2016/10/15 03:00,7.636000156,2.947000027,6.538000107,1.77699995,1.097000003,0.547999978,15.75800037
2016/10/15 04:00,9.175999641,3.48300004,7.498000145,2.273999929,1.156999946,0.547999978,15.89799976
2016/10/15 05:00,9.31000042,3.282000065,7.888999939,2.131999969,1.523000002,0.578999996,15.89799976
2016/10/15 06:00,10.24800014,3.549999952,8.279999733,2.451999903,2.101999998,0.639999986,15.89799976
2016/10/15 07:00,11.65499973,4.085999966,9.097000122,2.772000074,2.253999949,0.760999978,16.10899925
2016/10/15 08:00,9.041999817,3.549999952,7.249000072,2.736000061,2.101999998,0.913999975,16.67200089
2016/10/15 09:00,6.764999866,2.678999901,4.690999985,1.101999998,2.163000107,1.004999995,16.88299942
2016/10/15 10:00,8.706999779,4.019000053,5.650000095,2.096999884,2.437000036,1.036000013,17.58699989
2016/10/15 11:00,8.23900032,3.617000103,5.543000221,2.061000109,2.588999987,0.913999975,17.44599915
2016/10/15 12:00,5.894000053,1.674000025,3.660000086,0.924000025,1.85800004,0.822000027,18.43099976
2016/10/15 13:00,6.229000092,2.411000013,4.477000237,1.031000018,1.797000051,0.883000016,19.06399918
2016/10/15 14:00,5.290999889,2.210000038,3.517999887,1.101999998,1.827999949,0.975000024,19.06399918
2016/10/15 15:00,6.429999828,2.27699995,4.868000031,1.243999958,1.491999984,0.700999975,18.85300064
2016/10/15 16:00,5.827000141,1.473999977,4.086999893,0.497000009,1.85800004,0.822000027,19.20499992
2016/10/15 17:00,7.032999992,1.541000009,4.441999912,0.391000003,2.528000116,0.852999985,19.62700081
2016/10/15 18:00,6.831999779,1.072000027,4.370999813,0.107000001,2.467000008,0.670000017,19.27499962
2016/10/15 19:00,6.56400013,0.80400002,4.335000038,0.035999998,2.315000057,0.578999996,19.06399918
2016/10/15 20:00,6.027999878,1.20599997,3.944000006,0.213,1.980000019,0.700999975,19.20499992
2016/10/15 21:00,7.836999893,2.210000038,6.005000114,1.279000044,1.552999973,0.639999986,19.62700081
2016/10/15 22:00,8.171999931,2.477999926,6.502999783,1.279000044,1.432000041,0.670000017,20.47100067
2016/10/15 23:00,11.31999969,4.152999878,9.487999916,3.019999981,1.462000012,0.670000017,21.24500084
2016/10/16 00:00,13.73099995,5.960999966,10.09200001,3.76699996,3.746000051,1.097000003,20.82299995
2016/10/16 01:00,13.73099995,5.827000141,9.630000114,3.838000059,3.71600008,1.126999974,20.68199921
2016/10/16 02:00,12.85999966,4.554999828,9.06099987,3.163000107,3.654999971,1.218000054,22.0189991
2016/10/16 03:00,13.86499977,5.827000141,10.05599976,3.802000046,3.563999891,1.126999974,21.73699951
2016/10/16 04:00,13.19499969,5.090000153,9.416999817,3.660000086,3.838000059,1.248999953,18.85300064
2016/10/16 05:00,12.85999966,5.090000153,8.38599968,3.163000107,4.020999908,1.248999953,18.5720005
2016/10/16 06:00,13.93200016,5.223999977,9.345999718,2.736000061,4.630000114,1.340000033,19.34499931
2016/10/16 07:00,11.5880003,3.282000065,6.538000107,1.350000024,4.630000114,1.432000041,19.55599976
2016/10/16 08:00,8.171999931,3.214999914,5.828000069,1.99000001,2.00999999,0.975000024,20.54100037
2016/10/16 09:00,6.429999828,3.214999914,4.406000137,1.527999997,2.040999889,1.036000013,19.76799965
2016/10/16 10:00,7.434999943,2.880000114,5.188000202,1.63499999,2.437000036,1.065999985,21.24500084
2016/10/16 11:00,7.703000069,2.812999964,5.329999924,1.350000024,2.618999958,0.913999975,21.38500023
2016/10/16 12:00,4.889999866,1.340000033,3.375999928,0.354999989,1.552999973,0.731000006,21.87800026
2016/10/16 13:00,6.09499979,2.344000101,4.547999859,1.279000044,1.491999984,0.731000006,22.29999924
2016/10/16 14:00,5.223999977,2.812999964,4.014999866,1.56400001,1.340000033,0.670000017,22.0189991
2016/10/16 15:00,5.223999977,2.142999887,3.872999907,1.172999978,1.401000023,0.760999978,21.0340004
2016/10/16 16:00,5.894000053,2.678999901,4.19299984,1.457000017,1.735999942,0.731000006,21.80800056
2016/10/16 17:00,6.697999954,2.27699995,4.547999859,1.243999958,2.163000107,0.731000006,21.17399979
2016/10/16 18:00,6.429999828,1.942000031,4.406000137,1.031000018,2.071000099,0.670000017,21.38500023
2016/10/16 19:00,5.960999966,1.60800004,3.980000019,0.711000025,2.00999999,0.670000017,20.75200081
2016/10/16 20:00,5.357999802,1.340000033,3.696000099,0.569000006,1.797000051,0.578999996,19.48600006
2016/10/16 21:00,4.554999828,1.273000002,3.127000093,0.532999992,1.309999943,0.547999978,18.85300064
2016/10/16 22:00,6.56400013,2.880000114,5.862999916,1.883000016,1.187999964,0.486999989,20.68199921
2016/10/16 23:00,6.96600008,2.411000013,5.791999817,1.84800005,1.156999946,0.547999978,20.11899948
2016/10/17 00:00,11.05200005,4.622000217,10.05599976,4.157999992,1.036000013,0.578999996,19.41600037
2016/10/17 01:00,10.85099983,4.354000092,9.772000313,3.660000086,0.852999985,0.518000007,19.55599976
2016/10/17 02:00,9.845999718,4.085999966,9.380999565,3.197999954,0.883000016,0.609000027,19.55599976
2016/10/17 03:00,10.11400032,4.554999828,9.31000042,3.625,0.944000006,0.609000027,18.71199989
2016/10/17 04:00,10.64999962,4.019000053,9.345999718,3.197999954,0.944000006,0.609000027,19.27499962
2016/10/17 05:00,10.7840004,4.21999979,9.984999657,3.838000059,1.218000054,0.518000007,19.62700081
2016/10/17 06:00,11.98900032,4.287000179,10.58899975,3.197999954,1.70599997,0.547999978,18.36100006
2016/10/17 07:00,11.5880003,4.287000179,9.522999763,3.019999981,1.91900003,0.670000017,18.99399948
2016/10/17 08:00,9.979999542,3.684000015,8.493000031,2.594000101,1.432000041,0.670000017,18.71199989
2016/10/17 09:00,6.429999828,2.545000076,4.833000183,1.598999977,1.432000041,0.791999996,20.04899979
2016/10/17 10:00,7.099999905,2.947000027,5.081999779,1.598999977,1.980000019,0.822000027,20.19000053
2016/10/17 11:00,7.501999855,2.545000076,5.366000175,1.99000001,1.980000019,0.700999975,19.6970005
2016/10/17 12:00,4.68900013,1.674000025,3.411000013,0.745999992,1.309999943,0.547999978,20.61199951
2016/10/17 13:00,4.956999779,1.674000025,3.552999973,0.745999992,1.309999943,0.670000017,20.82299995
2016/10/17 14:00,6.229000092,2.812999964,4.974999905,1.70599997,1.309999943,0.670000017,20.47100067
2016/10/17 15:00,6.296000004,2.545000076,4.19299984,1.386000037,1.583999991,0.913999975,20.82299995
2016/10/17 16:00,5.894000053,2.142999887,4.157999992,1.172999978,1.491999984,0.791999996,20.26000023
2016/10/17 17:00,6.96600008,2.009000063,4.903999805,0.995000005,2.193000078,0.700999975,20.82299995
2016/10/17 18:00,6.831999779,1.674000025,4.65500021,0.816999972,2.00999999,0.578999996,20.32999992
2016/10/17 19:00,6.497000217,1.875,4.406000137,0.958999991,1.980000019,0.578999996,19.90800095
2016/10/17 20:00,5.960999966,1.942000031,4.014999866,1.031000018,1.674999952,0.578999996,20.11899948
2016/10/17 21:00,4.889999866,1.340000033,3.269000053,0.532999992,1.613999963,0.578999996,20.11899948
2016/10/17 22:00,4.889999866,2.075999975,3.872999907,0.852999985,1.218000054,0.518000007,19.27499962
2016/10/17 23:00,5.69299984,2.210000038,4.014999866,1.386000037,1.279000044,0.578999996,18.5720005
2016/10/18 00:00,10.51599979,2.947000027,6.644999981,2.273999929,3.71600008,-0.456999987,18.50099945
2016/10/18 01:00,10.7840004,2.344000101,6.928999901,2.664999962,3.686000109,-0.456999987,18.07900047
2016/10/18 02:00,9.979999542,2.142999887,6.681000233,2.415999889,3.471999884,-0.518000007,18.29000092
2016/10/18 03:00,9.779000282,2.009000063,6.538000107,2.273999929,3.441999912,-0.518000007,18.00900078
2016/10/18 04:00,9.913000107,2.678999901,6.324999809,2.842999935,3.654999971,-0.486999989,18.21999931
2016/10/18 05:00,10.71700001,2.009000063,7.071000099,2.486999989,3.960000038,-0.486999989,18.07900047
2016/10/18 06:00,10.64999962,1.807999969,6.289999962,1.741000056,4.386000156,-0.395999998,18.21999931
2016/10/18 07:00,10.38199997,1.741000056,6.218999863,1.953999996,4.263999939,-0.425999999,17.79800034
2016/10/18 08:00,6.229000092,1.139000058,4.547999859,1.491999984,2.071000099,-0.335000008,17.86800003
2016/10/18 09:00,6.56400013,1.60800004,4.725999832,1.527999997,1.797000051,-0.760999978,18.43099976
2016/10/18 10:00,7.434999943,1.072000027,5.329999924,1.421000004,2.071000099,-0.760999978,19.06399918
2016/10/18 11:00,7.568999767,1.60800004,5.436999798,1.56400001,2.28399992,-0.913999975,19.48600006
2016/10/18 12:00,4.822999954,0.268000007,3.482000113,0.711000025,1.371000051,-1.036000013,19.41600037
2016/10/18 13:00,5.090000153,0.0,3.76699996,0.675000012,1.371000051,-0.913999975,19.90800095
2016/10/18 14:00,6.296000004,1.004999995,4.833000183,1.598999977,1.462000012,-0.822000027,20.47100067
2016/10/18 15:00,5.760000229,1.072000027,4.335000038,1.457000017,1.371000051,-0.913999975,20.26000023
2016/10/18 16:00,6.027999878,0.067000002,4.335000038,0.782000005,1.613999963,-0.883000016,20.47100067
2016/10/18 17:00,7.368000031,-0.134000003,4.974999905,0.354999989,2.467000008,-0.822000027,20.96299934
2016/10/18 18:00,6.764999866,0.134000003,4.584000111,0.888000011,2.101999998,-0.975000024,20.19000053
2016/10/18 19:00,6.296000004,0.067000002,4.441999912,0.852999985,2.071000099,-1.004999995,19.90800095
2016/10/18 20:00,5.760000229,0.0,3.980000019,0.852999985,1.70599997,-1.065999985,19.62700081
2016/10/18 21:00,5.022999763,-0.938000023,4.263999939,0.178000003,1.491999984,-1.065999985,19.48600006
2016/10/18 22:00,9.845999718,2.142999887,8.279999733,2.664999962,1.248999953,-1.097000003,19.27499962
2016/10/18 23:00,11.52099991,3.013999939,9.913999557,3.447000027,1.187999964,-1.097000003,19.55599976
2016/10/19 00:00,13.39599991,3.88499999,11.58399963,4.014999866,1.340000033,-0.975000024,19.6970005
2016/10/19 01:00,11.72099972,3.415999889,10.7670002,3.802000046,1.248999953,-1.036000013,19.48600006
2016/10/19 02:00,11.92199993,3.750999928,10.97999954,4.300000191,1.004999995,-1.065999985,19.48600006
2016/10/19 03:00,12.25699997,3.282000065,11.05099964,3.90899992,1.097000003,-1.036000013,19.76799965
2016/10/19 04:00,11.52099991,3.013999939,9.913999557,2.984999895,1.126999974,-1.004999995,19.83799934
2016/10/19 05:00,12.92700005,3.282000065,11.30000019,3.411000013,1.401000023,-1.097000003,19.97900009
2016/10/19 06:00,13.66399956,2.880000114,11.58399963,3.872999907,1.735999942,-1.126999974,19.90800095
2016/10/19 07:00,12.52499962,3.013999939,10.27000046,3.625,1.797000051,-1.004999995,19.76799965
2016/10/19 08:00,11.05200005,3.214999914,9.204000473,3.092000008,1.523000002,-0.822000027,19.6970005
2016/10/19 09:00,7.301000118,0.938000023,5.543000221,1.136999965,1.552999973,-0.731000006,20.11899948
2016/10/19 10:00,7.636000156,1.406999946,5.650000095,1.56400001,1.674999952,-0.852999985,20.82299995
2016/10/19 11:00,8.23900032,1.139000058,6.502999783,2.239000082,1.91900003,-1.004999995,21.0340004
2016/10/19 12:00,5.492000103,0.469000012,3.90899992,0.958999991,1.462000012,-1.036000013,21.10400009
2016/10/19 13:00,5.625999928,0.736999989,4.441999912,1.101999998,1.126999974,-1.004999995,21.17399979
2016/10/19 14:00,6.09499979,1.406999946,4.370999813,2.131999969,1.126999974,-1.036000013,20.82299995
2016/10/19 15:00,6.429999828,1.139000058,5.081999779,2.559000015,1.156999946,-1.004999995,20.82299995
2016/10/19 16:00,6.56400013,0.870999992,4.974999905,1.953999996,1.674999952,-1.036000013,20.89299965
2016/10/19 17:00,6.697999954,0.536000013,4.796999931,1.421000004,2.00999999,-1.004999995,19.83799934
2016/10/19 18:00,6.56400013,0.134000003,4.762000084,1.065999985,2.071000099,-1.036000013,19.48600006
2016/10/19 19:00,6.631000042,0.0,4.690999985,0.852999985,1.949000001,-1.097000003,19.41600037
2016/10/19 20:00,6.162000179,0.0,4.300000191,0.852999985,1.888000011,-1.004999995,19.27499962
2016/10/19 21:00,5.492000103,0.134000003,4.370999813,0.924000025,1.432000041,-1.065999985,19.62700081
2016/10/19 22:00,5.69299984,0.736999989,4.477000237,1.741000056,1.279000044,-0.760999978,18.71199989
2016/10/19 23:00,7.434999943,1.674000025,5.862999916,2.131999969,1.432000041,-0.944000006,18.85300064
2016/10/20 00:00,7.636000156,1.807999969,5.756999969,1.91900003,1.340000033,-0.700999975,18.71199989
2016/10/20 01:00,7.769999981,1.273000002,6.395999908,2.273999929,1.432000041,-1.004999995,18.6420002
2016/10/20 02:00,8.572999954,2.545000076,7.320000172,3.092000008,1.218000054,-1.004999995,18.50099945
2016/10/20 03:00,7.301000118,1.20599997,5.650000095,2.167999983,1.309999943,-1.004999995,17.65699959
2016/10/20 04:00,7.434999943,1.340000033,5.578999996,1.77699995,1.340000033,-1.004999995,14.84300041
2016/10/20 05:00,6.497000217,0.536000013,4.513000011,1.101999998,1.491999984,-1.036000013,14.06900024
2016/10/20 06:00,7.703000069,1.20599997,5.862999916,1.812000036,1.76699996,-1.036000013,14.84300041
2016/10/20 07:00,9.645000458,1.942000031,7.461999893,1.99000001,2.253999949,-0.975000024,16.95400047
2016/10/20 08:00,7.501999855,1.741000056,5.614999771,2.239000082,1.949000001,-0.883000016,17.86800003
2016/10/20 09:00,7.166999817,1.139000058,4.868000031,1.77699995,1.827999949,-0.791999996,18.00900078
2016/10/20 10:00,7.903999805,1.340000033,5.258999825,1.243999958,1.980000019,-0.822000027,17.30500031
2016/10/20 11:00,7.971000195,1.406999946,5.68599987,1.953999996,2.315000057,-0.913999975,17.51600075
2016/10/20 12:00,5.090000153,0.469000012,3.696000099,0.852999985,1.552999973,-1.065999985,18.29000092
2016/10/20 13:00,5.022999763,-0.067000002,3.625,0.711000025,1.371000051,-1.036000013,18.14999962
2016/10/20 14:00,6.497000217,1.340000033,5.010000229,1.77699995,1.432000041,-0.975000024,14.77299976
2016/10/20 15:00,6.56400013,1.406999946,5.258999825,1.457000017,1.462000012,-0.975000024,13.08500004
2016/10/20 16:00,7.301000118,1.004999995,5.650000095,1.812000036,1.644999981,-1.004999995,13.08500004
2016/10/20 17:00,8.038000107,0.335000008,5.578999996,0.995000005,2.375999928,-0.913999975,12.45100021
2016/10/20 18:00,6.56400013,0.067000002,4.370999813,0.852999985,2.223999977,-1.004999995,12.7329998
2016/10/20 19:00,5.827000141,-0.201000005,3.872999907,0.569000006,1.949000001,-1.097000003,16.46100044
2016/10/20 20:00,5.425000191,-0.335000008,3.660000086,0.425999999,1.85800004,-1.097000003,15.26500034
2016/10/20 21:00,6.697999954,0.067000002,5.329999924,1.101999998,1.371000051,-1.097000003,16.60199928
2016/10/20 22:00,8.305999756,1.807999969,6.857999802,2.559000015,1.126999974,-1.097000003,17.02400017
2016/10/20 23:00,9.31000042,1.741000056,7.888999939,3.163000107,1.371000051,-1.036000013,16.95400047
2016/10/21 00:00,12.39099979,3.282000065,8.954999924,3.696000099,3.625,-0.547999978,16.95400047
2016/10/21 01:00,12.32400036,4.21999979,9.451999664,3.696000099,3.532999992,-0.518000007,17.65699959
2016/10/21 02:00,12.72599983,3.282000065,8.741999626,3.375999928,3.563999891,-0.518000007,17.79800034
2016/10/21 03:00,12.52499962,3.684000015,8.598999977,3.802000046,3.503000021,-0.518000007,17.44599915
2016/10/21 04:00,12.72599983,3.08100009,8.421999931,3.625,3.503000021,-0.578999996,14.42099953
2016/10/21 05:00,12.59200001,3.148000002,8.989999771,3.838000059,3.746000051,-0.547999978,17.16500092
2016/10/21 06:00,13.66399956,3.08100009,9.131999969,3.127000093,4.142000198,-0.578999996,17.65699959
2016/10/21 07:00,14.19999981,3.08100009,8.741999626,2.630000114,4.842999935,-0.425999999,15.96899986
2016/10/21 08:00,10.11400032,2.545000076,7.923999786,2.664999962,1.949000001,-0.700999975,18.00900078
2016/10/21 09:00,7.836999893,1.674000025,5.223999977,1.84800005,2.131999969,-0.700999975,17.86800003
2016/10/21 10:00,8.774000168,1.942000031,5.578999996,2.096999884,2.405999899,-0.578999996,18.21999931
2016/10/21 11:00,8.774000168,1.741000056,5.507999897,1.77699995,2.680000067,-0.700999975,18.92300034
2016/10/21 12:00,5.960999966,0.335000008,4.406000137,1.491999984,1.980000019,-0.760999978,18.21999931
2016/10/21 13:00,6.831999779,1.807999969,4.974999905,1.812000036,1.85800004,-0.670000017,17.44599915
2016/10/21 14:00,8.43900013,2.075999975,6.076000214,2.381000042,1.735999942,-0.639999986,18.07900047
2016/10/21 15:00,8.171999931,2.411000013,6.289999962,2.630000114,1.85800004,-0.609000027,17.86800003
2016/10/21 16:00,6.831999779,1.273000002,4.974999905,1.91900003,1.797000051,-0.883000016,18.00900078
2016/10/21 17:00,7.636000156,0.938000023,5.578999996,1.315000057,2.131999969,-0.975000024,14.91399956
2016/10/21 18:00,7.234000206,0.134000003,4.903999805,1.207999945,2.28399992,-1.126999974,18.21999931
2016/10/21 19:00,6.831999779,0.067000002,4.619999886,0.958999991,2.253999949,-1.126999974,18.21999931
2016/10/21 20:00,6.697999954,0.134000003,4.014999866,0.782000005,2.650000095,-0.913999975,17.44599915
2016/10/21 21:00,6.96600008,0.536000013,4.903999805,0.319999993,2.071000099,-1.036000013,16.53199959
2016/10/21 22:00,8.038000107,1.273000002,6.467000008,1.91900003,1.76699996,-1.004999995,17.65699959
2016/10/21 23:00,5.894000053,1.406999946,6.681000233,2.594000101,-1.187999964,-1.371000051,14.49100018
2016/10/22 00:00,11.45400047,2.880000114,9.701000214,3.411000013,1.065999985,-1.097000003,13.9289999
2016/10/22 01:00,9.578000069,2.210000038,8.883999825,2.984999895,1.036000013,-1.036000013,12.6619997
2016/10/22 02:00,9.31000042,2.477999926,8.244000435,3.055999994,1.065999985,-1.065999985,12.6619997
2016/10/22 03:00,8.774000168,2.210000038,7.888999939,2.415999889,0.944000006,-1.097000003,13.8579998
2016/10/22 04:00,6.899000168,0.80400002,5.934000015,0.995000005,0.975000024,-1.097000003,13.50699997
2016/10/22 05:00,6.229000092,-0.201000005,4.513000011,0.639999986,1.309999943,-1.097000003,15.61699963
2016/10/22 06:00,6.899000168,0.670000017,5.329999924,1.386000037,1.613999963,-0.975000024,12.7329998
2016/10/22 07:00,8.907999992,1.004999995,5.68599987,0.888000011,2.345000029,-0.913999975,12.10000038
2016/10/22 08:00,8.23900032,1.406999946,5.614999771,1.350000024,2.710999966,-0.335000008,12.38099957
2016/10/22 09:00,7.836999893,1.273000002,5.223999977,1.279000044,2.405999899,-0.365999997,11.88899994
2016/10/22 10:00,8.104999542,1.004999995,5.543000221,1.315000057,2.437000036,-0.486999989,11.5369997
2016/10/22 11:00,9.041999817,1.741000056,5.899000168,1.741000056,2.832999945,-0.547999978,11.04399967
2016/10/22 12:00,6.56400013,1.072000027,4.014999866,1.065999985,2.071000099,-0.639999986,11.32600021
2016/10/22 13:00,6.96600008,1.139000058,4.903999805,1.421000004,2.193000078,-0.425999999,10.83300018
2016/10/22 14:00,7.568999767,1.741000056,5.010000229,1.70599997,2.315000057,-0.395999998,10.97399998
2016/10/22 15:00,8.171999931,2.009000063,5.68599987,2.025000095,2.131999969,-0.486999989,10.55200005
2016/10/22 16:00,6.497000217,0.536000013,4.335000038,1.56400001,2.193000078,-0.305000007,14.77299976
2016/10/22 17:00,7.434999943,0.870999992,5.258999825,1.421000004,2.163000107,-0.791999996,14.91399956
2016/10/22 18:00,6.831999779,0.536000013,4.300000191,1.065999985,2.528000116,-0.731000006,15.125
2016/10/22 19:00,6.631000042,0.40200001,4.335000038,1.065999985,2.28399992,-0.760999978,16.53199959
2016/10/22 20:00,5.827000141,0.335000008,3.802000046,0.995000005,2.040999889,-0.822000027,12.7329998
2016/10/22 21:00,4.956999779,0.335000008,3.411000013,0.497000009,1.613999963,-0.944000006,14.70300007
2016/10/22 22:00,6.09499979,0.536000013,4.868000031,1.243999958,1.401000023,-0.944000006,14.98400021
2016/10/22 23:00,7.636000156,0.670000017,5.756999969,1.491999984,1.462000012,-0.852999985,15.19499969
2016/10/23 00:00,9.376999855,1.60800004,7.888999939,2.736000061,1.401000023,-0.913999975,14.84300041
2016/10/23 01:00,8.505999565,2.075999975,7.106999874,2.381000042,1.371000051,-0.852999985,14.14000034
2016/10/23 02:00,8.171999931,1.340000033,6.894000053,1.883000016,1.340000033,-0.852999985,15.19499969
2016/10/23 03:00,8.706999779,1.406999946,7.676000118,2.167999983,1.279000044,-0.944000006,15.26500034
2016/10/23 04:00,7.234000206,1.875,6.289999962,1.669999957,1.279000044,-0.944000006,14.84300041
2016/10/23 05:00,9.109000206,1.942000031,6.965000153,2.203000069,1.523000002,-0.944000006,13.9989996
2016/10/23 06:00,10.64999962,2.411000013,8.137999535,2.203000069,1.888000011,-0.883000016,14.70300007
2016/10/23 07:00,11.5880003,2.880000114,8.777000427,3.019999981,2.528000116,-0.822000027,15.0539999
2016/10/23 08:00,11.78800011,3.684000015,8.883999825,3.447000027,2.984999895,-0.151999995,15.19499969
2016/10/23 09:00,9.578000069,3.013999939,6.361000061,2.594000101,2.924000025,-0.122000001,14.35099983
2016/10/23 10:00,10.64999962,3.549999952,6.751999855,3.163000107,3.167999983,-0.061000001,15.26500034
2016/10/23 11:00,10.38199997,2.947000027,7.0,3.019999981,3.71600008,-0.090999998,16.32099915
2016/10/23 12:00,7.368000031,2.27699995,4.903999805,1.99000001,2.588999987,-0.365999997,14.27999973
2016/10/23 13:00,8.706999779,2.411000013,6.324999809,2.523000002,2.437000036,-0.273999989,14.91399956
2016/10/23 14:00,8.305999756,2.880000114,6.005000114,2.381000042,2.375999928,-0.273999989,16.10899925
2016/10/23 15:00,8.907999992,3.148000002,6.324999809,2.948999882,2.437000036,-0.213,16.60199928
2016/10/23 16:00,7.836999893,1.807999969,5.828000069,1.77699995,2.588999987,-0.244000003,15.33600044
2016/10/23 17:00,9.041999817,2.009000063,5.862999916,1.91900003,3.167999983,-0.395999998,14.49100018
2016/10/23 18:00,7.368000031,0.870999992,4.65500021,1.243999958,2.680000067,-0.670000017,15.19499969
2016/10/23 19:00,6.831999779,0.536000013,4.547999859,1.457000017,2.223999977,-0.944000006,15.54699993
2016/10/23 20:00,6.09499979,0.268000007,4.122000217,1.207999945,1.888000011,-1.036000013,15.47599983
2016/10/23 21:00,5.425000191,0.40200001,3.872999907,1.279000044,1.491999984,-1.097000003,16.60199928
2016/10/23 22:00,6.229000092,1.273000002,4.903999805,2.203000069,1.248999953,-1.097000003,16.95400047
2016/10/23 23:00,6.697999954,1.072000027,4.833000183,1.741000056,1.432000041,-0.975000024,16.03899956
2016/10/24 00:00,10.71700001,2.210000038,6.71600008,2.381000042,3.806999922,-0.486999989,15.47599983
2016/10/24 01:00,9.979999542,2.210000038,6.502999783,2.309999943,3.686000109,-0.486999989,16.46100044
2016/10/24 02:00,10.04699993,1.875,6.467000008,2.239000082,3.625,-0.486999989,17.09399986
2016/10/24 03:00,10.71700001,2.947000027,7.071000099,2.878000021,3.563999891,-0.518000007,16.88299942
2016/10/24 04:00,10.91800022,3.214999914,7.284999847,2.772000074,3.594000101,-0.486999989,17.44599915
2016/10/24 05:00,10.64999962,2.210000038,7.071000099,2.630000114,3.806999922,-0.486999989,17.30500031
2016/10/24 06:00,11.78800011,2.880000114,6.857999802,1.99000001,4.324999809,-0.365999997,15.75800037
2016/10/24 07:00,13.73099995,3.88499999,8.421999931,3.482000113,4.903999805,-0.182999998,15.40600014
2016/10/24 08:00,9.376999855,2.411000013,7.071000099,2.559000015,2.467000008,-0.547999978,17.02400017
2016/10/24 09:00,15.06999969,2.411000013,12.36600018,1.953999996,2.223999977,-0.547999978,15.33600044
2016/10/24 10:00,16.20899963,2.009000063,13.46800041,1.669999957,2.345000029,-0.486999989,18.07900047
2016/10/24 11:00,18.5529995,3.348999977,15.92000008,2.345000029,3.015000105,-0.518000007,18.5720005
2016/10/24 12:00,14.19999981,2.075999975,11.54899979,0.391000003,2.253999949,1.097000003,18.43099976
2016/10/24 13:00,13.59700012,2.477999926,11.90400028,1.031000018,1.91900003,0.883000016,18.85300064
2016/10/24 14:00,15.73999977,4.287000179,13.64500046,2.025000095,2.040999889,0.822000027,18.43099976
2016/10/24 15:00,15.20400047,4.554999828,13.04100037,2.309999943,1.91900003,0.975000024,18.92300034
2016/10/24 16:00,15.20400047,3.348999977,13.82299995,1.953999996,2.040999889,0.913999975,20.82299995
2016/10/24 17:00,8.975000381,2.947000027,5.756999969,1.70599997,2.618999958,0.852999985,19.27499962
2016/10/24 18:00,7.434999943,2.27699995,4.903999805,1.243999958,2.497999907,0.731000006,18.29000092
2016/10/24 19:00,7.032999992,2.142999887,4.868000031,1.101999998,2.253999949,0.639999986,19.41600037
2016/10/24 20:00,6.09499979,2.075999975,4.19299984,0.995000005,1.980000019,0.639999986,19.06399918
2016/10/24 21:00,5.157000065,1.875,3.588999987,0.639999986,1.70599997,0.578999996,17.44599915
2016/10/24 22:00,7.099999905,3.148000002,5.721000195,0.0,1.491999984,0.609000027,17.30500031
2016/10/24 23:00,9.31000042,3.951999903,8.31499958,2.772000074,1.432000041,0.609000027,14.63199997
2016/10/25 00:00,9.578000069,4.487999916,8.208999634,2.486999989,1.340000033,0.578999996,13.08500004
2016/10/25 01:00,10.04699993,4.68900013,8.812999725,2.948999882,1.248999953,0.578999996,11.46700001
2016/10/25 02:00,9.041999817,4.019000053,7.782000065,2.700999975,1.218000054,0.609000027,10.55200005
2016/10/25 03:00,10.04699993,4.287000179,8.670999527,3.339999914,1.126999974,0.578999996,12.6619997
2016/10/25 04:00,9.711999893,3.48300004,8.173000336,2.630000114,1.187999964,0.547999978,13.22500038
2016/10/25 05:00,9.979999542,3.818000078,8.137999535,2.914000034,1.432000041,0.609000027,13.50699997
2016/10/25 06:00,11.11900043,3.818000078,8.883999825,2.664999962,1.827999949,0.578999996,14.14000034
2016/10/25 07:00,12.59200001,4.756000042,10.3760004,3.163000107,2.375999928,0.731000006,13.01399994
2016/10/25 08:00,8.706999779,3.951999903,7.177999973,2.309999943,2.101999998,0.852999985,15.89799976
2016/10/25 09:00,8.371999741,3.214999914,5.650000095,2.167999983,2.040999889,0.883000016,14.77299976
2016/10/25 10:00,8.305999756,3.282000065,5.68599987,1.99000001,2.559000015,1.036000013,14.98400021
2016/10/25 11:00,8.371999741,3.750999928,5.828000069,1.70599997,2.862999916,0.913999975,14.91399956
2016/10/25 12:00,6.631000042,2.746000051,4.086999893,1.56400001,1.980000019,0.852999985,14.14000034
2016/10/25 13:00,6.697999954,3.08100009,5.081999779,1.598999977,2.00999999,0.944000006,13.9989996
2016/10/25 14:00,7.836999893,3.617000103,5.828000069,2.273999929,1.735999942,0.883000016,15.47599983
2016/10/25 15:00,7.903999805,4.019000053,5.401000023,2.415999889,1.583999991,0.731000006,14.14000034
2016/10/25 16:00,7.971000195,3.282000065,6.183000088,2.486999989,1.888000011,0.822000027,14.49100018
2016/10/25 17:00,8.706999779,3.08100009,6.005000114,1.883000016,2.467000008,0.670000017,14.77299976
2016/10/25 18:00,7.568999767,2.27699995,4.903999805,1.421000004,2.650000095,0.760999978,14.49100018
2016/10/25 19:00,6.96600008,2.009000063,4.619999886,1.101999998,2.345000029,0.639999986,14.06900024
2016/10/25 20:00,6.362999916,2.142999887,4.122000217,1.207999945,2.131999969,0.700999975,13.71800041
2016/10/25 21:00,6.899000168,1.004999995,5.472000122,0.248999998,1.85800004,0.760999978,13.43599987
2016/10/25 22:00,7.501999855,2.545000076,5.507999897,1.598999977,1.462000012,0.639999986,13.43599987
2016/10/25 23:00,9.444000244,3.549999952,7.81799984,2.700999975,1.491999984,0.609000027,12.7329998
2016/10/26 00:00,13.39599991,4.956999779,9.204000473,3.127000093,3.928999901,1.156999946,13.15499973
2016/10/26 01:00,11.11900043,3.348999977,7.177999973,1.91900003,3.71600008,1.097000003,12.23999977
2016/10/26 02:00,12.6590004,4.487999916,8.812999725,2.842999935,3.686000109,1.097000003,9.215000153
2016/10/26 03:00,12.85999966,4.956999779,8.56400013,2.664999962,3.625,1.065999985,11.32600021
2016/10/26 04:00,12.79300022,4.956999779,8.493000031,2.523000002,3.71600008,1.097000003,9.145000458
2016/10/26 05:00,12.45800018,3.684000015,7.994999886,2.203000069,3.806999922,1.065999985,8.159999847
2016/10/26 06:00,11.92199993,4.287000179,7.710999966,2.486999989,4.234000206,1.248999953,9.215000153
2016/10/26 07:00,14.46800041,4.822999954,9.345999718,2.664999962,5.117000103,1.432000041,8.86400032
2016/10/26 08:00,10.98499966,5.357999802,8.421999931,2.736000061,2.924000025,1.401000023,9.918999672
2016/10/26 09:00,10.51599979,4.68900013,7.81799984,2.772000074,2.588999987,1.309999943,9.425999641
2016/10/26 10:00,9.109000206,4.554999828,6.111999989,2.273999929,2.954999924,1.371000051,8.230999947
2016/10/26 11:00,10.31499958,4.956999779,6.218999863,2.664999962,3.532999992,1.613999963,7.52699995
2016/10/26 12:00,7.769999981,2.880000114,5.258999825,1.91900003,2.680000067,1.371000051,10.90400028
2016/10/26 13:00,7.903999805,4.019000053,5.472000122,2.061000109,2.559000015,1.371000051,11.95899963
2016/10/26 14:00,8.104999542,3.617000103,5.366000175,1.883000016,2.650000095,1.462000012,12.23999977
2016/10/26 15:00,7.568999767,3.282000065,5.081999779,1.63499999,2.559000015,1.432000041,12.38099957
2016/10/26 16:00,8.43900013,3.617000103,5.507999897,2.096999884,2.832999945,1.371000051,9.355999947
2016/10/26 17:00,9.645000458,3.617000103,6.183000088,2.025000095,3.381000042,1.371000051,13.01399994
2016/10/26 18:00,8.305999756,2.947000027,5.401000023,1.598999977,2.984999895,1.097000003,14.42099953
2016/10/26 19:00,7.769999981,2.880000114,5.010000229,1.598999977,2.772000074,1.065999985,14.21000004
2016/10/26 20:00,6.56400013,2.477999926,4.157999992,1.207999945,2.405999899,1.065999985,10.62199974
2016/10/26 21:00,7.568999767,2.545000076,5.934000015,1.101999998,2.131999969,1.065999985,10.19999981
2016/10/26 22:00,8.706999779,3.148000002,7.0,1.883000016,1.85800004,1.036000013,12.7329998
2016/10/26 23:00,10.04699993,4.622000217,7.782000065,2.630000114,2.040999889,1.065999985,8.230999947
2016/10/27 00:00,12.05599976,5.022999763,9.487999916,3.197999954,2.00999999,1.097000003,7.809000015
2016/10/27 01:00,11.38700008,5.223999977,9.949999809,3.944000006,1.735999942,0.944000006,8.090000153
2016/10/27 02:00,11.85499954,5.960999966,10.19900036,4.441999912,1.613999963,0.944000006,10.97399998
2016/10/27 03:00,11.65499973,5.894000053,10.19900036,3.76699996,1.644999981,0.975000024,12.02900028
2016/10/27 04:00,11.72099972,5.894000053,10.09200001,3.625,1.583999991,0.913999975,11.74800014
2016/10/27 05:00,11.85499954,5.492000103,9.807999611,3.339999914,1.797000051,0.913999975,12.02900028
2016/10/27 06:00,11.52099991,4.822999954,8.883999825,2.736000061,2.253999949,1.248999953,12.38099957
2016/10/27 07:00,13.9989996,6.027999878,10.09200001,3.233999968,3.381000042,1.371000051,11.18500042
2016/10/27 08:00,12.18999958,5.425000191,8.741999626,3.269000053,3.167999983,1.401000023,9.425999641
2016/10/27 09:00,10.24800014,4.756000042,7.461999893,2.700999975,3.107000113,1.583999991,8.652999878
2016/10/27 10:00,10.7840004,5.357999802,7.249000072,3.127000093,3.441999912,1.613999963,8.512000084
2016/10/27 11:00,10.98499966,4.822999954,6.857999802,2.914000034,3.686000109,1.462000012,11.18500042
2016/10/27 12:00,7.971000195,3.617000103,5.329999924,1.63499999,2.894000053,1.523000002,11.95899963
2016/10/27 13:00,9.578000069,5.157000065,6.787000179,2.842999935,2.832999945,1.644999981,11.81799984
2016/10/27 14:00,8.774000168,5.157000065,6.751999855,3.019999981,2.832999945,1.583999991,12.94400024
2016/10/27 15:00,8.305999756,4.889999866,5.899000168,2.878000021,2.740999937,1.644999981,13.15499973
2016/10/27 16:00,8.505999565,3.951999903,5.507999897,2.203000069,2.954999924,1.613999963,14.27999973
2016/10/27 17:00,10.04699993,4.152999878,6.502999783,2.345000029,3.503000021,1.462000012,15.125
2016/10/27 18:00,8.572999954,3.214999914,5.578999996,1.77699995,2.954999924,1.156999946,15.47599983
2016/10/27 19:00,8.171999931,3.214999914,5.543000221,1.812000036,2.618999958,1.036000013,17.16500092
2016/10/27 20:00,6.96600008,2.545000076,4.65500021,1.315000057,2.253999949,0.944000006,18.43099976
2016/10/27 21:00,6.429999828,2.210000038,4.335000038,1.065999985,2.071000099,0.975000024,18.92300034
2016/10/27 22:00,5.69299984,2.812999964,4.051000118,1.63499999,1.76699996,0.913999975,18.99399948
2016/10/27 23:00,8.840999603,3.617000103,7.106999874,2.559000015,1.735999942,0.822000027,17.09399986
2016/10/28 00:00,10.71700001,3.684000015,9.026000023,3.802000046,1.523000002,-0.852999985,15.96899986
2016/10/28 01:00,9.979999542,3.013999939,8.527999878,3.90899992,1.371000051,-0.913999975,15.47599983
2016/10/28 02:00,8.104999542,2.344000101,6.751999855,2.630000114,1.340000033,-0.975000024,13.29599953
2016/10/28 03:00,8.706999779,3.013999939,7.177999973,3.447000027,1.340000033,-0.944000006,12.23999977
2016/10/28 04:00,9.109000206,2.812999964,7.0,3.305000067,1.340000033,-0.944000006,15.47599983
2016/10/28 05:00,8.907999992,2.880000114,7.106999874,3.339999914,1.613999963,-0.913999975,12.80300045
2016/10/28 06:00,9.041999817,2.611999989,7.390999794,2.842999935,1.949000001,-0.852999985,12.94400024
2016/10/28 07:00,11.31999969,3.148000002,7.81799984,3.339999914,2.862999916,-0.486999989,15.40600014
2016/10/28 08:00,8.572999954,1.807999969,6.218999863,2.559000015,2.650000095,-0.395999998,10.27099991
2016/10/28 09:00,7.903999805,1.807999969,5.756999969,1.99000001,2.528000116,-0.335000008,9.98900032
2016/10/28 10:00,9.175999641,2.075999975,6.289999962,2.025000095,2.832999945,-0.305000007,9.425999641
2016/10/28 11:00,10.18099976,2.075999975,6.502999783,1.883000016,3.167999983,-0.365999997,10.48200035
2016/10/28 12:00,7.568999767,1.541000009,4.868000031,1.63499999,2.497999907,-0.425999999,10.06000042
2016/10/28 13:00,7.434999943,2.009000063,5.223999977,1.91900003,2.375999928,-0.456999987,10.13000011
2016/10/28 14:00,7.636000156,2.210000038,5.650000095,2.664999962,2.28399992,-0.456999987,11.67800045
2016/10/28 15:00,7.769999981,2.142999887,5.329999924,1.883000016,2.375999928,-0.305000007,12.02900028
2016/10/28 16:00,7.368000031,1.674000025,4.690999985,2.167999983,2.618999958,-0.244000003,13.22500038
2016/10/28 17:00,8.640000343,1.273000002,5.862999916,1.598999977,2.954999924,-0.609000027,13.78800011
2016/10/28 18:00,7.568999767,0.469000012,4.833000183,1.527999997,2.740999937,-0.760999978,12.52200031
2016/10/28 19:00,6.764999866,0.201000005,4.584000111,0.924000025,2.223999977,-1.004999995,12.38099957
2016/10/28 20:00,6.027999878,0.067000002,4.086999893,0.888000011,1.949000001,-1.004999995,12.02900028
2016/10/28 21:00,6.899000168,-0.40200001,5.401000023,0.497000009,1.613999963,-1.004999995,11.32600021
2016/10/28 22:00,7.703000069,1.072000027,6.111999989,1.598999977,1.371000051,-1.036000013,7.737999916
2016/10/28 23:00,8.840999603,1.273000002,7.604000092,1.953999996,1.432000041,-0.975000024,9.777999878
2016/10/29 00:00,13.19499969,3.348999977,9.345999718,3.305000067,3.838000059,-0.518000007,8.722999573
2016/10/29 01:00,12.45800018,2.678999901,9.487999916,2.842999935,3.594000101,-0.578999996,9.708000183
2016/10/29 02:00,13.12800026,3.214999914,9.026000023,2.984999895,3.503000021,-0.609000027,7.737999916
2016/10/29 03:00,12.79300022,2.344000101,9.026000023,2.984999895,3.563999891,-0.578999996,6.823999882
2016/10/29 04:00,12.92700005,2.746000051,8.812999725,2.486999989,3.594000101,-0.578999996,5.697999954
2016/10/29 05:00,13.39599991,2.947000027,9.380999565,2.914000034,3.806999922,-0.547999978,4.994999886
2016/10/29 06:00,12.85999966,2.344000101,8.883999825,2.451999903,4.172999859,-0.486999989,4.854000092
2016/10/29 07:00,16.34300041,3.951999903,11.44200039,3.339999914,4.994999886,-0.456999987,6.823999882
2016/10/29 08:00,10.58300018,3.282000065,8.137999535,3.127000093,2.680000067,-0.486999989,4.643000126
2016/10/29 09:00,9.175999641,2.009000063,6.538000107,1.457000017,2.528000116,-0.486999989,4.501999855
2016/10/29 10:00,9.31000042,2.411000013,6.538000107,2.559000015,2.618999958,-0.547999978,8.37100029
2016/10/29 11:00,10.04699993,1.875,6.573999882,1.99000001,3.015000105,-0.700999975,9.074999809
2016/10/29 12:00,7.971000195,2.009000063,5.295000076,2.096999884,2.163000107,-0.822000027,10.48200035
2016/10/29 13:00,7.971000195,1.875,5.68599987,2.239000082,1.980000019,-0.731000006,10.83300018
2016/10/29 14:00,7.434999943,1.807999969,5.436999798,1.99000001,1.980000019,-0.700999975,10.27099991
2016/10/29 15:00,7.301000118,1.340000033,5.010000229,1.386000037,1.76699996,-0.822000027,9.215000153
2016/10/29 16:00,7.234000206,0.670000017,5.258999825,1.527999997,1.949000001,-0.760999978,9.777999878
2016/10/29 17:00,8.640000343,0.938000023,5.934000015,1.63499999,2.740999937,-0.883000016,9.777999878
2016/10/29 18:00,7.636000156,0.469000012,5.081999779,1.243999958,2.588999987,-0.975000024,9.98900032
2016/10/29 19:00,6.764999866,0.201000005,4.441999912,1.065999985,2.315000057,-0.944000006,10.19999981
2016/10/29 20:00,6.56400013,0.40200001,4.370999813,1.031000018,2.163000107,-0.883000016,12.02900028
2016/10/29 21:00,5.625999928,0.335000008,3.872999907,0.603999972,1.644999981,-1.004999995,12.17000008
2016/10/29 22:00,6.56400013,1.406999946,5.295000076,2.131999969,1.371000051,-1.065999985,11.46700001
2016/10/29 23:00,6.027999878,0.670000017,4.584000111,1.386000037,1.491999984,-0.913999975,13.9989996
2016/10/30 00:00,7.568999767,1.60800004,5.96999979,2.664999962,1.371000051,-1.004999995,13.64700031
2016/10/30 01:00,7.099999905,0.938000023,5.934000015,2.451999903,1.156999946,-1.097000003,13.29599953
2016/10/30 02:00,8.23900032,2.009000063,6.928999901,2.630000114,1.097000003,-1.097000003,13.9289999
2016/10/30 03:00,7.903999805,2.075999975,6.822999954,2.878000021,1.065999985,-1.126999974,12.7329998
2016/10/30 04:00,8.505999565,1.674000025,7.249000072,2.948999882,1.097000003,-1.126999974,13.29599953
2016/10/30 05:00,8.371999741,1.807999969,6.395999908,2.061000109,1.279000044,-1.126999974,11.88899994
2016/10/30 06:00,9.444000244,1.541000009,7.106999874,2.203000069,1.644999981,-1.097000003,11.46700001
2016/10/30 07:00,11.5880003,2.27699995,8.527999878,2.381000042,2.528000116,-0.852999985,11.95899963
2016/10/30 08:00,9.711999893,1.473999977,6.467000008,2.131999969,2.559000015,-0.609000027,11.25599957
2016/10/30 09:00,7.836999893,2.009000063,5.223999977,1.669999957,2.528000116,-0.456999987,11.60700035
2016/10/30 10:00,7.636000156,1.60800004,4.903999805,1.065999985,2.588999987,-0.486999989,11.88899994
2016/10/30 11:00,8.774000168,1.807999969,6.147999763,1.315000057,3.075999975,-0.609000027,12.23999977
2016/10/30 12:00,6.631000042,0.602999985,4.263999939,0.675000012,2.223999977,-0.731000006,13.36600018
2016/10/30 13:00,6.764999866,0.736999989,4.833000183,1.598999977,1.85800004,-0.731000006,13.22500038
2016/10/30 14:00,7.568999767,1.406999946,5.721000195,2.842999935,1.735999942,-0.731000006,13.9989996
2016/10/30 15:00,7.703000069,1.942000031,5.295000076,1.70599997,1.70599997,-0.639999986,14.49100018
2016/10/30 16:00,6.497000217,1.004999995,4.833000183,1.741000056,1.949000001,-0.700999975,14.63199997
2016/10/30 17:00,8.038000107,0.870999992,5.472000122,1.243999958,2.375999928,-0.913999975,15.54699993
2016/10/30 18:00,7.434999943,0.268000007,5.010000229,1.207999945,2.497999907,-1.097000003,15.40600014
2016/10/30 19:00,7.166999817,0.268000007,4.762000084,1.207999945,2.375999928,-1.097000003,15.68700027
2016/10/30 20:00,5.625999928,-0.201000005,3.660000086,0.639999986,1.949000001,-1.065999985,13.29599953
2016/10/30 21:00,4.622000217,-0.938000023,3.092000008,0.071000002,1.462000012,-1.156999946,12.59200001
2016/10/30 22:00,5.425000191,0.670000017,4.19299984,1.279000044,1.279000044,-1.126999974,12.31099987
2016/10/30 23:00,6.831999779,1.004999995,5.081999779,1.136999965,1.401000023,-1.036000013,12.80300045
2016/10/31 00:00,11.31999969,2.611999989,7.106999874,2.594000101,3.746000051,-0.547999978,13.15499973
2016/10/31 01:00,11.31999969,2.611999989,7.106999874,2.594000101,3.746000051,-0.547999978,13.15499973
2016/10/31 02:00,11.31999969,2.611999989,7.106999874,2.594000101,3.746000051,-0.547999978,13.15499973
2016/10/31 03:00,11.31999969,2.611999989,7.106999874,2.594000101,3.746000051,-0.547999978,13.15499973
2016/10/31 04:00,11.31999969,2.611999989,7.106999874,2.594000101,3.746000051,-0.547999978,13.15499973
2016/10/31 05:00,11.31999969,2.611999989,7.106999874,2.594000101,3.746000051,-0.547999978,13.15499973
2016/10/31 06:00,11.31999969,2.611999989,7.106999874,2.594000101,3.746000051,-0.547999978,13.15499973
2016/10/31 07:00,11.31999969,2.611999989,7.106999874,2.594000101,3.746000051,-0.547999978,13.15499973
2016/10/31 08:00,11.31999969,2.611999989,7.106999874,2.594000101,3.746000051,-0.547999978,13.15499973
2016/10/31 09:00,11.31999969,2.611999989,7.106999874,2.594000101,3.746000051,-0.547999978,13.15499973
2016/10/31 10:00,11.31999969,2.611999989,7.106999874,2.594000101,3.746000051,-0.547999978,13.15499973
2016/10/31 11:00,11.31999969,2.611999989,7.106999874,2.594000101,3.746000051,-0.547999978,13.15499973
2016/10/31 12:00,11.31999969,2.611999989,7.106999874,2.594000101,3.746000051,-0.547999978,13.15499973
2016/10/31 13:00,11.31999969,2.611999989,7.106999874,2.594000101,3.746000051,-0.547999978,13.15499973
2016/10/31 14:00,11.31999969,2.611999989,7.106999874,2.594000101,3.746000051,-0.547999978,13.15499973
2016/10/31 15:00,11.31999969,2.611999989,7.106999874,2.594000101,3.746000051,-0.547999978,13.15499973
2016/10/31 16:00,11.31999969,2.611999989,7.106999874,2.594000101,3.746000051,-0.547999978,13.15499973
2016/10/31 17:00,11.31999969,2.611999989,7.106999874,2.594000101,3.746000051,-0.547999978,13.15499973
2016/10/31 18:00,11.31999969,2.611999989,7.106999874,2.594000101,3.746000051,-0.547999978,13.15499973
2016/10/31 19:00,11.31999969,2.611999989,7.106999874,2.594000101,3.746000051,-0.547999978,13.15499973
2016/10/31 20:00,11.31999969,2.611999989,7.106999874,2.594000101,3.746000051,-0.547999978,13.15499973
2016/10/31 21:00,11.31999969,2.611999989,7.106999874,2.594000101,3.746000051,-0.547999978,13.15499973
2016/10/31 22:00,11.31999969,2.611999989,7.106999874,2.594000101,3.746000051,-0.547999978,13.15499973
2016/10/31 23:00,11.31999969,2.611999989,7.106999874,2.594000101,3.746000051,-0.547999978,13.15499973
2016/11/1 00:00,10.98499966,3.08100009,10.16300011,3.588999987,1.097000003,-1.156999946,8.512000084
2016/11/1 01:00,10.91800022,2.411000013,9.345999718,3.092000008,1.004999995,-1.156999946,9.074999809
2016/11/1 02:00,11.25300026,2.947000027,9.913999557,3.482000113,0.944000006,-1.187999964,8.652999878
2016/11/1 03:00,10.51599979,2.411000013,9.630000114,3.197999954,0.975000024,-1.187999964,8.793000221
2016/11/1 04:00,10.11400032,1.60800004,8.812999725,2.451999903,1.004999995,-1.097000003,8.86400032
2016/11/1 05:00,10.31499958,2.142999887,9.06099987,2.630000114,1.248999953,-1.156999946,9.215000153
2016/11/1 06:00,10.98499966,1.741000056,8.777000427,1.91900003,1.674999952,-1.126999974,9.777999878
2016/11/1 07:00,8.706999779,0.469000012,5.614999771,0.745999992,2.467000008,-0.975000024,10.27099991
2016/11/1 08:00,8.104999542,0.40200001,5.329999924,1.136999965,2.223999977,-0.700999975,9.98900032
2016/11/1 09:00,6.362999916,-0.201000005,4.051000118,0.425999999,2.163000107,-0.578999996,10.13000011
2016/11/1 10:00,7.434999943,0.938000023,4.335000038,0.995000005,2.559000015,-0.518000007,10.41100025
2016/11/1 11:00,7.971000195,0.938000023,4.477000237,0.745999992,3.075999975,-0.518000007,10.27099991
2016/11/1 12:00,5.894000053,0.469000012,3.305000067,0.639999986,2.193000078,-0.731000006,10.90400028
2016/11/1 13:00,5.827000141,0.670000017,3.305000067,0.782000005,2.00999999,-0.700999975,11.67800045
2016/11/1 14:00,4.68900013,0.602999985,2.914000034,0.852999985,1.70599997,-0.731000006,12.31099987
2016/11/1 15:00,5.357999802,-0.268000007,3.233999968,0.319999993,1.644999981,-0.822000027,12.80300045
2016/11/1 16:00,5.022999763,-0.40200001,3.127000093,0.071000002,1.797000051,-0.852999985,12.80300045
2016/11/1 17:00,6.697999954,-0.670000017,4.086999893,-0.107000001,2.588999987,-0.913999975,12.31099987
2016/11/1 18:00,7.501999855,-0.067000002,4.868000031,0.569000006,2.680000067,-0.975000024,11.74800014
2016/11/1 19:00,6.831999779,-0.201000005,4.477000237,0.497000009,2.405999899,-1.065999985,11.74800014
2016/11/1 20:00,5.894000053,-0.201000005,3.76699996,0.391000003,2.101999998,-0.975000024,12.59200001
2016/11/1 21:00,5.625999928,0.067000002,3.76699996,0.958999991,1.70599997,-1.004999995,11.81799984
2016/11/1 22:00,4.622000217,0.0,3.552999973,0.816999972,1.401000023,-1.065999985,11.67800045
2016/11/1 23:00,5.425000191,0.80400002,4.406000137,0.852999985,1.491999984,-0.852999985,11.74800014
2016/11/2 00:00,6.899000168,1.072000027,6.111999989,1.741000056,1.279000044,-1.065999985,11.60700035
2016/11/2 01:00,6.162000179,0.602999985,4.903999805,1.279000044,1.126999974,-1.126999974,11.25599957
2016/11/2 02:00,6.497000217,0.870999992,5.081999779,1.136999965,1.036000013,-1.126999974,11.32600021
2016/11/2 03:00,6.697999954,0.938000023,5.188000202,1.63499999,1.004999995,-1.156999946,11.39599991
2016/11/2 04:00,5.625999928,0.80400002,4.833000183,1.99000001,1.036000013,-1.126999974,10.90400028
2016/11/2 05:00,7.636000156,1.072000027,5.756999969,1.527999997,1.371000051,-1.097000003,11.18500042
2016/11/2 06:00,8.104999542,0.80400002,5.614999771,1.172999978,1.827999949,-1.065999985,11.95899963
2016/11/2 07:00,8.43900013,0.602999985,5.756999969,1.70599997,2.437000036,-0.944000006,11.67800045
2016/11/2 08:00,7.568999767,1.807999969,5.472000122,1.99000001,2.223999977,-0.852999985,11.46700001
2016/11/2 09:00,7.368000031,1.541000009,5.862999916,2.025000095,2.101999998,-0.760999978,11.67800045
2016/11/2 10:00,7.568999767,1.139000058,5.650000095,1.457000017,2.101999998,-0.731000006,13.08500004
2016/11/2 11:00,9.041999817,1.60800004,5.934000015,1.421000004,2.680000067,-0.700999975,14.35099983
2016/11/2 12:00,5.625999928,-0.067000002,3.660000086,0.745999992,1.949000001,-0.944000006,13.50699997
2016/11/2 13:00,5.69299984,0.938000023,4.370999813,1.527999997,1.76699996,-0.852999985,15.47599983
2016/11/2 14:00,6.09499979,1.072000027,4.335000038,1.70599997,1.644999981,-0.760999978,17.02400017
2016/11/2 15:00,6.429999828,1.072000027,4.051000118,1.136999965,1.644999981,-0.760999978,16.18000031
2016/11/2 16:00,6.229000092,0.268000007,4.406000137,0.782000005,1.85800004,-0.731000006,17.86800003
2016/11/2 17:00,7.769999981,0.067000002,5.188000202,0.569000006,2.559000015,-0.852999985,18.5720005
2016/11/2 18:00,7.099999905,0.0,4.584000111,0.816999972,2.467000008,-1.004999995,15.54699993
2016/11/2 19:00,6.96600008,0.067000002,4.441999912,0.782000005,2.559000015,-0.913999975,15.125
2016/11/2 20:00,6.631000042,0.201000005,4.014999866,0.888000011,2.437000036,-0.883000016,15.40600014
2016/11/2 21:00,7.568999767,-0.134000003,5.756999969,1.101999998,1.85800004,-0.975000024,13.78800011
2016/11/2 22:00,9.779000282,2.678999901,8.847999573,3.055999994,1.523000002,-1.065999985,15.0539999
2016/11/2 23:00,11.5880003,3.684000015,10.05599976,4.014999866,1.644999981,-0.975000024,14.35099983
2016/11/3 00:00,16.27599907,5.357999802,12.40200043,5.223999977,3.99000001,-0.456999987,14.98400021
2016/11/3 01:00,14.93700027,4.622000217,11.26500034,4.619999886,3.928999901,-0.486999989,14.06900024
2016/11/3 02:00,15.73999977,5.760000229,12.18900013,5.578999996,3.838000059,-0.456999987,15.54699993
2016/11/3 03:00,14.80300045,4.21999979,11.90400028,4.65500021,3.77699995,-0.456999987,15.0539999
2016/11/3 04:00,16.07500076,4.822999954,11.86900043,4.725999832,3.71600008,-0.578999996,15.54699993
2016/11/3 05:00,14.53499985,4.085999966,10.3760004,3.802000046,3.928999901,-0.578999996,16.18000031
2016/11/3 06:00,16.6779995,4.019000053,12.22399998,3.838000059,4.538000107,-0.486999989,16.25
2016/11/3 07:00,17.07999992,3.951999903,11.44200039,3.625,5.147999763,-0.273999989,15.82800007
2016/11/3 08:00,11.31999969,2.678999901,7.888999939,2.131999969,2.618999958,-0.244000003,18.00900078
2016/11/3 09:00,7.769999981,0.870999992,5.046000004,0.745999992,2.528000116,-0.486999989,17.86800003
2016/11/3 10:00,7.703000069,1.875,5.507999897,1.883000016,2.437000036,-0.518000007,18.71199989
2016/11/3 11:00,8.371999741,1.541000009,5.401000023,0.995000005,2.862999916,-0.731000006,18.29000092
2016/11/3 12:00,6.296000004,0.469000012,3.552999973,0.639999986,2.163000107,-0.760999978,18.29000092
2016/11/3 13:00,5.625999928,1.072000027,3.980000019,1.386000037,1.76699996,-0.852999985,21.38500023
2016/11/3 14:00,6.497000217,1.340000033,4.051000118,1.84800005,1.949000001,-0.639999986,21.38500023
2016/11/3 15:00,5.69299984,1.004999995,3.90899992,0.816999972,1.797000051,-0.700999975,19.62700081
2016/11/3 16:00,6.09499979,0.335000008,4.477000237,0.852999985,1.980000019,-0.731000006,20.19000053
2016/11/3 17:00,7.568999767,0.067000002,5.081999779,0.782000005,2.497999907,-0.913999975,20.68199921
2016/11/3 18:00,7.434999943,0.0,4.93900013,0.639999986,2.559000015,-0.944000006,17.93799973
2016/11/3 19:00,7.166999817,0.201000005,4.690999985,0.924000025,2.315000057,-1.004999995,17.58699989
2016/11/3 20:00,6.362999916,0.0,4.086999893,0.782000005,2.223999977,-1.004999995,16.95400047
2016/11/3 21:00,5.559000015,-0.335000008,4.086999893,0.107000001,1.797000051,-1.004999995,16.74300003
2016/11/3 22:00,8.505999565,1.340000033,6.681000233,1.669999957,1.583999991,-1.004999995,16.32099915
2016/11/3 23:00,10.91800022,3.08100009,9.701000214,3.482000113,1.523000002,-0.975000024,16.39100075
2016/11/4 00:00,11.92199993,3.08100009,10.58899975,3.944000006,1.552999973,-0.944000006,16.81299973
2016/11/4 01:00,10.91800022,3.08100009,9.451999664,2.984999895,1.401000023,-1.004999995,15.89799976
2016/11/4 02:00,11.18599987,3.684000015,10.73200035,3.660000086,1.340000033,-1.004999995,16.32099915
2016/11/4 03:00,11.72099972,3.348999977,10.5539999,3.838000059,1.279000044,-1.036000013,15.75800037
2016/11/4 04:00,11.5880003,3.282000065,10.27000046,3.76699996,1.371000051,-0.975000024,15.47599983
2016/11/4 05:00,10.98499966,2.411000013,9.522999763,3.055999994,1.523000002,-1.004999995,15.19499969
2016/11/4 06:00,11.11900043,1.674000025,8.706000328,2.664999962,2.131999969,-1.036000013,15.75800037
2016/11/4 07:00,13.52999973,3.818000078,11.15799999,3.625,2.618999958,-0.822000027,15.47599983
2016/11/4 08:00,10.71700001,2.210000038,7.747000217,2.309999943,2.559000015,-0.639999986,15.47599983
2016/11/4 09:00,10.71700001,3.013999939,8.137999535,3.127000093,2.618999958,-0.609000027,17.72699928
2016/11/4 10:00,8.171999931,1.004999995,5.578999996,1.207999945,2.618999958,-0.425999999,17.51600075
2016/11/4 11:00,8.706999779,1.741000056,5.650000095,1.63499999,3.046000004,-0.518000007,18.5720005
2016/11/4 12:00,5.760000229,0.40200001,3.411000013,0.569000006,2.223999977,-0.791999996,18.5720005
2016/11/4 13:00,6.697999954,1.340000033,3.980000019,1.172999978,2.071000099,-0.609000027,20.47100067
2016/11/4 14:00,6.027999878,1.541000009,4.335000038,1.279000044,2.131999969,-0.486999989,21.94799995
2016/11/4 15:00,6.229000092,1.004999995,4.19299984,1.527999997,2.00999999,-0.609000027,19.97900009
2016/11/4 16:00,6.56400013,1.004999995,4.513000011,1.315000057,2.040999889,-0.639999986,20.82299995
2016/11/4 17:00,7.769999981,0.40200001,5.223999977,0.782000005,2.772000074,-0.609000027,21.94799995
2016/11/4 18:00,7.501999855,0.134000003,4.584000111,0.497000009,2.954999924,-0.700999975,20.26000023
2016/11/4 19:00,7.032999992,-0.201000005,4.513000011,0.319999993,2.650000095,-0.822000027,18.50099945
2016/11/4 20:00,6.162000179,-0.40200001,4.014999866,0.213,2.193000078,-0.944000006,18.92300034
2016/11/4 21:00,5.425000191,-0.469000012,3.447000027,0.213,1.91900003,-1.004999995,18.92300034
2016/11/4 22:00,7.301000118,0.938000023,5.436999798,2.061000109,1.644999981,-1.004999995,19.06399918
2016/11/4 23:00,8.907999992,1.60800004,7.284999847,2.203000069,1.674999952,-0.913999975,17.79800034
2016/11/5 00:00,12.45800018,3.348999977,8.421999931,3.233999968,3.99000001,-0.365999997,17.65699959
2016/11/5 01:00,12.45800018,3.48300004,8.493000031,3.127000093,3.838000059,-0.456999987,17.30500031
2016/11/5 02:00,11.98900032,3.684000015,9.168000221,3.588999987,3.686000109,-0.518000007,18.50099945
2016/11/5 03:00,12.59200001,3.415999889,9.345999718,3.625,3.503000021,-0.639999986,18.5720005
2016/11/5 04:00,12.39099979,3.282000065,8.208999634,3.482000113,3.594000101,-0.578999996,16.95400047
2016/11/5 05:00,12.18999958,3.013999939,8.421999931,2.984999895,3.806999922,-0.639999986,16.95400047
2016/11/5 06:00,13.19499969,3.282000065,8.421999931,2.594000101,4.355999947,-0.486999989,17.72699928
2016/11/5 07:00,13.4630003,3.214999914,10.8380003,3.802000046,2.559000015,-0.913999975,18.21999931
2016/11/5 08:00,8.907999992,2.142999887,5.899000168,1.91900003,2.163000107,-0.760999978,18.92300034
2016/11/5 09:00,7.166999817,1.406999946,4.547999859,1.350000024,2.375999928,-0.700999975,18.85300064
2016/11/5 10:00,7.703000069,1.875,5.046000004,1.207999945,2.588999987,-0.425999999,18.43099976
2016/11/5 11:00,8.371999741,1.139000058,5.401000023,1.207999945,2.924000025,-0.578999996,18.21999931
2016/11/5 12:00,6.229000092,0.536000013,3.872999907,0.745999992,2.345000029,-0.578999996,18.85300064
2016/11/5 13:00,6.899000168,1.340000033,4.65500021,1.527999997,1.827999949,-0.731000006,22.0890007
2016/11/5 14:00,6.09499979,0.938000023,4.619999886,1.491999984,1.827999949,-0.700999975,24.27000046
2016/11/5 15:00,6.229000092,1.674000025,4.370999813,1.812000036,2.00999999,-0.670000017,22.37000084
2016/11/5 16:00,6.362999916,1.20599997,4.300000191,1.812000036,2.040999889,-0.639999986,23.49600029
2016/11/5 17:00,8.104999542,1.004999995,4.868000031,1.243999958,2.680000067,-0.760999978,22.93300056
2016/11/5 18:00,7.501999855,0.40200001,4.868000031,1.101999998,2.680000067,-0.883000016,20.19000053
2016/11/5 19:00,6.96600008,0.134000003,4.441999912,0.852999985,2.467000008,-0.883000016,19.27499962
2016/11/5 20:00,6.09499979,0.201000005,4.014999866,0.816999972,2.163000107,-0.852999985,19.97900009
2016/11/5 21:00,5.492000103,-0.670000017,4.441999912,-0.213,1.827999949,-0.944000006,19.41600037
2016/11/5 22:00,8.907999992,1.807999969,6.857999802,2.096999884,1.523000002,-1.004999995,19.27499962
2016/11/5 23:00,10.04699993,2.142999887,8.102000237,2.700999975,1.491999984,-0.975000024,19.13400078
2016/11/6 00:00,9.913000107,3.214999914,8.635000229,3.872999907,1.401000023,-0.975000024,19.13400078
2016/11/6 01:00,7.769999981,2.210000038,6.644999981,2.948999882,1.097000003,-1.126999974,19.27499962
2016/11/6 02:00,8.774000168,2.812999964,7.782000065,3.482000113,1.036000013,-1.126999974,19.06399918
2016/11/6 03:00,8.774000168,1.875,7.853000164,3.127000093,1.004999995,-1.126999974,18.6420002
2016/11/6 04:00,9.243000031,2.344000101,7.960000038,2.772000074,1.097000003,-1.097000003,18.50099945
2016/11/6 05:00,8.43900013,1.541000009,6.681000233,2.559000015,1.309999943,-1.126999974,18.6420002
2016/11/6 06:00,9.645000458,1.674000025,7.461999893,2.345000029,1.797000051,-1.097000003,17.65699959
2016/11/6 07:00,10.91800022,2.210000038,7.923999786,2.415999889,2.437000036,-0.913999975,15.96899986
2016/11/6 08:00,8.171999931,1.60800004,6.254000187,1.669999957,2.528000116,-0.609000027,16.67200089
2016/11/6 09:00,6.497000217,1.004999995,4.19299984,1.065999985,2.163000107,-0.639999986,17.16500092
2016/11/6 10:00,7.234000206,0.938000023,4.619999886,0.995000005,2.223999977,-0.731000006,17.44599915
2016/11/6 11:00,7.234000206,0.938000023,4.584000111,0.888000011,2.832999945,-0.822000027,18.00900078
2016/11/6 12:00,5.492000103,0.201000005,2.914000034,0.532999992,2.040999889,-0.852999985,18.21999931
2016/11/6 13:00,5.090000153,0.670000017,3.447000027,0.924000025,1.797000051,-0.700999975,19.97900009
2016/11/6 14:00,5.894000053,0.80400002,3.447000027,1.101999998,1.76699996,-0.760999978,20.19000053
2016/11/6 15:00,5.69299984,0.80400002,4.014999866,0.852999985,1.523000002,-0.944000006,19.6970005
2016/11/6 16:00,5.492000103,0.469000012,3.588999987,1.279000044,1.797000051,-0.852999985,20.40099907
2016/11/6 17:00,6.899000168,0.40200001,4.513000011,0.816999972,2.650000095,-0.760999978,20.32999992
2016/11/6 18:00,7.166999817,0.134000003,4.547999859,0.782000005,2.588999987,-0.883000016,19.06399918
2016/11/6 19:00,6.764999866,0.067000002,4.406000137,0.782000005,2.345000029,-1.036000013,17.51600075
2016/11/6 20:00,5.760000229,-0.067000002,3.660000086,0.603999972,2.101999998,-0.944000006,16.95400047
2016/11/6 21:00,6.429999828,-0.40200001,5.046000004,1.031000018,1.644999981,-1.036000013,16.67200089
2016/11/6 22:00,9.376999855,1.340000033,8.102000237,2.559000015,1.340000033,-1.036000013,16.67200089
2016/11/6 23:00,9.779000282,1.674000025,8.137999535,2.096999884,1.371000051,-1.065999985,16.18000031
2016/11/7 00:00,14.2670002,3.617000103,10.44699955,3.197999954,3.77699995,-0.518000007,15.40600014
2016/11/7 01:00,14.13300037,3.617000103,10.5539999,3.305000067,3.686000109,-0.547999978,15.19499969
2016/11/7 02:00,11.31999969,3.013999939,8.065999985,3.019999981,3.625,-0.518000007,14.91399956
2016/11/7 03:00,13.4630003,3.549999952,9.772000313,2.948999882,3.532999992,-0.578999996,15.125
2016/11/7 04:00,13.9989996,3.88499999,10.51799965,3.90899992,3.532999992,-0.578999996,15.47599983
2016/11/7 05:00,12.99400043,3.013999939,9.06099987,2.523000002,3.838000059,-0.547999978,16.03899956
2016/11/7 06:00,13.79800034,2.880000114,9.807999611,3.197999954,4.355999947,-0.425999999,16.32099915
2016/11/7 07:00,15.67300034,3.415999889,10.97999954,3.447000027,4.751999855,-0.365999997,16.25
2016/11/7 08:00,12.59200001,2.746000051,10.51799965,3.233999968,2.193000078,-0.731000006,16.74300003
2016/11/7 09:00,7.769999981,1.20599997,5.295000076,1.457000017,1.827999949,-0.852999985,17.23500061
2016/11/7 10:00,7.568999767,1.473999977,6.005000114,1.812000036,2.101999998,-0.760999978,16.95400047
2016/11/7 11:00,8.171999931,1.406999946,5.543000221,1.883000016,2.528000116,-0.913999975,16.88299942
2016/11/7 12:00,6.229000092,0.536000013,3.696000099,0.745999992,1.827999949,-0.975000024,14.49100018
2016/11/7 13:00,5.760000229,0.938000023,4.263999939,0.888000011,1.735999942,-0.822000027,12.80300045
2016/11/7 14:00,6.497000217,1.004999995,4.725999832,1.386000037,1.491999984,-0.944000006,12.10000038
2016/11/7 15:00,6.697999954,1.004999995,4.868000031,1.741000056,1.491999984,-0.975000024,11.46700001
2016/11/7 16:00,6.56400013,0.670000017,4.903999805,1.457000017,1.674999952,-1.065999985,9.425999641
2016/11/7 17:00,8.104999542,0.602999985,5.507999897,1.243999958,2.528000116,-1.065999985,8.512000084
2016/11/7 18:00,6.764999866,-0.067000002,4.513000011,0.711000025,2.253999949,-1.097000003,8.934000015
2016/11/7 19:00,6.09499979,0.0,4.086999893,0.852999985,1.980000019,-1.097000003,9.425999641
2016/11/7 20:00,5.357999802,-0.067000002,3.588999987,0.782000005,1.70599997,-1.097000003,12.02900028
2016/11/7 21:00,4.354000092,-0.40200001,3.447000027,0.675000012,1.340000033,-1.156999946,11.32600021
2016/11/7 22:00,6.764999866,1.004999995,5.507999897,1.741000056,1.248999953,-1.097000003,12.7329998
2016/11/7 23:00,9.51099968,1.60800004,7.676000118,1.741000056,1.248999953,-1.156999946,9.708000183
2016/11/8 00:00,10.64999962,2.477999926,9.06099987,3.127000093,1.279000044,-1.065999985,10.27099991
2016/11/8 01:00,7.166999817,1.942000031,6.147999763,1.63499999,1.156999946,-1.065999985,10.06000042
2016/11/8 02:00,8.171999931,1.273000002,6.71600008,2.309999943,1.187999964,-1.097000003,9.777999878
2016/11/8 03:00,10.04699993,2.142999887,8.883999825,3.092000008,1.126999974,-1.097000003,7.737999916
2016/11/8 04:00,9.444000244,1.60800004,8.38599968,2.451999903,1.156999946,-1.097000003,8.652999878
2016/11/8 05:00,8.038000107,0.80400002,6.040999889,1.207999945,1.491999984,-1.004999995,8.581999779
2016/11/8 06:00,10.91800022,2.009000063,8.741999626,2.273999929,1.85800004,-0.975000024,6.823999882
2016/11/8 07:00,10.91800022,1.60800004,8.706000328,2.239000082,2.559000015,-0.975000024,8.300999641
2016/11/8 08:00,10.04699993,2.142999887,8.208999634,2.523000002,2.528000116,-0.639999986,8.86400032
2016/11/8 09:00,7.434999943,0.80400002,4.974999905,1.065999985,2.315000057,-0.609000027,8.86400032
2016/11/8 10:00,8.907999992,1.807999969,6.147999763,1.70599997,2.740999937,-0.518000007,8.793000221
2016/11/8 11:00,8.907999992,1.807999969,6.076000214,1.598999977,3.107000113,-0.578999996,10.83300018
2016/11/8 12:00,6.09499979,0.736999989,4.441999912,1.065999985,2.193000078,-0.760999978,11.11499977
2016/11/8 13:00,6.09499979,1.139000058,4.19299984,1.279000044,2.040999889,-0.731000006,11.46700001
2016/11/8 14:00,7.166999817,1.473999977,5.046000004,1.84800005,2.040999889,-0.609000027,11.74800014
2016/11/8 15:00,7.099999905,1.340000033,5.081999779,1.70599997,2.040999889,-0.578999996,11.67800045
2016/11/8 16:00,6.96600008,1.20599997,4.547999859,1.527999997,2.28399992,-0.609000027,11.5369997
2016/11/8 17:00,8.371999741,1.004999995,5.543000221,1.527999997,2.954999924,-0.670000017,12.17000008
2016/11/8 18:00,7.903999805,0.469000012,5.046000004,1.136999965,2.894000053,-0.852999985,11.32600021
2016/11/8 19:00,7.234000206,0.201000005,4.833000183,0.995000005,2.437000036,-1.004999995,10.3409996
2016/11/8 20:00,6.296000004,0.0,4.157999992,0.852999985,2.101999998,-1.065999985,9.848999977
2016/11/8 21:00,5.625999928,-0.067000002,3.625,0.142000005,1.735999942,-1.097000003,8.581999779
2016/11/8 22:00,5.559000015,0.134000003,3.980000019,0.852999985,1.523000002,-1.097000003,8.934000015
2016/11/8 23:00,7.903999805,0.469000012,6.324999809,1.91900003,0.822000027,-1.371000051,8.159999847
2016/11/9 00:00,10.98499966,2.142999887,7.923999786,2.806999922,3.289999962,-0.975000024,8.159999847
2016/11/9 01:00,8.171999931,1.072000027,4.441999912,1.172999978,3.137000084,-1.036000013,7.879000187
2016/11/9 02:00,6.697999954,0.536000013,3.872999907,0.816999972,3.107000113,-0.975000024,7.597000122
2016/11/9 03:00,7.234000206,0.80400002,3.730999947,1.136999965,3.107000113,-1.036000013,8.230999947
2016/11/9 04:00,7.903999805,1.340000033,4.263999939,0.675000012,3.107000113,-0.975000024,7.879000187
2016/11/9 05:00,8.371999741,0.938000023,4.974999905,1.350000024,3.349999905,-0.852999985,7.948999882
2016/11/9 06:00,9.175999641,0.670000017,5.366000175,0.995000005,3.532999992,-0.883000016,7.315999985
2016/11/9 07:00,9.243000031,1.004999995,5.472000122,0.675000012,3.928999901,-0.760999978,7.456999779
2016/11/9 08:00,5.559000015,0.536000013,4.014999866,0.888000011,1.401000023,-1.065999985,7.456999779
2016/11/9 09:00,6.96600008,0.870999992,5.046000004,1.457000017,1.279000044,-1.156999946,9.145000458
2016/11/9 10:00,6.027999878,0.602999985,4.868000031,1.457000017,1.371000051,-1.126999974,9.425999641
2016/11/9 11:00,6.764999866,0.536000013,4.477000237,0.639999986,1.76699996,-1.156999946,10.19999981
2016/11/9 12:00,4.956999779,-0.938000023,3.339999914,0.142000005,1.065999985,-1.340000033,9.918999672
2016/11/9 13:00,7.166999817,1.139000058,5.081999779,1.741000056,1.888000011,-0.791999996,9.98900032
2016/11/9 14:00,7.769999981,2.477999926,5.614999771,3.305000067,1.797000051,-0.852999985,10.48200035
2016/11/9 15:00,7.032999992,1.674000025,5.223999977,1.99000001,1.674999952,-0.975000024,11.18500042
2016/11/9 16:00,8.104999542,2.142999887,6.147999763,2.664999962,2.101999998,-0.883000016,12.10000038
2016/11/9 17:00,9.779000282,2.344000101,6.395999908,2.345000029,3.229000092,-0.547999978,12.23999977
2016/11/9 18:00,8.305999756,1.20599997,5.436999798,2.025000095,2.832999945,-0.944000006,12.94400024
2016/11/9 19:00,7.836999893,1.20599997,5.329999924,1.99000001,2.437000036,-1.065999985,12.52200031
2016/11/9 20:00,7.234000206,1.541000009,5.295000076,2.486999989,2.163000107,-1.097000003,12.59200001
2016/11/9 21:00,7.568999767,0.268000007,5.96999979,1.421000004,1.827999949,-1.126999974,12.10000038
2016/11/9 22:00,11.05200005,1.406999946,9.097000122,2.630000114,1.432000041,-1.097000003,12.45100021
2016/11/9 23:00,10.7840004,2.27699995,9.274999619,2.203000069,1.491999984,-1.065999985,11.74800014
2016/11/10 00:00,12.32400036,3.348999977,11.44200039,3.76699996,1.401000023,-1.065999985,12.52200031
2016/11/10 01:00,12.39099979,3.013999939,10.58899975,3.625,1.279000044,-1.065999985,12.38099957
2016/11/10 02:00,12.45800018,3.48300004,10.8380003,3.980000019,1.126999974,-1.126999974,13.08500004
2016/11/10 03:00,10.51599979,2.210000038,9.701000214,2.806999922,1.065999985,-1.187999964,12.8739996
2016/11/10 04:00,11.18599987,2.812999964,10.09200001,3.197999954,1.156999946,-1.156999946,12.94400024
2016/11/10 05:00,11.65499973,2.678999901,9.701000214,3.269000053,1.432000041,-1.126999974,14.49100018
2016/11/10 06:00,13.39599991,2.210000038,11.33600044,3.447000027,1.980000019,-1.065999985,14.27999973
2016/11/10 07:00,13.73099995,2.746000051,10.80300045,3.055999994,2.588999987,-0.944000006,14.77299976
2016/11/10 08:00,10.58300018,3.348999977,8.493000031,3.447000027,2.588999987,-0.639999986,14.49100018
2016/11/10 09:00,9.578000069,2.947000027,7.071000099,3.092000008,2.315000057,-0.670000017,14.27999973
2016/11/10 10:00,8.038000107,2.477999926,5.899000168,2.061000109,2.375999928,-0.639999986,12.23999977
2016/11/10 11:00,8.975000381,2.075999975,6.324999809,2.415999889,2.832999945,-0.731000006,12.02900028
2016/11/10 12:00,6.697999954,1.20599997,4.014999866,1.953999996,2.101999998,-0.883000016,11.67800045
2016/11/10 13:00,8.038000107,2.947000027,5.578999996,2.948999882,2.315000057,-0.518000007,13.36600018
2016/11/10 14:00,8.23900032,2.477999926,5.791999817,3.233999968,2.101999998,-0.578999996,12.59200001
2016/11/10 15:00,6.497000217,2.210000038,4.725999832,2.914000034,1.76699996,-0.578999996,11.25599957
2016/11/10 16:00,7.099999905,2.812999964,4.690999985,2.736000061,2.528000116,-0.305000007,11.5369997
2016/11/10 17:00,9.31000042,2.27699995,5.756999969,2.131999969,3.411000013,-0.182999998,10.90400028
2016/11/10 18:00,8.43900013,1.473999977,5.472000122,1.91900003,3.046000004,-0.731000006,10.90400028
2016/11/10 19:00,7.501999855,0.938000023,4.796999931,1.598999977,2.588999987,-0.975000024,11.32600021
2016/11/10 20:00,6.764999866,1.072000027,4.406000137,1.77699995,2.315000057,-0.975000024,11.74800014
2016/11/10 21:00,6.229000092,-0.469000012,4.263999939,0.782000005,1.888000011,-1.036000013,12.52200031
2016/11/10 22:00,7.301000118,1.60800004,6.183000088,2.239000082,1.552999973,-1.065999985,12.59200001
2016/11/10 23:00,9.979999542,1.004999995,8.493000031,1.63499999,1.491999984,-1.004999995,12.38099957
2016/11/11 00:00,14.53499985,3.013999939,10.66100025,3.019999981,3.928999901,-0.578999996,13.08500004
2016/11/11 01:00,15.73999977,2.812999964,11.37100029,3.127000093,3.746000051,-0.578999996,13.29599953
2016/11/11 02:00,14.2670002,2.210000038,10.66100025,2.273999929,3.71600008,-0.639999986,13.43599987
2016/11/11 03:00,15.20400047,6.027999878,11.37100029,5.828000069,3.746000051,-0.547999978,14.35099983
2016/11/11 04:00,14.66899967,2.812999964,10.8739996,2.630000114,3.746000051,-0.578999996,13.01399994
2016/11/11 05:00,15.47200012,5.425000191,10.6960001,5.258999825,4.051000118,-0.486999989,13.29599953
2016/11/11 06:00,14.2670002,3.88499999,9.87899971,3.76699996,4.386000156,-0.547999978,12.8739996
2016/11/11 07:00,16.00799942,2.344000101,11.30000019,2.239000082,5.026000023,-0.456999987,12.94400024
2016/11/11 08:00,9.578000069,3.148000002,7.320000172,2.736000061,2.467000008,-0.609000027,13.9989996
2016/11/11 09:00,7.636000156,1.473999977,5.862999916,1.91900003,2.071000099,-0.670000017,13.64700031
2016/11/11 10:00,7.636000156,2.344000101,5.578999996,1.953999996,2.223999977,-0.547999978,13.50699997
2016/11/11 11:00,8.774000168,2.142999887,5.934000015,2.273999929,2.772000074,-0.609000027,14.70300007
2016/11/11 12:00,6.497000217,1.20599997,4.300000191,1.70599997,1.949000001,-0.760999978,15.54699993
2016/11/11 13:00,5.894000053,1.807999969,4.122000217,1.527999997,1.949000001,-0.639999986,18.99399948
2016/11/11 14:00,6.09499979,1.60800004,4.833000183,2.486999989,1.735999942,-0.731000006,19.76799965
2016/11/11 15:00,6.09499979,1.807999969,4.441999912,2.451999903,1.797000051,-0.700999975,18.5720005
2016/11/11 16:00,5.960999966,1.807999969,4.19299984,2.131999969,1.827999949,-0.731000006,18.5720005
2016/11/11 17:00,8.305999756,1.674000025,5.366000175,2.203000069,2.772000074,-0.913999975,17.65699959
2016/11/11 18:00,7.703000069,1.072000027,5.081999779,1.91900003,2.559000015,-0.944000006,16.88299942
2016/11/11 19:00,7.434999943,1.139000058,5.117000103,1.953999996,2.345000029,-1.036000013,15.68700027
2016/11/11 20:00,6.697999954,0.938000023,4.619999886,1.883000016,2.163000107,-1.065999985,15.75800037
2016/11/11 21:00,5.69299984,1.072000027,3.838000059,1.669999957,1.827999949,-1.371000051,16.32099915
2016/11/11 22:00,7.903999805,2.880000114,6.43200016,3.730999947,1.70599997,-1.004999995,15.82800007
2016/11/11 23:00,10.91800022,3.348999977,8.989999771,3.980000019,1.432000041,-1.097000003,15.40600014
2016/11/12 00:00,9.51099968,2.075999975,7.747000217,3.092000008,1.248999953,-1.126999974,16.03899956
2016/11/12 01:00,10.91800022,2.947000027,9.097000122,3.552999973,1.248999953,-1.097000003,16.10899925
2016/11/12 02:00,10.24800014,3.415999889,9.168000221,3.447000027,1.097000003,-1.156999946,15.96899986
2016/11/12 03:00,10.24800014,3.214999914,9.204000473,4.157999992,1.126999974,-1.156999946,16.46100044
2016/11/12 04:00,11.72099972,3.818000078,10.02099991,3.944000006,1.156999946,-1.126999974,16.25
2016/11/12 05:00,13.19499969,3.549999952,9.204000473,3.872999907,4.324999809,-0.670000017,16.32099915
2016/11/12 06:00,13.79800034,3.617000103,8.56400013,3.092000008,4.386000156,-0.547999978,16.46100044
2016/11/12 07:00,14.66899967,3.750999928,9.274999619,3.305000067,5.147999763,-0.244000003,16.60199928
2016/11/12 08:00,9.376999855,2.678999901,6.076000214,3.127000093,2.894000053,-0.578999996,17.09399986
2016/11/12 09:00,7.971000195,2.678999901,5.543000221,2.345000029,2.497999907,-0.578999996,16.60199928
2016/11/12 10:00,8.572999954,2.477999926,5.756999969,2.203000069,2.894000053,-0.244000003,16.32099915
2016/11/12 11:00,9.376999855,1.942000031,6.076000214,2.273999929,3.411000013,-0.456999987,16.53199959
2016/11/12 12:00,7.234000206,1.60800004,4.513000011,1.669999957,2.437000036,-0.609000027,16.25
2016/11/12 13:00,7.301000118,2.27699995,4.868000031,2.096999884,2.131999969,-0.486999989,16.25
2016/11/12 14:00,6.697999954,2.545000076,4.406000137,2.523000002,2.375999928,-0.365999997,15.82800007
2016/11/12 15:00,7.301000118,1.942000031,5.046000004,2.630000114,2.163000107,-0.335000008,17.30500031
2016/11/12 16:00,7.301000118,2.746000051,4.619999886,2.309999943,2.954999924,-0.305000007,16.67200089
2016/11/12 17:00,8.43900013,2.142999887,5.507999897,2.131999969,3.259000063,-0.395999998,18.5720005
2016/11/12 18:00,7.568999767,0.938000023,4.725999832,1.70599997,2.680000067,-0.731000006,17.86800003
2016/11/12 19:00,7.636000156,1.139000058,4.868000031,1.741000056,2.924000025,-0.731000006,17.72699928
2016/11/12 20:00,6.631000042,1.004999995,4.263999939,1.669999957,2.28399992,-0.883000016,16.81299973
2016/11/12 21:00,5.559000015,0.602999985,3.696000099,2.025000095,1.949000001,-0.883000016,17.37599945
2016/11/12 22:00,6.09499979,1.875,4.122000217,2.167999983,1.523000002,-0.975000024,17.65699959
2016/11/12 23:00,8.640000343,2.142999887,7.106999874,3.019999981,1.613999963,-0.852999985,16.88299942
2016/11/13 00:00,12.72599983,4.68900013,8.777000427,3.802000046,4.051000118,-0.305000007,17.16500092
2016/11/13 01:00,12.6590004,4.085999966,9.026000023,4.051000118,3.77699995,-0.456999987,18.00900078
2016/11/13 02:00,12.32400036,3.415999889,8.031000137,3.517999887,3.654999971,-0.456999987,17.79800034
2016/11/13 03:00,12.25699997,3.88499999,8.777000427,3.76699996,3.928999901,-0.305000007,17.51600075
2016/11/13 04:00,11.85499954,3.282000065,7.81799984,3.660000086,3.928999901,-0.365999997,18.50099945
2016/11/13 05:00,10.7840004,2.545000076,7.106999874,3.092000008,3.928999901,-0.486999989,17.86800003
2016/11/13 06:00,11.5880003,3.148000002,7.284999847,3.127000093,4.386000156,-0.456999987,17.51600075
2016/11/13 07:00,12.59200001,3.148000002,7.676000118,2.772000074,4.994999886,-0.305000007,15.96899986
2016/11/13 08:00,7.703000069,1.674000025,5.366000175,2.096999884,2.345000029,-0.547999978,16.74300003
2016/11/13 09:00,6.764999866,2.27699995,5.046000004,2.273999929,2.040999889,-0.700999975,18.00900078
2016/11/13 10:00,8.43900013,2.142999887,6.076000214,2.664999962,2.680000067,-0.335000008,18.21999931
2016/11/13 11:00,9.243000031,2.009000063,5.96999979,2.345000029,3.015000105,-0.578999996,18.85300064
2016/11/13 12:00,6.764999866,1.541000009,4.796999931,1.883000016,2.131999969,-0.760999978,19.55599976
2016/11/13 13:00,6.96600008,2.142999887,4.370999813,2.309999943,2.040999889,-0.518000007,19.20499992
2016/11/13 14:00,6.96600008,2.344000101,4.335000038,2.806999922,1.949000001,-0.578999996,19.62700081
2016/11/13 15:00,5.827000141,2.075999975,4.086999893,1.953999996,2.071000099,-0.700999975,20.47100067
2016/11/13 16:00,7.099999905,1.875,4.513000011,2.381000042,2.497999907,-0.609000027,20.11899948
2016/11/13 17:00,7.903999805,1.60800004,5.366000175,2.096999884,2.650000095,-0.822000027,19.55599976
2016/11/13 18:00,7.636000156,1.139000058,4.974999905,1.77699995,3.075999975,-0.700999975,19.6970005
2016/11/13 19:00,7.434999943,0.670000017,4.762000084,1.527999997,2.437000036,-1.004999995,19.06399918
2016/11/13 20:00,6.362999916,0.602999985,4.300000191,1.56400001,2.071000099,-1.065999985,19.76799965
2016/11/13 21:00,5.559000015,-0.335000008,3.90899992,0.532999992,1.674999952,-1.156999946,19.76799965
2016/11/13 22:00,7.368000031,1.60800004,5.934000015,2.594000101,1.340000033,-1.218000054,20.32999992
2016/11/13 23:00,9.31000042,2.210000038,7.284999847,3.127000093,1.401000023,-1.065999985,19.48600006
2016/11/14 00:00,10.71700001,3.549999952,9.026000023,4.122000217,1.462000012,-1.065999985,18.78300095
2016/11/14 01:00,9.578000069,3.282000065,8.598999977,4.229000092,1.097000003,-1.156999946,19.27499962
2016/11/14 02:00,9.51099968,3.750999928,8.670999527,4.086999893,1.126999974,-1.248999953,19.48600006
2016/11/14 03:00,10.31499958,3.684000015,8.456999779,4.014999866,1.126999974,-1.126999974,18.71199989
2016/11/14 04:00,10.11400032,3.549999952,8.706000328,4.19299984,1.065999985,-1.218000054,19.41600037
2016/11/14 05:00,8.907999992,2.678999901,7.532999992,3.802000046,1.340000033,-1.156999946,19.06399918
2016/11/14 06:00,10.64999962,2.678999901,8.847999573,3.375999928,1.827999949,-1.097000003,19.27499962
2016/11/14 07:00,11.92199993,3.08100009,8.954999924,3.163000107,2.528000116,-0.913999975,19.6970005
2016/11/14 08:00,10.11400032,3.348999977,7.106999874,2.878000021,2.559000015,-0.639999986,19.62700081
2016/11/14 09:00,7.501999855,1.674000025,4.93900013,1.598999977,2.588999987,-0.486999989,17.51600075
2016/11/14 10:00,8.43900013,1.875,6.005000114,2.273999929,2.862999916,-0.486999989,19.90800095
2016/11/14 11:00,9.041999817,1.741000056,5.436999798,1.99000001,3.137000084,-0.609000027,19.06399918
2016/11/14 12:00,6.429999828,0.938000023,3.552999973,1.421000004,2.497999907,-0.609000027,19.76799965
2016/11/14 13:00,6.96600008,2.27699995,4.19299984,2.700999975,2.223999977,-0.639999986,21.80800056
2016/11/14 14:00,7.099999905,1.60800004,4.547999859,2.167999983,1.949000001,-0.670000017,20.11899948
2016/11/14 15:00,6.09499979,1.807999969,4.335000038,2.700999975,1.980000019,-0.731000006,21.66699982
2016/11/14 16:00,6.899000168,2.075999975,4.796999931,2.806999922,2.040999889,-0.700999975,21.17399979
2016/11/14 17:00,8.038000107,1.541000009,5.401000023,2.486999989,2.618999958,-0.760999978,20.54100037
2016/11/14 18:00,7.434999943,1.072000027,4.93900013,1.77699995,2.559000015,-0.760999978,18.00900078
2016/11/14 19:00,7.166999817,1.072000027,4.762000084,1.883000016,2.467000008,-1.065999985,18.50099945
2016/11/14 20:00,6.429999828,0.938000023,4.157999992,1.84800005,2.101999998,-1.097000003,17.51600075
2016/11/14 21:00,7.434999943,0.335000008,5.862999916,1.421000004,1.735999942,-1.065999985,16.46100044
2016/11/14 22:00,7.769999981,2.142999887,6.502999783,3.339999914,1.340000033,-1.248999953,15.75800037
2016/11/14 23:00,11.11900043,3.750999928,9.345999718,4.406000137,1.401000023,-1.126999974,15.61699963
2016/11/15 00:00,13.06099987,4.085999966,8.706000328,3.76699996,4.051000118,-0.486999989,16.32099915
2016/11/15 01:00,13.52999973,4.822999954,9.23900032,4.370999813,3.77699995,-0.578999996,16.03899956
2016/11/15 02:00,11.92199993,3.549999952,8.777000427,3.90899992,3.594000101,-0.639999986,14.63199997
2016/11/15 03:00,13.26200008,4.421000004,9.451999664,4.263999939,3.686000109,-0.578999996,14.42099953
2016/11/15 04:00,13.59700012,4.68900013,9.23900032,4.441999912,3.71600008,-0.609000027,14.49100018
2016/11/15 05:00,12.32400036,3.08100009,7.747000217,3.233999968,3.960000038,-0.578999996,15.19499969
2016/11/15 06:00,13.59700012,3.617000103,8.208999634,2.914000034,4.630000114,-0.456999987,13.8579998
2016/11/15 07:00,14.46800041,3.415999889,9.701000214,3.411000013,5.086999893,-0.395999998,13.22500038
2016/11/15 08:00,9.444000244,2.611999989,6.71600008,2.736000061,2.467000008,-0.456999987,13.08500004
2016/11/15 09:00,9.51099968,4.889999866,6.751999855,2.914000034,2.315000057,1.065999985,13.78800011
2016/11/15 10:00,7.836999893,3.818000078,5.543000221,2.451999903,2.345000029,0.913999975,14.49100018
2016/11/15 11:00,9.243000031,4.487999916,6.361000061,2.914000034,2.894000053,1.097000003,14.84300041
2016/11/15 12:00,6.027999878,3.348999977,4.19299984,1.56400001,2.101999998,0.760999978,14.21000004
2016/11/15 13:00,7.099999905,4.21999979,5.081999779,2.415999889,2.131999969,1.004999995,15.61699963
2016/11/15 14:00,7.166999817,4.287000179,4.584000111,2.772000074,2.101999998,1.097000003,15.96899986
2016/11/15 15:00,7.301000118,4.085999966,4.513000011,2.167999983,2.253999949,1.218000054,15.54699993
2016/11/15 16:00,6.831999779,3.750999928,4.833000183,2.381000042,2.131999969,1.187999964,15.40600014
2016/11/15 17:00,8.23900032,3.214999914,5.543000221,1.883000016,2.618999958,0.822000027,15.96899986
2016/11/15 18:00,7.501999855,2.477999926,4.833000183,1.741000056,2.650000095,0.700999975,15.125
2016/11/15 19:00,7.166999817,2.411000013,4.584000111,1.77699995,2.405999899,0.578999996,14.63199997
2016/11/15 20:00,6.56400013,2.27699995,4.229000092,1.421000004,2.223999977,0.547999978,13.08500004
2016/11/15 21:00,7.234000206,2.545000076,5.650000095,1.457000017,1.674999952,0.518000007,13.43599987
2016/11/15 22:00,7.099999905,3.549999952,5.366000175,1.91900003,1.401000023,0.456999987,12.10000038
2016/11/15 23:00,12.45800018,5.425000191,10.51799965,4.014999866,1.583999991,0.518000007,11.5369997
2016/11/16 00:00,11.11900043,5.760000229,10.30500031,4.370999813,1.401000023,0.425999999,11.67800045
2016/11/16 01:00,12.59200001,6.027999878,11.51299953,4.903999805,1.126999974,0.335000008,11.60700035
2016/11/16 02:00,13.12800026,5.827000141,11.08699989,4.19299984,1.156999946,0.456999987,11.11499977
2016/11/16 03:00,10.85099983,4.554999828,7.923999786,3.517999887,1.218000054,0.425999999,11.32600021
2016/11/16 04:00,9.578000069,5.022999763,8.244000435,3.339999914,1.432000041,0.486999989,11.11499977
2016/11/16 05:00,10.51599979,4.487999916,9.06099987,4.014999866,1.462000012,0.456999987,10.83300018
2016/11/16 06:00,12.59200001,5.223999977,9.87899971,3.588999987,2.071000099,0.456999987,10.27099991
2016/11/16 07:00,9.845999718,3.951999903,7.177999973,2.451999903,2.467000008,0.578999996,10.55200005
2016/11/16 08:00,9.175999641,4.68900013,6.218999863,3.127000093,2.375999928,0.883000016,11.25599957
2016/11/16 09:00,6.899000168,3.88499999,5.188000202,2.559000015,2.375999928,1.065999985,11.60700035
2016/11/16 10:00,8.840999603,4.822999954,5.543000221,3.055999994,2.528000116,1.156999946,12.59200001
2016/11/16 11:00,9.109000206,4.21999979,5.756999969,2.878000021,2.924000025,1.065999985,14.14000034
2016/11/16 12:00,5.827000141,3.013999939,4.086999893,1.812000036,2.193000078,0.822000027,13.64700031
2016/11/16 13:00,6.429999828,3.549999952,4.547999859,2.523000002,2.193000078,1.036000013,13.15499973
2016/11/16 14:00,6.229000092,3.951999903,4.370999813,2.273999929,1.85800004,0.731000006,14.98400021
2016/11/16 15:00,6.497000217,3.08100009,4.65500021,2.273999929,1.674999952,0.791999996,14.27999973
2016/11/16 16:00,6.899000168,3.415999889,4.547999859,2.239000082,3.015000105,0.760999978,14.77299976
2016/11/16 17:00,9.175999641,3.617000103,5.899000168,2.415999889,3.046000004,0.852999985,15.75800037
2016/11/16 18:00,7.903999805,2.880000114,5.081999779,1.953999996,3.015000105,0.670000017,15.54699993
2016/11/16 19:00,6.899000168,2.477999926,4.513000011,1.63499999,2.405999899,0.518000007,15.125
2016/11/16 20:00,6.162000179,2.27699995,4.086999893,1.598999977,2.101999998,0.518000007,14.63199997
2016/11/16 21:00,5.425000191,0.938000023,3.872999907,0.462000012,1.613999963,0.518000007,12.45100021
2016/11/16 22:00,7.368000031,3.013999939,5.756999969,2.273999929,1.340000033,0.395999998,13.15499973
2016/11/16 23:00,10.98499966,4.21999979,9.168000221,2.486999989,1.462000012,0.486999989,13.9989996
2016/11/17 00:00,13.39599991,5.559000015,9.772000313,3.944000006,3.868000031,1.004999995,11.74800014
2016/11/17 01:00,13.86499977,5.425000191,10.02099991,3.696000099,3.71600008,1.065999985,13.64700031
2016/11/17 02:00,12.92700005,4.554999828,9.487999916,3.055999994,3.806999922,1.097000003,13.64700031
2016/11/17 03:00,13.06099987,4.287000179,9.416999817,2.700999975,3.686000109,1.065999985,14.77299976
2016/11/17 04:00,13.4630003,5.157000065,9.451999664,3.055999994,3.77699995,1.279000044,15.26500034
2016/11/17 05:00,12.85999966,4.287000179,8.31499958,2.630000114,3.99000001,1.126999974,14.42099953
2016/11/17 06:00,13.32900047,3.617000103,8.635000229,2.203000069,4.416999817,1.065999985,15.61699963
2016/11/17 07:00,14.19999981,4.287000179,8.989999771,2.131999969,4.934000015,1.126999974,16.60199928
2016/11/17 08:00,9.578000069,4.68900013,8.031000137,2.914000034,2.345000029,1.097000003,15.96899986
2016/11/17 09:00,8.43900013,3.617000103,5.934000015,2.630000114,2.223999977,0.883000016,15.89799976
2016/11/17 10:00,10.11400032,4.487999916,7.568999767,2.878000021,2.315000057,0.944000006,15.75800037
2016/11/17 11:00,9.979999542,4.019000053,7.427000046,2.842999935,3.107000113,0.975000024,16.25
2016/11/17 12:00,7.301000118,2.411000013,5.507999897,1.421000004,2.040999889,0.731000006,17.02400017
2016/11/17 13:00,7.166999817,3.549999952,5.436999798,1.70599997,1.797000051,0.760999978,16.81299973
2016/11/17 14:00,7.636000156,3.214999914,5.68599987,1.883000016,2.101999998,0.852999985,15.82800007
2016/11/17 15:00,7.903999805,3.818000078,5.934000015,1.91900003,2.040999889,1.036000013,16.46100044
2016/11/17 16:00,7.903999805,3.348999977,5.934000015,2.061000109,2.131999969,0.760999978,15.47599983
2016/11/17 17:00,8.038000107,2.411000013,5.507999897,1.883000016,2.588999987,0.639999986,15.47599983
2016/11/17 18:00,7.166999817,2.411000013,4.65500021,1.598999977,2.559000015,0.578999996,15.75800037
2016/11/17 19:00,6.296000004,2.009000063,4.086999893,1.315000057,2.131999969,0.456999987,14.84300041
2016/11/17 20:00,5.625999928,1.875,3.696000099,1.207999945,1.91900003,0.456999987,14.84300041
2016/11/17 21:00,4.889999866,2.210000038,3.269000053,1.99000001,1.552999973,0.456999987,14.91399956
2016/11/17 22:00,6.229000092,2.947000027,4.796999931,2.203000069,1.218000054,0.365999997,13.71800041
2016/11/17 23:00,8.774000168,4.152999878,6.928999901,2.772000074,1.218000054,0.305000007,14.35099983
2016/11/18 00:00,9.845999718,4.822999954,8.137999535,3.696000099,1.218000054,0.305000007,14.21000004
2016/11/18 01:00,9.175999641,3.951999903,7.498000145,3.305000067,1.248999953,0.486999989,14.49100018
2016/11/18 02:00,7.368000031,3.750999928,6.361000061,3.127000093,1.097000003,0.335000008,14.70300007
2016/11/18 03:00,9.578000069,4.68900013,8.102000237,3.660000086,1.065999985,0.395999998,15.125
2016/11/18 04:00,9.31000042,4.622000217,8.137999535,3.375999928,0.975000024,0.305000007,14.91399956
2016/11/18 05:00,9.175999641,3.617000103,7.747000217,3.660000086,1.401000023,0.486999989,14.49100018
2016/11/18 06:00,8.104999542,2.545000076,5.650000095,1.70599997,2.071000099,0.609000027,15.96899986
2016/11/18 07:00,9.444000244,3.48300004,6.928999901,2.664999962,2.650000095,0.731000006,16.60199928
2016/11/18 08:00,9.645000458,4.756000042,7.071000099,3.447000027,2.315000057,0.760999978,16.74300003
2016/11/18 09:00,8.038000107,4.21999979,5.650000095,2.700999975,2.131999969,0.883000016,18.5720005
2016/11/18 10:00,8.104999542,3.818000078,5.756999969,2.381000042,2.862999916,0.975000024,17.65699959
2016/11/18 11:00,9.109000206,3.549999952,5.934000015,2.096999884,3.075999975,1.036000013,16.25
2016/11/18 12:00,5.827000141,2.411000013,4.19299984,1.56400001,2.101999998,0.822000027,16.39100075
2016/11/18 13:00,6.162000179,3.549999952,4.335000038,2.273999929,2.131999969,0.944000006,16.88299942
2016/11/18 14:00,7.234000206,3.818000078,4.690999985,2.273999929,1.85800004,0.822000027,18.29000092
2016/11/18 15:00,7.368000031,4.487999916,4.762000084,2.948999882,1.949000001,0.913999975,18.50099945
2016/11/18 16:00,6.96600008,3.617000103,5.223999977,2.594000101,1.91900003,0.670000017,18.85300064
2016/11/18 17:00,8.640000343,3.549999952,5.721000195,2.239000082,2.954999924,0.852999985,19.13400078
2016/11/18 18:00,9.31000042,3.282000065,7.320000172,2.345000029,2.740999937,0.760999978,18.92300034
2016/11/18 19:00,9.376999855,3.282000065,7.143000126,2.167999983,2.467000008,0.609000027,18.85300064
2016/11/18 20:00,8.305999756,2.947000027,6.076000214,2.096999884,2.101999998,0.639999986,19.27499962
2016/11/18 21:00,7.368000031,2.210000038,5.578999996,1.279000044,1.70599997,0.547999978,19.06399918
2016/11/18 22:00,9.376999855,4.019000053,7.81799984,3.055999994,1.401000023,0.486999989,18.99399948
2016/11/18 23:00,12.05599976,5.760000229,10.19900036,4.619999886,1.552999973,0.547999978,18.14999962
2016/11/19 00:00,15.73999977,7.234000206,11.19400024,5.401000023,4.172999859,1.279000044,18.43099976
2016/11/19 01:00,17.01300049,8.038000107,13.04100037,6.076000214,3.898999929,1.097000003,19.13400078
2016/11/19 02:00,15.47200012,7.434999943,11.79800034,5.117000103,3.654999971,1.036000013,20.82299995
2016/11/19 03:00,15.3380003,7.166999817,11.01599979,5.117000103,3.594000101,1.004999995,20.82299995
2016/11/19 04:00,15.06999969,6.697999954,11.01599979,4.833000183,3.71600008,1.126999974,21.45599937
2016/11/19 05:00,15.27099991,6.764999866,10.97999954,4.406000137,3.898999929,1.036000013,21.24500084
2016/11/19 06:00,14.46800041,5.425000191,9.31000042,3.411000013,4.295000076,1.065999985,21.24500084
2016/11/19 07:00,15.13700008,5.960999966,10.3409996,3.872999907,4.751999855,1.126999974,22.0189991
2016/11/19 08:00,12.6590004,5.492000103,9.593999863,3.482000113,2.832999945,1.065999985,20.89299965
2016/11/19 09:00,9.376999855,4.889999866,7.0,3.339999914,2.710999966,1.279000044,21.94799995
2016/11/19 10:00,11.18599987,5.290999889,7.923999786,3.660000086,3.107000113,1.248999953,21.66699982
2016/11/19 11:00,11.31999969,4.421000004,8.173000336,2.914000034,3.441999912,0.852999985,21.31500053
2016/11/19 12:00,8.43900013,2.947000027,6.147999763,1.669999957,2.528000116,1.036000013,20.54100037
2016/11/19 13:00,8.640000343,4.019000053,6.644999981,2.948999882,2.253999949,1.036000013,19.13400078
2016/11/19 14:00,10.31499958,5.425000191,7.461999893,3.872999907,2.497999907,1.004999995,20.11899948
2016/11/19 15:00,9.645000458,4.68900013,6.502999783,2.664999962,2.315000057,1.126999974,17.30500031
2016/11/19 16:00,9.376999855,3.750999928,7.214000225,2.772000074,3.075999975,0.975000024,17.16500092
2016/11/19 17:00,10.58300018,2.678999901,7.143000126,1.350000024,3.594000101,0.883000016,16.39100075
2016/11/19 18:00,8.038000107,3.08100009,5.366000175,1.91900003,2.710999966,0.670000017,16.53199959
2016/11/19 19:00,6.764999866,2.611999989,4.370999813,1.63499999,2.437000036,0.547999978,18.78300095
2016/11/19 20:00,6.497000217,2.545000076,3.90899992,1.77699995,2.163000107,0.547999978,19.34499931
2016/11/19 21:00,5.090000153,2.411000013,3.375999928,1.953999996,1.797000051,0.639999986,20.04899979
2016/11/19 22:00,7.836999893,3.148000002,5.934000015,2.061000109,1.523000002,0.609000027,18.92300034
2016/11/19 23:00,8.104999542,3.750999928,6.71600008,2.772000074,1.644999981,0.578999996,16.60199928
2016/11/20 00:00,8.774000168,4.68900013,6.965000153,3.517999887,1.827999949,0.670000017,16.60199928
2016/11/20 01:00,6.027999878,4.152999878,5.010000229,2.203000069,1.462000012,0.609000027,15.61699963
2016/11/20 02:00,8.171999931,4.487999916,6.71600008,3.447000027,1.218000054,0.518000007,15.68700027
2016/11/20 03:00,8.371999741,3.88499999,6.857999802,3.233999968,1.401000023,0.639999986,14.49100018
2016/11/20 04:00,9.31000042,4.822999954,7.355999947,3.588999987,1.674999952,0.518000007,14.06900024
2016/11/20 05:00,8.038000107,3.549999952,6.289999962,2.594000101,1.674999952,0.609000027,13.64700031
2016/11/20 06:00,6.162000179,2.678999901,4.051000118,1.953999996,1.827999949,0.486999989,13.57699966
2016/11/20 07:00,7.769999981,2.477999926,5.578999996,1.77699995,2.28399992,0.578999996,13.36600018
2016/11/20 08:00,6.229000092,3.348999977,3.980000019,1.812000036,2.345000029,0.791999996,13.50699997
2016/11/20 09:00,6.429999828,3.08100009,3.730999947,1.77699995,2.223999977,0.883000016,13.71800041
2016/11/20 10:00,6.96600008,3.013999939,4.513000011,2.025000095,2.710999966,0.944000006,14.49100018
2016/11/20 11:00,7.568999767,2.678999901,4.584000111,1.491999984,3.137000084,1.126999974,14.21000004
2016/11/20 12:00,5.223999977,1.875,3.375999928,0.958999991,2.040999889,0.760999978,14.56200027
2016/11/20 13:00,5.223999977,3.08100009,3.375999928,2.239000082,2.28399992,1.065999985,14.84300041
2016/11/20 14:00,5.022999763,2.344000101,3.163000107,1.812000036,1.980000019,0.883000016,15.125
2016/11/20 15:00,6.56400013,4.622000217,4.300000191,3.375999928,2.618999958,0.944000006,14.91399956
2016/11/20 16:00,6.764999866,3.214999914,4.086999893,2.131999969,2.862999916,0.791999996,14.06900024
2016/11/20 17:00,8.23900032,2.880000114,4.584000111,1.63499999,3.411000013,0.822000027,13.22500038
2016/11/20 18:00,8.104999542,2.477999926,5.117000103,1.350000024,2.954999924,0.822000027,12.94400024
2016/11/20 19:00,7.368000031,2.27699995,4.441999912,1.350000024,2.710999966,0.670000017,13.29599953
2016/11/20 20:00,6.296000004,2.142999887,3.980000019,1.279000044,2.28399992,0.670000017,13.43599987
2016/11/20 21:00,6.96600008,2.075999975,5.507999897,0.995000005,1.85800004,0.578999996,13.29599953
2016/11/20 22:00,8.505999565,3.951999903,6.822999954,2.381000042,1.674999952,0.578999996,13.71800041
2016/11/20 23:00,8.43900013,3.348999977,6.822999954,2.594000101,1.613999963,0.578999996,13.43599987
2016/11/21 00:00,12.92700005,5.357999802,8.883999825,3.588999987,4.111999989,1.126999974,13.08500004
2016/11/21 01:00,13.4630003,5.425000191,9.131999969,3.127000093,3.838000059,1.065999985,13.50699997
2016/11/21 02:00,13.39599991,5.625999928,9.06099987,3.838000059,3.71600008,1.097000003,13.64700031
2016/11/21 03:00,13.59700012,5.625999928,9.487999916,3.517999887,3.71600008,1.187999964,13.71800041
2016/11/21 04:00,11.11900043,4.487999916,9.168000221,3.339999914,1.371000051,0.578999996,14.14000034
2016/11/21 05:00,10.98499966,4.889999866,9.451999664,3.305000067,1.491999984,0.547999978,14.49100018
2016/11/21 06:00,10.51599979,3.750999928,8.350999832,2.273999929,2.071000099,0.547999978,14.27999973
2016/11/21 07:00,13.59700012,5.357999802,10.7670002,3.76699996,2.710999966,0.731000006,14.91399956
2016/11/21 08:00,10.38199997,4.085999966,7.888999939,2.736000061,2.588999987,1.097000003,15.89799976
2016/11/21 09:00,8.975000381,3.88499999,6.43200016,2.486999989,2.528000116,0.975000024,13.43599987
2016/11/21 10:00,8.23900032,3.148000002,5.436999798,1.812000036,2.345000029,0.670000017,13.22500038
2016/11/21 11:00,8.23900032,3.013999939,5.472000122,1.63499999,2.710999966,0.731000006,13.9289999
2016/11/21 12:00,6.229000092,2.746000051,3.838000059,1.243999958,1.91900003,0.578999996,15.33600044
2016/11/21 13:00,6.697999954,3.148000002,4.725999832,1.84800005,1.85800004,0.852999985,17.65699959
2016/11/21 14:00,6.96600008,3.08100009,4.619999886,2.309999943,2.101999998,0.852999985,18.07900047
2016/11/21 15:00,7.568999767,4.019000053,5.152999878,2.415999889,1.735999942,0.700999975,16.95400047
2016/11/21 16:00,6.697999954,2.611999989,4.65500021,1.527999997,2.040999889,0.822000027,16.60199928
2016/11/21 17:00,8.371999741,2.545000076,5.366000175,1.136999965,2.984999895,0.913999975,15.26500034
2016/11/21 18:00,7.636000156,2.344000101,4.868000031,1.741000056,2.772000074,0.670000017,16.25
2016/11/21 19:00,7.099999905,2.477999926,4.725999832,1.70599997,2.528000116,0.518000007,14.49100018
2016/11/21 20:00,6.296000004,2.344000101,4.122000217,1.598999977,2.131999969,0.486999989,14.56200027
2016/11/21 21:00,5.960999966,1.139000058,3.76699996,0.142000005,1.76699996,0.547999978,14.14000034
2016/11/21 22:00,7.636000156,3.013999939,5.791999817,1.91900003,1.432000041,0.456999987,14.49100018
2016/11/21 23:00,9.779000282,4.421000004,7.532999992,2.984999895,1.432000041,0.425999999,13.71800041
2016/11/22 00:00,12.72599983,5.425000191,8.527999878,3.802000046,3.99000001,0.944000006,13.9989996
2016/11/22 01:00,11.45400047,4.822999954,7.782000065,3.163000107,3.806999922,1.004999995,11.32600021
2016/11/22 02:00,12.32400036,4.68900013,8.421999931,3.339999914,3.746000051,0.944000006,12.7329998
2016/11/22 03:00,12.32400036,5.090000153,8.706000328,3.411000013,3.746000051,0.913999975,11.46700001
2016/11/22 04:00,12.72599983,5.357999802,8.847999573,3.197999954,3.868000031,1.036000013,9.777999878
2016/11/22 05:00,12.12300014,4.21999979,7.747000217,2.486999989,4.172999859,1.097000003,8.86400032
2016/11/22 06:00,12.52499962,4.622000217,8.493000031,2.984999895,4.568999767,1.036000013,4.361999989
2016/11/22 07:00,15.40499973,5.760000229,9.737000465,2.736000061,5.238999844,1.248999953,5.205999851
2016/11/22 08:00,12.85999966,5.425000191,10.12699986,3.944000006,2.618999958,0.852999985,4.712999821
2016/11/22 09:00,8.975000381,4.085999966,6.218999863,2.486999989,2.315000057,0.760999978,6.119999886
2016/11/22 10:00,8.23900032,3.818000078,5.650000095,1.812000036,2.650000095,0.975000024,4.923999786
2016/11/22 11:00,9.51099968,3.549999952,6.681000233,2.415999889,2.924000025,0.670000017,4.854000092
2016/11/22 12:00,7.568999767,3.148000002,5.258999825,2.061000109,2.193000078,0.639999986,5.135000229
2016/11/22 13:00,7.636000156,3.818000078,5.68599987,2.559000015,2.071000099,0.670000017,6.261000156
2016/11/22 14:00,8.038000107,3.88499999,5.721000195,2.523000002,2.071000099,0.700999975,6.40199995
2016/11/22 15:00,7.301000118,3.549999952,5.295000076,1.91900003,1.949000001,0.670000017,5.55700016
2016/11/22 16:00,7.636000156,3.214999914,5.152999878,1.741000056,2.253999949,0.639999986,4.150000095
2016/11/22 17:00,9.578000069,3.013999939,6.361000061,1.70599997,3.289999962,0.700999975,1.970000029
2016/11/22 18:00,8.171999931,2.344000101,5.258999825,1.70599997,2.862999916,0.578999996,3.095000029
2016/11/22 19:00,7.368000031,2.075999975,4.65500021,1.172999978,2.680000067,0.639999986,2.673000097
2016/11/22 20:00,6.362999916,2.009000063,4.051000118,1.207999945,2.253999949,0.518000007,2.109999895
2016/11/22 21:00,5.827000141,0.536000013,4.263999939,0.178000003,1.888000011,0.518000007,0.633000016
2016/11/22 22:00,9.376999855,3.48300004,7.214000225,2.664999962,1.583999991,0.425999999,2.109999895
2016/11/22 23:00,11.18599987,4.487999916,9.168000221,3.092000008,1.523000002,0.425999999,1.337000012
2016/11/23 00:00,11.72099972,4.822999954,10.12699986,3.802000046,1.462000012,0.518000007,0.843999982
2016/11/23 01:00,11.52099991,5.022999763,10.97999954,3.76699996,1.432000041,0.425999999,3.095000029
2016/11/23 02:00,12.99400043,5.827000141,11.69099998,4.263999939,1.309999943,0.456999987,4.923999786
2016/11/23 03:00,12.05599976,5.357999802,10.7670002,3.802000046,1.309999943,0.456999987,2.954999924
2016/11/23 04:00,10.98499966,5.290999889,10.05599976,4.300000191,1.340000033,0.425999999,2.813999891
2016/11/23 05:00,12.52499962,5.157000065,11.19400024,4.157999992,1.827999949,0.365999997,3.799000025
2016/11/23 06:00,14.06599998,4.956999779,11.69099998,3.872999907,2.071000099,0.547999978,4.079999924
2016/11/23 07:00,14.40100002,5.157000065,11.79800034,3.447000027,2.559000015,0.578999996,4.290999889
2016/11/23 08:00,11.45400047,4.287000179,9.274999619,3.375999928,2.680000067,0.731000006,4.221000195
2016/11/23 09:00,8.43900013,2.411000013,6.040999889,1.491999984,2.588999987,0.822000027,4.712999821
2016/11/23 10:00,9.444000244,2.880000114,6.040999889,2.096999884,2.559000015,0.670000017,3.938999891
2016/11/23 11:00,9.645000458,3.549999952,6.857999802,2.167999983,3.381000042,0.822000027,2.602999926
2016/11/23 12:00,8.104999542,2.812999964,5.223999977,1.77699995,2.497999907,0.700999975,1.266000032
2016/11/23 13:00,8.305999756,2.611999989,6.040999889,1.741000056,2.375999928,0.700999975,1.406999946
2016/11/23 14:00,10.11400032,4.085999966,7.284999847,2.948999882,2.375999928,0.731000006,2.532000065
2016/11/23 15:00,9.175999641,4.019000053,7.0,3.163000107,2.131999969,0.486999989,2.180999994
2016/11/23 16:00,8.43900013,3.48300004,5.756999969,2.025000095,2.772000074,0.609000027,2.532000065
2016/11/23 17:00,10.18099976,3.013999939,6.822999954,1.315000057,3.349999905,0.578999996,4.643000126
2016/11/23 18:00,8.640000343,2.545000076,5.366000175,1.63499999,3.259000063,0.486999989,1.337000012
2016/11/23 19:00,7.568999767,1.807999969,4.903999805,1.315000057,2.954999924,0.547999978,1.970000029
2016/11/23 20:00,6.429999828,1.674000025,4.370999813,1.207999945,2.345000029,0.425999999,1.687999964
2016/11/23 21:00,5.960999966,1.20599997,4.014999866,0.924000025,1.888000011,0.335000008,4.712999821
2016/11/23 22:00,6.96600008,2.344000101,5.366000175,1.457000017,1.644999981,0.305000007,2.954999924
2016/11/23 23:00,9.041999817,4.085999966,7.461999893,3.447000027,1.70599997,0.365999997,3.165999889
2016/11/24 00:00,10.18099976,3.951999903,8.173000336,3.447000027,1.401000023,0.305000007,2.532000065
2016/11/24 01:00,10.85099983,3.951999903,9.131999969,3.76699996,1.340000033,0.273999989,2.884000063
2016/11/24 02:00,9.979999542,4.287000179,8.598999977,3.625,1.279000044,0.273999989,4.643000126
2016/11/24 03:00,9.845999718,4.622000217,8.56400013,3.872999907,1.279000044,0.273999989,4.290999889
2016/11/24 04:00,8.640000343,3.549999952,7.390999794,3.411000013,1.462000012,0.395999998,3.868999958
2016/11/24 05:00,9.645000458,4.019000053,7.923999786,3.588999987,1.552999973,0.335000008,4.150000095
2016/11/24 06:00,10.18099976,3.348999977,7.994999886,2.559000015,2.101999998,0.456999987,3.095000029
2016/11/24 07:00,12.92700005,4.554999828,10.8739996,3.660000086,3.137000084,0.639999986,3.165999889
2016/11/24 08:00,11.45400047,4.622000217,8.883999825,3.197999954,3.137000084,0.883000016,4.994999886
2016/11/24 09:00,9.109000206,3.951999903,6.361000061,2.559000015,2.954999924,1.036000013,5.768000126
2016/11/24 10:00,9.243000031,3.549999952,6.361000061,2.167999983,2.894000053,1.004999995,5.979000092
2016/11/24 11:00,10.7840004,3.684000015,7.676000118,2.700999975,3.411000013,0.883000016,7.809000015
2016/11/24 12:00,7.166999817,2.545000076,4.868000031,1.243999958,2.559000015,0.883000016,7.245999813
2016/11/24 13:00,8.43900013,3.88499999,6.218999863,2.415999889,2.223999977,0.760999978,7.737999916
2016/11/24 14:00,9.109000206,4.152999878,6.681000233,2.700999975,2.375999928,1.218000054,8.442000389
2016/11/24 15:00,8.171999931,3.88499999,5.862999916,2.984999895,2.345000029,0.883000016,7.315999985
2016/11/24 16:00,9.041999817,3.214999914,5.899000168,1.77699995,2.862999916,0.913999975,6.683000088
2016/11/24 17:00,10.44900036,2.880000114,6.502999783,1.63499999,3.686000109,0.852999985,7.034999847
2016/11/24 18:00,10.18099976,2.477999926,6.147999763,1.031000018,3.960000038,1.004999995,7.809000015
2016/11/24 19:00,9.175999641,2.678999901,5.756999969,1.527999997,3.441999912,0.700999975,8.230999947
2016/11/24 20:00,8.371999741,2.678999901,5.295000076,1.741000056,3.046000004,0.822000027,7.456999779
2016/11/24 21:00,6.56400013,1.60800004,4.19299984,1.031000018,2.223999977,0.456999987,9.074999809
2016/11/24 22:00,5.894000053,2.545000076,4.300000191,1.207999945,1.827999949,0.456999987,8.581999779
2016/11/24 23:00,8.305999756,3.549999952,6.610000134,2.381000042,1.85800004,0.578999996,7.105000019
2016/11/25 00:00,8.171999931,2.947000027,6.467000008,2.025000095,1.797000051,0.609000027,7.245999813
2016/11/25 01:00,9.779000282,3.951999903,7.81799984,2.664999962,1.735999942,0.547999978,6.330999851
2016/11/25 02:00,8.305999756,3.684000015,6.538000107,2.167999983,1.735999942,0.609000027,5.979000092
2016/11/25 03:00,9.578000069,3.951999903,7.710999966,2.664999962,1.674999952,0.609000027,5.697999954
2016/11/25 04:00,8.907999992,3.415999889,7.284999847,2.451999903,1.888000011,0.639999986,6.472000122
2016/11/25 05:00,9.913000107,3.818000078,7.427000046,2.203000069,1.888000011,0.609000027,7.245999813
2016/11/25 06:00,9.913000107,3.282000065,7.071000099,1.953999996,2.071000099,0.518000007,6.823999882
2016/11/25 07:00,11.25300026,3.549999952,8.031000137,2.700999975,2.618999958,0.518000007,6.119999886
2016/11/25 08:00,11.5880003,4.354000092,8.670999527,3.339999914,2.710999966,0.700999975,5.346000195
2016/11/25 09:00,9.31000042,3.750999928,6.183000088,2.381000042,2.467000008,1.187999964,5.979000092
2016/11/25 10:00,9.109000206,3.348999977,6.573999882,2.630000114,2.710999966,0.944000006,6.050000191
2016/11/25 11:00,10.7840004,4.085999966,6.928999901,2.630000114,3.229000092,0.822000027,7.105000019
2016/11/25 12:00,7.368000031,2.009000063,4.903999805,1.101999998,2.437000036,0.700999975,7.245999813
2016/11/25 13:00,8.43900013,3.013999939,5.329999924,1.91900003,2.772000074,0.975000024,6.964000225
2016/11/25 14:00,8.907999992,4.554999828,7.0,3.411000013,2.559000015,1.004999995,7.668000221
2016/11/25 15:00,9.376999855,4.152999878,6.43200016,2.381000042,2.528000116,1.248999953,7.948999882
2016/11/25 16:00,9.645000458,3.148000002,6.289999962,2.415999889,3.197999954,1.097000003,8.230999947
2016/11/25 17:00,10.31499958,3.415999889,6.787000179,1.883000016,3.868000031,0.883000016,8.934000015
2016/11/25 18:00,9.376999855,2.746000051,5.756999969,1.279000044,3.532999992,0.639999986,9.637999535
2016/11/25 19:00,8.907999992,2.545000076,5.721000195,1.669999957,3.137000084,0.700999975,8.934000015
2016/11/25 20:00,8.171999931,2.545000076,5.223999977,1.63499999,2.894000053,0.578999996,8.159999847
2016/11/25 21:00,7.568999767,2.545000076,4.619999886,1.70599997,2.345000029,0.273999989,8.020000458
2016/11/25 22:00,9.376999855,3.282000065,7.532999992,2.381000042,1.735999942,0.456999987,8.090000153
2016/11/25 23:00,8.975000381,3.951999903,7.214000225,2.523000002,2.00999999,0.609000027,9.215000153
2016/11/26 00:00,13.73099995,5.223999977,10.27000046,3.588999987,3.99000001,0.883000016,3.799000025
2016/11/26 01:00,12.99400043,4.956999779,8.670999527,3.233999968,4.051000118,1.004999995,4.501999855
2016/11/26 02:00,11.78800011,3.818000078,7.853000164,2.451999903,3.928999901,0.913999975,4.361999989
2016/11/26 03:00,12.45800018,4.152999878,8.670999527,2.736000061,3.868000031,0.913999975,4.994999886
2016/11/26 04:00,11.31999969,4.822999954,7.143000126,3.127000093,3.806999922,0.883000016,4.290999889
2016/11/26 05:00,12.99400043,5.559000015,9.026000023,3.660000086,4.234000206,1.065999985,2.602999926
2016/11/26 06:00,13.4630003,4.152999878,8.989999771,2.772000074,4.477000237,1.279000044,6.330999851
2016/11/26 07:00,12.25699997,4.085999966,9.593999863,2.700999975,2.832999945,0.700999975,7.456999779
2016/11/26 08:00,13.59700012,5.090000153,9.737000465,3.305000067,3.197999954,0.913999975,7.597000122
2016/11/26 09:00,10.7840004,4.354000092,8.065999985,2.772000074,2.862999916,0.975000024,7.668000221
2016/11/26 10:00,9.845999718,3.951999903,6.43200016,2.451999903,3.289999962,1.187999964,7.245999813
2016/11/26 11:00,10.38199997,4.287000179,6.573999882,2.486999989,3.441999912,1.065999985,8.722999573
2016/11/26 12:00,7.769999981,2.880000114,4.93900013,1.527999997,2.588999987,0.913999975,9.145000458
2016/11/26 13:00,8.371999741,3.684000015,5.578999996,1.812000036,2.375999928,0.944000006,10.90400028
2016/11/26 14:00,8.171999931,3.617000103,5.828000069,2.203000069,2.163000107,0.883000016,12.7329998
2016/11/26 15:00,7.903999805,3.617000103,5.721000195,1.812000036,2.193000078,0.822000027,11.11499977
2016/11/26 16:00,7.903999805,3.013999939,5.366000175,1.91900003,2.405999899,1.156999946,11.18500042
2016/11/26 17:00,8.907999992,2.678999901,5.862999916,1.56400001,3.075999975,0.670000017,12.6619997
2016/11/26 18:00,9.845999718,2.746000051,6.681000233,2.381000042,3.107000113,0.547999978,12.59200001
2016/11/26 19:00,8.43900013,2.411000013,5.543000221,1.70599997,2.862999916,0.425999999,12.23999977
2016/11/26 20:00,8.038000107,2.545000076,5.295000076,1.883000016,2.559000015,0.486999989,12.17000008
2016/11/26 21:00,7.032999992,2.009000063,4.65500021,0.888000011,2.253999949,0.609000027,11.18500042
2016/11/26 22:00,6.764999866,2.344000101,4.441999912,1.491999984,2.00999999,0.547999978,12.02900028
2016/11/26 23:00,9.243000031,4.354000092,7.923999786,3.339999914,1.85800004,0.547999978,13.01399994
2016/11/27 00:00,10.91800022,5.223999977,9.522999763,3.872999907,1.583999991,0.456999987,12.59200001
2016/11/27 01:00,11.45400047,5.157000065,9.416999817,3.447000027,1.491999984,0.518000007,12.80300045
2016/11/27 02:00,10.11400032,4.889999866,9.168000221,4.157999992,1.248999953,0.365999997,12.7329998
2016/11/27 03:00,10.04699993,4.421000004,8.031000137,3.375999928,1.279000044,0.365999997,12.02900028
2016/11/27 04:00,10.64999962,4.622000217,8.527999878,3.019999981,1.552999973,0.547999978,12.10000038
2016/11/27 05:00,11.11900043,4.822999954,9.168000221,3.90899992,1.462000012,0.395999998,11.04399967
2016/11/27 06:00,10.04699993,3.48300004,8.102000237,3.482000113,1.91900003,0.486999989,12.7329998
2016/11/27 07:00,13.19499969,4.956999779,10.3409996,3.055999994,2.710999966,0.547999978,11.74800014
2016/11/27 08:00,12.85999966,4.68900013,9.87899971,3.944000006,2.710999966,0.639999986,12.80300045
2016/11/27 09:00,8.640000343,4.487999916,6.040999889,3.092000008,2.559000015,0.913999975,11.81799984
2016/11/27 10:00,9.578000069,4.622000217,6.538000107,2.700999975,2.862999916,0.975000024,10.97399998
2016/11/27 11:00,9.444000244,3.549999952,6.502999783,2.309999943,3.167999983,0.883000016,13.43599987
2016/11/27 12:00,7.501999855,2.947000027,4.725999832,1.491999984,2.28399992,0.670000017,12.7329998
2016/11/27 13:00,7.568999767,4.019000053,5.436999798,2.772000074,2.193000078,0.883000016,16.74300003
2016/11/27 14:00,8.572999954,4.421000004,5.828000069,2.700999975,2.740999937,1.065999985,16.88299942
2016/11/27 15:00,9.175999641,4.019000053,5.828000069,2.415999889,2.832999945,1.004999995,16.25
2016/11/27 16:00,8.505999565,4.085999966,5.791999817,2.914000034,3.229000092,1.156999946,16.53199959
2016/11/27 17:00,9.444000244,3.684000015,5.899000168,2.309999943,3.594000101,0.944000006,17.16500092
2016/11/27 18:00,8.774000168,2.746000051,5.650000095,1.77699995,3.411000013,0.700999975,15.125
2016/11/27 19:00,9.109000206,3.013999939,5.472000122,1.77699995,3.532999992,1.097000003,14.63199997
2016/11/27 20:00,7.501999855,2.545000076,4.584000111,1.421000004,2.894000053,0.822000027,13.78800011
2016/11/27 21:00,7.636000156,1.875,5.899000168,0.995000005,2.131999969,0.639999986,13.43599987
2016/11/27 22:00,9.711999893,4.354000092,7.853000164,3.411000013,1.980000019,0.670000017,14.98400021
2016/11/27 23:00,11.65499973,5.022999763,9.737000465,4.157999992,1.70599997,0.518000007,15.0539999
2016/11/28 00:00,14.33399963,6.296000004,10.8380003,4.762000084,3.928999901,1.065999985,14.77299976
2016/11/28 01:00,14.80300045,6.296000004,10.4829998,4.157999992,3.868000031,0.944000006,14.77299976
2016/11/28 02:00,13.79800034,5.69299984,9.559000015,4.014999866,4.172999859,1.097000003,13.36600018
2016/11/28 03:00,13.19499969,5.625999928,9.451999664,3.980000019,3.99000001,0.975000024,13.29599953
2016/11/28 04:00,13.12800026,5.157000065,9.097000122,3.411000013,3.898999929,1.156999946,14.63199997
2016/11/28 05:00,13.79800034,5.223999977,9.06099987,3.588999987,4.234000206,1.097000003,13.9989996
2016/11/28 06:00,14.40100002,4.822999954,9.593999863,3.76699996,4.538000107,1.097000003,14.98400021
2016/11/28 07:00,16.6779995,6.027999878,11.01599979,3.980000019,5.269000053,1.126999974,12.94400024
2016/11/28 08:00,13.9989996,5.69299984,11.05099964,4.263999939,2.832999945,1.218000054,12.31099987
2016/11/28 09:00,8.706999779,4.019000053,6.395999908,2.096999884,2.618999958,1.036000013,11.32600021
2016/11/28 10:00,9.109000206,4.487999916,6.183000088,3.163000107,2.559000015,1.156999946,11.60700035
2016/11/28 11:00,9.578000069,3.818000078,6.822999954,2.772000074,3.289999962,1.126999974,12.23999977
2016/11/28 12:00,7.368000031,2.947000027,4.619999886,1.84800005,2.28399992,0.760999978,13.29599953
2016/11/28 13:00,8.43900013,4.152999878,5.862999916,2.309999943,2.375999928,1.065999985,16.32099915
2016/11/28 14:00,9.31000042,4.822999954,6.467000008,3.447000027,2.193000078,0.975000024,15.19499969
2016/11/28 15:00,8.840999603,4.622000217,6.324999809,3.127000093,2.740999937,1.036000013,14.49100018
2016/11/28 16:00,8.505999565,3.818000078,6.076000214,2.842999935,2.528000116,0.944000006,15.0539999
2016/11/28 17:00,9.578000069,3.415999889,6.573999882,2.345000029,2.984999895,0.731000006,16.25
2016/11/28 18:00,8.774000168,3.013999939,5.899000168,1.91900003,2.862999916,0.639999986,14.70300007
2016/11/28 19:00,8.572999954,2.947000027,5.899000168,1.812000036,2.832999945,0.639999986,13.22500038
2016/11/28 20:00,7.568999767,2.411000013,4.974999905,1.315000057,2.528000116,0.609000027,12.23999977
2016/11/28 21:00,7.166999817,1.273000002,4.903999805,0.639999986,2.101999998,0.639999986,11.11499977
2016/11/28 22:00,10.04699993,4.68900013,8.493000031,3.625,1.980000019,0.822000027,11.25599957
2016/11/28 23:00,11.5880003,4.956999779,9.593999863,3.375999928,1.827999949,0.760999978,11.18500042
2016/11/29 00:00,14.2670002,6.697999954,12.33100033,4.903999805,1.76699996,0.731000006,10.48200035
2016/11/29 01:00,14.33399963,6.56400013,12.43700027,5.081999779,1.644999981,0.731000006,10.27099991
2016/11/29 02:00,13.52999973,5.559000015,12.26000023,4.796999931,1.523000002,0.700999975,9.918999672
2016/11/29 03:00,13.73099995,5.425000191,11.83300018,4.19299984,1.371000051,0.609000027,10.3409996
2016/11/29 04:00,14.53499985,6.631000042,12.64999962,4.796999931,1.462000012,0.944000006,9.567000389
2016/11/29 05:00,12.72599983,5.760000229,10.80300045,4.513000011,1.735999942,0.639999986,10.06000042
2016/11/29 06:00,14.66899967,6.296000004,12.68599987,4.300000191,2.253999949,0.670000017,9.215000153
2016/11/29 07:00,16.00799942,6.362999916,12.79300022,4.157999992,2.588999987,0.639999986,9.074999809
2016/11/29 08:00,11.78800011,4.622000217,9.131999969,2.523000002,1.949000001,0.547999978,9.286000252
2016/11/29 09:00,8.907999992,4.152999878,7.355999947,2.736000061,2.101999998,0.639999986,9.355999947
2016/11/29 10:00,7.769999981,3.549999952,5.578999996,1.953999996,2.00999999,0.578999996,9.496999741
2016/11/29 11:00,8.038000107,3.415999889,6.076000214,2.167999983,1.980000019,0.456999987,9.708000183
2016/11/29 12:00,6.56400013,2.009000063,4.762000084,1.63499999,1.980000019,0.486999989,10.48200035
2016/11/29 13:00,6.162000179,3.282000065,4.93900013,2.486999989,1.401000023,0.609000027,10.83300018
2016/11/29 14:00,6.631000042,3.617000103,5.081999779,2.664999962,1.552999973,0.547999978,11.18500042
2016/11/29 15:00,6.429999828,2.947000027,4.584000111,2.025000095,1.949000001,0.547999978,11.25599957
2016/11/29 16:00,6.631000042,2.947000027,4.903999805,2.061000109,1.797000051,0.518000007,11.25599957
2016/11/29 17:00,8.371999741,2.880000114,5.650000095,1.84800005,2.559000015,0.670000017,13.01399994
2016/11/29 18:00,8.171999931,2.545000076,5.258999825,1.457000017,2.832999945,0.700999975,12.80300045
2016/11/29 19:00,8.104999542,2.210000038,5.401000023,1.207999945,2.710999966,0.700999975,12.31099987
2016/11/29 20:00,7.368000031,2.344000101,5.010000229,1.421000004,2.437000036,0.670000017,12.10000038
2016/11/29 21:00,6.56400013,1.875,4.513000011,1.207999945,2.101999998,0.670000017,12.94400024
2016/11/29 22:00,6.362999916,1.942000031,3.872999907,1.065999985,1.70599997,0.609000027,13.50699997
2016/11/29 23:00,8.975000381,3.684000015,6.644999981,2.523000002,1.552999973,0.486999989,13.29599953
2016/11/30 00:00,12.79300022,5.157000065,8.350999832,3.838000059,3.838000059,1.065999985,12.8739996
2016/11/30 01:00,13.86499977,6.56400013,9.949999809,4.300000191,4.020999908,1.218000054,13.22500038
2016/11/30 02:00,12.18999958,5.625999928,7.994999886,3.660000086,3.928999901,1.156999946,13.9289999
2016/11/30 03:00,12.12300014,5.760000229,8.208999634,3.980000019,3.928999901,1.248999953,15.47599983
2016/11/30 04:00,13.79800034,5.625999928,9.772000313,3.90899992,3.806999922,1.156999946,15.0539999
2016/11/30 05:00,13.52999973,6.764999866,9.737000465,4.725999832,3.960000038,1.004999995,14.77299976
2016/11/30 06:00,12.52499962,4.68900013,7.994999886,3.339999914,4.507999897,1.248999953,12.17000008
2016/11/30 07:00,15.06999969,5.157000065,10.02099991,3.339999914,5.147999763,1.309999943,13.9289999
2016/11/30 08:00,10.31499958,4.889999866,7.710999966,3.411000013,2.588999987,0.944000006,14.06900024
2016/11/30 09:00,7.703000069,3.951999903,5.081999779,2.273999929,2.375999928,1.065999985,12.17000008
2016/11/30 10:00,8.907999992,3.348999977,5.472000122,2.451999903,2.559000015,1.218000054,12.80300045
2016/11/30 11:00,9.175999641,3.951999903,6.43200016,2.025000095,2.984999895,0.913999975,13.36600018
2016/11/30 12:00,7.568999767,2.411000013,4.762000084,1.031000018,2.193000078,0.913999975,13.01399994
2016/11/30 13:00,6.899000168,3.214999914,4.725999832,1.63499999,2.163000107,1.036000013,13.29599953
2016/11/30 14:00,7.568999767,3.415999889,5.295000076,2.096999884,2.040999889,0.975000024,14.49100018
2016/11/30 15:00,7.368000031,3.148000002,4.868000031,1.70599997,2.345000029,1.187999964,14.14000034
2016/11/30 16:00,7.971000195,3.750999928,5.223999977,2.025000095,2.710999966,1.248999953,14.63199997
2016/11/30 17:00,9.578000069,3.282000065,6.183000088,1.77699995,3.686000109,1.004999995,15.89799976
2016/11/30 18:00,8.975000381,2.947000027,5.507999897,1.70599997,3.229000092,0.944000006,16.10899925
2016/11/30 19:00,8.23900032,2.746000051,5.507999897,1.741000056,2.802000046,0.700999975,16.25
2016/11/30 20:00,7.434999943,2.746000051,4.903999805,1.70599997,2.528000116,0.670000017,15.82800007
2016/11/30 21:00,6.09499979,2.545000076,4.300000191,1.136999965,2.071000099,0.639999986,16.10899925
2016/11/30 22:00,7.434999943,2.009000063,5.899000168,1.56400001,1.552999973,0.547999978,15.40600014
2016/11/30 23:00,8.43900013,2.947000027,6.787000179,2.203000069,1.644999981,0.518000007,16.10899925
2016/12/1 00:00,9.913000107,4.287000179,8.847999573,2.878000021,1.401000023,0.456999987,15.96899986
2016/12/1 01:00,9.041999817,4.085999966,8.208999634,3.339999914,1.248999953,0.395999998,14.42099953
2016/12/1 02:00,10.18099976,4.554999828,8.777000427,3.305000067,1.156999946,0.395999998,15.26500034
2016/12/1 03:00,9.578000069,4.21999979,8.56400013,2.948999882,1.126999974,0.425999999,14.98400021
2016/12/1 04:00,10.04699993,3.88499999,8.279999733,2.736000061,1.126999974,0.425999999,14.56200027
2016/12/1 05:00,10.31499958,4.421000004,8.527999878,2.772000074,1.401000023,0.395999998,14.14000034
2016/12/1 06:00,10.18099976,2.880000114,8.102000237,2.806999922,1.91900003,0.456999987,14.70300007
2016/12/1 07:00,11.11900043,3.818000078,8.102000237,2.167999983,2.559000015,0.547999978,14.35099983
2016/12/1 08:00,10.38199997,3.684000015,7.604000092,2.559000015,2.559000015,0.852999985,14.49100018
2016/12/1 09:00,9.31000042,3.88499999,6.681000233,3.447000027,2.528000116,1.156999946,14.14000034
2016/12/1 10:00,9.444000244,4.019000053,6.111999989,2.594000101,3.411000013,1.523000002,14.56200027
2016/12/1 11:00,10.24800014,4.019000053,6.289999962,2.273999929,3.107000113,0.944000006,17.86800003
2016/12/1 12:00,7.234000206,2.009000063,4.547999859,0.782000005,2.497999907,0.852999985,17.30500031
2016/12/1 13:00,7.434999943,3.148000002,4.868000031,2.131999969,2.28399992,0.883000016,17.65699959
2016/12/1 14:00,7.301000118,3.951999903,5.472000122,2.415999889,2.467000008,1.126999974,16.25
2016/12/1 15:00,8.907999992,3.951999903,6.43200016,2.736000061,2.862999916,1.156999946,15.54699993
2016/12/1 16:00,8.706999779,3.818000078,5.862999916,2.523000002,2.467000008,0.822000027,15.89799976
2016/12/1 17:00,8.975000381,2.947000027,6.289999962,2.025000095,2.740999937,0.578999996,16.25
2016/12/1 18:00,8.171999931,0.938000023,5.472000122,0.0,2.680000067,0.639999986,16.46100044
2016/12/1 19:00,8.038000107,1.004999995,5.258999825,0.0,2.772000074,0.700999975,15.61699963
2016/12/1 20:00,7.368000031,1.20599997,4.903999805,0.213,2.437000036,0.670000017,16.39100075
2016/12/1 21:00,6.56400013,0.736999989,4.513000011,-0.107000001,2.071000099,0.670000017,16.25
2016/12/1 22:00,7.301000118,2.075999975,5.046000004,0.852999985,1.70599997,0.639999986,14.70300007
2016/12/1 23:00,9.51099968,3.48300004,6.965000153,1.421000004,1.797000051,0.731000006,14.21000004
2016/12/2 00:00,11.52099991,4.019000053,7.143000126,2.239000082,4.020999908,1.218000054,13.71800041
2016/12/2 01:00,10.71700001,3.750999928,6.787000179,2.167999983,3.868000031,1.126999974,13.22500038
2016/12/2 02:00,9.979999542,3.951999903,6.822999954,2.096999884,3.77699995,1.097000003,12.59200001
2016/12/2 03:00,10.7840004,3.951999903,6.857999802,2.096999884,3.71600008,1.097000003,12.38099957
2016/12/2 04:00,8.640000343,2.947000027,4.974999905,1.491999984,3.806999922,1.371000051,11.88899994
2016/12/2 05:00,12.52499962,4.756000042,8.421999931,2.559000015,4.263999939,1.248999953,11.5369997
2016/12/2 06:00,13.52999973,4.554999828,8.38599968,2.381000042,4.659999847,1.279000044,11.46700001
2016/12/2 07:00,12.6590004,4.421000004,7.923999786,2.309999943,5.300000191,1.248999953,11.04399967
2016/12/2 08:00,8.305999756,3.348999977,5.543000221,1.243999958,2.559000015,0.883000016,10.83300018
2016/12/2 09:00,8.171999931,3.617000103,5.472000122,2.025000095,2.924000025,1.187999964,11.04399967
2016/12/2 10:00,8.975000381,3.282000065,6.361000061,1.812000036,3.015000105,1.097000003,11.81799984
2016/12/2 11:00,10.64999962,3.415999889,6.681000233,1.84800005,3.928999901,1.187999964,12.52200031
2016/12/2 12:00,7.032999992,2.344000101,4.122000217,0.782000005,3.046000004,0.944000006,12.31099987
2016/12/2 13:00,7.636000156,2.477999926,5.472000122,1.56400001,2.680000067,1.279000044,14.49100018
2016/12/2 14:00,7.636000156,3.750999928,5.578999996,1.84800005,2.040999889,0.913999975,14.70300007
2016/12/2 15:00,7.234000206,3.348999977,5.046000004,1.243999958,2.131999969,1.248999953,13.36600018
2016/12/2 16:00,8.706999779,3.282000065,5.543000221,1.70599997,2.680000067,1.036000013,13.43599987
2016/12/2 17:00,8.975000381,2.611999989,5.828000069,1.207999945,2.954999924,0.822000027,13.50699997
2016/12/2 18:00,8.975000381,2.075999975,5.472000122,0.782000005,3.503000021,0.883000016,13.08500004
2016/12/2 19:00,8.640000343,1.807999969,5.436999798,0.675000012,3.197999954,0.760999978,13.08500004
2016/12/2 20:00,7.703000069,2.009000063,5.046000004,0.782000005,2.710999966,0.852999985,12.45100021
2016/12/2 21:00,7.501999855,1.004999995,5.472000122,0.142000005,2.618999958,0.791999996,12.6619997
2016/12/2 22:00,9.376999855,3.214999914,7.923999786,2.096999884,1.91900003,0.670000017,11.67800045
2016/12/2 23:00,12.72599983,4.487999916,11.12199974,3.092000008,1.76699996,0.639999986,11.88899994
2016/12/3 00:00,14.13300037,5.022999763,12.22399998,4.263999939,1.523000002,0.547999978,11.81799984
2016/12/3 01:00,14.06599998,5.492000103,12.15299988,4.370999813,1.613999963,0.670000017,11.74800014
2016/12/3 02:00,12.39099979,4.889999866,11.26500034,3.625,1.552999973,0.639999986,11.74800014
2016/12/3 03:00,13.32900047,5.157000065,11.76200008,3.90899992,1.309999943,0.547999978,11.67800045
2016/12/3 04:00,12.79300022,4.889999866,11.44200039,3.269000053,1.401000023,0.578999996,12.59200001
2016/12/3 05:00,12.05599976,3.684000015,10.23400021,2.523000002,1.735999942,0.670000017,13.22500038
2016/12/3 06:00,8.038000107,1.875,5.507999897,0.035999998,2.193000078,0.791999996,13.43599987
2016/12/3 07:00,12.72599983,3.684000015,11.05099964,2.273999929,2.680000067,0.760999978,12.94400024
2016/12/3 08:00,12.6590004,4.21999979,11.19400024,3.197999954,1.949000001,0.670000017,13.36600018
2016/12/3 09:00,8.23900032,2.142999887,6.43200016,1.527999997,1.85800004,0.700999975,12.7329998
2016/12/3 10:00,8.371999741,3.415999889,6.040999889,1.77699995,1.674999952,0.609000027,13.78800011
2016/12/3 11:00,9.376999855,2.746000051,6.644999981,1.883000016,2.223999977,0.609000027,14.84300041
2016/12/3 12:00,7.099999905,1.741000056,4.19299984,0.425999999,1.827999949,0.944000006,16.32099915
2016/12/3 13:00,7.301000118,3.08100009,5.046000004,1.421000004,2.00999999,1.036000013,18.21999931
2016/12/3 14:00,8.505999565,3.951999903,5.828000069,2.061000109,2.345000029,0.944000006,18.99399948
2016/12/3 15:00,8.371999741,3.750999928,5.96999979,2.167999983,2.071000099,0.913999975,17.79800034
2016/12/3 16:00,8.305999756,3.282000065,5.295000076,2.096999884,2.28399992,0.852999985,18.6420002
2016/12/3 17:00,8.640000343,2.611999989,5.543000221,1.457000017,2.924000025,0.883000016,17.72699928
2016/12/3 18:00,8.305999756,1.807999969,5.329999924,0.711000025,2.924000025,0.822000027,17.58699989
2016/12/3 19:00,7.971000195,1.674000025,5.223999977,0.532999992,2.772000074,0.822000027,17.30500031
2016/12/3 20:00,7.032999992,1.406999946,4.619999886,0.391000003,2.772000074,1.004999995,18.36100006
2016/12/3 21:00,6.362999916,0.268000007,4.122000217,-0.675000012,2.193000078,0.760999978,18.21999931
2016/12/3 22:00,8.572999954,2.746000051,6.681000233,2.025000095,1.674999952,0.670000017,17.30500031
2016/12/3 23:00,11.38700008,3.617000103,9.451999664,1.99000001,1.91900003,0.822000027,17.51600075
2016/12/4 00:00,14.66899967,5.559000015,10.625,3.76699996,4.416999817,1.401000023,17.65699959
2016/12/4 01:00,15.73999977,6.229000092,11.97500038,3.838000059,4.081999779,1.491999984,15.96899986
2016/12/4 02:00,16.00799942,5.960999966,11.51299953,3.552999973,3.898999929,1.126999974,17.30500031
2016/12/4 03:00,13.93200016,4.889999866,10.27000046,2.630000114,4.051000118,1.279000044,17.93799973
2016/12/4 04:00,14.80300045,5.960999966,11.01599979,3.552999973,3.746000051,1.097000003,18.36100006
2016/12/4 05:00,15.8739996,5.223999977,11.65499973,3.411000013,4.111999989,1.218000054,18.29000092
2016/12/4 06:00,16.07500076,5.223999977,11.05099964,2.806999922,4.416999817,1.156999946,18.21999931
2016/12/4 07:00,17.75,5.492000103,12.40200043,2.878000021,5.056000233,1.248999953,18.21999931
2016/12/4 08:00,9.711999893,4.152999878,7.214000225,2.914000034,2.802000046,0.944000006,18.5720005
2016/12/4 09:00,7.568999767,3.48300004,5.650000095,1.77699995,2.375999928,1.218000054,17.37599945
2016/12/4 10:00,7.903999805,3.549999952,5.68599987,1.953999996,2.588999987,0.975000024,17.30500031
2016/12/4 11:00,9.779000282,2.344000101,6.183000088,1.491999984,2.954999924,0.913999975,16.95400047
2016/12/4 12:00,7.501999855,1.674000025,4.441999912,0.816999972,2.315000057,0.883000016,16.60199928
2016/12/4 13:00,8.774000168,3.08100009,5.899000168,1.953999996,2.437000036,1.036000013,18.00900078
2016/12/4 14:00,8.171999931,3.951999903,6.183000088,1.99000001,2.253999949,1.036000013,17.23500061
2016/12/4 15:00,8.706999779,3.684000015,6.361000061,2.381000042,2.071000099,0.975000024,16.10899925
2016/12/4 16:00,8.371999741,3.48300004,5.258999825,1.598999977,2.984999895,1.462000012,16.67200089
2016/12/4 17:00,8.706999779,2.880000114,5.721000195,1.243999958,2.924000025,1.156999946,18.5720005
2016/12/4 18:00,8.43900013,2.344000101,5.366000175,1.207999945,3.046000004,0.883000016,17.30500031
2016/12/4 19:00,7.769999981,2.075999975,5.081999779,0.995000005,2.740999937,0.731000006,17.79800034
2016/12/4 20:00,6.429999828,1.741000056,4.157999992,0.782000005,2.315000057,0.670000017,17.93799973
2016/12/4 21:00,5.69299984,1.004999995,3.696000099,-0.071000002,1.91900003,0.700999975,17.51600075
2016/12/4 22:00,5.827000141,2.142999887,4.903999805,0.852999985,1.552999973,0.670000017,17.86800003
2016/12/4 23:00,7.434999943,2.344000101,5.614999771,1.491999984,1.70599997,0.639999986,18.00900078
2016/12/5 00:00,10.51599979,3.415999889,6.395999908,1.741000056,4.203000069,1.340000033,17.58699989
2016/12/5 01:00,11.11900043,4.956999779,6.894000053,2.061000109,4.081999779,2.071000099,16.81299973
2016/12/5 02:00,10.11400032,4.287000179,6.43200016,2.167999983,4.051000118,1.340000033,17.09399986
2016/12/5 03:00,10.24800014,3.818000078,6.857999802,2.167999983,4.020999908,1.309999943,15.75800037
2016/12/5 04:00,11.65499973,4.354000092,7.320000172,2.203000069,3.928999901,1.279000044,16.10899925
2016/12/5 05:00,9.376999855,3.013999939,5.650000095,1.243999958,4.081999779,1.156999946,15.33600044
2016/12/5 06:00,11.85499954,3.148000002,7.284999847,1.598999977,4.659999847,1.309999943,16.95400047
2016/12/5 07:00,4.889999866,1.340000033,0.0,-0.071000002,4.903999805,1.248999953,17.51600075
2016/12/5 08:00,2.344000101,1.20599997,0.0,0.0,2.405999899,1.097000003,15.40600014
2016/12/5 09:00,0.0,0.0,0.0,0.0,0.0,0.0,15.33600044
2016/12/5 10:00,0.0,0.0,0.0,0.0,0.0,0.0,12.8739996
2016/12/5 11:00,0.0,0.0,0.0,0.0,0.0,0.0,12.45100021
2016/12/5 12:00,0.0,0.0,0.0,0.0,0.0,0.0,10.48200035
2016/12/5 13:00,0.0,0.0,0.0,0.0,0.0,0.0,11.88899994
2016/12/5 14:00,0.0,0.0,0.0,0.0,0.0,0.0,11.67800045
2016/12/5 15:00,0.0,0.0,0.0,0.0,0.0,0.0,9.708000183
2016/12/5 16:00,0.0,0.0,0.0,0.0,0.0,0.0,8.86400032
2016/12/5 17:00,0.0,0.0,0.0,0.0,0.0,0.0,7.52699995
2016/12/5 18:00,0.0,0.0,0.0,0.0,0.0,0.0,4.572999954
2016/12/5 19:00,0.0,0.0,0.0,0.0,0.0,0.0,3.236000061
2016/12/5 20:00,0.0,0.0,0.0,0.0,0.0,0.0,2.884000063
2016/12/5 21:00,0.0,0.0,0.0,0.0,0.0,0.0,2.039999962
2016/12/5 22:00,0.0,0.0,0.0,0.0,0.0,0.0,1.828999996
2016/12/5 23:00,0.0,0.0,0.0,0.0,0.0,0.0,1.337000012
2016/12/6 00:00,0.0,0.0,0.0,0.0,0.0,0.0,0.633000016
2016/12/6 01:00,0.0,0.0,0.0,0.0,0.0,0.0,0.0
2016/12/6 02:00,0.0,0.0,0.0,0.0,0.0,0.0,-0.633000016
2016/12/6 03:00,0.0,0.0,0.0,0.0,0.0,0.0,-1.547999978
2016/12/6 04:00,0.0,0.0,0.0,0.0,0.0,0.0,-2.109999895
2016/12/6 05:00,0.0,0.0,0.0,0.0,0.0,0.0,-2.461999893
2016/12/6 06:00,0.0,0.0,0.0,0.0,0.0,0.0,-3.025000095
2016/12/6 07:00,0.0,0.0,0.0,0.0,0.0,0.0,-3.236000061
2016/12/6 08:00,0.0,0.0,0.0,0.0,0.0,0.0,-2.954999924
2016/12/6 09:00,0.0,0.0,0.0,0.0,0.0,0.0,-1.758999944
2016/12/6 10:00,0.0,0.0,0.0,0.0,0.0,0.0,-0.985000014
2016/12/6 11:00,0.0,0.0,0.0,0.0,0.0,0.0,0.492000014
2016/12/6 12:00,0.0,0.0,0.0,0.0,0.0,0.0,0.0
2016/12/6 13:00,0.0,0.0,0.0,0.0,0.0,0.0,0.0
2016/12/6 14:00,0.0,0.0,0.0,0.0,0.0,0.0,0.0
2016/12/6 15:00,0.0,0.0,0.0,0.0,0.0,0.0,0.0
2016/12/6 16:00,0.0,0.0,0.0,0.0,0.0,0.0,0.0
2016/12/6 17:00,0.0,0.0,0.0,0.0,0.0,0.0,0.843999982
2016/12/6 18:00,0.0,0.0,0.0,0.0,0.0,0.0,-0.773999989
2016/12/6 19:00,0.0,0.0,0.0,0.0,0.0,0.0,-1.406999946
2016/12/6 20:00,0.0,0.0,0.0,0.0,0.0,0.0,-1.758999944
2016/12/6 21:00,0.0,0.0,0.0,0.0,0.0,0.0,-2.109999895
2016/12/6 22:00,0.0,0.0,0.0,0.0,0.0,0.0,-2.673000097
2016/12/6 23:00,0.0,0.0,0.0,0.0,0.0,0.0,-2.884000063
2016/12/7 00:00,0.0,0.0,0.0,0.0,0.0,0.0,-3.025000095
2016/12/7 01:00,0.0,0.0,0.0,0.0,0.0,0.0,-3.165999889
2016/12/7 02:00,0.0,0.0,0.0,0.0,0.0,0.0,-3.377000093
2016/12/7 03:00,0.0,0.0,0.0,0.0,0.0,0.0,-3.51699996
2016/12/7 04:00,0.0,0.0,0.0,0.0,0.0,0.0,-3.938999891
2016/12/7 05:00,0.0,0.0,0.0,0.0,0.0,0.0,-4.079999924
2016/12/7 06:00,0.0,0.0,0.0,0.0,0.0,0.0,-4.010000229
2016/12/7 07:00,0.0,0.0,0.0,0.0,0.0,0.0,-4.010000229
2016/12/7 08:00,0.0,0.0,0.0,0.0,0.0,0.0,-3.938999891
2016/12/7 09:00,0.0,0.0,0.0,0.0,0.0,0.0,-2.180999994
2016/12/7 10:00,0.0,0.0,0.0,0.0,0.0,0.0,0.0
2016/12/7 11:00,0.0,0.0,0.0,0.0,0.0,0.0,1.266000032
2016/12/7 12:00,0.0,0.0,0.0,0.0,0.0,0.0,2.180999994
2016/12/7 13:00,0.0,0.0,0.0,0.0,0.0,0.0,3.447000027
2016/12/7 14:00,0.0,0.0,0.0,0.0,0.0,0.0,3.799000025
2016/12/7 15:00,0.0,0.0,0.0,0.0,0.0,0.0,3.588000059
2016/12/7 16:00,0.0,0.0,0.0,0.0,0.0,0.0,3.236000061
2016/12/7 17:00,0.0,0.0,0.0,0.0,0.0,0.0,2.321000099
2016/12/7 18:00,0.0,0.0,0.0,0.0,0.0,0.0,1.266000032
2016/12/7 19:00,0.067000002,0.536000013,0.0,0.0,0.0,0.0,0.915000021
2016/12/7 20:00,2.344000101,0.736999989,0.0,0.0,2.375999928,0.731000006,1.266000032
2016/12/7 21:00,2.075999975,0.736999989,0.0,0.0,2.040999889,0.760999978,4.079999924
2016/12/7 22:00,1.473999977,0.536000013,0.0,0.0,1.491999984,0.609000027,6.261000156
2016/12/7 23:00,1.807999969,0.670000017,0.0,0.0,1.76699996,0.700999975,7.668000221
2016/12/8 00:00,4.019000053,1.20599997,0.0,0.0,4.020999908,1.248999953,8.512000084
2016/12/8 01:00,3.750999928,1.072000027,0.0,0.0,3.686000109,1.097000003,9.637999535
2016/12/8 02:00,3.684000015,1.072000027,0.0,0.0,3.686000109,1.097000003,10.13000011
2016/12/8 03:00,3.88499999,1.20599997,0.0,0.0,3.838000059,1.248999953,10.55200005
2016/12/8 04:00,3.88499999,1.20599997,0.0,0.0,3.806999922,1.218000054,10.48200035
2016/12/8 05:00,3.951999903,1.139000058,0.0,0.0,3.960000038,1.097000003,10.06000042
2016/12/8 06:00,4.487999916,1.20599997,0.0,0.0,4.630000114,1.218000054,11.5369997
2016/12/8 07:00,5.425000191,1.473999977,0.0,0.0,5.238999844,1.462000012,10.48200035
2016/12/8 08:00,6.899000168,2.947000027,4.335000038,1.741000056,2.894000053,1.248999953,11.67800045
2016/12/8 09:00,1.674000025,0.602999985,0.0,-0.071000002,1.644999981,0.639999986,5.839000225
2016/12/8 10:00,6.764999866,3.48300004,4.157999992,1.91900003,2.618999958,1.156999946,11.88899994
2016/12/8 11:00,6.497000217,2.545000076,3.411000013,0.852999985,2.954999924,1.156999946,12.59200001
2016/12/8 12:00,5.357999802,2.611999989,2.486999989,0.852999985,2.497999907,1.552999973,12.8739996
2016/12/8 13:00,5.625999928,3.214999914,2.878000021,1.56400001,2.559000015,1.187999964,14.63199997
2016/12/8 14:00,5.357999802,3.148000002,2.842999935,1.243999958,2.618999958,1.097000003,14.49100018
2016/12/8 15:00,6.764999866,3.48300004,4.19299984,1.883000016,2.618999958,1.156999946,13.08500004
2016/12/8 16:00,7.769999981,4.019000053,5.862999916,2.772000074,2.040999889,0.822000027,13.8579998
2016/12/8 17:00,8.505999565,3.013999939,5.721000195,1.91900003,2.710999966,0.852999985,15.33600044
2016/12/8 18:00,8.43900013,3.013999939,5.436999798,1.812000036,3.075999975,0.852999985,14.49100018
2016/12/8 19:00,7.568999767,2.344000101,5.046000004,1.56400001,2.680000067,0.670000017,14.35099983
2016/12/8 20:00,7.166999817,2.344000101,4.690999985,1.598999977,2.437000036,0.700999975,15.19499969
2016/12/8 21:00,6.497000217,1.139000058,4.19299984,0.603999972,2.223999977,0.760999978,15.26500034
2016/12/8 22:00,8.640000343,2.411000013,6.928999901,1.598999977,1.552999973,0.518000007,15.47599983
2016/12/8 23:00,9.979999542,3.88499999,7.960000038,2.594000101,1.644999981,0.639999986,15.19499969
2016/12/9 00:00,12.45800018,4.554999828,11.08699989,3.482000113,1.462000012,0.578999996,14.56200027
2016/12/9 01:00,12.05599976,5.223999977,10.27000046,3.375999928,1.462000012,0.609000027,13.9989996
2016/12/9 02:00,10.91800022,4.019000053,9.559000015,2.559000015,1.156999946,0.547999978,14.21000004
2016/12/9 03:00,10.91800022,3.818000078,9.807999611,3.055999994,1.279000044,0.578999996,12.52200031
2016/12/9 04:00,10.98499966,3.818000078,9.559000015,3.233999968,1.309999943,0.578999996,9.98900032
2016/12/9 05:00,12.45800018,3.818000078,8.527999878,1.84800005,4.142000198,1.218000054,9.215000153
2016/12/9 06:00,12.05599976,3.951999903,7.320000172,2.131999969,4.477000237,1.187999964,9.215000153
2016/12/9 07:00,12.59200001,3.549999952,6.965000153,1.77699995,5.421999931,1.401000023,9.567000389
2016/12/9 08:00,9.376999855,3.415999889,6.857999802,2.345000029,2.832999945,1.156999946,9.074999809
2016/12/9 09:00,7.032999992,3.148000002,3.944000006,1.77699995,2.559000015,1.126999974,8.230999947
2016/12/9 10:00,7.166999817,2.545000076,4.370999813,1.350000024,2.894000053,1.218000054,8.512000084
2016/12/9 11:00,8.23900032,3.214999914,5.010000229,1.84800005,3.259000063,1.004999995,8.86400032
2016/12/9 12:00,6.027999878,2.27699995,3.305000067,1.527999997,2.193000078,0.852999985,9.215000153
2016/12/9 13:00,5.894000053,2.746000051,3.447000027,1.953999996,2.223999977,1.004999995,10.69299984
2016/12/9 14:00,6.027999878,2.880000114,3.696000099,2.096999884,2.315000057,1.097000003,10.62199974
2016/12/9 15:00,6.362999916,3.214999914,4.300000191,1.70599997,2.223999977,1.065999985,9.918999672
2016/12/9 16:00,5.827000141,2.344000101,3.233999968,1.315000057,2.437000036,0.975000024,10.13000011
2016/12/9 17:00,6.764999866,2.344000101,3.730999947,1.350000024,2.954999924,0.913999975,10.48200035
2016/12/9 18:00,9.444000244,3.549999952,6.610000134,2.381000042,2.894000053,0.852999985,10.13000011
2016/12/9 19:00,8.505999565,2.880000114,6.076000214,1.953999996,2.467000008,0.639999986,9.145000458
2016/12/9 20:00,6.631000042,2.411000013,4.441999912,1.457000017,2.223999977,0.609000027,8.230999947
2016/12/9 21:00,7.971000195,2.142999887,6.005000114,1.598999977,2.040999889,0.731000006,7.809000015
2016/12/9 22:00,7.568999767,3.013999939,5.828000069,1.77699995,1.583999991,0.670000017,7.597000122
2016/12/9 23:00,7.836999893,3.214999914,5.96999979,2.131999969,1.552999973,0.639999986,7.105000019
2016/12/10 00:00,10.71700001,4.287000179,6.538000107,2.664999962,3.868000031,1.097000003,6.683000088
2016/12/10 01:00,10.91800022,3.88499999,6.787000179,2.842999935,3.806999922,1.156999946,5.90899992
2016/12/10 02:00,9.979999542,4.21999979,6.005000114,2.239000082,3.838000059,1.126999974,5.839000225
2016/12/10 03:00,10.51599979,4.756000042,6.395999908,3.055999994,3.99000001,1.248999953,5.90899992
2016/12/10 04:00,9.979999542,3.750999928,6.147999763,2.309999943,4.051000118,1.309999943,5.839000225
2016/12/10 05:00,10.91800022,4.554999828,6.502999783,2.309999943,4.051000118,1.187999964,6.330999851
2016/12/10 06:00,8.371999741,2.880000114,6.218999863,1.883000016,2.131999969,0.791999996,5.697999954
2016/12/10 07:00,10.31499958,3.684000015,7.639999866,2.167999983,2.710999966,0.731000006,5.55700016
2016/12/10 08:00,10.98499966,4.287000179,8.173000336,2.772000074,2.924000025,1.126999974,5.697999954
2016/12/10 09:00,8.640000343,3.951999903,6.289999962,2.061000109,2.437000036,1.036000013,6.541999817
2016/12/10 10:00,8.975000381,4.085999966,6.395999908,2.630000114,2.710999966,1.065999985,6.612999916
2016/12/10 11:00,9.979999542,3.348999977,6.822999954,1.99000001,3.167999983,0.944000006,7.315999985
2016/12/10 12:00,7.769999981,2.545000076,5.188000202,1.527999997,2.345000029,0.791999996,7.597000122
2016/12/10 13:00,8.23900032,3.617000103,5.862999916,2.167999983,2.588999987,1.097000003,7.52699995
2016/12/10 14:00,8.104999542,4.019000053,5.650000095,2.594000101,2.345000029,0.975000024,8.159999847
2016/12/10 15:00,7.769999981,3.282000065,5.721000195,2.061000109,2.315000057,1.004999995,8.442000389
2016/12/10 16:00,8.305999756,3.617000103,5.578999996,2.594000101,2.588999987,1.036000013,8.722999573
2016/12/10 17:00,9.376999855,2.947000027,6.183000088,1.56400001,3.319999933,1.004999995,9.567000389
2016/12/10 18:00,8.43900013,1.942000031,5.507999897,0.924000025,2.924000025,0.700999975,9.637999535
2016/12/10 19:00,7.903999805,1.807999969,5.223999977,0.745999992,2.710999966,0.700999975,9.918999672
2016/12/10 20:00,7.099999905,1.875,4.584000111,0.782000005,2.467000008,0.700999975,9.215000153
2016/12/10 21:00,6.027999878,0.938000023,3.980000019,0.0,2.101999998,0.700999975,9.215000153
2016/12/10 22:00,8.774000168,3.415999889,7.639999866,3.127000093,1.644999981,0.639999986,8.512000084
2016/12/10 23:00,10.24800014,0.870999992,8.493000031,-0.425999999,1.552999973,0.639999986,8.020000458
2016/12/11 00:00,10.04699993,0.736999989,8.031000137,-0.391000003,1.70599997,0.731000006,7.668000221
2016/12/11 01:00,9.578000069,1.072000027,7.923999786,-0.319999993,1.432000041,0.670000017,7.245999813
2016/12/11 02:00,9.51099968,1.004999995,8.031000137,-0.425999999,1.491999984,0.670000017,7.245999813
2016/12/11 03:00,10.64999962,1.60800004,8.56400013,0.248999998,1.491999984,0.700999975,6.752999783
2016/12/11 04:00,10.98499966,1.473999977,9.416999817,0.178000003,1.462000012,0.609000027,6.541999817
2016/12/11 05:00,10.51599979,0.670000017,8.56400013,0.0,1.76699996,0.700999975,6.330999851
2016/12/11 06:00,10.91800022,0.201000005,8.137999535,-1.136999965,2.315000057,0.822000027,6.190999985
2016/12/11 07:00,12.39099979,0.268000007,9.097000122,-0.852999985,2.650000095,0.700999975,5.697999954
2016/12/11 08:00,12.05599976,1.674000025,8.741999626,0.0,2.710999966,1.004999995,5.90899992
2016/12/11 09:00,8.305999756,0.335000008,5.862999916,-0.497000009,2.467000008,0.975000024,6.472000122
2016/12/11 10:00,9.041999817,0.469000012,5.934000015,-0.569000006,2.862999916,1.156999946,7.245999813
2016/12/11 11:00,10.31499958,0.80400002,7.143000126,-0.711000025,3.137000084,1.065999985,7.597000122
2016/12/11 12:00,6.764999866,-0.335000008,4.619999886,-1.56400001,2.193000078,0.760999978,8.159999847
2016/12/11 13:00,7.099999905,0.067000002,4.868000031,-1.031000018,2.193000078,0.975000024,9.074999809
2016/12/11 14:00,7.032999992,0.268000007,5.010000229,-0.816999972,2.040999889,0.883000016,9.286000252
2016/12/11 15:00,7.501999855,0.938000023,5.401000023,-0.532999992,2.28399992,1.065999985,9.145000458
2016/12/11 16:00,8.774000168,0.201000005,5.791999817,-0.639999986,2.650000095,0.975000024,8.86400032
2016/12/11 17:00,8.774000168,-0.067000002,5.828000069,-1.315000057,3.075999975,0.822000027,9.215000153
2016/12/11 18:00,8.640000343,-0.536000013,5.578999996,-1.91900003,3.197999954,0.822000027,8.37100029
2016/12/11 19:00,8.104999542,-0.602999985,5.188000202,-1.77699995,2.924000025,0.791999996,8.020000458
2016/12/11 20:00,7.234000206,-0.870999992,4.762000084,-1.883000016,2.467000008,0.700999975,7.809000015
2016/12/11 21:00,8.171999931,-0.736999989,6.147999763,-1.953999996,1.91900003,0.639999986,7.879000187
2016/12/11 22:00,9.041999817,0.0,7.320000172,-1.172999978,1.85800004,0.760999978,8.300999641
2016/12/11 23:00,11.11900043,1.674000025,9.168000221,0.284000009,1.91900003,0.760999978,8.300999641
2016/12/12 00:00,14.2670002,2.142999887,10.09200001,0.391000003,4.142000198,1.309999943,8.652999878
2016/12/12 01:00,11.78800011,1.674000025,7.747000217,-0.178000003,4.172999859,1.309999943,8.934000015
2016/12/12 02:00,13.32900047,2.545000076,9.593999863,0.035999998,3.960000038,1.218000054,9.355999947
2016/12/12 03:00,12.6590004,1.406999946,8.989999771,-0.035999998,3.77699995,1.126999974,10.19999981
2016/12/12 04:00,13.06099987,1.541000009,9.31000042,0.284000009,3.868000031,1.218000054,11.46700001
2016/12/12 05:00,13.73099995,2.27699995,9.204000473,0.178000003,4.142000198,1.187999964,12.23999977
2016/12/12 06:00,15.3380003,2.344000101,10.58899975,0.532999992,4.598999977,1.126999974,11.25599957
2016/12/12 07:00,14.33399963,1.674000025,9.06099987,-0.462000012,5.117000103,1.309999943,10.48200035
2016/12/12 08:00,9.913000107,0.602999985,7.284999847,-1.350000024,2.710999966,1.126999974,13.08500004
2016/12/12 09:00,7.971000195,0.335000008,5.828000069,-2.061000109,2.315000057,0.944000006,13.43599987
2016/12/12 10:00,8.840999603,0.201000005,6.183000088,-1.315000057,2.680000067,1.065999985,14.42099953
2016/12/12 11:00,9.51099968,0.067000002,6.857999802,-0.924000025,2.832999945,0.975000024,16.25
2016/12/12 12:00,6.764999866,-0.938000023,4.335000038,-2.486999989,2.101999998,0.822000027,16.60199928
2016/12/12 13:00,7.099999905,-0.40200001,4.796999931,-0.816999972,1.949000001,0.760999978,16.10899925
2016/12/12 14:00,7.703000069,0.736999989,5.68599987,-0.711000025,1.888000011,0.883000016,16.32099915
2016/12/12 15:00,7.703000069,0.0,5.614999771,-0.816999972,2.101999998,0.852999985,14.70300007
2016/12/12 16:00,7.836999893,0.134000003,5.543000221,-0.924000025,2.497999907,0.944000006,13.9989996
2016/12/12 17:00,9.041999817,-0.134000003,5.934000015,-1.491999984,3.107000113,0.883000016,14.35099983
2016/12/12 18:00,8.706999779,-0.469000012,5.791999817,-1.70599997,2.924000025,0.700999975,14.49100018
2016/12/12 19:00,7.769999981,-0.670000017,5.117000103,-1.84800005,2.710999966,0.731000006,12.45100021
2016/12/12 20:00,7.234000206,-0.469000012,4.93900013,-1.63499999,2.375999928,0.700999975,11.5369997
2016/12/12 21:00,6.229000092,-0.870999992,4.086999893,-1.91900003,1.888000011,0.639999986,12.52200031
2016/12/12 22:00,7.971000195,0.268000007,6.111999989,-0.462000012,1.797000051,0.670000017,12.23999977
2016/12/12 23:00,7.568999767,0.134000003,5.96999979,-1.172999978,1.644999981,0.639999986,12.17000008
2016/12/13 00:00,9.578000069,0.134000003,8.065999985,-0.354999989,1.523000002,0.609000027,10.55200005
2016/12/13 01:00,8.23900032,0.602999985,6.573999882,-1.207999945,1.552999973,0.670000017,11.18500042
2016/12/13 02:00,8.505999565,0.067000002,7.0,-0.852999985,1.613999963,0.700999975,7.175000191
2016/12/13 03:00,8.907999992,0.80400002,7.676000118,-0.852999985,1.432000041,0.639999986,7.737999916
2016/12/13 04:00,8.371999741,-0.335000008,6.395999908,-0.816999972,1.523000002,0.639999986,8.581999779
2016/12/13 05:00,8.640000343,-0.201000005,6.857999802,-0.816999972,1.735999942,0.670000017,8.442000389
2016/12/13 06:00,8.774000168,-0.268000007,6.324999809,-1.84800005,2.375999928,0.852999985,7.245999813
2016/12/13 07:00,9.243000031,-0.80400002,6.610000134,-2.025000095,2.588999987,0.670000017,5.627999783
2016/12/13 08:00,9.31000042,0.0,6.822999954,-1.207999945,2.680000067,0.883000016,7.034999847
2016/12/13 09:00,8.706999779,0.201000005,6.254000187,-1.386000037,2.650000095,0.975000024,5.839000225
2016/12/13 10:00,9.645000458,0.670000017,7.0,-0.782000005,2.710999966,0.852999985,6.541999817
2016/12/13 11:00,8.975000381,-0.134000003,6.324999809,-0.675000012,2.618999958,0.700999975,6.964000225
2016/12/13 12:00,7.434999943,-1.139000058,4.868000031,-1.598999977,2.163000107,0.731000006,6.683000088
2016/12/13 13:00,7.166999817,-0.201000005,5.507999897,-1.386000037,2.131999969,0.852999985,8.159999847
2016/12/13 14:00,7.099999905,-0.40200001,5.010000229,-1.315000057,2.101999998,0.760999978,9.98900032
2016/12/13 15:00,6.831999779,0.0,4.762000084,-1.741000056,2.131999969,0.760999978,8.512000084
2016/12/13 16:00,7.769999981,-1.072000027,5.258999825,-2.273999929,2.497999907,0.760999978,8.722999573
2016/12/13 17:00,8.774000168,-0.602999985,5.721000195,-1.91900003,3.046000004,0.760999978,8.722999573
2016/12/13 18:00,8.038000107,-1.072000027,5.010000229,-2.239000082,2.924000025,0.760999978,7.948999882
2016/12/13 19:00,7.368000031,-1.139000058,4.725999832,-2.239000082,2.650000095,0.700999975,7.948999882
2016/12/13 20:00,6.497000217,-1.20599997,4.19299984,-2.203000069,2.28399992,0.731000006,10.19999981
2016/12/13 21:00,6.027999878,-0.938000023,4.122000217,-1.953999996,1.949000001,0.700999975,7.668000221
2016/12/13 22:00,8.305999756,-0.536000013,6.610000134,-1.598999977,1.644999981,0.639999986,8.090000153
2016/12/13 23:00,9.376999855,0.335000008,7.888999939,-0.711000025,1.827999949,0.700999975,5.697999954
2016/12/14 00:00,14.66899967,1.942000031,10.27000046,-0.071000002,4.234000206,1.156999946,5.627999783
2016/12/14 01:00,15.20400047,2.812999964,11.30000019,0.782000005,4.081999779,1.248999953,6.752999783
2016/12/14 02:00,13.93200016,2.344000101,9.807999611,0.425999999,3.71600008,1.036000013,8.020000458
2016/12/14 03:00,14.53499985,2.545000076,10.23400021,0.675000012,3.898999929,1.156999946,6.541999817
2016/12/14 04:00,14.33399963,1.741000056,9.984999657,0.284000009,4.081999779,1.218000054,5.979000092
2016/12/14 05:00,15.20400047,1.741000056,10.6960001,0.639999986,4.051000118,1.156999946,5.276000023
2016/12/14 06:00,15.53899956,2.27699995,10.97999954,0.107000001,4.477000237,1.097000003,7.034999847
2016/12/14 07:00,17.01300049,3.282000065,11.97500038,0.888000011,5.056000233,1.371000051,6.050000191
2016/12/14 08:00,12.59200001,0.938000023,9.559000015,-0.178000003,2.954999924,1.065999985,6.050000191
2016/12/14 09:00,10.91800022,0.536000013,8.137999535,-0.852999985,2.772000074,1.309999943,7.456999779
2016/12/14 10:00,11.92199993,1.541000009,8.635000229,0.0,2.954999924,1.065999985,8.442000389
2016/12/14 11:00,11.78800011,0.736999989,8.421999931,-0.995000005,3.349999905,1.065999985,8.934000015
2016/12/14 12:00,9.779000282,0.067000002,7.355999947,-1.669999957,2.405999899,0.883000016,10.48200035
2016/12/14 13:00,9.243000031,-0.134000003,6.857999802,-1.491999984,2.437000036,0.760999978,9.777999878
2016/12/14 14:00,9.51099968,0.938000023,6.965000153,-0.462000012,2.315000057,0.883000016,11.25599957
2016/12/14 15:00,9.444000244,0.40200001,6.787000179,-1.172999978,2.071000099,0.700999975,10.19999981
2016/12/14 16:00,9.913000107,0.0,7.320000172,-1.207999945,2.528000116,0.760999978,10.27099991
2016/12/14 17:00,8.975000381,-0.40200001,6.111999989,-1.669999957,2.894000053,0.670000017,10.62199974
2016/12/14 18:00,9.243000031,-0.469000012,6.183000088,-1.669999957,3.015000105,0.639999986,9.98900032
2016/12/14 19:00,9.041999817,-0.536000013,6.147999763,-1.350000024,2.894000053,0.609000027,10.48200035
2016/12/14 20:00,8.23900032,-0.602999985,5.578999996,-1.77699995,2.588999987,0.700999975,10.06000042
2016/12/14 21:00,7.568999767,-0.40200001,5.223999977,-1.598999977,2.315000057,0.760999978,10.06000042
2016/12/14 22:00,8.774000168,0.469000012,6.857999802,-1.031000018,1.980000019,0.852999985,8.230999947
2016/12/14 23:00,10.11400032,0.134000003,8.031000137,-0.745999992,1.674999952,0.639999986,8.86400032
2016/12/15 00:00,11.72099972,1.406999946,9.522999763,0.391000003,1.735999942,0.639999986,8.934000015
2016/12/15 01:00,13.9989996,2.880000114,12.22399998,1.172999978,1.552999973,0.670000017,8.37100029
2016/12/15 02:00,11.31999969,2.075999975,9.737000465,0.675000012,1.674999952,0.700999975,8.934000015
2016/12/15 03:00,11.31999969,1.406999946,9.666000366,0.213,1.523000002,0.670000017,9.145000458
2016/12/15 04:00,10.11400032,1.340000033,8.706000328,0.354999989,1.462000012,0.670000017,9.286000252
2016/12/15 05:00,11.52099991,2.27699995,9.913999557,0.782000005,1.644999981,0.670000017,9.567000389
2016/12/15 06:00,12.25699997,1.473999977,10.12699986,0.0,2.163000107,0.639999986,9.777999878
2016/12/15 07:00,12.6590004,1.139000058,9.451999664,-0.639999986,2.710999966,0.731000006,9.567000389
2016/12/15 08:00,11.52099991,1.072000027,9.097000122,-0.319999993,2.832999945,0.883000016,10.13000011
2016/12/15 09:00,9.645000458,1.541000009,6.857999802,-0.071000002,2.862999916,1.156999946,10.55200005
2016/12/15 10:00,10.24800014,1.340000033,6.928999901,-0.107000001,2.954999924,1.248999953,9.848999977
2016/12/15 11:00,10.18099976,0.870999992,7.143000126,-0.745999992,3.137000084,1.036000013,11.04399967
2016/12/15 12:00,7.703000069,-0.602999985,5.010000229,-2.309999943,2.315000057,1.036000013,12.8739996
2016/12/15 13:00,8.706999779,0.134000003,5.934000015,-1.386000037,2.650000095,1.004999995,12.59200001
2016/12/15 14:00,9.109000206,0.469000012,6.289999962,-1.172999978,2.680000067,1.065999985,12.02900028
2016/12/15 15:00,7.836999893,0.40200001,5.223999977,-1.457000017,2.497999907,1.097000003,11.5369997
2016/12/15 16:00,9.31000042,-0.201000005,6.361000061,-1.70599997,2.710999966,0.760999978,10.69299984
2016/12/15 17:00,9.845999718,-0.067000002,6.361000061,-1.883000016,2.710999966,1.218000054,10.69299984
2016/12/15 18:00,9.913000107,-0.670000017,6.644999981,-1.883000016,3.197999954,0.670000017,11.67800045
2016/12/15 19:00,9.51099968,-0.670000017,6.467000008,-1.77699995,3.015000105,0.639999986,11.46700001
2016/12/15 20:00,8.706999779,-0.335000008,5.899000168,-1.421000004,2.862999916,0.822000027,11.11499977
2016/12/15 21:00,7.769999981,-1.741000056,5.436999798,-3.019999981,2.375999928,0.822000027,10.76299953
2016/12/15 22:00,9.109000206,0.268000007,6.751999855,-1.207999945,1.827999949,0.609000027,10.13000011
2016/12/15 23:00,9.779000282,0.268000007,7.639999866,-1.031000018,2.071000099,0.760999978,10.90400028
2016/12/16 00:00,12.45800018,2.142999887,10.7670002,0.816999972,1.674999952,0.639999986,11.11499977
2016/12/16 01:00,11.85499954,2.210000038,10.30500031,0.711000025,1.613999963,0.547999978,10.69299984
2016/12/16 02:00,11.18599987,1.541000009,9.416999817,0.035999998,1.583999991,0.578999996,10.48200035
2016/12/16 03:00,10.31499958,0.870999992,9.097000122,0.178000003,1.371000051,0.456999987,9.98900032
2016/12/16 04:00,10.04699993,0.536000013,8.493000031,-0.711000025,1.371000051,0.486999989,8.934000015
2016/12/16 05:00,8.907999992,-0.469000012,6.857999802,-1.457000017,1.91900003,0.700999975,8.934000015
2016/12/16 06:00,10.18099976,0.067000002,7.390999794,-1.527999997,2.467000008,0.670000017,10.3409996
2016/12/16 07:00,11.5880003,0.134000003,9.204000473,-0.497000009,2.954999924,0.670000017,9.145000458
2016/12/16 08:00,12.72599983,1.541000009,9.87899971,0.0,3.075999975,1.036000013,9.637999535
2016/12/16 09:00,9.979999542,0.335000008,6.857999802,-0.852999985,2.802000046,1.065999985,10.48200035
2016/12/16 10:00,9.913000107,0.736999989,6.681000233,-0.391000003,2.862999916,0.975000024,10.90400028
2016/12/16 11:00,10.31499958,0.602999985,7.782000065,-0.391000003,2.984999895,0.883000016,12.23999977
2016/12/16 12:00,7.234000206,-0.870999992,4.796999931,-1.741000056,2.467000008,0.944000006,11.81799984
2016/12/16 13:00,8.706999779,0.938000023,6.147999763,-0.852999985,2.559000015,1.036000013,13.15499973
2016/12/16 14:00,8.975000381,0.80400002,6.822999954,-0.319999993,2.315000057,0.852999985,13.78800011
2016/12/16 15:00,9.444000244,1.072000027,6.928999901,-0.354999989,2.223999977,0.791999996,13.71800041
2016/12/16 16:00,9.376999855,-0.201000005,6.395999908,-1.315000057,2.680000067,0.670000017,13.22500038
2016/12/16 17:00,9.845999718,-0.335000008,6.751999855,-1.741000056,3.229000092,0.822000027,12.7329998
2016/12/16 18:00,9.51099968,-0.469000012,6.040999889,-1.70599997,3.197999954,0.609000027,11.81799984
2016/12/16 19:00,9.243000031,-0.469000012,6.218999863,-1.70599997,3.046000004,0.578999996,11.81799984
2016/12/16 20:00,8.505999565,-0.536000013,5.791999817,-1.70599997,2.772000074,0.609000027,11.11499977
2016/12/16 21:00,9.376999855,-0.067000002,7.071000099,-1.77699995,2.223999977,0.547999978,10.3409996
2016/12/16 22:00,10.24800014,0.268000007,8.598999977,-0.425999999,1.797000051,0.547999978,9.777999878
2016/12/16 23:00,12.79300022,1.541000009,10.80300045,0.391000003,1.85800004,0.609000027,9.567000389
2016/12/17 00:00,15.53899956,2.678999901,11.19400024,0.675000012,4.263999939,1.126999974,9.425999641
2016/12/17 01:00,16.40999985,2.678999901,12.29500008,1.065999985,4.051000118,1.126999974,9.918999672
2016/12/17 02:00,17.01300049,3.88499999,13.00599957,1.99000001,4.051000118,1.097000003,9.918999672
2016/12/17 03:00,16.61100006,2.678999901,12.40200043,0.958999991,3.898999929,1.097000003,9.777999878
2016/12/17 04:00,16.61100006,2.880000114,12.40200043,0.888000011,3.898999929,1.065999985,9.637999535
2016/12/17 05:00,15.40499973,2.344000101,11.08699989,0.497000009,4.568999767,1.340000033,8.230999947
2016/12/17 06:00,15.40499973,1.541000009,10.80300045,0.142000005,4.965000153,1.279000044,9.145000458
2016/12/17 07:00,17.01300049,2.210000038,12.01099968,0.142000005,5.482999802,1.432000041,10.76299953
2016/12/17 08:00,15.20400047,2.009000063,11.86900043,0.071000002,3.289999962,1.218000054,10.13000011
2016/12/17 09:00,9.979999542,0.80400002,7.710999966,-1.065999985,2.862999916,1.156999946,9.567000389
2016/12/17 10:00,9.913000107,0.938000023,6.71600008,-0.569000006,2.924000025,1.187999964,11.18500042
2016/12/17 11:00,10.11400032,0.870999992,6.857999802,-1.315000057,3.411000013,0.913999975,11.88899994
2016/12/17 12:00,7.099999905,-0.469000012,4.868000031,-2.131999969,2.467000008,0.975000024,13.01399994
2016/12/17 13:00,7.836999893,0.067000002,5.756999969,-0.782000005,2.315000057,0.913999975,16.18000031
2016/12/17 14:00,8.371999741,0.80400002,5.721000195,-0.497000009,2.437000036,0.913999975,17.16500092
2016/12/17 15:00,7.836999893,0.0,5.614999771,-1.172999978,2.223999977,0.913999975,13.78800011
2016/12/17 16:00,8.975000381,-0.067000002,6.076000214,-1.491999984,2.772000074,0.852999985,13.08500004
2016/12/17 17:00,9.376999855,-0.670000017,6.218999863,-1.99000001,3.167999983,0.760999978,12.59200001
2016/12/17 18:00,9.175999641,-0.536000013,5.96999979,-1.84800005,3.259000063,0.791999996,11.46700001
2016/12/17 19:00,9.041999817,-0.469000012,5.96999979,-1.84800005,3.075999975,0.822000027,11.18500042
2016/12/17 20:00,8.171999931,-0.602999985,5.401000023,-1.812000036,2.618999958,0.609000027,10.48200035
2016/12/17 21:00,7.032999992,-2.142999887,4.868000031,-3.197999954,2.101999998,0.578999996,10.3409996
2016/12/17 22:00,8.774000168,-0.134000003,6.71600008,-0.958999991,1.735999942,0.547999978,10.27099991
2016/12/17 23:00,9.779000282,0.268000007,8.065999985,-0.178000003,1.76699996,0.578999996,10.19999981
2016/12/18 00:00,11.31999969,1.674000025,9.87899971,0.319999993,1.613999963,0.609000027,10.55200005
2016/12/18 01:00,12.32400036,2.075999975,10.44699955,0.852999985,1.462000012,0.547999978,11.88899994
2016/12/18 02:00,11.85499954,1.942000031,10.4119997,0.816999972,1.401000023,0.518000007,12.23999977
2016/12/18 03:00,11.38700008,1.340000033,9.593999863,0.284000009,1.552999973,0.639999986,12.23999977
2016/12/18 04:00,9.376999855,0.469000012,7.249000072,-0.816999972,1.674999952,0.670000017,12.59200001
2016/12/18 05:00,11.72099972,1.072000027,9.666000366,0.178000003,1.735999942,0.547999978,12.31099987
2016/12/18 06:00,10.11400032,0.067000002,7.782000065,-0.995000005,2.375999928,0.700999975,11.88899994
2016/12/18 07:00,10.64999962,0.0,7.604000092,-1.457000017,3.015000105,0.791999996,11.74800014
2016/12/18 08:00,11.38700008,1.072000027,8.812999725,-0.213,2.894000053,0.852999985,12.23999977
2016/12/18 09:00,11.5880003,1.541000009,8.883999825,0.0,2.924000025,1.248999953,13.78800011
2016/12/18 10:00,9.711999893,0.469000012,6.71600008,-0.995000005,2.954999924,1.309999943,13.78800011
2016/12/18 11:00,10.31499958,0.40200001,7.143000126,-0.852999985,3.167999983,1.065999985,13.78800011
2016/12/18 12:00,6.764999866,-0.536000013,4.370999813,-2.523000002,2.405999899,0.822000027,12.94400024
2016/12/18 13:00,7.703000069,0.40200001,5.223999977,-1.669999957,2.740999937,1.218000054,13.64700031
2016/12/18 14:00,8.774000168,0.268000007,5.828000069,-1.065999985,3.107000113,1.432000041,14.91399956
2016/12/18 15:00,9.913000107,0.602999985,6.324999809,-1.065999985,3.289999962,1.523000002,16.10899925
