date,0,1,2,3,4,5,6,OT
1990/1/1 0:00,0.7855,1.611,0.861698,0.634196,0.211242,0.006838,0.525486,0.593
1990/1/2 0:00,0.7818,1.61,0.861104,0.633513,0.211242,0.006863,0.523972,0.594
1990/1/3 0:00,0.7867,1.6293,0.86103,0.648508,0.211242,0.006975,0.526316,0.5973
1990/1/4 0:00,0.786,1.637,0.862069,0.650618,0.211242,0.006953,0.523834,0.597
1990/1/5 0:00,0.7849,1.653,0.861995,0.656254,0.211242,0.00694,0.527426,0.5985
1990/1/6 0:00,0.7866,1.6537,0.86103,0.654879,0.211242,0.006887,0.526177,0.604
1990/1/7 0:00,0.7886,1.662,0.862887,0.661157,0.211242,0.006885,0.527565,0.607
1990/1/8 0:00,0.791,1.6568,0.864304,0.659631,0.211242,0.006878,0.527565,0.6084
1990/1/9 0:00,0.7939,1.6695,0.86423,0.66912,0.211242,0.006878,0.528123,0.6115
1990/1/10 0:00,0.7894,1.657,0.858369,0.659413,0.211242,0.006874,0.528123,0.609
1990/1/11 0:00,0.7917,1.6495,0.859107,0.663702,0.211242,0.006873,0.529381,0.612
1990/1/12 0:00,0.7941,1.6445,0.853752,0.658545,0.211242,0.006844,0.529101,0.614
1990/1/13 0:00,0.7935,1.6465,0.848176,0.660284,0.211242,0.006866,0.532765,0.6106
1990/1/14 0:00,0.7954,1.639,0.845309,0.652742,0.211242,0.006829,0.532056,0.6118
1990/1/15 0:00,0.7751,1.649,0.848896,0.66313,0.211242,0.006845,0.53135,0.6052
1990/1/16 0:00,0.7622,1.655,0.843526,0.668226,0.211242,0.006881,0.533049,0.5915
1990/1/17 0:00,0.7583,1.6572,0.839983,0.672043,0.211242,0.006924,0.532623,0.5945
1990/1/18 0:00,0.7605,1.657,0.837591,0.667557,0.211242,0.006976,0.534188,0.5928
1990/1/19 0:00,0.7635,1.678,0.841397,0.672948,0.211242,0.006987,0.535045,0.595
1990/1/20 0:00,0.766,1.6818,0.839913,0.670691,0.211242,0.00694,0.537201,0.597
1990/1/21 0:00,0.7685,1.6794,0.843313,0.664894,0.211242,0.006918,0.536481,0.602
1990/1/22 0:00,0.7702,1.6815,0.842886,0.667468,0.211242,0.006901,0.536193,0.5983
1990/1/23 0:00,0.7735,1.6817,0.841255,0.668003,0.211242,0.006879,0.535475,0.6003
1990/1/24 0:00,0.7655,1.695,0.840407,0.675584,0.211242,0.006878,0.535906,0.5998
1990/1/25 0:00,0.7665,1.702,0.841822,0.677094,0.211242,0.00689,0.538503,0.601
1990/1/26 0:00,0.7575,1.699,0.837872,0.674992,0.211242,0.006874,0.537779,0.5936
1990/1/27 0:00,0.7545,1.687,0.835352,0.668986,0.211242,0.006878,0.536769,0.5915
1990/1/28 0:00,0.7493,1.6925,0.8364,0.668003,0.211242,0.006887,0.536337,0.593
1990/1/29 0:00,0.7521,1.695,0.83167,0.668539,0.211242,0.006935,0.536625,0.5926
1990/1/30 0:00,0.7521,1.6905,0.833403,0.668003,0.211242,0.006925,0.535906,0.5925
1990/1/31 0:00,0.7457,1.696,0.828638,0.670107,0.211242,0.006931,0.536625,0.5815
1990/2/1 0:00,0.75,1.693,0.829187,0.668673,0.211242,0.006925,0.536193,0.585
1990/2/2 0:00,0.7567,1.6955,0.834028,0.669568,0.211242,0.006937,0.535045,0.5883
1990/2/3 0:00,0.7595,1.704,0.831947,0.673401,0.211242,0.006875,0.537634,0.5898
1990/2/4 0:00,0.7586,1.715,0.832432,0.678104,0.211242,0.006881,0.537346,0.5887
1990/2/5 0:00,0.7646,1.7147,0.83717,0.679117,0.211242,0.006854,0.536481,0.5897
1990/2/6 0:00,0.7652,1.71,0.835422,0.677048,0.211242,0.006806,0.535906,0.5902
1990/2/7 0:00,0.765,1.693,0.834725,0.672495,0.211242,0.006718,0.536193,0.5882
1990/2/8 0:00,0.7605,1.692,0.83696,0.674172,0.211242,0.006728,0.536049,0.5877
1990/2/9 0:00,0.7601,1.6892,0.838715,0.670466,0.211242,0.00672,0.535619,0.588
1990/2/10 0:00,0.7635,1.665,0.840195,0.664011,0.211242,0.006681,0.533333,0.5872
1990/2/11 0:00,0.7596,1.651,0.837521,0.66072,0.211242,0.006654,0.533333,0.5884
1990/2/12 0:00,0.7585,1.6388,0.839913,0.666667,0.211242,0.006676,0.534045,0.5878
1990/2/13 0:00,0.7611,1.649,0.84246,0.666889,0.211242,0.006676,0.533903,0.5891
1990/2/14 0:00,0.7596,1.639,0.843811,0.663702,0.211242,0.006613,0.533476,0.5889
1990/2/15 0:00,0.7607,1.6425,0.847817,0.662559,0.211242,0.00663,0.533618,0.5879
1990/2/16 0:00,0.7607,1.6181,0.847961,0.661244,0.211242,0.006608,0.534045,0.5907
1990/2/17 0:00,0.758,1.6103,0.848176,0.656211,0.211242,0.006563,0.533618,0.5892
1990/2/18 0:00,0.761,1.6003,0.849041,0.65445,0.211242,0.006555,0.532623,0.5863
1990/2/19 0:00,0.7635,1.609,0.851426,0.654879,0.211242,0.006569,0.533333,0.5874
1990/2/20 0:00,0.7563,1.6175,0.848896,0.65703,0.211242,0.006555,0.533333,0.5898
1990/2/21 0:00,0.7536,1.6235,0.847242,0.662471,0.211242,0.006563,0.533618,0.588
1990/2/22 0:00,0.7549,1.6103,0.844809,0.662822,0.211242,0.006515,0.533618,0.5855
1990/2/23 0:00,0.7565,1.6105,0.847961,0.659326,0.211242,0.006499,0.533476,0.5832
1990/2/24 0:00,0.752,1.5945,0.849762,0.657462,0.211242,0.006487,0.532056,0.5793
1990/2/25 0:00,0.7504,1.601,0.849834,0.660066,0.211242,0.006447,0.53135,0.581
1990/2/26 0:00,0.7474,1.604,0.851064,0.658545,0.211242,0.006498,0.531773,0.5785
1990/2/27 0:00,0.7469,1.618,0.850412,0.655093,0.211242,0.00639,0.530926,0.5805
1990/2/28 0:00,0.7452,1.6261,0.85034,0.658762,0.211242,0.006353,0.530786,0.5808
1990/3/1 0:00,0.7471,1.6275,0.850196,0.659631,0.211242,0.006299,0.529801,0.5767
1990/3/2 0:00,0.7523,1.634,0.851571,0.667557,0.211242,0.00638,0.530082,0.5783
1990/3/3 0:00,0.7548,1.648,0.854336,0.66778,0.211242,0.006336,0.530363,0.579
1990/3/4 0:00,0.7561,1.6315,0.855066,0.66335,0.211265,0.006293,0.530223,0.5778
1990/3/5 0:00,0.7605,1.6355,0.857486,0.665469,0.211265,0.006284,0.530645,0.577
1990/3/6 0:00,0.7669,1.6415,0.856678,0.66379,0.211242,0.006305,0.531915,0.579
1990/3/7 0:00,0.765,1.6415,0.855725,0.666223,0.211242,0.006342,0.532481,0.5782
1990/3/8 0:00,0.765,1.6385,0.858001,0.666089,0.211242,0.006343,0.533191,0.578
1990/3/9 0:00,0.763,1.6385,0.860807,0.66836,0.211242,0.006349,0.532765,0.5784
1990/3/10 0:00,0.7643,1.6343,0.860956,0.668315,0.211242,0.006306,0.531915,0.5783
1990/3/11 0:00,0.7663,1.6425,0.858222,0.673854,0.211242,0.006318,0.532623,0.5792
1990/3/12 0:00,0.7663,1.642,0.859771,0.6744,0.211242,0.006322,0.532765,0.5796
1990/3/13 0:00,0.765,1.6385,0.858369,0.673401,0.211242,0.006299,0.532765,0.5795
1990/3/14 0:00,0.7654,1.631,0.856898,0.671006,0.211242,0.006275,0.532765,0.5796
1990/3/15 0:00,0.7653,1.6338,0.855945,0.670916,0.211242,0.006254,0.532198,0.5777
1990/3/16 0:00,0.77,1.638,0.860363,0.673854,0.211242,0.006285,0.532056,0.5788
1990/3/17 0:00,0.7732,1.6435,0.860659,0.6744,0.211242,0.00639,0.533333,0.5815
1990/3/18 0:00,0.7705,1.6353,0.859993,0.670556,0.211242,0.006335,0.533333,0.5827
1990/3/19 0:00,0.7655,1.6357,0.861326,0.669792,0.211242,0.006341,0.532623,0.5828
1990/3/20 0:00,0.7663,1.6341,0.862589,0.672043,0.211242,0.0063,0.532056,0.5818
1990/3/21 0:00,0.766,1.637,0.861475,0.681663,0.211242,0.0063,0.532623,0.5817
1990/3/22 0:00,0.756,1.6335,0.86192,0.684229,0.211242,0.006299,0.532623,0.5755
1990/3/23 0:00,0.7503,1.636,0.85955,0.686342,0.211242,0.006293,0.532623,0.5735
1990/3/24 0:00,0.75,1.6389,0.858074,0.689417,0.211242,0.006295,0.532765,0.5748
1990/3/25 0:00,0.7457,1.6405,0.858516,0.687049,0.211242,0.006295,0.533049,0.5685
1990/3/26 0:00,0.752,1.643,0.856678,0.687049,0.211242,0.006317,0.533333,0.5708
1990/3/27 0:00,0.7552,1.6422,0.856898,0.687569,0.211242,0.006323,0.532623,0.5727
1990/3/28 0:00,0.7546,1.66,0.859623,0.692185,0.211242,0.006315,0.533049,0.5726
1990/3/29 0:00,0.7565,1.668,0.860215,0.69808,0.211242,0.006329,0.533049,0.5726
1990/3/30 0:00,0.7577,1.6695,0.859476,0.697837,0.211242,0.006333,0.534902,0.5747
1990/3/31 0:00,0.7585,1.678,0.857486,0.712251,0.211242,0.006392,0.535619,0.5721
1990/4/1 0:00,0.7587,1.6763,0.858148,0.716589,0.211242,0.006369,0.536769,0.5739
1990/4/2 0:00,0.76,1.6813,0.848536,0.716743,0.211242,0.006548,0.540249,0.57
1990/4/3 0:00,0.7669,1.684,0.849618,0.716486,0.211242,0.006546,0.540394,0.5708
1990/4/4 0:00,0.7645,1.677,0.84674,0.715308,0.211242,0.006605,0.540687,0.5725
1990/4/5 0:00,0.7625,1.68,0.850557,0.714286,0.211242,0.006604,0.539374,0.5728
1990/4/6 0:00,0.7617,1.6917,0.851934,0.712251,0.211242,0.006564,0.53952,0.5735
1990/4/7 0:00,0.7605,1.6908,0.84868,0.711845,0.211242,0.006542,0.539432,0.5725
1990/4/8 0:00,0.764,1.6912,0.847817,0.702247,0.211242,0.006513,0.539316,0.5735
1990/4/9 0:00,0.764,1.6915,0.838786,0.705219,0.211242,0.006596,0.539258,0.5735
1990/4/10 0:00,0.7653,1.694,0.84488,0.708065,0.211242,0.006612,0.540541,0.5737
1990/4/11 0:00,0.7623,1.6895,0.843526,0.704225,0.211242,0.006598,0.541126,0.5739
1990/4/12 0:00,0.7668,1.6892,0.844523,0.701508,0.211242,0.00668,0.541126,0.5733
1990/4/13 0:00,0.766,1.6946,0.846167,0.70932,0.211242,0.006628,0.541712,0.5741
1990/4/14 0:00,0.772,1.693,0.848896,0.70373,0.211242,0.006609,0.540979,0.5757
1990/4/15 0:00,0.7678,1.6765,0.851426,0.697837,0.211242,0.006551,0.539374,0.5768
1990/4/16 0:00,0.7693,1.6838,0.852806,0.696379,0.211242,0.006605,0.539374,0.5752
1990/4/17 0:00,0.7676,1.675,0.849907,0.693963,0.211242,0.006596,0.539374,0.5768
1990/4/18 0:00,0.771,1.683,0.850557,0.69701,0.211242,0.006551,0.540249,0.5776
1990/4/19 0:00,0.7718,1.6882,0.85266,0.700035,0.211242,0.006555,0.540833,0.5819
1990/4/20 0:00,0.7775,1.6883,0.855945,0.695169,0.211242,0.006556,0.540716,0.5828
1990/4/21 0:00,0.7725,1.6848,0.851064,0.690703,0.211242,0.006513,0.540687,0.5812
1990/4/22 0:00,0.7751,1.6858,0.853898,0.694203,0.211242,0.006472,0.539957,0.5785
1990/4/23 0:00,0.774,1.7025,0.853606,0.695894,0.211242,0.006475,0.540833,0.5783
1990/4/24 0:00,0.7743,1.707,0.853097,0.697934,0.211242,0.00646,0.540979,0.5806
1990/4/25 0:00,0.775,1.7052,0.854336,0.696621,0.211242,0.006491,0.540979,0.5823
1990/4/26 0:00,0.7756,1.7055,0.853242,0.696379,0.211242,0.006485,0.540541,0.5816
1990/4/27 0:00,0.7792,1.713,0.852733,0.705965,0.211242,0.006506,0.540833,0.5823
1990/4/28 0:00,0.784,1.7205,0.851716,0.710379,0.211265,0.006508,0.542741,0.583
1990/4/29 0:00,0.7833,1.723,0.852951,0.706964,0.211242,0.006494,0.542741,0.5825
1990/4/30 0:00,0.7901,1.725,0.851136,0.706464,0.211242,0.006459,0.542741,0.5875
1990/5/1 0:00,0.7852,1.733,0.845881,0.709723,0.211242,0.006462,0.542741,0.586
1990/5/2 0:00,0.7851,1.7305,0.847889,0.708868,0.211242,0.006436,0.542446,0.5852
1990/5/3 0:00,0.7846,1.7355,0.85237,0.711238,0.211242,0.006445,0.542005,0.5873
1990/5/4 0:00,0.7875,1.7428,0.854336,0.710227,0.211242,0.006478,0.542005,0.5872
1990/5/5 0:00,0.7853,1.7393,0.854847,0.707364,0.211242,0.006529,0.543183,0.5872
1990/5/6 0:00,0.7916,1.745,0.857265,0.706464,0.211242,0.006564,0.543183,0.5883
1990/5/7 0:00,0.7964,1.7634,0.860659,0.712251,0.211242,0.006611,0.545703,0.5903
1990/5/8 0:00,0.7974,1.7795,0.860215,0.717103,0.211242,0.006614,0.545554,0.5902
1990/5/9 0:00,0.799,1.7805,0.859697,0.714439,0.211242,0.006633,0.545852,0.59
1990/5/10 0:00,0.7974,1.7865,0.859697,0.713521,0.211242,0.006621,0.54615,0.5903
1990/5/11 0:00,0.8025,1.8058,0.862664,0.716589,0.211242,0.006618,0.548697,0.5912
1990/5/12 0:00,0.8066,1.815,0.864155,0.716178,0.211242,0.006716,0.550206,0.5933
1990/5/13 0:00,0.7965,1.798,0.862292,0.712504,0.211242,0.006726,0.551876,0.5938
1990/5/14 0:00,0.7913,1.7985,0.862589,0.711744,0.211242,0.006729,0.549602,0.5881
1990/5/15 0:00,0.7804,1.806,0.863632,0.717875,0.211242,0.00678,0.550206,0.5918
1990/5/16 0:00,0.7815,1.804,0.862887,0.705965,0.211242,0.006754,0.550206,0.5892
1990/5/17 0:00,0.7899,1.8112,0.864828,0.710732,0.211242,0.006741,0.550206,0.5918
1990/5/18 0:00,0.7915,1.8205,0.867303,0.709824,0.211242,0.006789,0.552486,0.5928
1990/5/19 0:00,0.7819,1.8146,0.866701,0.70922,0.211242,0.006754,0.550509,0.5923
1990/5/20 0:00,0.7838,1.8143,0.86408,0.71048,0.211242,0.006713,0.550509,0.595
1990/5/21 0:00,0.7839,1.8205,0.864304,0.720202,0.211242,0.006736,0.55142,0.5937
1990/5/22 0:00,0.7858,1.8248,0.865052,0.727273,0.211242,0.006741,0.55057,0.5942
1990/5/23 0:00,0.7859,1.812,0.868056,0.727802,0.211242,0.006717,0.549149,0.5918
1990/5/24 0:00,0.7792,1.8135,0.868282,0.725584,0.211242,0.006647,0.548998,0.5894
1990/5/25 0:00,0.7897,1.8335,0.867905,0.730727,0.211242,0.006684,0.549753,0.5888
1990/5/26 0:00,0.7916,1.8438,0.86783,0.732601,0.211242,0.006748,0.551876,0.591
1990/5/27 0:00,0.7938,1.86,0.867303,0.742005,0.211242,0.006843,0.553403,0.5918
1990/5/28 0:00,0.794,1.855,0.866927,0.737735,0.211242,0.006791,0.55371,0.594
1990/5/29 0:00,0.7859,1.8492,0.86783,0.737191,0.211242,0.006684,0.552944,0.589
1990/5/30 0:00,0.785,1.8565,0.868432,0.740192,0.211242,0.006671,0.552792,0.5936
1990/5/31 0:00,0.79,1.872,0.870701,0.750638,0.211242,0.006678,0.554324,0.5987
1990/6/1 0:00,0.7925,1.877,0.869338,0.751315,0.211242,0.006676,0.554324,0.6017
1990/6/2 0:00,0.7953,1.8655,0.870322,0.744048,0.211242,0.00666,0.55325,0.6018
1990/6/3 0:00,0.7992,1.8717,0.87184,0.747105,0.211242,0.006675,0.55371,0.601
1990/6/4 0:00,0.7977,1.8713,0.87146,0.746826,0.211242,0.00666,0.553863,0.6015
1990/6/5 0:00,0.8025,1.884,0.87184,0.75959,0.211242,0.006651,0.555864,0.6085
1990/6/6 0:00,0.8061,1.8925,0.873057,0.765697,0.211242,0.00669,0.556174,0.6075
1990/6/7 0:00,0.8071,1.8998,0.874508,0.773395,0.211242,0.006782,0.556793,0.618
1990/6/8 0:00,0.8045,1.898,0.870928,0.767165,0.211242,0.006739,0.556793,0.6173
1990/6/9 0:00,0.807,1.919,0.873744,0.780336,0.211242,0.006776,0.558347,0.619
1990/6/10 0:00,0.808,1.9198,0.874279,0.774114,0.211242,0.006809,0.558659,0.6197
1990/6/11 0:00,0.8162,1.921,0.877578,0.777122,0.211242,0.006831,0.558815,0.622
1990/6/12 0:00,0.8205,1.9275,0.879894,0.785238,0.211242,0.006861,0.559597,0.6258
1990/6/13 0:00,0.8293,1.9515,0.883704,0.793336,0.211242,0.006821,0.56338,0.6308
1990/6/14 0:00,0.833,1.9453,0.88199,0.788333,0.211242,0.006824,0.562588,0.6295
1990/6/15 0:00,0.8311,1.9443,0.879353,0.784314,0.211242,0.006923,0.563539,0.628
1990/6/16 0:00,0.8302,1.9483,0.875503,0.780336,0.211242,0.00697,0.566893,0.6313
1990/6/17 0:00,0.8325,1.9465,0.878889,0.77821,0.211242,0.006963,0.566893,0.6303
1990/6/18 0:00,0.8168,1.9225,0.872981,0.771605,0.211242,0.00693,0.566572,0.6132
1990/6/19 0:00,0.816,1.892,0.866176,0.764234,0.211242,0.006948,0.566572,0.6153
1990/6/20 0:00,0.8147,1.8758,0.860956,0.759013,0.211242,0.006966,0.566893,0.6165
1990/6/21 0:00,0.8278,1.899,0.867378,0.770713,0.211242,0.007058,0.572082,0.624
1990/6/22 0:00,0.8237,1.908,0.863632,0.769941,0.211242,0.00709,0.568505,0.6255
1990/6/23 0:00,0.8208,1.894,0.859476,0.766871,0.211242,0.007138,0.562493,0.6233
1990/6/24 0:00,0.8123,1.8555,0.854336,0.75815,0.211242,0.007184,0.565131,0.6202
1990/6/25 0:00,0.817,1.8485,0.859845,0.751597,0.211242,0.007151,0.565291,0.6185
1990/6/26 0:00,0.8187,1.864,0.859993,0.755744,0.211242,0.007262,0.564653,0.6215
1990/6/27 0:00,0.821,1.8767,0.858811,0.761093,0.211242,0.007281,0.561167,0.624
1990/6/28 0:00,0.8267,1.8985,0.85859,0.774893,0.211242,0.007317,0.564334,0.6275
1990/6/29 0:00,0.8316,1.9025,0.862515,0.777001,0.211242,0.007299,0.566412,0.623
1990/6/30 0:00,0.8335,1.918,0.863931,0.779727,0.210975,0.007273,0.566251,0.625
1990/7/1 0:00,0.8291,1.8847,0.863931,0.765697,0.211242,0.007273,0.566412,0.6225
1990/7/2 0:00,0.8266,1.8683,0.866101,0.757576,0.211242,0.007303,0.566091,0.619
1990/7/3 0:00,0.8288,1.846,0.867152,0.756315,0.211242,0.007305,0.565131,0.613
1990/7/4 0:00,0.8315,1.884,0.869338,0.770713,0.211242,0.007348,0.565931,0.6215
1990/7/5 0:00,0.8303,1.8768,0.869943,0.768049,0.211242,0.007279,0.565931,0.6204
1990/7/6 0:00,0.831,1.864,0.867002,0.76266,0.211242,0.007285,0.565931,0.6183
1990/7/7 0:00,0.8267,1.871,0.865576,0.764526,0.211242,0.007227,0.567054,0.616
1990/7/8 0:00,0.8254,1.8735,0.864678,0.769527,0.211242,0.007232,0.566412,0.615
1990/7/9 0:00,0.8311,1.889,0.867378,0.775494,0.211242,0.007305,0.567859,0.619
1990/7/10 0:00,0.8298,1.8885,0.867303,0.773994,0.211242,0.007302,0.567698,0.618
1990/7/11 0:00,0.832,1.898,0.868282,0.77821,0.211242,0.007346,0.569314,0.6183
1990/7/12 0:00,0.833,1.9118,0.870398,0.783085,0.211242,0.007468,0.571265,0.6165
1990/7/13 0:00,0.8351,1.9465,0.866176,0.774593,0.211242,0.007553,0.571919,0.6163
1990/7/14 0:00,0.8337,1.97,0.86881,0.782779,0.211242,0.007673,0.578035,0.6193
1990/7/15 0:00,0.8265,1.9675,0.869565,0.782473,0.211242,0.007694,0.577367,0.6168
1990/7/16 0:00,0.814,1.964,0.868508,0.774593,0.211242,0.007695,0.577201,0.6155
1990/7/17 0:00,0.8183,1.9732,0.871688,0.782167,0.211242,0.007773,0.578704,0.6167
1990/7/18 0:00,0.7888,1.9535,0.86783,0.776096,0.211242,0.007803,0.580046,0.6065
1990/7/19 0:00,0.787,1.957,0.865426,0.781861,0.211242,0.007859,0.580046,0.604
1990/7/20 0:00,0.7775,1.965,0.85859,0.785238,0.211242,0.007983,0.582242,0.598
1990/7/21 0:00,0.769,1.9535,0.851209,0.784929,0.211242,0.007997,0.586166,0.6
1990/7/22 0:00,0.782,1.9595,0.856898,0.787402,0.211242,0.007952,0.583601,0.605
1990/7/23 0:00,0.782,1.948,0.852297,0.780031,0.211242,0.007933,0.58548,0.607
1990/7/24 0:00,0.778,1.9464,0.853971,0.780214,0.211242,0.007843,0.584112,0.6048
1990/7/25 0:00,0.7804,1.9565,0.855578,0.787402,0.211242,0.007809,0.584454,0.6063
1990/7/26 0:00,0.7833,1.954,0.856164,0.783085,0.211242,0.007855,0.586166,0.609
1990/7/27 0:00,0.7812,1.956,0.858001,0.78064,0.211242,0.007813,0.581395,0.6098
1990/7/28 0:00,0.7835,1.953,0.858959,0.777001,0.211242,0.007788,0.585995,0.613
1990/7/29 0:00,0.7821,1.9475,0.856898,0.775494,0.211242,0.007746,0.584624,0.6141
1990/7/30 0:00,0.7848,1.944,0.856311,0.777001,0.211242,0.007695,0.586166,0.6145
1990/7/31 0:00,0.7837,1.95,0.858222,0.783576,0.211242,0.007664,0.583942,0.6115
1990/8/1 0:00,0.7765,1.9515,0.858001,0.786968,0.211242,0.007776,0.585138,0.6071
1990/8/2 0:00,0.782,1.9695,0.863036,0.79968,0.211242,0.007886,0.588062,0.6145
1990/8/3 0:00,0.787,1.973,0.861252,0.8,0.211242,0.007855,0.58651,0.6145
1990/8/4 0:00,0.7785,1.976,0.859993,0.803859,0.211242,0.007803,0.587372,0.6135
1990/8/5 0:00,0.7781,1.967,0.855432,0.800961,0.211242,0.007698,0.585309,0.612
1990/8/6 0:00,0.7794,1.9665,0.854701,0.8,0.211242,0.007708,0.584112,0.6105
1990/8/7 0:00,0.7725,1.9642,0.85778,0.797639,0.211242,0.007716,0.584283,0.6125
1990/8/8 0:00,0.7707,1.961,0.858738,0.802568,0.211242,0.007715,0.583601,0.61
1990/8/9 0:00,0.772,1.9595,0.860511,0.798594,0.211242,0.007736,0.584283,0.6095
1990/8/10 0:00,0.7635,1.9707,0.859771,0.802761,0.191015,0.007752,0.584966,0.6095
1990/8/11 0:00,0.7653,1.9698,0.862069,0.801732,0.191015,0.007755,0.584966,0.6118
1990/8/12 0:00,0.7635,1.9685,0.862664,0.799169,0.191015,0.007834,0.583431,0.6125
1990/8/13 0:00,0.7658,1.967,0.862589,0.794597,0.191015,0.007852,0.585138,0.6137
1990/8/14 0:00,0.7663,1.9658,0.862069,0.788955,0.191015,0.007767,0.584966,0.6119
1990/8/15 0:00,0.7684,1.976,0.859476,0.793651,0.191015,0.007792,0.585309,0.6113
1990/8/16 0:00,0.7691,1.972,0.858222,0.788457,0.191015,0.007701,0.585995,0.61
1990/8/17 0:00,0.7722,1.9515,0.858516,0.783085,0.191015,0.00755,0.583942,0.6092
1990/8/18 0:00,0.774,1.9392,0.85778,0.783392,0.191015,0.007513,0.58072,0.609
1990/8/19 0:00,0.7768,1.9195,0.858001,0.773994,0.191015,0.00744,0.58072,0.61
1990/8/20 0:00,0.7773,1.926,0.859254,0.778695,0.191015,0.00746,0.580383,0.6093
1990/8/21 0:00,0.7692,1.922,0.859845,0.77912,0.191015,0.007433,0.581564,0.609
1990/8/22 0:00,0.77,1.938,0.860363,0.785855,0.191015,0.007556,0.581903,0.6008
1990/8/23 0:00,0.7735,1.95,0.862813,0.791766,0.191015,0.007631,0.582072,0.6025
1990/8/24 0:00,0.7667,1.9425,0.864304,0.792393,0.191015,0.007582,0.584283,0.6043
1990/8/25 0:00,0.7677,1.939,0.862887,0.788955,0.191015,0.00757,0.58326,0.6005
1990/8/26 0:00,0.766,1.944,0.86192,0.790826,0.191015,0.007586,0.583431,0.6011
1990/8/27 0:00,0.7581,1.9435,0.862069,0.790202,0.191015,0.007568,0.584454,0.596
1990/8/28 0:00,0.7675,1.9391,0.862143,0.784806,0.191015,0.007522,0.58309,0.5985
1990/8/29 0:00,0.766,1.9285,0.863931,0.784314,0.191015,0.007505,0.582751,0.5913
1990/8/30 0:00,0.7701,1.935,0.864603,0.787216,0.191015,0.007506,0.580552,0.5872
1990/8/31 0:00,0.771,1.931,0.862589,0.787402,0.191015,0.007454,0.578704,0.5997
1990/9/1 0:00,0.7734,1.906,0.862813,0.775314,0.191015,0.007416,0.576037,0.59
1990/9/2 0:00,0.773,1.885,0.862069,0.763942,0.191015,0.007375,0.573559,0.586
1990/9/3 0:00,0.774,1.867,0.861772,0.759878,0.191015,0.00735,0.573559,0.5855
1990/9/4 0:00,0.774,1.885,0.862069,0.765111,0.191015,0.00735,0.569801,0.586
1990/9/5 0:00,0.7675,1.887,0.861178,0.765697,0.191015,0.007329,0.569963,0.585
1990/9/6 0:00,0.77,1.921,0.861178,0.781555,0.191015,0.007401,0.573559,0.5855
1990/9/7 0:00,0.772,1.9285,0.861698,0.783085,0.191015,0.007366,0.574713,0.5865
1990/9/8 0:00,0.7735,1.9425,0.864006,0.792267,0.191015,0.007429,0.573559,0.5918
1990/9/9 0:00,0.7784,1.9465,0.867303,0.789578,0.191015,0.007516,0.573394,0.5935
1990/9/10 0:00,0.7793,1.932,0.868583,0.784006,0.191015,0.007402,0.570939,0.5911
1990/9/11 0:00,0.7775,1.905,0.867077,0.773934,0.191015,0.007315,0.568828,0.592
1990/9/12 0:00,0.7785,1.906,0.868432,0.776398,0.191015,0.007329,0.568182,0.5923
1990/9/13 0:00,0.7728,1.9258,0.865127,0.785423,0.191015,0.00746,0.568343,0.5906
1990/9/14 0:00,0.7733,1.905,0.867604,0.776096,0.191015,0.007429,0.56899,0.5905
1990/9/15 0:00,0.7728,1.907,0.867303,0.78125,0.191015,0.007449,0.568505,0.5937
1990/9/16 0:00,0.7765,1.9045,0.870701,0.779362,0.191015,0.007405,0.566733,0.593
1990/9/17 0:00,0.781,1.904,0.870701,0.77682,0.191015,0.007358,0.566893,0.594
1990/9/18 0:00,0.7889,1.9047,0.870625,0.775795,0.191015,0.007307,0.565611,0.5972
1990/9/19 0:00,0.7817,1.9228,0.865501,0.785855,0.191015,0.007526,0.572902,0.5943
1990/9/20 0:00,0.7778,1.9416,0.862962,0.792393,0.191015,0.00753,0.572902,0.5947
1990/9/21 0:00,0.782,1.9477,0.860956,0.794786,0.191015,0.007593,0.577367,0.596
1990/9/22 0:00,0.7841,1.955,0.862962,0.797957,0.191015,0.007552,0.576535,0.596
1990/9/23 0:00,0.7787,1.96,0.862887,0.794913,0.191015,0.007563,0.579206,0.5968
1990/9/24 0:00,0.776,1.9575,0.858738,0.793651,0.191015,0.00756,0.579206,0.5966
1990/9/25 0:00,0.7812,1.9642,0.860511,0.791452,0.191015,0.007564,0.579206,0.5975
1990/9/26 0:00,0.7836,1.9695,0.862292,0.793336,0.191015,0.007603,0.579374,0.6002
1990/9/27 0:00,0.785,1.961,0.861698,0.788955,0.191015,0.007599,0.578369,0.5995
1990/9/28 0:00,0.7826,1.965,0.859919,0.794913,0.191015,0.007607,0.577034,0.5987
1990/9/29 0:00,0.782,1.9763,0.861475,0.798403,0.191015,0.007607,0.577367,0.5997
1990/9/30 0:00,0.7817,1.9772,0.863409,0.799233,0.191015,0.007629,0.581734,0.6002
1990/10/1 0:00,0.7765,1.983,0.862441,0.800641,0.191015,0.007708,0.583431,0.5995
1990/10/2 0:00,0.7787,1.999,0.863558,0.809913,0.191015,0.007791,0.584283,0.6003
1990/10/3 0:00,0.7816,1.9965,0.862292,0.808081,0.191015,0.007816,0.584112,0.603
1990/10/4 0:00,0.7796,1.987,0.863185,0.803536,0.191015,0.007819,0.583771,0.6007
1990/10/5 0:00,0.7793,1.997,0.864454,0.809389,0.191015,0.00783,0.584966,0.601
1990/10/6 0:00,0.7809,1.9915,0.867002,0.803213,0.191015,0.007794,0.583771,0.6032
1990/10/7 0:00,0.7875,1.9918,0.867077,0.80032,0.191015,0.007747,0.586166,0.6071
1990/10/8 0:00,0.7869,1.98,0.866551,0.795545,0.191015,0.007704,0.585309,0.6062
1990/10/9 0:00,0.7886,1.9705,0.866176,0.788644,0.191015,0.007666,0.584283,0.6058
1990/10/10 0:00,0.788,1.9515,0.866551,0.780336,0.191015,0.007602,0.58072,0.6045
1990/10/11 0:00,0.7873,1.947,0.867002,0.781372,0.191015,0.007587,0.581058,0.5993
1990/10/12 0:00,0.788,1.9571,0.868432,0.784745,0.191015,0.00761,0.58072,0.5992
1990/10/13 0:00,0.7838,1.9437,0.868056,0.775494,0.191015,0.007564,0.582072,0.5972
1990/10/14 0:00,0.7833,1.923,0.86798,0.766871,0.191015,0.007499,0.578871,0.5974
1990/10/15 0:00,0.784,1.9205,0.868357,0.766284,0.191015,0.007527,0.579206,0.6002
1990/10/16 0:00,0.7836,1.9155,0.868206,0.759878,0.191015,0.00756,0.578536,0.5988
1990/10/17 0:00,0.7853,1.91,0.869641,0.753863,0.191015,0.007522,0.579374,0.5995
1990/10/18 0:00,0.7848,1.898,0.867227,0.750751,0.191015,0.007432,0.577868,0.601
1990/10/19 0:00,0.7763,1.8965,0.865276,0.746269,0.191015,0.007377,0.576369,0.5977
1990/10/20 0:00,0.7727,1.9017,0.865876,0.748783,0.191015,0.007386,0.576868,0.5977
1990/10/21 0:00,0.7669,1.8505,0.865276,0.729661,0.191015,0.007241,0.572181,0.598
1990/10/22 0:00,0.7673,1.858,0.865726,0.733945,0.191015,0.007337,0.573559,0.5979
1990/10/23 0:00,0.7651,1.856,0.866401,0.730194,0.191015,0.007331,0.572574,0.596
1990/10/24 0:00,0.7688,1.8555,0.866701,0.730727,0.191015,0.007356,0.572082,0.5968
1990/10/25 0:00,0.7713,1.8305,0.865576,0.720825,0.191015,0.007289,0.570776,0.5965
1990/10/26 0:00,0.7679,1.791,0.867077,0.708215,0.191015,0.007239,0.568182,0.593
1990/10/27 0:00,0.7696,1.765,0.865202,0.700035,0.191015,0.007239,0.565611,0.594
1990/10/28 0:00,0.7683,1.7765,0.86326,0.702741,0.191015,0.007215,0.564653,0.5953
1990/10/29 0:00,0.7712,1.792,0.865052,0.708968,0.191015,0.007267,0.564972,0.5957
1990/10/30 0:00,0.773,1.7895,0.863856,0.709572,0.191015,0.007289,0.565291,0.5945
1990/10/31 0:00,0.771,1.764,0.861698,0.69979,0.191015,0.007224,0.564653,0.5891
1990/11/1 0:00,0.7713,1.7533,0.862218,0.696718,0.191015,0.007228,0.560538,0.5865
1990/11/2 0:00,0.7742,1.7395,0.861475,0.687521,0.191015,0.007189,0.558347,0.5865
1990/11/3 0:00,0.775,1.7365,0.862962,0.687049,0.191015,0.007082,0.557414,0.5865
1990/11/4 0:00,0.773,1.7485,0.862441,0.692041,0.191015,0.007112,0.558659,0.5865
1990/11/5 0:00,0.775,1.7585,0.863185,0.695314,0.191015,0.007133,0.558971,0.5873
1990/11/6 0:00,0.775,1.7705,0.865052,0.702099,0.191015,0.007231,0.560067,0.59
1990/11/7 0:00,0.7786,1.777,0.865276,0.706165,0.191015,0.007278,0.567215,0.5928
1990/11/8 0:00,0.7842,1.788,0.865276,0.713521,0.191015,0.007355,0.564653,0.5925
1990/11/9 0:00,0.786,1.7705,0.866701,0.704722,0.191015,0.007305,0.567537,0.5943
1990/11/10 0:00,0.7846,1.7675,0.866551,0.698227,0.191015,0.007286,0.564972,0.5917
1990/11/11 0:00,0.7857,1.791,0.867528,0.707965,0.189204,0.007402,0.565611,0.5905
1990/11/12 0:00,0.7871,1.7793,0.867905,0.702247,0.189204,0.007334,0.56899,0.591
1990/11/13 0:00,0.7818,1.79,0.869717,0.708215,0.189204,0.007356,0.568505,0.5898
1990/11/14 0:00,0.7844,1.7775,0.868961,0.701016,0.189297,0.007337,0.568505,0.5895
1990/11/15 0:00,0.7803,1.7875,0.869717,0.702494,0.189297,0.007436,0.570125,0.5896
1990/11/16 0:00,0.7799,1.7885,0.870474,0.705219,0.189297,0.007416,0.571429,0.5921
1990/11/17 0:00,0.779,1.783,0.868885,0.701262,0.189297,0.007334,0.572082,0.5908
1990/11/18 0:00,0.7776,1.771,0.867679,0.693001,0.189072,0.00731,0.568828,0.5909
1990/11/19 0:00,0.7728,1.719,0.865801,0.679579,0.188754,0.007216,0.562588,0.5885
1990/11/20 0:00,0.7703,1.69,0.862441,0.675219,0.188384,0.007171,0.560852,0.5841
1990/11/21 0:00,0.775,1.712,0.864828,0.685166,0.188551,0.00725,0.561956,0.5885
1990/11/22 0:00,0.7741,1.694,0.865801,0.680365,0.188551,0.007244,0.56338,0.5843
1990/11/23 0:00,0.7768,1.6935,0.867303,0.682221,0.188551,0.007244,0.562272,0.5843
1990/11/24 0:00,0.7795,1.686,0.868131,0.675904,0.188551,0.00724,0.563857,0.585
1990/11/25 0:00,0.7792,1.6765,0.867002,0.673854,0.188551,0.007262,0.560381,0.5847
1990/11/26 0:00,0.7788,1.7265,0.868056,0.692041,0.188654,0.007267,0.568828,0.588
1990/11/27 0:00,0.778,1.717,0.869792,0.685401,0.188654,0.007241,0.566251,0.5853
1990/11/28 0:00,0.7764,1.695,0.868432,0.677507,0.188654,0.007218,0.563222,0.5848
1990/11/29 0:00,0.7795,1.705,0.868432,0.68018,0.187966,0.007222,0.564016,0.5875
1990/11/30 0:00,0.7807,1.7215,0.868961,0.685401,0.187966,0.007249,0.566251,0.5876
1990/12/1 0:00,0.7838,1.7175,0.868056,0.682594,0.187966,0.007228,0.564493,0.5887
1990/12/2 0:00,0.783,1.704,0.867303,0.678887,0.187744,0.007179,0.564334,0.5899
1990/12/3 0:00,0.7838,1.719,0.868508,0.685401,0.187744,0.007207,0.564653,0.5892
1990/12/4 0:00,0.7791,1.7315,0.869338,0.692521,0.187744,0.007173,0.564653,0.5875
1990/12/5 0:00,0.7788,1.7383,0.868734,0.698227,0.187744,0.007239,0.564653,0.5881
1990/12/6 0:00,0.7835,1.7478,0.86949,0.698568,0.187966,0.007247,0.566572,0.5896
1990/12/7 0:00,0.7834,1.7455,0.870322,0.693963,0.187966,0.00727,0.566572,0.5912
1990/12/8 0:00,0.7825,1.7135,0.869036,0.67981,0.187966,0.00722,0.564653,0.5902
1990/12/9 0:00,0.7824,1.719,0.869868,0.685542,0.187505,0.007235,0.563857,0.5882
1990/12/10 0:00,0.7765,1.7365,0.870474,0.689893,0.187505,0.007273,0.564334,0.5888
1990/12/11 0:00,0.7715,1.727,0.870171,0.684932,0.187631,0.007244,0.564334,0.5875
1990/12/12 0:00,0.7565,1.7345,0.868885,0.686672,0.18741,0.007261,0.564653,0.5785
1990/12/13 0:00,0.759,1.731,0.869943,0.687474,0.18741,0.007225,0.565451,0.582
1990/12/14 0:00,0.7603,1.7453,0.872296,0.691802,0.18741,0.007257,0.565291,0.5825
1990/12/15 0:00,0.7605,1.734,0.871688,0.683527,0.18741,0.007236,0.567215,0.5834
1990/12/16 0:00,0.7565,1.7155,0.871992,0.682128,0.186951,0.007254,0.567215,0.5828
1990/12/17 0:00,0.7594,1.698,0.873134,0.674673,0.186951,0.007223,0.566412,0.581
1990/12/18 0:00,0.7575,1.6969,0.873286,0.671366,0.186787,0.00719,0.564812,0.5811
1990/12/19 0:00,0.76,1.703,0.873744,0.673401,0.186619,0.007212,0.564493,0.583
1990/12/20 0:00,0.7603,1.6937,0.872981,0.66836,0.186619,0.007188,0.564334,0.5824
1990/12/21 0:00,0.7507,1.6875,0.87222,0.665557,0.186619,0.007185,0.563222,0.5795
1990/12/22 0:00,0.7515,1.671,0.87146,0.658328,0.186619,0.007127,0.562588,0.5797
1990/12/23 0:00,0.752,1.6688,0.871536,0.661463,0.18631,0.007047,0.560695,0.5763
1990/12/24 0:00,0.755,1.6615,0.87321,0.660284,0.18631,0.007082,0.561167,0.574
1990/12/25 0:00,0.7548,1.6445,0.873744,0.652529,0.18631,0.007047,0.559284,0.5718
1990/12/26 0:00,0.754,1.6377,0.873744,0.650491,0.186092,0.007076,0.558659,0.5712
1990/12/27 0:00,0.7598,1.6252,0.874891,0.646831,0.186092,0.007094,0.559128,0.576
1990/12/28 0:00,0.763,1.6115,0.875274,0.640164,0.186092,0.007097,0.557724,0.575
1990/12/29 0:00,0.7631,1.6325,0.87535,0.649899,0.186092,0.007139,0.559284,0.5753
1990/12/30 0:00,0.7641,1.6312,0.87581,0.648635,0.186254,0.007208,0.563222,0.576
1990/12/31 0:00,0.765,1.631,0.87512,0.646496,0.186254,0.007194,0.563063,0.5752
1991/1/1 0:00,0.7645,1.642,0.874891,0.652103,0.186254,0.007199,0.56243,0.575
1991/1/2 0:00,0.765,1.6281,0.875734,0.644122,0.186254,0.007204,0.565611,0.5755
1991/1/3 0:00,0.767,1.6395,0.87581,0.647668,0.186254,0.007231,0.565771,0.5763
1991/1/4 0:00,0.7675,1.632,0.875197,0.645369,0.186254,0.007241,0.567215,0.5773
1991/1/5 0:00,0.767,1.618,0.87535,0.641766,0.186254,0.007252,0.564972,0.5754
1991/1/6 0:00,0.7651,1.614,0.874891,0.638978,0.186254,0.007225,0.565707,0.5723
1991/1/7 0:00,0.7643,1.6015,0.874661,0.632711,0.185929,0.007206,0.564972,0.568
1991/1/8 0:00,0.7642,1.6057,0.875044,0.631712,0.185711,0.007168,0.564334,0.5685
1991/1/9 0:00,0.7651,1.615,0.874279,0.634719,0.185711,0.007228,0.565931,0.5665
1991/1/10 0:00,0.7665,1.628,0.873744,0.639591,0.185912,0.007208,0.567376,0.5686
1991/1/11 0:00,0.765,1.622,0.87146,0.635526,0.186074,0.007212,0.568666,0.5667
1991/1/12 0:00,0.7664,1.621,0.87108,0.636132,0.186074,0.007219,0.56802,0.5632
1991/1/13 0:00,0.7664,1.607,0.870095,0.62901,0.186074,0.007216,0.568666,0.5618
1991/1/14 0:00,0.77,1.6505,0.870852,0.645203,0.186074,0.007313,0.571102,0.5624
1991/1/15 0:00,0.7738,1.6515,0.87222,0.646078,0.186293,0.007315,0.571102,0.5627
1991/1/16 0:00,0.7755,1.644,0.872372,0.64041,0.186293,0.007291,0.570613,0.5645
1991/1/17 0:00,0.776,1.6525,0.871536,0.643708,0.186293,0.00731,0.570451,0.5648
1991/1/18 0:00,0.773,1.666,0.866176,0.651254,0.186293,0.00731,0.571102,0.563
1991/1/19 0:00,0.7785,1.691,0.862069,0.660066,0.186293,0.007329,0.571102,0.5674
1991/1/20 0:00,0.7755,1.681,0.864528,0.656599,0.18655,0.007275,0.570776,0.5667
1991/1/21 0:00,0.7738,1.6835,0.864454,0.655523,0.18655,0.0073,0.571265,0.565
1991/1/22 0:00,0.7751,1.6938,0.867679,0.661463,0.18655,0.007279,0.57241,0.5664
1991/1/23 0:00,0.7758,1.6875,0.869717,0.660066,0.18655,0.007252,0.571102,0.571
1991/1/24 0:00,0.7761,1.6743,0.870246,0.652529,0.18655,0.007237,0.571429,0.5712
1991/1/25 0:00,0.7792,1.6798,0.868583,0.654108,0.18655,0.00725,0.572082,0.5711
1991/1/26 0:00,0.778,1.6845,0.868131,0.655308,0.18655,0.007277,0.57323,0.5708
1991/1/27 0:00,0.7765,1.6735,0.869338,0.651169,0.18655,0.007264,0.574053,0.5714
1991/1/28 0:00,0.779,1.6945,0.86881,0.66313,0.18655,0.007313,0.573723,0.5725
1991/1/29 0:00,0.7802,1.7095,0.869717,0.667111,0.18655,0.007316,0.577534,0.5757
1991/1/30 0:00,0.7822,1.712,0.870549,0.668807,0.186679,0.007368,0.579542,0.574
1991/1/31 0:00,0.7835,1.7128,0.87146,0.66912,0.186679,0.007361,0.579039,0.5741
1991/2/1 0:00,0.7825,1.7,0.872068,0.66335,0.186679,0.007328,0.580552,0.5735
1991/2/2 0:00,0.7835,1.695,0.871992,0.660066,0.186505,0.007305,0.58072,0.5711
1991/2/3 0:00,0.7839,1.6983,0.871916,0.662252,0.186505,0.007324,0.580383,0.5717
1991/2/4 0:00,0.7825,1.6935,0.8726,0.660502,0.186505,0.007325,0.58072,0.5738
1991/2/5 0:00,0.7821,1.6875,0.87382,0.658545,0.186505,0.00732,0.58072,0.573
1991/2/6 0:00,0.7785,1.688,0.874585,0.656599,0.186505,0.007328,0.58072,0.5731
1991/2/7 0:00,0.7776,1.662,0.873897,0.64914,0.186234,0.007286,0.579206,0.5732
1991/2/8 0:00,0.779,1.63,0.873897,0.644745,0.185925,0.007231,0.574383,0.5705
1991/2/9 0:00,0.7815,1.6377,0.87558,0.645786,0.185405,0.007275,0.574713,0.575
1991/2/10 0:00,0.784,1.6765,0.874279,0.656599,0.18557,0.00731,0.579542,0.5753
1991/2/11 0:00,0.7871,1.697,0.874508,0.664452,0.18566,0.00733,0.580215,0.5755
1991/2/12 0:00,0.7855,1.6715,0.874126,0.652742,0.18566,0.007294,0.580215,0.5742
1991/2/13 0:00,0.7845,1.6795,0.873744,0.654664,0.18566,0.007299,0.580114,0.5735
1991/2/14 0:00,0.7841,1.68,0.875887,0.656728,0.18566,0.007299,0.580215,0.573
1991/2/15 0:00,0.7845,1.69,0.876578,0.659065,0.18566,0.007321,0.580383,0.5741
1991/2/16 0:00,0.7842,1.6805,0.876732,0.655523,0.18566,0.007299,0.581564,0.575
1991/2/17 0:00,0.7852,1.68,0.875503,0.654236,0.18566,0.007307,0.581564,0.5744
1991/2/18 0:00,0.7781,1.691,0.876655,0.655093,0.18566,0.007352,0.581903,0.5723
1991/2/19 0:00,0.7848,1.6935,0.875887,0.656254,0.18566,0.007391,0.581903,0.5745
1991/2/20 0:00,0.7856,1.692,0.876424,0.65475,0.18566,0.00736,0.581734,0.5798
1991/2/21 0:00,0.7867,1.6975,0.877578,0.656814,0.18566,0.007345,0.582411,0.5814
1991/2/22 0:00,0.7905,1.73,0.877886,0.671141,0.18566,0.00741,0.587027,0.5825
1991/2/23 0:00,0.7878,1.7295,0.876732,0.675447,0.185753,0.007416,0.587027,0.5822
1991/2/24 0:00,0.7896,1.7252,0.878889,0.672812,0.185753,0.00741,0.587027,0.582
1991/2/25 0:00,0.7958,1.7335,0.87943,0.676819,0.185753,0.007459,0.588582,0.5843
1991/2/26 0:00,0.7963,1.7325,0.880204,0.677507,0.185753,0.007464,0.588408,0.5863
1991/2/27 0:00,0.7995,1.742,0.879894,0.685636,0.185753,0.007473,0.590145,0.587
1991/2/28 0:00,0.7957,1.7275,0.879894,0.676727,0.185532,0.007435,0.590319,0.5839
1991/3/1 0:00,0.7974,1.7285,0.880669,0.679117,0.185532,0.007442,0.589623,0.5843
1991/3/2 0:00,0.8011,1.744,0.881446,0.685401,0.185532,0.007516,0.592066,0.5845
1991/3/3 0:00,0.8002,1.738,0.881834,0.686106,0.185532,0.007514,0.591191,0.5856
1991/3/4 0:00,0.7961,1.7333,0.881446,0.682827,0.185532,0.007502,0.590493,0.5737
1991/3/5 0:00,0.7935,1.7325,0.880902,0.682268,0.185532,0.007481,0.590842,0.5643
1991/3/6 0:00,0.7965,1.737,0.881601,0.685166,0.185532,0.007496,0.58997,0.5693
1991/3/7 0:00,0.7971,1.7485,0.883783,0.688705,0.185532,0.007508,0.592066,0.5678
1991/3/8 0:00,0.8004,1.751,0.884173,0.687853,0.185532,0.007537,0.592839,0.5699
1991/3/9 0:00,0.7953,1.75,0.883939,0.686059,0.185532,0.007647,0.592242,0.568
1991/3/10 0:00,0.794,1.739,0.88347,0.680967,0.185687,0.007691,0.591716,0.5665
1991/3/11 0:00,0.796,1.7352,0.885347,0.679117,0.185687,0.007734,0.591541,0.5671
1991/3/12 0:00,0.7934,1.714,0.886132,0.672948,0.185687,0.007686,0.590319,0.5673
1991/3/13 0:00,0.7955,1.7165,0.88574,0.675219,0.185377,0.007678,0.589275,0.568
1991/3/14 0:00,0.7943,1.7145,0.884564,0.674764,0.185377,0.007672,0.590493,0.5654
1991/3/15 0:00,0.797,1.719,0.885426,0.674764,0.185377,0.007708,0.590667,0.5635
1991/3/16 0:00,0.8,1.702,0.885112,0.66912,0.185377,0.007679,0.589623,0.5679
1991/3/17 0:00,0.7955,1.7105,0.884408,0.672043,0.185377,0.007691,0.58997,0.5661
1991/3/18 0:00,0.798,1.725,0.886525,0.677277,0.185377,0.007706,0.58997,0.5658
1991/3/19 0:00,0.7968,1.7185,0.887311,0.675219,0.185377,0.007649,0.590145,0.566
1991/3/20 0:00,0.795,1.7145,0.887548,0.675904,0.185377,0.007622,0.589623,0.5628
1991/3/21 0:00,0.784,1.7065,0.886918,0.671592,0.185377,0.007602,0.588928,0.5526
1991/3/22 0:00,0.7854,1.711,0.888573,0.671817,0.185377,0.007623,0.590145,0.5565
1991/3/23 0:00,0.7855,1.711,0.888415,0.671366,0.185377,0.00761,0.589275,0.5565
1991/3/24 0:00,0.7871,1.723,0.890313,0.676361,0.185849,0.007648,0.588928,0.5551
1991/3/25 0:00,0.7845,1.7425,0.890631,0.68306,0.185377,0.007629,0.590319,0.5563
1991/3/26 0:00,0.7791,1.7425,0.890472,0.682594,0.185377,0.007657,0.591017,0.5566
1991/3/27 0:00,0.7845,1.781,0.892061,0.696961,0.185377,0.007758,0.598802,0.564
1991/3/28 0:00,0.7836,1.7697,0.89222,0.690131,0.185377,0.007704,0.597372,0.5633
1991/3/29 0:00,0.7854,1.768,0.888099,0.68918,0.185271,0.007673,0.59453,0.5585
1991/3/30 0:00,0.7863,1.775,0.883314,0.690846,0.185178,0.0077,0.597015,0.5618
1991/3/31 0:00,0.7851,1.769,0.884408,0.688231,0.185268,0.007689,0.597372,0.5611
1991/4/1 0:00,0.7866,1.791,0.886525,0.701262,0.185268,0.007734,0.600781,0.5654
1991/4/2 0:00,0.7883,1.7955,0.885975,0.704722,0.185268,0.007695,0.60006,0.5667
1991/4/3 0:00,0.789,1.796,0.880359,0.703235,0.185268,0.007706,0.600781,0.566
1991/4/4 0:00,0.7911,1.7975,0.880437,0.704821,0.18534,0.007715,0.600962,0.5673
1991/4/5 0:00,0.7915,1.7975,0.878889,0.708868,0.185117,0.00772,0.601685,0.569
1991/4/6 0:00,0.7918,1.7985,0.877501,0.709975,0.185117,0.007827,0.604047,0.5682
1991/4/7 0:00,0.7888,1.7978,0.880282,0.713776,0.185117,0.007806,0.605327,0.567
1991/4/8 0:00,0.7868,1.767,0.879507,0.700525,0.185117,0.007676,0.599161,0.564
1991/4/9 0:00,0.7844,1.7655,0.881057,0.696379,0.184792,0.007688,0.599341,0.561
1991/4/10 0:00,0.784,1.776,0.882223,0.702494,0.184792,0.007695,0.603136,0.5627
1991/4/11 0:00,0.7855,1.7715,0.881679,0.69979,0.184792,0.007719,0.601142,0.5619
1991/4/12 0:00,0.7851,1.7725,0.880747,0.69979,0.184792,0.007719,0.60241,0.5623
1991/4/13 0:00,0.7818,1.7915,0.879507,0.710227,0.184792,0.007766,0.603136,0.5618
1991/4/14 0:00,0.7784,1.81,0.879662,0.71958,0.184792,0.0078,0.605327,0.56
1991/4/15 0:00,0.7735,1.806,0.880204,0.719166,0.184792,0.007788,0.606612,0.5566
1991/4/16 0:00,0.7728,1.808,0.879972,0.716589,0.184792,0.00777,0.605694,0.5562
1991/4/17 0:00,0.772,1.8085,0.876655,0.718391,0.184478,0.007743,0.604595,0.5552
1991/4/18 0:00,0.7711,1.8075,0.87558,0.71582,0.184478,0.007738,0.604595,0.5588
1991/4/19 0:00,0.7705,1.8185,0.87535,0.715052,0.184478,0.007764,0.6035,0.5576
1991/4/20 0:00,0.773,1.821,0.874355,0.716846,0.184165,0.007784,0.606428,0.557
1991/4/21 0:00,0.7737,1.822,0.872981,0.716846,0.184294,0.007776,0.607533,0.554
1991/4/22 0:00,0.7731,1.8252,0.871992,0.717103,0.184294,0.007785,0.606796,0.5496
1991/4/23 0:00,0.7715,1.8325,0.86408,0.722909,0.184294,0.007792,0.608088,0.5507
1991/4/24 0:00,0.767,1.86,0.865801,0.734214,0.184294,0.007839,0.609756,0.543
1991/4/25 0:00,0.7604,1.8765,0.861995,0.742942,0.184294,0.007902,0.614251,0.5435
1991/4/26 0:00,0.7601,1.8705,0.861401,0.738007,0.184189,0.00784,0.613497,0.544
1991/4/27 0:00,0.7608,1.884,0.861104,0.743771,0.184189,0.007888,0.613121,0.5445
1991/4/28 0:00,0.7624,1.8768,0.861846,0.740192,0.184189,0.007964,0.614628,0.5435
1991/4/29 0:00,0.7597,1.8665,0.86326,0.737735,0.18356,0.007952,0.613121,0.5405
1991/4/30 0:00,0.7593,1.866,0.865202,0.734484,0.18356,0.008006,0.616903,0.5403
1991/5/1 0:00,0.7565,1.868,0.868432,0.732601,0.18356,0.008032,0.615006,0.5375
1991/5/2 0:00,0.7572,1.845,0.871612,0.726639,0.183288,0.008013,0.613497,0.5379
1991/5/3 0:00,0.7641,1.877,0.874661,0.74129,0.183288,0.008058,0.615006,0.5495
1991/5/4 0:00,0.7551,1.871,0.875657,0.74118,0.183506,0.008039,0.615385,0.5515
1991/5/5 0:00,0.7564,1.871,0.875044,0.740192,0.183506,0.008006,0.616523,0.5494
1991/5/6 0:00,0.7465,1.831,0.870322,0.723066,0.183506,0.007974,0.614553,0.5442
1991/5/7 0:00,0.7365,1.792,0.866326,0.708717,0.18318,0.007871,0.61106,0.5417
1991/5/8 0:00,0.742,1.8015,0.870322,0.715205,0.182996,0.007883,0.610501,0.5443
1991/5/9 0:00,0.7458,1.789,0.870474,0.708466,0.182996,0.007886,0.611808,0.5435
1991/5/10 0:00,0.7415,1.753,0.864828,0.692665,0.182996,0.007788,0.606796,0.5385
1991/5/11 0:00,0.7419,1.7605,0.867077,0.695894,0.182862,0.007795,0.608272,0.5397
1991/5/12 0:00,0.743,1.777,0.867152,0.702988,0.182862,0.007846,0.608643,0.5415
1991/5/13 0:00,0.7504,1.807,0.866701,0.712403,0.183013,0.008117,0.613497,0.5422
1991/5/14 0:00,0.7513,1.8065,0.865876,0.711238,0.183013,0.008116,0.61237,0.5405
1991/5/15 0:00,0.7449,1.7951,0.863334,0.705716,0.183013,0.008071,0.611995,0.5403
1991/5/16 0:00,0.7398,1.8055,0.856531,0.709471,0.182922,0.008102,0.610314,0.5405
1991/5/17 0:00,0.7383,1.776,0.852442,0.695652,0.182922,0.007974,0.611621,0.5365
1991/5/18 0:00,0.7443,1.7945,0.851571,0.70373,0.182862,0.007961,0.61237,0.5409
1991/5/19 0:00,0.7431,1.806,0.853024,0.70497,0.182862,0.007971,0.61237,0.5406
1991/5/20 0:00,0.748,1.773,0.848896,0.693481,0.182862,0.007937,0.611995,0.5399
1991/5/21 0:00,0.7521,1.789,0.850919,0.69979,0.182862,0.007965,0.610501,0.5402
1991/5/22 0:00,0.7524,1.7995,0.852442,0.702001,0.182862,0.00794,0.613874,0.54
1991/5/23 0:00,0.749,1.8015,0.846883,0.703482,0.182862,0.007927,0.614628,0.5415
1991/5/24 0:00,0.7457,1.8062,0.847961,0.705467,0.182862,0.007947,0.615006,0.5405
1991/5/25 0:00,0.748,1.8205,0.848176,0.710732,0.182862,0.007959,0.615006,0.5416
1991/5/26 0:00,0.751,1.8375,0.84832,0.719424,0.182862,0.007986,0.616523,0.5423
1991/5/27 0:00,0.7481,1.8255,0.849834,0.712606,0.183097,0.007893,0.617093,0.5412
1991/5/28 0:00,0.751,1.8013,0.845666,0.702001,0.182785,0.007878,0.614251,0.5408
1991/5/29 0:00,0.7514,1.787,0.845881,0.69483,0.182475,0.007832,0.612745,0.5397
1991/5/30 0:00,0.7535,1.7725,0.843739,0.685166,0.182359,0.007832,0.609385,0.5407
1991/5/31 0:00,0.754,1.7685,0.84246,0.681199,0.182359,0.007817,0.610687,0.5415
1991/6/1 0:00,0.7541,1.751,0.840689,0.671366,0.182359,0.007813,0.607349,0.5412
1991/6/2 0:00,0.7572,1.752,0.841822,0.671682,0.182359,0.007788,0.608088,0.5412
1991/6/3 0:00,0.7558,1.75,0.843882,0.671366,0.182359,0.007773,0.608458,0.5439
1991/6/4 0:00,0.7534,1.7465,0.844452,0.669344,0.182359,0.007769,0.608088,0.5422
1991/6/5 0:00,0.751,1.748,0.842247,0.670826,0.182359,0.007746,0.607533,0.5401
1991/6/6 0:00,0.7525,1.756,0.843241,0.673174,0.182359,0.007725,0.609013,0.5414
1991/6/7 0:00,0.7487,1.7455,0.846883,0.667111,0.182359,0.007711,0.607533,0.541
1991/6/8 0:00,0.7533,1.754,0.847817,0.671592,0.182382,0.007727,0.609756,0.5463
1991/6/9 0:00,0.7538,1.756,0.846024,0.673627,0.182382,0.007743,0.608347,0.5466
1991/6/10 0:00,0.7545,1.7543,0.844096,0.672133,0.182382,0.007714,0.608458,0.5471
1991/6/11 0:00,0.7527,1.739,0.839842,0.66357,0.182382,0.007643,0.607165,0.5482
1991/6/12 0:00,0.7521,1.723,0.838715,0.656168,0.182193,0.007569,0.606428,0.5453
1991/6/13 0:00,0.7542,1.716,0.839983,0.656082,0.182193,0.007584,0.60423,0.547
1991/6/14 0:00,0.7552,1.718,0.841397,0.659196,0.182193,0.00759,0.602954,0.5477
1991/6/15 0:00,0.7567,1.7225,0.838364,0.66313,0.182193,0.00758,0.601034,0.5473
1991/6/16 0:00,0.7571,1.714,0.83654,0.658545,0.182193,0.007526,0.598982,0.5483
1991/6/17 0:00,0.7547,1.7253,0.83731,0.66291,0.182193,0.007493,0.596837,0.5481
1991/6/18 0:00,0.7536,1.707,0.83696,0.660939,0.182269,0.007449,0.595061,0.5479
1991/6/19 0:00,0.7547,1.7115,0.834028,0.66335,0.182176,0.007485,0.598444,0.5472
1991/6/20 0:00,0.7549,1.715,0.833194,0.662032,0.182176,0.007464,0.600601,0.5456
1991/6/21 0:00,0.7573,1.731,0.835422,0.668226,0.182176,0.007493,0.607903,0.5463
1991/6/22 0:00,0.7602,1.733,0.838012,0.669882,0.182359,0.007573,0.605327,0.548
1991/6/23 0:00,0.7599,1.711,0.835561,0.660066,0.182359,0.007504,0.603318,0.5497
1991/6/24 0:00,0.7593,1.706,0.834376,0.655523,0.182053,0.007454,0.60024,0.5492
1991/6/25 0:00,0.7605,1.715,0.838223,0.658979,0.182053,0.007479,0.60042,0.5489
1991/6/26 0:00,0.7614,1.72,0.838926,0.660284,0.182053,0.00748,0.603865,0.5484
1991/6/27 0:00,0.7638,1.732,0.840972,0.666667,0.182193,0.007499,0.6035,0.5495
1991/6/28 0:00,0.7645,1.722,0.840477,0.659413,0.182359,0.007465,0.601866,0.5504
1991/6/29 0:00,0.7659,1.7395,0.841184,0.668226,0.182359,0.007512,0.60024,0.549
1991/6/30 0:00,0.767,1.733,0.839842,0.664805,0.182442,0.007515,0.601685,0.5483
1991/7/1 0:00,0.77,1.7363,0.840195,0.665779,0.182442,0.007523,0.603865,0.5463
1991/7/2 0:00,0.7666,1.7265,0.839278,0.662691,0.182442,0.007435,0.602047,0.545
1991/7/3 0:00,0.7663,1.7295,0.838223,0.665469,0.182442,0.007472,0.602954,0.5446
1991/7/4 0:00,0.7665,1.743,0.840831,0.671592,0.182442,0.007505,0.605694,0.547
1991/7/5 0:00,0.7632,1.75,0.841893,0.671727,0.182442,0.007535,0.605144,0.5439
1991/7/6 0:00,0.7628,1.7495,0.841751,0.670241,0.182442,0.007503,0.604778,0.5423
1991/7/7 0:00,0.7595,1.7485,0.840831,0.670107,0.182442,0.007541,0.60551,0.5421
1991/7/8 0:00,0.7628,1.764,0.841468,0.672495,0.182508,0.007563,0.604595,0.5437
1991/7/9 0:00,0.7637,1.7652,0.842673,0.66313,0.182508,0.007524,0.605327,0.5435
1991/7/10 0:00,0.7638,1.762,0.842957,0.655738,0.181564,0.007503,0.603136,0.5447
1991/7/11 0:00,0.7661,1.771,0.846167,0.66072,0.181564,0.007531,0.604961,0.5453
1991/7/12 0:00,0.765,1.756,0.847529,0.652103,0.18074,0.007497,0.604047,0.5445
1991/7/13 0:00,0.7667,1.7477,0.845809,0.648088,0.18074,0.007468,0.600962,0.5438
1991/7/14 0:00,0.767,1.745,0.846024,0.647249,0.18074,0.007463,0.601323,0.543
1991/7/15 0:00,0.7645,1.747,0.847458,0.646245,0.18074,0.00745,0.60241,0.5413
1991/7/16 0:00,0.7625,1.7625,0.842957,0.648719,0.18074,0.007454,0.602954,0.5377
1991/7/17 0:00,0.757,1.764,0.843313,0.648508,0.18074,0.007433,0.601866,0.533
1991/7/18 0:00,0.754,1.772,0.843455,0.652316,0.180982,0.007433,0.602773,0.534
1991/7/19 0:00,0.7562,1.78,0.837521,0.653595,0.180982,0.007511,0.604412,0.5348
1991/7/20 0:00,0.7552,1.775,0.83654,0.659065,0.180982,0.0075,0.604047,0.5376
1991/7/21 0:00,0.7589,1.7698,0.837451,0.65703,0.181032,0.007491,0.60423,0.5386
1991/7/22 0:00,0.7565,1.775,0.83612,0.659196,0.181032,0.007502,0.602591,0.5372
1991/7/23 0:00,0.7538,1.783,0.839983,0.664673,0.181032,0.007536,0.604412,0.537
1991/7/24 0:00,0.7582,1.7815,0.839278,0.662998,0.181032,0.007515,0.605694,0.5382
1991/7/25 0:00,0.7552,1.7945,0.835631,0.665779,0.180545,0.007547,0.60551,0.5374
1991/7/26 0:00,0.7513,1.7965,0.834168,0.661507,0.180708,0.007536,0.60551,0.5368
1991/7/27 0:00,0.7541,1.7875,0.833333,0.654022,0.180708,0.007496,0.606061,0.5371
1991/7/28 0:00,0.7503,1.7927,0.828981,0.65445,0.180871,0.007509,0.605877,0.5337
1991/7/29 0:00,0.7523,1.813,0.83022,0.664673,0.180871,0.007663,0.608643,0.532
1991/7/30 0:00,0.7525,1.813,0.829738,0.66912,0.181363,0.007669,0.609756,0.533
1991/7/31 0:00,0.7574,1.822,0.831601,0.677507,0.181363,0.00768,0.610501,0.5347
1991/8/1 0:00,0.7574,1.8185,0.831393,0.671817,0.181363,0.007678,0.609756,0.534
1991/8/2 0:00,0.7583,1.8355,0.834864,0.682594,0.181363,0.007764,0.61237,0.534
1991/8/3 0:00,0.7575,1.8395,0.83619,0.685166,0.181363,0.007746,0.612745,0.5333
1991/8/4 0:00,0.7566,1.8308,0.83612,0.680041,0.181363,0.007717,0.613572,0.5326
1991/8/5 0:00,0.7582,1.817,0.83612,0.674536,0.181363,0.007678,0.612445,0.5336
1991/8/6 0:00,0.7573,1.8142,0.83647,0.671592,0.181363,0.007728,0.611359,0.5348
1991/8/7 0:00,0.7585,1.828,0.832016,0.676041,0.181531,0.007732,0.613685,0.5355
1991/8/8 0:00,0.758,1.801,0.831947,0.672721,0.18166,0.007695,0.611621,0.5358
1991/8/9 0:00,0.7582,1.8065,0.830565,0.67714,0.18166,0.007715,0.610874,0.536
1991/8/10 0:00,0.7568,1.829,0.830013,0.686719,0.18166,0.007828,0.613987,0.5352
1991/8/11 0:00,0.7574,1.8227,0.830013,0.684135,0.181808,0.007846,0.614628,0.5351
1991/8/12 0:00,0.7575,1.8245,0.83091,0.684463,0.182027,0.007841,0.612557,0.5356
1991/8/13 0:00,0.763,1.8178,0.833125,0.680133,0.182027,0.007825,0.613685,0.5373
1991/8/14 0:00,0.7629,1.825,0.835073,0.684229,0.181861,0.007839,0.614251,0.5369
1991/8/15 0:00,0.763,1.836,0.838504,0.689655,0.181861,0.007886,0.615006,0.5385
1991/8/16 0:00,0.764,1.834,0.837521,0.688563,0.182027,0.007862,0.614439,0.5407
1991/8/17 0:00,0.7631,1.8325,0.837872,0.686813,0.182027,0.00784,0.614628,0.5442
1991/8/18 0:00,0.7617,1.833,0.83682,0.688705,0.182027,0.007834,0.614628,0.5434
1991/8/19 0:00,0.7616,1.846,0.838012,0.698568,0.182027,0.00789,0.614628,0.5433
1991/8/20 0:00,0.7586,1.8515,0.839208,0.700771,0.182027,0.007896,0.616523,0.5436
1991/8/21 0:00,0.7535,1.856,0.838574,0.706714,0.182027,0.007886,0.616523,0.5417
1991/8/22 0:00,0.7534,1.86,0.83612,0.710732,0.182202,0.007893,0.615309,0.5423
1991/8/23 0:00,0.7525,1.853,0.835911,0.704225,0.182202,0.007871,0.616029,0.542
1991/8/24 0:00,0.7545,1.8655,0.835073,0.707965,0.182202,0.007896,0.616447,0.5435
1991/8/25 0:00,0.7522,1.8595,0.834655,0.705965,0.182202,0.007878,0.616219,0.546
1991/8/26 0:00,0.7495,1.8615,0.83696,0.706714,0.182202,0.007868,0.61717,0.5445
1991/8/27 0:00,0.7518,1.8635,0.835422,0.705716,0.182202,0.00786,0.616143,0.5443
1991/8/28 0:00,0.7518,1.877,0.835631,0.711997,0.182359,0.007894,0.617093,0.545
1991/8/29 0:00,0.75,1.891,0.83731,0.718391,0.182622,0.007971,0.617093,0.5447
1991/8/30 0:00,0.7465,1.891,0.838223,0.722282,0.182622,0.007954,0.617742,0.5435
1991/8/31 0:00,0.7471,1.907,0.837872,0.730994,0.182622,0.007984,0.617932,0.5438
1991/9/1 0:00,0.7477,1.9035,0.835282,0.727431,0.182622,0.007945,0.618123,0.5442
1991/9/2 0:00,0.7469,1.911,0.83257,0.731797,0.182622,0.008005,0.618047,0.544
1991/9/3 0:00,0.7421,1.918,0.831601,0.736377,0.182622,0.008026,0.618047,0.544
1991/9/4 0:00,0.7444,1.9085,0.831601,0.736648,0.182622,0.008013,0.618429,0.5448
1991/9/5 0:00,0.7447,1.9102,0.833472,0.738661,0.182622,0.008029,0.619963,0.5441
1991/9/6 0:00,0.7436,1.9248,0.835771,0.741565,0.182622,0.008037,0.619579,0.5438
1991/9/7 0:00,0.7466,1.9195,0.839278,0.74184,0.182622,0.00801,0.619195,0.5448
1991/9/8 0:00,0.7441,1.896,0.837521,0.728863,0.183029,0.007949,0.619118,0.5455
1991/9/9 0:00,0.7463,1.921,0.838786,0.737463,0.182749,0.007974,0.618812,0.5458
1991/9/10 0:00,0.7456,1.929,0.838364,0.748503,0.182745,0.008003,0.62054,0.5467
1991/9/11 0:00,0.7469,1.913,0.837802,0.741785,0.182745,0.007937,0.619963,0.5474
1991/9/12 0:00,0.7441,1.9257,0.838364,0.748391,0.182745,0.008,0.62054,0.546
1991/9/13 0:00,0.7432,1.9355,0.839701,0.753012,0.182745,0.007971,0.621581,0.546
1991/9/14 0:00,0.7443,1.9495,0.840336,0.765111,0.183753,0.008029,0.620848,0.5482
1991/9/15 0:00,0.7455,1.918,0.840831,0.761615,0.183584,0.007984,0.619579,0.5483
1991/9/16 0:00,0.7465,1.9095,0.838364,0.756144,0.183584,0.007981,0.619579,0.5475
1991/9/17 0:00,0.748,1.9035,0.839983,0.75643,0.183753,0.00788,0.619848,0.5481
1991/9/18 0:00,0.7481,1.913,0.841397,0.759878,0.183881,0.007897,0.619118,0.5488
1991/9/19 0:00,0.746,1.8985,0.839278,0.75188,0.184043,0.007833,0.618238,0.5482
1991/9/20 0:00,0.7437,1.916,0.841043,0.761731,0.184043,0.007829,0.618697,0.5461
1991/9/21 0:00,0.7438,1.929,0.841468,0.76693,0.184043,0.007838,0.619387,0.5457
1991/9/22 0:00,0.7437,1.9175,0.842105,0.757174,0.184043,0.007817,0.619886,0.5453
1991/9/23 0:00,0.7441,1.9195,0.845237,0.757002,0.184043,0.007834,0.61931,0.5457
1991/9/24 0:00,0.7443,1.92,0.844238,0.757863,0.184043,0.007852,0.62004,0.5453
1991/9/25 0:00,0.7439,1.9237,0.844452,0.757691,0.184043,0.007857,0.620733,0.5446
1991/9/26 0:00,0.7414,1.9215,0.843597,0.757576,0.183543,0.007859,0.620655,0.5443
1991/9/27 0:00,0.7363,1.913,0.845309,0.755572,0.183543,0.007849,0.620424,0.544
1991/9/28 0:00,0.7372,1.907,0.842815,0.751315,0.183076,0.007828,0.620424,0.5434
1991/9/29 0:00,0.7287,1.9215,0.843241,0.754603,0.183194,0.007809,0.620733,0.5426
1991/9/30 0:00,0.7182,1.928,0.83949,0.756716,0.183194,0.00783,0.621041,0.5343
1991/10/1 0:00,0.7187,1.931,0.838997,0.761035,0.183194,0.007857,0.621002,0.5371
1991/10/2 0:00,0.7211,1.916,0.838012,0.755173,0.183325,0.007921,0.62054,0.538
1991/10/3 0:00,0.7203,1.9295,0.835213,0.76266,0.183325,0.007921,0.620925,0.5381
1991/10/4 0:00,0.7255,1.935,0.834864,0.767813,0.183325,0.007918,0.621311,0.5398
1991/10/5 0:00,0.722,1.939,0.838434,0.774293,0.183325,0.007916,0.621234,0.5401
1991/10/6 0:00,0.7207,1.9475,0.838715,0.781861,0.183702,0.007932,0.622278,0.5384
1991/10/7 0:00,0.7137,1.9945,0.840054,0.804829,0.184505,0.008021,0.624025,0.5383
1991/10/8 0:00,0.7112,1.988,0.840407,0.801282,0.184505,0.008006,0.624025,0.5408
1991/10/9 0:00,0.7149,1.9865,0.839701,0.793651,0.184505,0.008003,0.625,0.5415
1991/10/10 0:00,0.7165,1.9762,0.83682,0.790514,0.184505,0.008006,0.625,0.5417
1991/10/11 0:00,0.717,1.9825,0.835771,0.794281,0.184505,0.008113,0.625313,0.5408
1991/10/12 0:00,0.7156,1.9893,0.83668,0.802246,0.184505,0.008133,0.625586,0.5392
1991/10/13 0:00,0.7174,1.996,0.83731,0.806127,0.184505,0.008133,0.626959,0.5398
1991/10/14 0:00,0.7181,2.0035,0.835422,0.806777,0.184761,0.00813,0.627392,0.5401
1991/10/15 0:00,0.72,1.983,0.834376,0.791766,0.183699,0.008065,0.627156,0.5402
1991/10/16 0:00,0.72,1.9945,0.834028,0.799041,0.182522,0.008116,0.625782,0.542
1991/10/17 0:00,0.7128,2.003,0.830358,0.811227,0.182522,0.008151,0.628417,0.5383
1991/10/18 0:00,0.7183,1.975,0.822368,0.798722,0.182522,0.008115,0.627746,0.5405
1991/10/19 0:00,0.7225,1.976,0.819672,0.80032,0.181406,0.008131,0.627156,0.5436
1991/10/20 0:00,0.7254,1.9235,0.818465,0.775795,0.181271,0.00805,0.62637,0.5472
1991/10/21 0:00,0.7331,1.8915,0.825219,0.760167,0.181041,0.008048,0.626096,0.5537
1991/10/22 0:00,0.7311,1.8715,0.820345,0.760746,0.181041,0.00804,0.625,0.545
1991/10/23 0:00,0.7302,1.811,0.818331,0.757289,0.180708,0.008003,0.623441,0.5465
1991/10/24 0:00,0.7317,1.7815,0.821288,0.772201,0.180535,0.008037,0.624805,0.5465
1991/10/25 0:00,0.7325,1.737,0.82203,0.766284,0.180871,0.008024,0.62162,0.5431
1991/10/26 0:00,0.7235,1.7082,0.812216,0.768049,0.180675,0.008251,0.62383,0.538
1991/10/27 0:00,0.722,1.7085,0.804894,0.763068,0.180675,0.008323,0.624025,0.5385
1991/10/28 0:00,0.7233,1.709,0.805477,0.76599,0.18074,0.008285,0.62422,0.5379
1991/10/29 0:00,0.7225,1.714,0.806712,0.77101,0.18074,0.008299,0.62383,0.538
1991/10/30 0:00,0.7165,1.7295,0.802246,0.786473,0.18074,0.008363,0.623636,0.5365
1991/10/31 0:00,0.713,1.769,0.797448,0.802246,0.181071,0.008351,0.626566,0.5358
1991/11/1 0:00,0.7139,1.779,0.801282,0.808277,0.181357,0.008333,0.628536,0.5372
1991/11/2 0:00,0.7141,1.734,0.804117,0.803213,0.181357,0.008333,0.628141,0.5404
1991/11/3 0:00,0.7165,1.706,0.796813,0.809585,0.181357,0.008379,0.628141,0.5433
1991/11/4 0:00,0.7205,1.701,0.801989,0.815661,0.181357,0.008358,0.628931,0.545
1991/11/5 0:00,0.7194,1.7175,0.800833,0.790826,0.180453,0.008332,0.627628,0.5425
1991/11/6 0:00,0.7208,1.6895,0.802182,0.768521,0.180323,0.008267,0.624922,0.5432
1991/11/7 0:00,0.7176,1.6975,0.79968,0.760746,0.180054,0.008197,0.622665,0.5412
1991/11/8 0:00,0.7222,1.714,0.80289,0.761151,0.180054,0.00823,0.620655,0.543
1991/11/9 0:00,0.7223,1.7098,0.800961,0.766871,0.180054,0.008263,0.62027,0.5431
1991/11/10 0:00,0.7224,1.7,0.80032,0.772678,0.180054,0.008306,0.622975,0.5425
1991/11/11 0:00,0.7196,1.6555,0.801667,0.758438,0.180054,0.008344,0.621813,0.542
1991/11/12 0:00,0.7187,1.63,0.802118,0.755858,0.180054,0.008344,0.620925,0.5405
1991/11/13 0:00,0.715,1.6235,0.807754,0.734754,0.179746,0.0082,0.619195,0.5389
1991/11/14 0:00,0.7184,1.6135,0.807754,0.74184,0.179682,0.00821,0.619118,0.5391
1991/11/15 0:00,0.7201,1.6195,0.804829,0.740192,0.179682,0.008282,0.619195,0.54
1991/11/16 0:00,0.7184,1.613,0.801989,0.733676,0.179682,0.008212,0.618812,0.5412
1991/11/17 0:00,0.7143,1.5865,0.80032,0.730727,0.179682,0.008195,0.616523,0.5399
1991/11/18 0:00,0.691,1.533,0.805477,0.715052,0.179585,0.008068,0.614704,0.5218
1991/11/19 0:00,0.695,1.5479,0.805283,0.718133,0.179247,0.00818,0.617284,0.525
1991/11/20 0:00,0.6909,1.5535,0.802568,0.715308,0.179247,0.008143,0.615006,0.5245
1991/11/21 0:00,0.6968,1.538,0.801282,0.705716,0.179247,0.008152,0.613422,0.5252
1991/11/22 0:00,0.689,1.513,0.790952,0.695652,0.178757,0.008039,0.610128,0.5237
1991/11/23 0:00,0.6935,1.523,0.791452,0.696864,0.178757,0.008057,0.610128,0.523
1991/11/24 0:00,0.6936,1.549,0.791139,0.707714,0.178952,0.008074,0.612182,0.5248
1991/11/25 0:00,0.6881,1.518,0.787402,0.694927,0.178952,0.00801,0.610389,0.5205
1991/11/26 0:00,0.6842,1.519,0.784314,0.687285,0.178952,0.008029,0.610314,0.515
1991/11/27 0:00,0.6881,1.5205,0.784006,0.686813,0.178952,0.00804,0.611733,0.517
1991/11/28 0:00,0.6839,1.532,0.785546,0.69735,0.177809,0.008094,0.611733,0.5165
1991/11/29 0:00,0.6843,1.521,0.782167,0.698324,0.176239,0.00805,0.61106,0.5148
1991/11/30 0:00,0.6893,1.5095,0.777907,0.693481,0.175141,0.008039,0.610799,0.515
1991/12/1 0:00,0.6822,1.5135,0.777545,0.695652,0.174395,0.008037,0.610687,0.5109
1991/12/2 0:00,0.6843,1.535,0.777786,0.706714,0.173819,0.008039,0.61106,0.512
1991/12/3 0:00,0.6829,1.548,0.780336,0.718649,0.173819,0.008038,0.611434,0.5127
1991/12/4 0:00,0.6887,1.565,0.783085,0.708466,0.173819,0.008021,0.60983,0.516
1991/12/5 0:00,0.6916,1.557,0.78235,0.697253,0.172357,0.008006,0.608643,0.5171
1991/12/6 0:00,0.6924,1.586,0.783699,0.714286,0.172357,0.008036,0.60957,0.5186
1991/12/7 0:00,0.6934,1.5975,0.784375,0.717618,0.171245,0.008065,0.610128,0.5175
1991/12/8 0:00,0.6942,1.5695,0.785238,0.710732,0.171245,0.008058,0.609942,0.5183
1991/12/9 0:00,0.6902,1.5578,0.783392,0.711491,0.17066,0.008072,0.61024,0.5167
1991/12/10 0:00,0.6873,1.565,0.78456,0.709975,0.17066,0.008074,0.609756,0.5155
1991/12/11 0:00,0.6881,1.5665,0.782963,0.70922,0.169471,0.008058,0.609756,0.5144
1991/12/12 0:00,0.6894,1.574,0.784437,0.713521,0.169471,0.008123,0.610687,0.5188
1991/12/13 0:00,0.6916,1.566,0.783945,0.708466,0.170515,0.008112,0.60957,0.5171
1991/12/14 0:00,0.691,1.5385,0.792833,0.696864,0.172429,0.008096,0.610874,0.5154
1991/12/15 0:00,0.6904,1.526,0.793336,0.693481,0.172429,0.008074,0.610128,0.5139
1991/12/16 0:00,0.6885,1.5115,0.792581,0.687285,0.173424,0.008016,0.609385,0.5148
1991/12/17 0:00,0.6895,1.5125,0.789889,0.683527,0.173424,0.008019,0.608643,0.5138
1991/12/18 0:00,0.6894,1.512,0.788208,0.685166,0.173424,0.008026,0.609385,0.5134
1991/12/19 0:00,0.689,1.513,0.786535,0.682128,0.173424,0.00801,0.607903,0.5135
1991/12/20 0:00,0.6818,1.501,0.78235,0.676133,0.173424,0.007974,0.605327,0.5121
1991/12/21 0:00,0.6735,1.545,0.783208,0.68018,0.173424,0.007993,0.604412,0.5053
1991/12/22 0:00,0.67,1.5413,0.78235,0.672495,0.173178,0.007994,0.602119,0.5055
1991/12/23 0:00,0.669,1.536,0.781372,0.670017,0.173178,0.007984,0.602954,0.508
1991/12/24 0:00,0.672,1.54,0.779727,0.668896,0.173178,0.007983,0.601685,0.5101
1991/12/25 0:00,0.6736,1.5535,0.784006,0.671817,0.173178,0.007997,0.602845,0.5129
1991/12/26 0:00,0.6736,1.54,0.782289,0.66778,0.173178,0.007981,0.6035,0.5127
1991/12/27 0:00,0.6698,1.539,0.782167,0.674992,0.173178,0.007952,0.603136,0.5123
1991/12/28 0:00,0.6723,1.548,0.783147,0.678196,0.173178,0.007965,0.603865,0.5135
1991/12/29 0:00,0.669,1.5416,0.780945,0.680041,0.173178,0.008006,0.603209,0.5125
1991/12/30 0:00,0.6655,1.5175,0.776699,0.675219,0.172729,0.008,0.603682,0.5117
1991/12/31 0:00,0.672,1.532,0.77991,0.685166,0.172729,0.00801,0.607349,0.5147
1992/1/1 0:00,0.672,1.5585,0.781922,0.692905,0.172729,0.008112,0.607903,0.5168
1992/1/2 0:00,0.675,1.5385,0.786658,0.688468,0.172729,0.008089,0.60957,0.518
1992/1/3 0:00,0.6735,1.5145,0.78734,0.684697,0.172729,0.008058,0.611135,0.5156
1992/1/4 0:00,0.6812,1.5165,0.786844,0.684463,0.172729,0.00805,0.610501,0.518
1992/1/5 0:00,0.6793,1.4855,0.787402,0.672043,0.172729,0.008002,0.607533,0.5162
1992/1/6 0:00,0.6755,1.454,0.791139,0.658545,0.172729,0.008003,0.606502,0.514
1992/1/7 0:00,0.6782,1.446,0.791954,0.656168,0.172729,0.008009,0.606134,0.5145
1992/1/8 0:00,0.6762,1.4475,0.792958,0.65445,0.172414,0.008037,0.606061,0.5133
1992/1/9 0:00,0.6694,1.4395,0.791077,0.652699,0.172414,0.008063,0.605877,0.5091
1992/1/10 0:00,0.67,1.431,0.788519,0.654236,0.172414,0.008239,0.60687,0.5095
1992/1/11 0:00,0.6705,1.4255,0.789952,0.651678,0.172414,0.008267,0.60687,0.5115
1992/1/12 0:00,0.6764,1.418,0.795988,0.651508,0.172414,0.008299,0.607091,0.513
1992/1/13 0:00,0.6774,1.4175,0.796559,0.649182,0.172414,0.008271,0.606061,0.512
1992/1/14 0:00,0.6871,1.4475,0.795925,0.66335,0.172414,0.008347,0.60698,0.5158
1992/1/15 0:00,0.6864,1.4439,0.792581,0.664452,0.172414,0.008375,0.608643,0.5157
1992/1/16 0:00,0.6878,1.446,0.793651,0.662471,0.172429,0.008361,0.609199,0.516
1992/1/17 0:00,0.69,1.4525,0.795545,0.66357,0.173328,0.008396,0.608088,0.5168
1992/1/18 0:00,0.6961,1.4375,0.792456,0.66778,0.173774,0.008554,0.609385,0.5252
1992/1/19 0:00,0.694,1.43,0.797766,0.659848,0.173774,0.008511,0.608939,0.5225
1992/1/20 0:00,0.6955,1.4215,0.800128,0.655308,0.173774,0.008467,0.607533,0.5233
1992/1/21 0:00,0.7052,1.4363,0.800128,0.655093,0.173774,0.008421,0.607903,0.5269
1992/1/22 0:00,0.707,1.4475,0.801282,0.657246,0.173774,0.008491,0.608272,0.528
1992/1/23 0:00,0.7053,1.449,0.801989,0.654879,0.174086,0.008529,0.608643,0.5268
1992/1/24 0:00,0.7125,1.4535,0.804635,0.658545,0.174086,0.008562,0.608458,0.53
1992/1/25 0:00,0.7077,1.447,0.801603,0.646538,0.174086,0.0085,0.607533,0.5275
1992/1/26 0:00,0.7062,1.4455,0.804182,0.649984,0.174086,0.008575,0.607165,0.5265
1992/1/27 0:00,0.701,1.4345,0.802439,0.647962,0.174086,0.008518,0.60698,0.528
1992/1/28 0:00,0.7044,1.432,0.802697,0.650957,0.174086,0.008466,0.606428,0.5271
1992/1/29 0:00,0.7067,1.4349,0.803471,0.655953,0.174086,0.008506,0.606796,0.5271
1992/1/30 0:00,0.7108,1.433,0.804182,0.656901,0.174086,0.008489,0.607349,0.5278
1992/1/31 0:00,0.7031,1.434,0.802246,0.65703,0.173539,0.008442,0.607607,0.5266
1992/2/1 0:00,0.7051,1.4445,0.79968,0.656599,0.173539,0.008554,0.607533,0.5275
1992/2/2 0:00,0.7096,1.451,0.79885,0.652103,0.173539,0.008529,0.607829,0.5335
1992/2/3 0:00,0.7137,1.4755,0.801796,0.657246,0.173539,0.008556,0.607718,0.5347
1992/2/4 0:00,0.7157,1.4892,0.80289,0.662471,0.174089,0.008624,0.609013,0.5336
1992/2/5 0:00,0.7147,1.4876,0.803019,0.66024,0.174089,0.008645,0.609088,0.5365
1992/2/6 0:00,0.7035,1.4832,0.801089,0.662383,0.174089,0.008643,0.608828,0.5292
1992/2/7 0:00,0.7052,1.482,0.803471,0.66313,0.17442,0.008556,0.608347,0.5321
1992/2/8 0:00,0.7089,1.4743,0.803859,0.65716,0.17442,0.008525,0.607903,0.5323
1992/2/9 0:00,0.709,1.4905,0.803277,0.662778,0.17442,0.008591,0.607718,0.534
1992/2/10 0:00,0.7078,1.4904,0.802053,0.662691,0.17442,0.008564,0.609199,0.5341
1992/2/11 0:00,0.7108,1.495,0.799105,0.668449,0.17442,0.008575,0.609199,0.5345
1992/2/12 0:00,0.7044,1.509,0.795355,0.670466,0.17442,0.008703,0.610054,0.5316
1992/2/13 0:00,0.697,1.526,0.794597,0.674582,0.17442,0.008764,0.611808,0.5276
1992/2/14 0:00,0.697,1.513,0.793336,0.670691,0.17442,0.008757,0.613121,0.5288
1992/2/15 0:00,0.7092,1.5253,0.794913,0.675813,0.17442,0.008814,0.615006,0.538
1992/2/16 0:00,0.7085,1.5282,0.79384,0.677277,0.17442,0.008834,0.615006,0.538
1992/2/17 0:00,0.7115,1.5478,0.79321,0.683527,0.17442,0.008869,0.615574,0.54
1992/2/18 0:00,0.7175,1.5585,0.792833,0.691802,0.174938,0.008818,0.616257,0.5415
1992/2/19 0:00,0.7213,1.552,0.791515,0.686106,0.174938,0.00878,0.614439,0.5423
1992/2/20 0:00,0.7209,1.543,0.793021,0.682361,0.174938,0.008818,0.614364,0.5407
1992/2/21 0:00,0.7164,1.5255,0.794281,0.677048,0.174932,0.008879,0.614893,0.5382
1992/2/22 0:00,0.7192,1.5379,0.796052,0.680365,0.175205,0.009007,0.616713,0.5413
1992/2/23 0:00,0.7157,1.5424,0.795735,0.6832,0.175205,0.009025,0.616523,0.5402
1992/2/24 0:00,0.7132,1.5755,0.792707,0.699301,0.175205,0.00904,0.617932,0.5433
1992/2/25 0:00,0.721,1.59,0.794597,0.705219,0.175205,0.009054,0.618812,0.5463
1992/2/26 0:00,0.6982,1.5703,0.785731,0.705716,0.174743,0.009066,0.619579,0.5398
1992/2/27 0:00,0.7026,1.535,0.788333,0.687521,0.174743,0.008949,0.619963,0.5438
1992/2/28 0:00,0.6993,1.542,0.784375,0.685636,0.174426,0.009005,0.619195,0.5415
1992/2/29 0:00,0.7005,1.534,0.784498,0.684463,0.174426,0.008969,0.61931,0.5425
1992/3/1 0:00,0.7055,1.5255,0.785731,0.68573,0.174116,0.008953,0.619118,0.5438
1992/3/2 0:00,0.7021,1.5385,0.784745,0.68918,0.174116,0.009021,0.61862,0.543
1992/3/3 0:00,0.7021,1.5322,0.783883,0.680735,0.174116,0.008977,0.619387,0.5432
1992/3/4 0:00,0.6912,1.5314,0.785546,0.67627,0.174116,0.008961,0.618506,0.537
1992/3/5 0:00,0.6925,1.5408,0.788955,0.678196,0.174116,0.009048,0.619195,0.5392
1992/3/6 0:00,0.6934,1.5563,0.788457,0.68306,0.174116,0.00905,0.619502,0.5411
1992/3/7 0:00,0.6948,1.5415,0.789578,0.678887,0.174116,0.009056,0.61862,0.5442
1992/3/8 0:00,0.6941,1.535,0.792267,0.679486,0.174116,0.009062,0.618927,0.5438
1992/3/9 0:00,0.7001,1.542,0.793273,0.685401,0.174116,0.009132,0.619425,0.5473
1992/3/10 0:00,0.6984,1.546,0.790826,0.683761,0.174116,0.009204,0.621891,0.5469
1992/3/11 0:00,0.6862,1.5605,0.786968,0.70497,0.174116,0.009331,0.622471,0.542
1992/3/12 0:00,0.678,1.541,0.786535,0.701754,0.174116,0.009287,0.624142,0.5422
1992/3/13 0:00,0.6812,1.5393,0.78456,0.699937,0.174116,0.009311,0.623053,0.5426
1992/3/14 0:00,0.675,1.517,0.782779,0.685401,0.174694,0.009281,0.620155,0.5376
1992/3/15 0:00,0.6733,1.5225,0.782167,0.687049,0.174694,0.009314,0.621504,0.5363
1992/3/16 0:00,0.6683,1.5175,0.779423,0.686106,0.174694,0.009407,0.621697,0.5339
1992/3/17 0:00,0.6745,1.515,0.780884,0.678334,0.174694,0.009385,0.620733,0.5356
1992/3/18 0:00,0.6763,1.519,0.7818,0.681106,0.174694,0.00942,0.621543,0.5371
1992/3/19 0:00,0.6795,1.5245,0.78125,0.689655,0.174694,0.009425,0.621118,0.542
1992/3/20 0:00,0.675,1.527,0.780336,0.689655,0.174694,0.00951,0.621697,0.5422
1992/3/21 0:00,0.6765,1.522,0.781494,0.683387,0.173825,0.00947,0.621118,0.5438
1992/3/22 0:00,0.6765,1.5035,0.781006,0.672948,0.173473,0.009381,0.618506,0.5445
1992/3/23 0:00,0.6743,1.5145,0.783024,0.676361,0.173473,0.009368,0.61862,0.5423
1992/3/24 0:00,0.6775,1.496,0.784375,0.666445,0.173473,0.009132,0.616713,0.5412
1992/3/25 0:00,0.6738,1.4717,0.780823,0.66335,0.173142,0.009162,0.613196,0.5383
1992/3/26 0:00,0.6698,1.4675,0.779727,0.658762,0.173142,0.009153,0.611621,0.5366
1992/3/27 0:00,0.6694,1.4778,0.779423,0.661026,0.173142,0.009421,0.615006,0.5372
1992/3/28 0:00,0.6677,1.493,0.779059,0.66454,0.173142,0.00943,0.616523,0.5373
1992/3/29 0:00,0.6695,1.503,0.780336,0.666223,0.173142,0.009334,0.616333,0.5378
1992/3/30 0:00,0.6663,1.493,0.779849,0.662032,0.173142,0.009363,0.615385,0.5366
1992/3/31 0:00,0.6663,1.5065,0.776036,0.66379,0.173142,0.009272,0.615385,0.5412
1992/4/1 0:00,0.6692,1.5075,0.775976,0.662691,0.173142,0.0092,0.615953,0.5428
1992/4/2 0:00,0.6766,1.5097,0.777786,0.661813,0.173142,0.009235,0.615385,0.5443
1992/4/3 0:00,0.6792,1.4935,0.778392,0.659196,0.173142,0.009285,0.616523,0.5465
1992/4/4 0:00,0.6848,1.4948,0.781006,0.660284,0.173142,0.009195,0.615953,0.551
1992/4/5 0:00,0.6824,1.4779,0.783392,0.652955,0.173142,0.009118,0.614628,0.55
1992/4/6 0:00,0.6795,1.478,0.781861,0.654022,0.173142,0.00912,0.614251,0.5495
1992/4/7 0:00,0.6775,1.4929,0.782289,0.658545,0.173142,0.00923,0.617284,0.5483
1992/4/8 0:00,0.6775,1.5012,0.77918,0.661594,0.173142,0.009302,0.617475,0.5503
1992/4/9 0:00,0.68,1.4883,0.780092,0.659196,0.173142,0.009238,0.617093,0.5492
1992/4/10 0:00,0.6787,1.4795,0.781372,0.660066,0.173142,0.009276,0.617017,0.5492
1992/4/11 0:00,0.677,1.4985,0.782228,0.667334,0.173142,0.009217,0.61717,0.547
1992/4/12 0:00,0.677,1.501,0.782228,0.664231,0.173142,0.009225,0.617093,0.547
1992/4/13 0:00,0.6775,1.5155,0.782963,0.666311,0.173142,0.009217,0.618238,0.5495
1992/4/14 0:00,0.677,1.5085,0.781555,0.66569,0.173142,0.009355,0.618162,0.5505
1992/4/15 0:00,0.678,1.4964,0.781311,0.658545,0.173142,0.009363,0.618238,0.551
1992/4/16 0:00,0.679,1.5015,0.780396,0.657462,0.173142,0.009355,0.617856,0.5525
1992/4/17 0:00,0.6773,1.489,0.778816,0.657462,0.173142,0.009403,0.618238,0.5524
1992/4/18 0:00,0.6758,1.4945,0.779059,0.660502,0.173142,0.009494,0.619963,0.5512
1992/4/19 0:00,0.6771,1.4861,0.776699,0.656168,0.173142,0.009407,0.618506,0.5515
1992/4/20 0:00,0.688,1.485,0.778574,0.656599,0.173142,0.009519,0.618123,0.554
1992/4/21 0:00,0.6895,1.4897,0.77682,0.665557,0.173142,0.009583,0.61862,0.5521
1992/4/22 0:00,0.69,1.5045,0.774593,0.666089,0.173142,0.009576,0.619195,0.5521
1992/4/23 0:00,0.688,1.5005,0.776458,0.66379,0.173142,0.009542,0.619694,0.5515
1992/4/24 0:00,0.6866,1.491,0.775494,0.66177,0.173142,0.009592,0.61908,0.5535
1992/4/25 0:00,0.6795,1.4985,0.774713,0.666223,0.173142,0.009574,0.62004,0.55
1992/4/26 0:00,0.6805,1.4927,0.774353,0.665115,0.173142,0.00953,0.620655,0.5572
1992/4/27 0:00,0.686,1.4802,0.774114,0.658892,0.173142,0.009554,0.620155,0.5489
1992/4/28 0:00,0.6823,1.4737,0.768758,0.654365,0.172524,0.009645,0.621311,0.5493
1992/4/29 0:00,0.678,1.463,0.763417,0.655093,0.172524,0.009693,0.621118,0.551
1992/4/30 0:00,0.678,1.4595,0.760456,0.655093,0.172524,0.009787,0.621118,0.5515
1992/5/1 0:00,0.6795,1.484,0.760341,0.66778,0.172524,0.009891,0.622278,0.553
1992/5/2 0:00,0.6732,1.4885,0.760861,0.66379,0.172524,0.009847,0.622007,0.554
1992/5/3 0:00,0.6747,1.5112,0.757576,0.671366,0.172524,0.009843,0.622665,0.555
1992/5/4 0:00,0.6747,1.505,0.758438,0.673401,0.172524,0.00962,0.621311,0.555
1992/5/5 0:00,0.6771,1.512,0.757576,0.677048,0.172524,0.009537,0.619694,0.5535
1992/5/6 0:00,0.6665,1.5013,0.757576,0.673174,0.172524,0.009697,0.621697,0.5505
1992/5/7 0:00,0.669,1.4962,0.75792,0.675904,0.172524,0.00964,0.621697,0.5528
1992/5/8 0:00,0.671,1.4818,0.760746,0.673174,0.172524,0.009528,0.621504,0.5565
1992/5/9 0:00,0.6702,1.499,0.759878,0.680967,0.172524,0.009579,0.622743,0.555
1992/5/10 0:00,0.666,1.5005,0.756544,0.67981,0.172524,0.009615,0.622743,0.552
1992/5/11 0:00,0.6707,1.4905,0.757346,0.678518,0.172227,0.009621,0.622859,0.551
1992/5/12 0:00,0.671,1.4868,0.757117,0.675447,0.172227,0.009548,0.622743,0.552
1992/5/13 0:00,0.668,1.5075,0.756029,0.685401,0.172227,0.009461,0.622394,0.5535
1992/5/14 0:00,0.656,1.5012,0.75358,0.688848,0.172375,0.009434,0.622665,0.5478
1992/5/15 0:00,0.6483,1.5262,0.752785,0.69979,0.172375,0.009519,0.622743,0.5425
1992/5/16 0:00,0.6498,1.5425,0.755116,0.705766,0.172375,0.009611,0.623636,0.5483
1992/5/17 0:00,0.658,1.5395,0.75815,0.702741,0.172375,0.009466,0.623752,0.5525
1992/5/18 0:00,0.6555,1.55,0.759705,0.713929,0.172375,0.009506,0.624493,0.5522
1992/5/19 0:00,0.6494,1.5495,0.760746,0.717103,0.172375,0.009416,0.621775,0.551
1992/5/20 0:00,0.651,1.542,0.759763,0.710227,0.172375,0.009407,0.625586,0.5512
1992/5/21 0:00,0.646,1.5463,0.756544,0.715564,0.172375,0.009447,0.625861,0.5528
1992/5/22 0:00,0.6497,1.5512,0.761615,0.719166,0.172375,0.009407,0.625586,0.5527
1992/5/23 0:00,0.6508,1.533,0.76063,0.713419,0.172375,0.009574,0.626684,0.5515
1992/5/24 0:00,0.6512,1.5345,0.761035,0.713776,0.172375,0.009569,0.626566,0.5515
1992/5/25 0:00,0.6496,1.5317,0.75643,0.712504,0.172375,0.009587,0.626841,0.5525
1992/5/26 0:00,0.654,1.503,0.755744,0.699301,0.172375,0.00939,0.627038,0.5537
1992/5/27 0:00,0.655,1.5198,0.75815,0.704722,0.172375,0.00939,0.627353,0.5541
1992/5/28 0:00,0.651,1.5055,0.756144,0.69735,0.172375,0.009428,0.627471,0.5536
1992/5/29 0:00,0.6542,1.5013,0.757863,0.695169,0.172375,0.00943,0.628536,0.5547
1992/5/30 0:00,0.65,1.5123,0.755116,0.701262,0.172375,0.009443,0.628615,0.5545
1992/5/31 0:00,0.6475,1.5152,0.755458,0.707714,0.172375,0.009501,0.628931,0.552
1992/6/1 0:00,0.645,1.512,0.752502,0.707714,0.172375,0.009506,0.63012,0.55
1992/6/2 0:00,0.645,1.496,0.748503,0.698812,0.172375,0.00943,0.631712,0.5504
1992/6/3 0:00,0.6475,1.5048,0.746826,0.701902,0.172375,0.00943,0.632031,0.5505
1992/6/4 0:00,0.646,1.514,0.746826,0.704871,0.172375,0.009452,0.631712,0.5503
1992/6/5 0:00,0.6465,1.5165,0.747049,0.703482,0.172375,0.009472,0.636335,0.548
1992/6/6 0:00,0.6545,1.5257,0.748783,0.703235,0.172375,0.00947,0.641437,0.5476
1992/6/7 0:00,0.655,1.522,0.750188,0.701262,0.172375,0.00951,0.637552,0.5495
1992/6/8 0:00,0.658,1.5352,0.75092,0.711491,0.172375,0.009472,0.637959,0.5515
1992/6/9 0:00,0.659,1.532,0.751202,0.714541,0.172375,0.009438,0.639591,0.5521
1992/6/10 0:00,0.6613,1.5223,0.752276,0.711339,0.172375,0.009432,0.638244,0.5518
1992/6/11 0:00,0.663,1.5127,0.75375,0.702889,0.172375,0.009308,0.63743,0.5516
1992/6/12 0:00,0.662,1.512,0.75092,0.700771,0.172375,0.009339,0.637267,0.55
1992/6/13 0:00,0.661,1.498,0.753296,0.697107,0.172375,0.009305,0.636213,0.5515
1992/6/14 0:00,0.6642,1.4924,0.754546,0.692041,0.172375,0.00934,0.634316,0.555
1992/6/15 0:00,0.668,1.4893,0.75643,0.687191,0.172375,0.009319,0.633312,0.5557
1992/6/16 0:00,0.67,1.4863,0.759301,0.680967,0.172375,0.009229,0.634115,0.556
1992/6/17 0:00,0.669,1.4725,0.766284,0.677599,0.172375,0.009246,0.634518,0.5568
1992/6/18 0:00,0.6693,1.4863,0.76365,0.679348,0.172375,0.009228,0.63674,0.556
1992/6/19 0:00,0.6671,1.477,0.757174,0.674309,0.172375,0.009247,0.637349,0.5556
1992/6/20 0:00,0.6661,1.4783,0.758495,0.674764,0.172375,0.009219,0.634316,0.5545
1992/6/21 0:00,0.667,1.48,0.756029,0.670241,0.172375,0.009217,0.629723,0.554
1992/6/22 0:00,0.6655,1.4882,0.75643,0.674309,0.172375,0.009229,0.630517,0.554
1992/6/23 0:00,0.674,1.4807,0.759878,0.666001,0.172375,0.009235,0.627746,0.5545
1992/6/24 0:00,0.673,1.4825,0.765814,0.666001,0.172375,0.009296,0.629129,0.5547
1992/6/25 0:00,0.676,1.4805,0.763825,0.665779,0.172375,0.00932,0.629921,0.5545
1992/6/26 0:00,0.6727,1.4788,0.766401,0.665115,0.172375,0.009236,0.628141,0.5545
1992/6/27 0:00,0.6737,1.4865,0.773096,0.670017,0.172375,0.009242,0.627274,0.5572
1992/6/28 0:00,0.67,1.4808,0.771426,0.67331,0.172375,0.009253,0.627746,0.5531
1992/6/29 0:00,0.6675,1.4682,0.764935,0.668449,0.172375,0.009237,0.627471,0.5455
1992/6/30 0:00,0.6625,1.4753,0.764176,0.669344,0.172375,0.009321,0.627943,0.5393
1992/7/1 0:00,0.6583,1.4818,0.761325,0.667646,0.172375,0.009407,0.628141,0.5385
1992/7/2 0:00,0.6537,1.4907,0.757174,0.670466,0.172375,0.009355,0.627235,0.5382
1992/7/3 0:00,0.6568,1.483,0.75815,0.666445,0.172375,0.009369,0.628417,0.5387
1992/7/4 0:00,0.663,1.4765,0.759705,0.66778,0.172375,0.009346,0.627156,0.55
1992/7/5 0:00,0.6618,1.4775,0.756029,0.665336,0.171836,0.009337,0.626763,0.55
1992/7/6 0:00,0.6615,1.4712,0.753125,0.66357,0.171836,0.009234,0.625391,0.548
1992/7/7 0:00,0.6608,1.4745,0.75188,0.669568,0.171836,0.009236,0.625978,0.5472
1992/7/8 0:00,0.663,1.487,0.75358,0.671501,0.171836,0.009221,0.625195,0.5475
1992/7/9 0:00,0.6645,1.488,0.752276,0.669927,0.171836,0.009246,0.625978,0.5486
1992/7/10 0:00,0.662,1.4795,0.752559,0.667557,0.171836,0.009195,0.624493,0.5468
1992/7/11 0:00,0.6598,1.488,0.74912,0.670691,0.171836,0.009152,0.62422,0.545
1992/7/12 0:00,0.6584,1.4852,0.747831,0.666578,0.171836,0.009168,0.624805,0.5455
1992/7/13 0:00,0.658,1.4805,0.750019,0.668226,0.171836,0.0092,0.625586,0.5463
1992/7/14 0:00,0.666,1.4823,0.751371,0.667646,0.171836,0.009196,0.625117,0.5477
1992/7/15 0:00,0.669,1.49,0.752445,0.671276,0.171836,0.00922,0.624025,0.5495
1992/7/16 0:00,0.671,1.4985,0.75375,0.681896,0.171836,0.00924,0.625117,0.5502
1992/7/17 0:00,0.6665,1.4915,0.756029,0.682035,0.171836,0.009294,0.6259,0.5505
1992/7/18 0:00,0.672,1.495,0.755858,0.681896,0.171836,0.009206,0.625978,0.5555
1992/7/19 0:00,0.671,1.4945,0.754831,0.681431,0.171836,0.009195,0.625782,0.555
1992/7/20 0:00,0.6712,1.4945,0.752276,0.686483,0.171836,0.009159,0.625861,0.5557
1992/7/21 0:00,0.6715,1.4903,0.752332,0.682594,0.171836,0.009176,0.626959,0.554
1992/7/22 0:00,0.6728,1.4882,0.749625,0.682268,0.171836,0.009142,0.627077,0.5561
1992/7/23 0:00,0.6727,1.4831,0.750075,0.681896,0.171689,0.009119,0.627156,0.559
1992/7/24 0:00,0.674,1.4885,0.75092,0.684932,0.171689,0.009114,0.627668,0.561
1992/7/25 0:00,0.679,1.491,0.746993,0.687285,0.171689,0.009083,0.627865,0.5613
1992/7/26 0:00,0.6785,1.4855,0.743882,0.683527,0.171689,0.009046,0.627668,0.561
1992/7/27 0:00,0.6792,1.4887,0.743937,0.688942,0.171689,0.009003,0.627825,0.5613
1992/7/28 0:00,0.68,1.4945,0.749344,0.695555,0.171689,0.009044,0.627549,0.561
1992/7/29 0:00,0.6771,1.5043,0.753863,0.69735,0.171697,0.009046,0.628141,0.5593
1992/7/30 0:00,0.6783,1.503,0.753863,0.694927,0.171689,0.009013,0.627353,0.558
1992/7/31 0:00,0.6785,1.5035,0.753012,0.692041,0.171689,0.008966,0.62461,0.5585
1992/8/1 0:00,0.6788,1.5072,0.752445,0.695169,0.171689,0.008981,0.625391,0.5595
1992/8/2 0:00,0.674,1.491,0.749906,0.686342,0.171984,0.008961,0.62422,0.5583
1992/8/3 0:00,0.6762,1.4763,0.752445,0.673854,0.171984,0.008929,0.622665,0.5575
1992/8/4 0:00,0.6783,1.4775,0.754432,0.672043,0.171984,0.008953,0.621697,0.559
1992/8/5 0:00,0.684,1.476,0.760167,0.670691,0.114657,0.008889,0.619963,0.562
1992/8/6 0:00,0.6845,1.484,0.759129,0.672269,0.114657,0.008869,0.62054,0.562
1992/8/7 0:00,0.686,1.487,0.758725,0.675356,0.114657,0.008842,0.624805,0.5613
1992/8/8 0:00,0.684,1.4855,0.756716,0.675356,0.114657,0.008869,0.627746,0.5557
1992/8/9 0:00,0.6865,1.49,0.755572,0.680272,0.114788,0.008931,0.626174,0.5568
1992/8/10 0:00,0.6865,1.4923,0.758668,0.678887,0.114657,0.008898,0.6259,0.5584
1992/8/11 0:00,0.6905,1.4905,0.756487,0.676819,0.114657,0.008901,0.622278,0.5595
1992/8/12 0:00,0.6902,1.5018,0.757117,0.682128,0.114657,0.008897,0.622665,0.5587
1992/8/13 0:00,0.6908,1.4957,0.75706,0.676819,0.114657,0.008935,0.621118,0.5573
1992/8/14 0:00,0.69,1.4913,0.757289,0.675219,0.114657,0.00899,0.621697,0.558
1992/8/15 0:00,0.696,1.4965,0.760052,0.682967,0.114657,0.009029,0.621504,0.563
1992/8/16 0:00,0.701,1.491,0.762777,0.684463,0.114657,0.009021,0.620925,0.565
1992/8/17 0:00,0.7034,1.5,0.763184,0.687758,0.114657,0.008961,0.621311,0.5648
1992/8/18 0:00,0.7025,1.4948,0.762486,0.682827,0.114604,0.008989,0.622859,0.5657
1992/8/19 0:00,0.703,1.4905,0.762777,0.682594,0.114657,0.008945,0.622355,0.5658
1992/8/20 0:00,0.708,1.493,0.762369,0.67981,0.114524,0.008997,0.623441,0.567
1992/8/21 0:00,0.7085,1.494,0.761441,0.680041,0.114657,0.009068,0.625391,0.5685
1992/8/22 0:00,0.709,1.493,0.762486,0.67944,0.114657,0.009122,0.625586,0.5683
1992/8/23 0:00,0.7086,1.4995,0.755287,0.683761,0.114657,0.009137,0.627549,0.5675
1992/8/24 0:00,0.7085,1.5005,0.75358,0.683667,0.114657,0.009198,0.627549,0.5673
1992/8/25 0:00,0.7165,1.503,0.751428,0.689655,0.114664,0.009255,0.630915,0.5725
1992/8/26 0:00,0.715,1.4953,0.753182,0.688468,0.114642,0.009257,0.63012,0.5723
1992/8/27 0:00,0.715,1.493,0.753125,0.689417,0.114611,0.009244,0.63012,0.5715
1992/8/28 0:00,0.7145,1.479,0.749457,0.686436,0.114642,0.009176,0.628931,0.571
1992/8/29 0:00,0.715,1.4825,0.745268,0.679948,0.114649,0.009211,0.628931,0.572
1992/8/30 0:00,0.718,1.4718,0.74499,0.675676,0.114558,0.009203,0.629525,0.5755
1992/8/31 0:00,0.7175,1.4615,0.74366,0.677507,0.114558,0.009269,0.630835,0.5755
1992/9/1 0:00,0.718,1.4622,0.745379,0.67659,0.114558,0.009221,0.630716,0.575
1992/9/2 0:00,0.7148,1.4648,0.744602,0.677277,0.114558,0.009288,0.630716,0.5728
1992/9/3 0:00,0.7115,1.4708,0.738771,0.680041,0.114558,0.009608,0.632111,0.5725
1992/9/4 0:00,0.7085,1.475,0.738225,0.687994,0.114549,0.00962,0.627943,0.572
1992/9/5 0:00,0.7115,1.4755,0.740302,0.687521,0.114624,0.009634,0.627668,0.574
1992/9/6 0:00,0.715,1.477,0.745935,0.686577,0.11457,0.009597,0.628536,0.575
1992/9/7 0:00,0.7135,1.4791,0.746993,0.68918,0.114629,0.009602,0.629247,0.5735
1992/9/8 0:00,0.7195,1.4784,0.744879,0.689988,0.114663,0.009499,0.629129,0.578
1992/9/9 0:00,0.7245,1.4755,0.746269,0.687758,0.114701,0.009452,0.629921,0.5785
1992/9/10 0:00,0.7245,1.4847,0.742115,0.694782,0.114626,0.00951,0.630517,0.5785
1992/9/11 0:00,0.7212,1.4875,0.739864,0.700035,0.114726,0.009557,0.631512,0.5777
1992/9/12 0:00,0.712,1.4875,0.739536,0.701754,0.114597,0.009595,0.632711,0.575
1992/9/13 0:00,0.7147,1.4854,0.74085,0.694444,0.114629,0.009542,0.631433,0.5765
1992/9/14 0:00,0.7058,1.4944,0.73888,0.700525,0.11459,0.009643,0.633312,0.5701
1992/9/15 0:00,0.706,1.4964,0.737409,0.69808,0.114576,0.00964,0.632511,0.5697
1992/9/16 0:00,0.714,1.4895,0.736648,0.694203,0.114574,0.00947,0.630915,0.5735
1992/9/17 0:00,0.719,1.492,0.736974,0.695169,0.114569,0.009458,0.630318,0.577
1992/9/18 0:00,0.717,1.4877,0.736757,0.694686,0.11459,0.009497,0.630915,0.576
1992/9/19 0:00,0.7142,1.4915,0.739536,0.696621,0.114605,0.009445,0.630915,0.5743
1992/9/20 0:00,0.709,1.5008,0.73654,0.703977,0.114651,0.009461,0.629921,0.572
1992/9/21 0:00,0.7102,1.501,0.734376,0.705965,0.114605,0.009519,0.631114,0.5725
1992/9/22 0:00,0.7183,1.4943,0.735294,0.695894,0.114649,0.009434,0.630597,0.5755
1992/9/23 0:00,0.718,1.4925,0.733138,0.695169,0.114657,0.009437,0.630001,0.576
1992/9/24 0:00,0.713,1.4927,0.734053,0.697593,0.114646,0.009447,0.630636,0.575
1992/9/25 0:00,0.7125,1.4947,0.732279,0.697593,0.114654,0.00945,0.631912,0.5735
1992/9/26 0:00,0.7127,1.4925,0.730194,0.697107,0.114668,0.00943,0.631114,0.5728
1992/9/27 0:00,0.7088,1.4838,0.73303,0.695894,0.114667,0.009412,0.630199,0.5693
1992/9/28 0:00,0.7095,1.4865,0.731797,0.699545,0.114685,0.009434,0.630597,0.569
1992/9/29 0:00,0.7103,1.4937,0.733138,0.700035,0.114666,0.009398,0.630318,0.5702
1992/9/30 0:00,0.7095,1.4948,0.728544,0.704722,0.114583,0.009477,0.631912,0.5665
1992/10/1 0:00,0.711,1.4975,0.727114,0.705965,0.114639,0.009537,0.633714,0.5663
1992/10/2 0:00,0.7113,1.4965,0.727379,0.703334,0.114634,0.009604,0.635324,0.5688
1992/10/3 0:00,0.7047,1.485,0.725953,0.701508,0.114624,0.009667,0.637146,0.5663
1992/10/4 0:00,0.699,1.4823,0.724953,0.705965,0.114654,0.009702,0.637267,0.5593
1992/10/5 0:00,0.7015,1.488,0.722648,0.709371,0.11455,0.009766,0.637146,0.5613
1992/10/6 0:00,0.7033,1.4621,0.722491,0.693193,0.11455,0.009629,0.636618,0.5637
1992/10/7 0:00,0.7045,1.4686,0.722543,0.690179,0.11455,0.009574,0.635728,0.566
1992/10/8 0:00,0.7125,1.4684,0.721241,0.689085,0.11455,0.009537,0.636213,0.5682
1992/10/9 0:00,0.724,1.4763,0.723746,0.692761,0.11455,0.009522,0.637146,0.5713
1992/10/10 0:00,0.7227,1.4715,0.720461,0.693626,0.11455,0.009667,0.639386,0.5703
1992/10/11 0:00,0.7235,1.4745,0.7249,0.68975,0.11455,0.009651,0.638692,0.569
1992/10/12 0:00,0.7215,1.477,0.726586,0.693626,0.11455,0.009655,0.639672,0.5657
1992/10/13 0:00,0.723,1.4765,0.724795,0.691898,0.11455,0.009602,0.640287,0.568
1992/10/14 0:00,0.723,1.4729,0.72197,0.688326,0.114419,0.009653,0.64082,0.5685
1992/10/15 0:00,0.7175,1.4725,0.720098,0.686106,0.114742,0.009671,0.641355,0.5665
1992/10/16 0:00,0.715,1.4775,0.721241,0.693241,0.114751,0.009687,0.641231,0.5653
1992/10/17 0:00,0.7162,1.4858,0.721605,0.694444,0.114762,0.009681,0.641437,0.5672
1992/10/18 0:00,0.7135,1.4948,0.724008,0.697204,0.114778,0.009648,0.641026,0.5682
1992/10/19 0:00,0.7185,1.488,0.725426,0.695604,0.114778,0.009653,0.641231,0.5725
1992/10/20 0:00,0.7168,1.4915,0.723851,0.697934,0.114405,0.009684,0.642343,0.573
1992/10/21 0:00,0.7203,1.5037,0.728173,0.697691,0.114818,0.009713,0.643087,0.5743
1992/10/22 0:00,0.716,1.5055,0.727114,0.702247,0.114578,0.00977,0.642921,0.574
1992/10/23 0:00,0.712,1.5075,0.724375,0.704473,0.114584,0.009826,0.643087,0.574
1992/10/24 0:00,0.7135,1.5118,0.723694,0.708717,0.114617,0.009799,0.643004,0.577
1992/10/25 0:00,0.7115,1.5187,0.723066,0.714286,0.114815,0.009824,0.643501,0.5767
1992/10/26 0:00,0.706,1.513,0.722543,0.714541,0.114964,0.009881,0.643542,0.5755
1992/10/27 0:00,0.7117,1.4995,0.721345,0.708968,0.115027,0.009804,0.642674,0.5765
1992/10/28 0:00,0.7148,1.498,0.722178,0.705916,0.115099,0.009737,0.641849,0.5776
1992/10/29 0:00,0.7155,1.4935,0.722752,0.706864,0.115122,0.009735,0.64288,0.5765
1992/10/30 0:00,0.719,1.4975,0.724795,0.707965,0.115137,0.009737,0.645286,0.579
1992/10/31 0:00,0.7242,1.4905,0.725479,0.699203,0.115154,0.009615,0.643708,0.5815
1992/11/1 0:00,0.7221,1.4911,0.725637,0.70028,0.115169,0.009577,0.643625,0.5805
1992/11/2 0:00,0.7175,1.4995,0.724218,0.700771,0.114784,0.009594,0.643708,0.5817
1992/11/3 0:00,0.7224,1.4985,0.725426,0.701508,0.115194,0.009533,0.643418,0.5835
1992/11/4 0:00,0.726,1.5025,0.726956,0.701164,0.115199,0.009542,0.644953,0.5863
1992/11/5 0:00,0.7275,1.5065,0.725163,0.706364,0.115198,0.009581,0.645036,0.5855
1992/11/6 0:00,0.728,1.5085,0.725795,0.71048,0.115201,0.009657,0.648088,0.5855
1992/11/7 0:00,0.7288,1.508,0.727908,0.70932,0.115202,0.009592,0.651254,0.5855
1992/11/8 0:00,0.7288,1.5098,0.726322,0.711389,0.115205,0.009618,0.650407,0.5868
1992/11/9 0:00,0.734,1.5055,0.725163,0.710732,0.115202,0.009585,0.650026,0.5885
1992/11/10 0:00,0.7352,1.5058,0.725374,0.707214,0.115205,0.009533,0.650407,0.5877
1992/11/11 0:00,0.7345,1.5095,0.723327,0.713419,0.115205,0.009569,0.651042,0.5882
1992/11/12 0:00,0.7323,1.5108,0.721241,0.712352,0.115207,0.009574,0.651763,0.5877
1992/11/13 0:00,0.7327,1.5095,0.721293,0.713012,0.11521,0.009588,0.651254,0.5877
1992/11/14 0:00,0.7385,1.512,0.722282,0.712606,0.115213,0.009547,0.65189,0.5945
1992/11/15 0:00,0.7401,1.5172,0.721501,0.714031,0.115215,0.009551,0.652401,0.5942
1992/11/16 0:00,0.7377,1.5082,0.721761,0.711744,0.115219,0.009526,0.651678,0.5933
1992/11/17 0:00,0.7378,1.5055,0.723014,0.705716,0.114824,0.009489,0.649562,0.5943
1992/11/18 0:00,0.7345,1.5083,0.727537,0.706714,0.115221,0.009501,0.651678,0.593
1992/11/19 0:00,0.7335,1.508,0.729395,0.707914,0.114824,0.009533,0.652614,0.591
1992/11/20 0:00,0.7338,1.5063,0.726956,0.707714,0.114826,0.009611,0.651975,0.5905
1992/11/21 0:00,0.7345,1.5067,0.727802,0.706464,0.11483,0.009574,0.65083,0.5887
1992/11/22 0:00,0.734,1.5084,0.727537,0.711238,0.114833,0.009643,0.651848,0.5886
1992/11/23 0:00,0.7355,1.5202,0.724008,0.720254,0.115233,0.009709,0.652827,0.5887
1992/11/24 0:00,0.7288,1.5192,0.721501,0.722804,0.115235,0.009756,0.652614,0.5864
1992/11/25 0:00,0.7312,1.5194,0.720357,0.728067,0.115241,0.00973,0.652443,0.587
1992/11/26 0:00,0.7305,1.52,0.717978,0.728863,0.115243,0.009682,0.652018,0.5876
1992/11/27 0:00,0.732,1.5307,0.718133,0.735727,0.115246,0.009732,0.652955,0.591
1992/11/28 0:00,0.738,1.5385,0.71736,0.740741,0.115249,0.009814,0.65445,0.595
1992/11/29 0:00,0.7438,1.5405,0.724375,0.743771,0.115255,0.009825,0.653894,0.5953
1992/11/30 0:00,0.739,1.5315,0.722022,0.739645,0.115264,0.009884,0.653595,0.5936
1992/12/1 0:00,0.7328,1.5415,0.721865,0.742115,0.115274,0.009891,0.654322,0.591
1992/12/2 0:00,0.7278,1.5519,0.719528,0.750751,0.115282,0.00995,0.654793,0.588
1992/12/3 0:00,0.721,1.5495,0.720721,0.757002,0.115288,0.009995,0.655867,0.5897
1992/12/4 0:00,0.722,1.5512,0.721293,0.753012,0.115296,0.009997,0.655609,0.5918
1992/12/5 0:00,0.7247,1.5462,0.722543,0.751033,0.115306,0.010119,0.656297,0.5928
1992/12/6 0:00,0.731,1.5483,0.723327,0.750469,0.115318,0.010151,0.655781,0.595
1992/12/7 0:00,0.7288,1.539,0.723484,0.748783,0.114941,0.010151,0.656599,0.5975
1992/12/8 0:00,0.726,1.5415,0.719891,0.752559,0.115346,0.010114,0.656944,0.5931
1992/12/9 0:00,0.7263,1.5505,0.722074,0.757002,0.115354,0.01018,0.658198,0.596
1992/12/10 0:00,0.7278,1.5421,0.720202,0.754717,0.115366,0.010115,0.657678,0.5973
1992/12/11 0:00,0.729,1.5445,0.719269,0.75643,0.115375,0.010194,0.657678,0.602
1992/12/12 0:00,0.7315,1.5645,0.718907,0.771605,0.115386,0.01027,0.661026,0.603
1992/12/13 0:00,0.7348,1.5725,0.7227,0.778513,0.115396,0.01033,0.661945,0.6055
1992/12/14 0:00,0.737,1.5675,0.723903,0.771903,0.115411,0.010215,0.661376,0.6051
1992/12/15 0:00,0.7343,1.5615,0.723589,0.764818,0.115424,0.010163,0.660284,0.5972
1992/12/16 0:00,0.7332,1.5574,0.725163,0.761905,0.115435,0.010194,0.661026,0.5983
1992/12/17 0:00,0.7308,1.5622,0.725689,0.76599,0.115449,0.010151,0.662032,0.597
1992/12/18 0:00,0.7325,1.5513,0.724638,0.75643,0.115463,0.010081,0.66107,0.5993
1992/12/19 0:00,0.735,1.5493,0.723851,0.757576,0.115488,0.010147,0.66212,0.6007
1992/12/20 0:00,0.735,1.5395,0.725426,0.751033,0.115521,0.010147,0.662032,0.6038
1992/12/21 0:00,0.7395,1.531,0.725689,0.740741,0.11556,0.010147,0.661813,0.605
1992/12/22 0:00,0.7432,1.532,0.725321,0.740741,0.115614,0.010106,0.662559,0.6045
1992/12/23 0:00,0.7433,1.5244,0.72427,0.74129,0.115655,0.010201,0.661945,0.6045
1992/12/24 0:00,0.7388,1.5306,0.724795,0.748671,0.11569,0.010185,0.662427,0.6012
1992/12/25 0:00,0.736,1.5317,0.724218,0.745712,0.115722,0.010083,0.662076,0.6
1992/12/26 0:00,0.7389,1.5415,0.722804,0.743771,0.115745,0.009995,0.661901,0.6015
1992/12/27 0:00,0.7375,1.5368,0.720202,0.751033,0.115782,0.010065,0.66335,0.6025
1992/12/28 0:00,0.7345,1.5378,0.719632,0.749625,0.11582,0.009963,0.66335,0.6025
1992/12/29 0:00,0.7325,1.5395,0.720305,0.749064,0.115856,0.009958,0.66357,0.6003
1992/12/30 0:00,0.7355,1.5387,0.721033,0.748783,0.115891,0.00998,0.66335,0.6025
1992/12/31 0:00,0.7415,1.5425,0.720357,0.749344,0.115935,0.009963,0.663966,0.604
1993/1/1 0:00,0.7403,1.5422,0.724638,0.751033,0.115978,0.009869,0.664099,0.6043
1993/1/2 0:00,0.741,1.5385,0.727431,0.749569,0.116005,0.009881,0.664099,0.6002
1993/1/3 0:00,0.743,1.5393,0.727114,0.75358,0.116034,0.009881,0.663614,0.5987
1993/1/4 0:00,0.7455,1.5395,0.725689,0.753012,0.11606,0.009916,0.66379,0.6
1993/1/5 0:00,0.7415,1.545,0.723641,0.76365,0.116093,0.009973,0.663834,0.5992
1993/1/6 0:00,0.7405,1.5422,0.724533,0.767636,0.116128,0.00999,0.66357,0.6032
1993/1/7 0:00,0.7402,1.5427,0.724848,0.768521,0.116162,0.009969,0.66379,0.6002
1993/1/8 0:00,0.7415,1.54,0.726322,0.764526,0.116203,0.009969,0.664231,0.5978
1993/1/9 0:00,0.7398,1.545,0.725058,0.769823,0.116237,0.010116,0.66454,0.6007
1993/1/10 0:00,0.7382,1.549,0.726903,0.773694,0.116278,0.010145,0.665336,0.599
1993/1/11 0:00,0.7352,1.551,0.727008,0.775795,0.116314,0.010203,0.666001,0.599
1993/1/12 0:00,0.7355,1.5535,0.725953,0.770416,0.116336,0.010163,0.665646,0.6
1993/1/13 0:00,0.7405,1.5535,0.727484,0.768049,0.116367,0.01014,0.666001,0.6025
1993/1/14 0:00,0.7442,1.5535,0.728332,0.765404,0.116404,0.010029,0.666223,0.603
1993/1/15 0:00,0.7445,1.5355,0.729927,0.755458,0.11672,0.00996,0.666223,0.6035
1993/1/16 0:00,0.742,1.534,0.7303,0.747943,0.116492,0.009995,0.666001,0.601
1993/1/17 0:00,0.743,1.535,0.731368,0.750469,0.116528,0.010037,0.666622,0.6015
1993/1/18 0:00,0.7444,1.5362,0.729288,0.751033,0.116562,0.009989,0.666667,0.6018
1993/1/19 0:00,0.743,1.5445,0.730887,0.755287,0.116598,0.010037,0.666445,0.604
1993/1/20 0:00,0.742,1.5475,0.731797,0.764234,0.116632,0.010081,0.666667,0.6047
1993/1/21 0:00,0.7404,1.5487,0.730994,0.772201,0.116698,0.010125,0.666622,0.6041
1993/1/22 0:00,0.7435,1.5462,0.730727,0.771903,0.116727,0.010076,0.666667,0.6067
1993/1/23 0:00,0.745,1.5436,0.729395,0.76599,0.116757,0.010052,0.666711,0.6046
1993/1/24 0:00,0.745,1.5503,0.731315,0.779423,0.116792,0.010081,0.668137,0.604
1993/1/25 0:00,0.7436,1.5696,0.731957,0.780031,0.116813,0.010101,0.670691,0.6021
1993/1/26 0:00,0.7442,1.5623,0.738716,0.774293,0.116828,0.010105,0.672224,0.6022
1993/1/27 0:00,0.7415,1.5673,0.739864,0.782473,0.116848,0.010096,0.671772,0.6027
1993/1/28 0:00,0.7435,1.563,0.738552,0.778513,0.11687,0.010055,0.671727,0.6037
1993/1/29 0:00,0.7442,1.584,0.739919,0.785238,0.116888,0.01013,0.674309,0.604
1993/1/30 0:00,0.7427,1.566,0.739809,0.776398,0.116904,0.010144,0.675311,0.6032
1993/1/31 0:00,0.7426,1.5745,0.743882,0.777001,0.116908,0.010226,0.677415,0.603
1993/2/1 0:00,0.7467,1.578,0.744602,0.779727,0.116914,0.010212,0.677369,0.6002
1993/2/2 0:00,0.7357,1.576,0.744435,0.778513,0.116925,0.010199,0.676911,0.5992
1993/2/3 0:00,0.7393,1.5813,0.743052,0.77912,0.116932,0.010235,0.674992,0.6022
1993/2/4 0:00,0.7397,1.5745,0.742225,0.776699,0.116944,0.010137,0.672585,0.6023
1993/2/5 0:00,0.7391,1.5775,0.74195,0.77912,0.116955,0.010166,0.673083,0.6022
1993/2/6 0:00,0.7403,1.576,0.745712,0.778513,0.116955,0.010125,0.671817,0.6017
1993/2/7 0:00,0.74,1.58,0.744879,0.77821,0.116958,0.010135,0.673174,0.603
1993/2/8 0:00,0.74,1.577,0.745712,0.777303,0.116959,0.010096,0.674082,0.6025
1993/2/9 0:00,0.7406,1.5785,0.743108,0.773395,0.116959,0.01005,0.674309,0.6027
1993/2/10 0:00,0.7382,1.5783,0.743494,0.775795,0.116959,0.010035,0.675402,0.603
1993/2/11 0:00,0.7392,1.586,0.74228,0.782473,0.116958,0.010053,0.678564,0.6029
1993/2/12 0:00,0.7395,1.5875,0.742005,0.780945,0.116959,0.010035,0.676224,0.6047
1993/2/13 0:00,0.7377,1.5865,0.741565,0.780214,0.116959,0.009963,0.674992,0.6045
1993/2/14 0:00,0.7355,1.578,0.744158,0.774893,0.116959,0.00995,0.673854,0.605
1993/2/15 0:00,0.7358,1.581,0.742005,0.777001,0.116959,0.010005,0.674354,0.6054
1993/2/16 0:00,0.7375,1.5815,0.7414,0.778816,0.116963,0.010025,0.674536,0.6055
1993/2/17 0:00,0.735,1.591,0.738552,0.791766,0.116963,0.01016,0.677277,0.6061
1993/2/18 0:00,0.735,1.61,0.737191,0.800641,0.116963,0.010238,0.678748,0.6107
1993/2/19 0:00,0.7373,1.6135,0.738007,0.800641,0.116965,0.010226,0.679348,0.6113
1993/2/20 0:00,0.7355,1.618,0.738116,0.802568,0.116965,0.010277,0.680504,0.6113
1993/2/21 0:00,0.7366,1.6215,0.738007,0.801925,0.116965,0.010288,0.678196,0.6125
1993/2/22 0:00,0.7315,1.6255,0.738389,0.801089,0.116966,0.01027,0.678012,0.612
1993/2/23 0:00,0.7363,1.6275,0.739372,0.801925,0.116973,0.010288,0.678564,0.6125
1993/2/24 0:00,0.7363,1.6365,0.741015,0.803213,0.11698,0.010315,0.67981,0.6123
1993/2/25 0:00,0.742,1.632,0.742115,0.79968,0.11698,0.010304,0.676819,0.613
1993/2/26 0:00,0.7433,1.6368,0.74129,0.799041,0.116996,0.010315,0.680041,0.614
1993/2/27 0:00,0.7427,1.623,0.740631,0.793021,0.117006,0.010267,0.679256,0.6152
1993/2/28 0:00,0.742,1.635,0.739262,0.796813,0.117014,0.01032,0.680735,0.615
1993/3/1 0:00,0.741,1.632,0.73828,0.801282,0.117022,0.010334,0.681199,0.6152
1993/3/2 0:00,0.7423,1.6345,0.737735,0.797448,0.117022,0.010309,0.681199,0.6165
1993/3/3 0:00,0.7424,1.6125,0.736757,0.784929,0.117044,0.010183,0.680133,0.6147
1993/3/4 0:00,0.749,1.6105,0.736594,0.786164,0.117044,0.010241,0.680041,0.6185
1993/3/5 0:00,0.7545,1.616,0.737681,0.789266,0.117044,0.010284,0.681803,0.6203
1993/3/6 0:00,0.7525,1.621,0.736648,0.794281,0.117044,0.010317,0.682361,0.6215
1993/3/7 0:00,0.7565,1.605,0.738825,0.78125,0.117096,0.010227,0.681199,0.6225
1993/3/8 0:00,0.755,1.5992,0.735943,0.777303,0.11711,0.010212,0.67981,0.6215
1993/3/9 0:00,0.7515,1.588,0.736485,0.772798,0.117132,0.010197,0.678196,0.62
1993/3/10 0:00,0.753,1.584,0.733568,0.769527,0.117132,0.010175,0.679117,0.62
1993/3/11 0:00,0.751,1.5715,0.732601,0.765931,0.11716,0.010166,0.678656,0.6195
1993/3/12 0:00,0.7535,1.577,0.732386,0.770416,0.117178,0.010194,0.679486,0.6223
1993/3/13 0:00,0.7575,1.568,0.731261,0.75815,0.117184,0.010152,0.68018,0.624
1993/3/14 0:00,0.7618,1.566,0.731582,0.75643,0.117184,0.010162,0.681896,0.622
1993/3/15 0:00,0.763,1.5695,0.726639,0.757863,0.117198,0.010184,0.682454,0.623
1993/3/16 0:00,0.76,1.5725,0.728067,0.761035,0.117198,0.010176,0.682128,0.6225
1993/3/17 0:00,0.7596,1.563,0.726691,0.756144,0.117226,0.010127,0.682128,0.6207
1993/3/18 0:00,0.762,1.563,0.725426,0.753296,0.117232,0.010143,0.683013,0.6227
1993/3/19 0:00,0.7634,1.5643,0.725847,0.754432,0.117243,0.010106,0.683995,0.6233
1993/3/20 0:00,0.7689,1.567,0.727167,0.754717,0.117247,0.01011,0.68292,0.6278
1993/3/21 0:00,0.7679,1.5652,0.727061,0.751597,0.117255,0.01006,0.681896,0.6299
1993/3/22 0:00,0.7693,1.5602,0.728863,0.751315,0.117262,0.009961,0.679348,0.63
1993/3/23 0:00,0.77,1.559,0.728226,0.75358,0.117269,0.009968,0.681663,0.63
1993/3/24 0:00,0.769,1.561,0.728226,0.75188,0.117275,0.009965,0.682687,0.6325
1993/3/25 0:00,0.7697,1.5641,0.72469,0.752842,0.117314,0.009987,0.681431,0.6343
1993/3/26 0:00,0.7695,1.5632,0.722804,0.747943,0.117336,0.009959,0.680828,0.6328
1993/3/27 0:00,0.7742,1.5602,0.722126,0.747105,0.117382,0.009978,0.680596,0.6346
1993/3/28 0:00,0.774,1.5637,0.721501,0.749906,0.117426,0.009996,0.681849,0.6352
1993/3/29 0:00,0.775,1.5605,0.720877,0.751597,0.117467,0.009968,0.682361,0.637
1993/3/30 0:00,0.7755,1.5612,0.720721,0.751823,0.117507,0.00997,0.681431,0.6385
1993/3/31 0:00,0.7778,1.563,0.720721,0.754034,0.117545,0.009974,0.681803,0.641
1993/4/1 0:00,0.775,1.563,0.720202,0.751202,0.117599,0.009972,0.682594,0.639
1993/4/2 0:00,0.7765,1.5622,0.717309,0.751428,0.117646,0.009985,0.681803,0.64
1993/4/3 0:00,0.7753,1.56,0.717051,0.751936,0.117711,0.009968,0.682967,0.6384
1993/4/4 0:00,0.775,1.5595,0.717103,0.754148,0.117758,0.009977,0.68306,0.6382
1993/4/5 0:00,0.7755,1.5462,0.715052,0.750244,0.117818,0.009955,0.683107,0.6405
1993/4/6 0:00,0.777,1.5445,0.714745,0.749457,0.117888,0.009978,0.6832,0.6425
1993/4/7 0:00,0.7765,1.545,0.714031,0.751597,0.117941,0.009954,0.682827,0.6425
1993/4/8 0:00,0.7775,1.5435,0.712504,0.752672,0.118039,0.009967,0.68264,0.6428
1993/4/9 0:00,0.7761,1.5602,0.710328,0.763534,0.118076,0.010035,0.683854,0.6425
1993/4/10 0:00,0.7753,1.5665,0.712758,0.763359,0.118117,0.01004,0.685636,0.6402
1993/4/11 0:00,0.7703,1.5624,0.712504,0.761615,0.118138,0.009948,0.687758,0.6396
1993/4/12 0:00,0.7688,1.5605,0.712758,0.761615,0.118138,0.009862,0.687521,0.6381
1993/4/13 0:00,0.7675,1.5635,0.714031,0.767165,0.118161,0.009904,0.6879,0.637
1993/4/14 0:00,0.766,1.5518,0.713878,0.763359,0.118167,0.009865,0.687616,0.6368
1993/4/15 0:00,0.762,1.5573,0.711238,0.772499,0.118173,0.009967,0.688705,0.6365
1993/4/16 0:00,0.767,1.5585,0.708065,0.775795,0.11818,0.00996,0.688942,0.6405
1993/4/17 0:00,0.7703,1.5592,0.707214,0.777303,0.118182,0.01001,0.688231,0.6413
1993/4/18 0:00,0.7665,1.5715,0.705965,0.780945,0.118187,0.010121,0.682361,0.641
1993/4/19 0:00,0.757,1.567,0.708617,0.774593,0.118188,0.010125,0.686342,0.638
1993/4/20 0:00,0.7585,1.568,0.703482,0.777001,0.118194,0.010101,0.689941,0.6392
1993/4/21 0:00,0.7603,1.5707,0.703383,0.776096,0.118196,0.010045,0.688137,0.6395
1993/4/22 0:00,0.7655,1.575,0.703235,0.780336,0.118201,0.010057,0.688705,0.6417
1993/4/23 0:00,0.7685,1.5877,0.702346,0.786473,0.118203,0.01006,0.691324,0.6415
1993/4/24 0:00,0.7673,1.5955,0.704473,0.787712,0.118208,0.010025,0.689513,0.6433
1993/4/25 0:00,0.77,1.596,0.706814,0.786782,0.118212,0.010036,0.688895,0.6453
1993/4/26 0:00,0.7643,1.5932,0.706764,0.784006,0.118217,0.01004,0.687616,0.6443
1993/4/27 0:00,0.7655,1.5908,0.706814,0.785238,0.118221,0.010069,0.688468,0.642
1993/4/28 0:00,0.762,1.5885,0.706614,0.784621,0.118226,0.010065,0.688705,0.6401
1993/4/29 0:00,0.759,1.5935,0.704573,0.788644,0.118226,0.010163,0.688705,0.639
1993/4/30 0:00,0.7575,1.5815,0.709622,0.778513,0.118226,0.010057,0.6879,0.6388
1993/5/1 0:00,0.759,1.5805,0.708767,0.775795,0.118224,0.01006,0.688279,0.639
1993/5/2 0:00,0.7585,1.583,0.710985,0.778695,0.118226,0.01005,0.688279,0.6405
1993/5/3 0:00,0.7525,1.5643,0.712809,0.774593,0.118226,0.010025,0.685683,0.637
1993/5/4 0:00,0.7511,1.56,0.715052,0.77232,0.118231,0.01007,0.683948,0.6315
1993/5/5 0:00,0.7464,1.557,0.716589,0.768344,0.118238,0.010058,0.683995,0.6311
1993/5/6 0:00,0.7441,1.5523,0.716846,0.771129,0.118245,0.010103,0.686766,0.6302
1993/5/7 0:00,0.744,1.5565,0.714898,0.773395,0.118254,0.010116,0.687711,0.6327
1993/5/8 0:00,0.7452,1.5627,0.713267,0.778392,0.118259,0.010115,0.688421,0.6342
1993/5/9 0:00,0.7442,1.5635,0.71286,0.778938,0.118266,0.010136,0.688516,0.6335
1993/5/10 0:00,0.744,1.5575,0.714541,0.78235,0.11827,0.010137,0.687853,0.6328
1993/5/11 0:00,0.747,1.5605,0.711896,0.782044,0.118272,0.01015,0.686719,0.6343
1993/5/12 0:00,0.7455,1.5775,0.70922,0.794281,0.11827,0.010251,0.688705,0.6347
1993/5/13 0:00,0.7375,1.5765,0.711491,0.794281,0.11827,0.010259,0.687758,0.6395
1993/5/14 0:00,0.7415,1.5815,0.714541,0.801282,0.118291,0.010277,0.688705,0.6355
1993/5/15 0:00,0.738,1.586,0.71495,0.800641,0.118303,0.010306,0.687853,0.635
1993/5/16 0:00,0.7365,1.593,0.717206,0.8,0.11831,0.010331,0.688137,0.6323
1993/5/17 0:00,0.7373,1.5885,0.71736,0.801089,0.118315,0.010299,0.689417,0.6321
1993/5/18 0:00,0.7395,1.5835,0.716076,0.809192,0.118321,0.010336,0.689322,0.6358
1993/5/19 0:00,0.738,1.584,0.717515,0.810898,0.118328,0.010352,0.690084,0.6335
1993/5/20 0:00,0.7348,1.5843,0.716076,0.806127,0.118332,0.010336,0.689893,0.6333
1993/5/21 0:00,0.737,1.591,0.712251,0.808407,0.118205,0.010437,0.691085,0.6345
1993/5/22 0:00,0.7381,1.621,0.713521,0.822368,0.118212,0.010593,0.691181,0.6383
1993/5/23 0:00,0.7393,1.633,0.705268,0.855066,0.118368,0.010799,0.697593,0.6432
1993/5/24 0:00,0.7385,1.644,0.703482,0.873744,0.118381,0.011007,0.70373,0.6452
1993/5/25 0:00,0.7391,1.619,0.709824,0.859107,0.118392,0.010957,0.701508,0.6442
1993/5/26 0:00,0.741,1.6152,0.707614,0.861178,0.118401,0.011041,0.705965,0.646
1993/5/27 0:00,0.7445,1.5802,0.709673,0.848536,0.118398,0.010961,0.70373,0.6465
1993/5/28 0:00,0.7462,1.5968,0.708165,0.851789,0.118394,0.01105,0.706314,0.6507
1993/5/29 0:00,0.744,1.5855,0.705716,0.849618,0.118392,0.010993,0.706165,0.6504
1993/5/30 0:00,0.7455,1.603,0.706314,0.870701,0.11838,0.011186,0.708717,0.6505
1993/5/31 0:00,0.746,1.586,0.707114,0.858959,0.118371,0.011074,0.708516,0.6415
1993/6/1 0:00,0.734,1.582,0.705318,0.869187,0.118381,0.011212,0.708717,0.6463
1993/6/2 0:00,0.7238,1.5805,0.709975,0.859107,0.118385,0.011183,0.707614,0.6447
1993/6/3 0:00,0.7264,1.5855,0.713267,0.849834,0.118396,0.011188,0.706464,0.6465
1993/6/4 0:00,0.725,1.586,0.712962,0.856531,0.118388,0.011246,0.706464,0.647
1993/6/5 0:00,0.7253,1.5923,0.710985,0.857265,0.118382,0.011324,0.706564,0.6482
1993/6/6 0:00,0.7285,1.588,0.713521,0.85034,0.118377,0.011223,0.703136,0.6505
1993/6/7 0:00,0.7252,1.5955,0.713521,0.862441,0.118375,0.011227,0.704225,0.6481
1993/6/8 0:00,0.7273,1.61,0.712606,0.869943,0.118375,0.011208,0.704722,0.6482
1993/6/9 0:00,0.7239,1.608,0.712403,0.876271,0.118378,0.011324,0.705965,0.6491
1993/6/10 0:00,0.728,1.5985,0.71495,0.853971,0.118387,0.011169,0.703235,0.6497
1993/6/11 0:00,0.7325,1.619,0.714643,0.882613,0.118394,0.011514,0.707965,0.6549
1993/6/12 0:00,0.7327,1.616,0.714796,0.889521,0.118399,0.011594,0.710227,0.6548
1993/6/13 0:00,0.7327,1.6015,0.717206,0.879507,0.118403,0.011579,0.709874,0.655
1993/6/14 0:00,0.7393,1.6065,0.718236,0.883236,0.118405,0.011594,0.710833,0.657
1993/6/15 0:00,0.7402,1.6058,0.714388,0.886525,0.11841,0.0117,0.711389,0.658
1993/6/16 0:00,0.741,1.6015,0.718494,0.881057,0.118412,0.01186,0.712251,0.663
1993/6/17 0:00,0.741,1.594,0.722491,0.861698,0.11841,0.012034,0.715052,0.6645
1993/6/18 0:00,0.7405,1.5945,0.724848,0.867679,0.118413,0.011933,0.712504,0.6628
1993/6/19 0:00,0.7427,1.59,0.725847,0.864902,0.118419,0.011905,0.714031,0.667
1993/6/20 0:00,0.7397,1.6068,0.727961,0.869943,0.118424,0.011963,0.717,0.6728
1993/6/21 0:00,0.74,1.602,0.73046,0.867905,0.118426,0.011998,0.716846,0.672
1993/6/22 0:00,0.7418,1.6195,0.731904,0.885583,0.11843,0.01218,0.716692,0.6751
1993/6/23 0:00,0.7411,1.614,0.730087,0.888099,0.118433,0.012285,0.717103,0.6718
1993/6/24 0:00,0.7351,1.616,0.729341,0.895095,0.118436,0.012327,0.717515,0.6695
1993/6/25 0:00,0.7345,1.6127,0.729501,0.874891,0.118439,0.012055,0.715308,0.6716
1993/6/26 0:00,0.7325,1.61,0.730834,0.880282,0.118441,0.01206,0.717103,0.672
1993/6/27 0:00,0.7298,1.6055,0.732332,0.879121,0.118446,0.012011,0.717103,0.6721
1993/6/28 0:00,0.727,1.6135,0.732601,0.883392,0.118476,0.012203,0.718391,0.6737
1993/6/29 0:00,0.7262,1.6105,0.733676,0.877578,0.118571,0.011908,0.716178,0.6663
1993/6/30 0:00,0.7278,1.6162,0.733514,0.881057,0.118621,0.011965,0.71736,0.6737
1993/7/1 0:00,0.7272,1.6091,0.735456,0.872981,0.118661,0.011899,0.717515,0.6718
1993/7/2 0:00,0.7285,1.618,0.737735,0.8726,0.118661,0.011972,0.719062,0.6744
1993/7/3 0:00,0.7292,1.6125,0.736594,0.881057,0.118833,0.011949,0.719321,0.675
1993/7/4 0:00,0.733,1.6172,0.732869,0.882613,0.119056,0.011983,0.719424,0.6762
1993/7/5 0:00,0.7405,1.6185,0.732869,0.88574,0.119263,0.011959,0.719166,0.6785
1993/7/6 0:00,0.7417,1.599,0.738552,0.883392,0.119557,0.011901,0.718546,0.6753
1993/7/7 0:00,0.7385,1.608,0.736323,0.889284,0.119693,0.012048,0.719424,0.6755
1993/7/8 0:00,0.7292,1.5885,0.736485,0.883392,0.119837,0.012055,0.718597,0.6752
1993/7/9 0:00,0.7286,1.5815,0.737028,0.866551,0.120116,0.011923,0.717566,0.6713
1993/7/10 0:00,0.7328,1.5576,0.739645,0.840336,0.120265,0.011655,0.713776,0.6695
1993/7/11 0:00,0.7407,1.571,0.738825,0.829876,0.120441,0.011494,0.709723,0.662
1993/7/12 0:00,0.7333,1.5652,0.735727,0.827472,0.120604,0.011513,0.711238,0.6616
1993/7/13 0:00,0.7273,1.569,0.737354,0.834376,0.120508,0.011601,0.713623,0.6628
1993/7/14 0:00,0.7305,1.5685,0.736811,0.832986,0.120391,0.01153,0.714388,0.6666
1993/7/15 0:00,0.7175,1.5625,0.73692,0.821018,0.120327,0.011438,0.715308,0.661
1993/7/16 0:00,0.715,1.5735,0.73692,0.832639,0.120291,0.011525,0.71736,0.656
1993/7/17 0:00,0.7181,1.575,0.732601,0.834028,0.120252,0.011432,0.717103,0.6576
1993/7/18 0:00,0.7187,1.566,0.732601,0.83022,0.12021,0.011444,0.717772,0.6604
1993/7/19 0:00,0.717,1.5755,0.73244,0.833333,0.120161,0.011474,0.717515,0.6588
1993/7/20 0:00,0.7192,1.6037,0.730194,0.858369,0.120133,0.011758,0.719166,0.664
1993/7/21 0:00,0.719,1.604,0.728332,0.878735,0.120101,0.01207,0.719269,0.669
1993/7/22 0:00,0.7203,1.601,0.729554,0.874126,0.120081,0.012048,0.719062,0.6673
1993/7/23 0:00,0.719,1.5865,0.730034,0.856531,0.120113,0.011813,0.717875,0.6647
1993/7/24 0:00,0.7154,1.5945,0.728332,0.853971,0.12014,0.011772,0.718907,0.6613
1993/7/25 0:00,0.7165,1.586,0.726903,0.855432,0.120166,0.011779,0.718597,0.6678
1993/7/26 0:00,0.7143,1.5955,0.726111,0.865426,0.120195,0.011816,0.718649,0.668
1993/7/27 0:00,0.7165,1.59,0.724113,0.854701,0.120187,0.011751,0.717875,0.6703
1993/7/28 0:00,0.7205,1.5942,0.724375,0.863558,0.120217,0.011871,0.718546,0.672
1993/7/29 0:00,0.7227,1.592,0.727908,0.855798,0.120241,0.011779,0.718236,0.6703
1993/7/30 0:00,0.72,1.5945,0.726269,0.863185,0.120192,0.011848,0.718391,0.668
1993/7/31 0:00,0.7175,1.595,0.724743,0.866176,0.120181,0.011916,0.718236,0.6675
1993/8/1 0:00,0.7193,1.5955,0.722387,0.861846,0.120188,0.011858,0.717257,0.6693
1993/8/2 0:00,0.7215,1.6085,0.723851,0.865052,0.120192,0.011848,0.717103,0.6712
1993/8/3 0:00,0.7275,1.5955,0.726216,0.854336,0.120165,0.01179,0.715052,0.6687
1993/8/4 0:00,0.7281,1.607,0.723327,0.860437,0.120187,0.011812,0.716332,0.6691
1993/8/5 0:00,0.7267,1.5995,0.723956,0.858738,0.120189,0.011772,0.716589,0.6712
1993/8/6 0:00,0.7243,1.603,0.724743,0.864304,0.120192,0.011813,0.715973,0.6722
1993/8/7 0:00,0.7255,1.6049,0.726744,0.868056,0.120179,0.011851,0.714286,0.6725
1993/8/8 0:00,0.7207,1.5998,0.726586,0.863558,0.120166,0.011813,0.714439,0.6705
1993/8/9 0:00,0.7208,1.6045,0.727643,0.87146,0.120171,0.011834,0.715564,0.67
1993/8/10 0:00,0.7185,1.5855,0.728598,0.868432,0.120174,0.011857,0.715052,0.672
1993/8/11 0:00,0.7142,1.5845,0.726744,0.873362,0.120182,0.011893,0.715564,0.6713
1993/8/12 0:00,0.7142,1.574,0.727008,0.860215,0.120182,0.011669,0.715308,0.6682
1993/8/13 0:00,0.7155,1.5915,0.72648,0.869565,0.120178,0.011806,0.71582,0.6685
1993/8/14 0:00,0.7108,1.5905,0.727908,0.868432,0.120176,0.011795,0.715564,0.6685
1993/8/15 0:00,0.71,1.5972,0.728704,0.8726,0.120182,0.011792,0.716178,0.6705
1993/8/16 0:00,0.71,1.595,0.729767,0.871992,0.120191,0.011773,0.71582,0.6714
1993/8/17 0:00,0.7115,1.5985,0.7303,0.870474,0.120192,0.01174,0.715666,0.6757
1993/8/18 0:00,0.7157,1.5945,0.733138,0.863558,0.120192,0.011525,0.714031,0.6774
1993/8/19 0:00,0.7146,1.5905,0.739754,0.861104,0.120159,0.011482,0.712251,0.6727
1993/8/20 0:00,0.72,1.588,0.738498,0.857633,0.120163,0.011435,0.712758,0.6735
1993/8/21 0:00,0.7215,1.5915,0.737735,0.857633,0.120168,0.011427,0.714796,0.6728
1993/8/22 0:00,0.7327,1.6005,0.735727,0.861698,0.120172,0.011442,0.715308,0.6756
1993/8/23 0:00,0.7303,1.5945,0.735673,0.859476,0.120176,0.011378,0.715461,0.6763
1993/8/24 0:00,0.7323,1.5945,0.737409,0.857412,0.120179,0.01128,0.714031,0.6745
1993/8/25 0:00,0.7324,1.5962,0.735024,0.863185,0.120174,0.011319,0.715717,0.6753
1993/8/26 0:00,0.732,1.5955,0.735186,0.863931,0.120176,0.011396,0.714286,0.6755
1993/8/27 0:00,0.7348,1.597,0.733407,0.869338,0.120187,0.011395,0.714541,0.6763
1993/8/28 0:00,0.735,1.594,0.735402,0.864678,0.120189,0.011293,0.714541,0.6746
1993/8/29 0:00,0.7375,1.5976,0.735835,0.869338,0.120187,0.011422,0.714541,0.676
1993/8/30 0:00,0.7385,1.5879,0.737572,0.862069,0.120188,0.011379,0.715052,0.6762
1993/8/31 0:00,0.7381,1.5956,0.736377,0.867679,0.120189,0.01137,0.71541,0.6745
1993/9/1 0:00,0.7365,1.5964,0.734862,0.871992,0.120189,0.01137,0.717103,0.6697
1993/9/2 0:00,0.7363,1.6003,0.732923,0.8726,0.120188,0.01134,0.717206,0.671
1993/9/3 0:00,0.7387,1.598,0.730194,0.869187,0.120188,0.01132,0.717618,0.6738
1993/9/4 0:00,0.7403,1.5992,0.731689,0.8726,0.120192,0.011308,0.71736,0.6732
1993/9/5 0:00,0.7405,1.5995,0.73692,0.862962,0.120189,0.011011,0.715564,0.6706
1993/9/6 0:00,0.7402,1.6068,0.735889,0.870095,0.120189,0.011056,0.715308,0.6705
1993/9/7 0:00,0.7425,1.6073,0.737354,0.869943,0.120482,0.010959,0.71495,0.6695
1993/9/8 0:00,0.7414,1.6018,0.736703,0.858001,0.120192,0.010953,0.714286,0.6687
1993/9/9 0:00,0.7436,1.601,0.737191,0.855432,0.120172,0.010897,0.715564,0.6655
1993/9/10 0:00,0.742,1.6002,0.735024,0.859107,0.120169,0.010921,0.716076,0.662
1993/9/11 0:00,0.7398,1.5888,0.736377,0.848896,0.120159,0.010772,0.71623,0.6573
1993/9/12 0:00,0.742,1.5776,0.735835,0.839631,0.120156,0.010664,0.71495,0.6613
1993/9/13 0:00,0.7415,1.574,0.733568,0.837521,0.120137,0.010683,0.713929,0.6638
1993/9/14 0:00,0.7363,1.5553,0.734916,0.816993,0.12011,0.010343,0.709723,0.6555
1993/9/15 0:00,0.732,1.5515,0.735835,0.814797,0.120057,0.010225,0.704225,0.6503
1993/9/16 0:00,0.7315,1.5345,0.735835,0.815328,0.120184,0.01022,0.701607,0.646
1993/9/17 0:00,0.7355,1.543,0.735673,0.819001,0.120168,0.010315,0.700427,0.648
1993/9/18 0:00,0.7368,1.5405,0.735727,0.819001,0.120016,0.010357,0.700918,0.6505
1993/9/19 0:00,0.74,1.5355,0.736485,0.812348,0.120012,0.010338,0.701508,0.6486
1993/9/20 0:00,0.7405,1.5415,0.736106,0.815993,0.12,0.010363,0.702543,0.6475
1993/9/21 0:00,0.7408,1.5432,0.737191,0.819001,0.119979,0.010357,0.702247,0.6435
1993/9/22 0:00,0.7435,1.5418,0.742887,0.820749,0.119972,0.010348,0.702988,0.6505
1993/9/23 0:00,0.7434,1.5525,0.74599,0.830565,0.119954,0.010352,0.706215,0.6526
1993/9/24 0:00,0.751,1.5453,0.746547,0.825764,0.120074,0.010243,0.702988,0.6525
1993/9/25 0:00,0.7546,1.544,0.747775,0.825764,0.120058,0.010106,0.701262,0.65
1993/9/26 0:00,0.7517,1.5515,0.744491,0.829187,0.120051,0.01023,0.703977,0.6502
1993/9/27 0:00,0.7494,1.5533,0.744325,0.832639,0.12006,0.010257,0.70373,0.6531
1993/9/28 0:00,0.751,1.5565,0.744602,0.832293,0.119931,0.010228,0.702741,0.6525
1993/9/29 0:00,0.7505,1.5501,0.746659,0.823723,0.119936,0.010122,0.701262,0.6507
1993/9/30 0:00,0.751,1.55,0.746826,0.823723,0.11994,0.010144,0.702494,0.6515
1993/10/1 0:00,0.7515,1.5482,0.743716,0.821693,0.11994,0.010025,0.699692,0.6505
1993/10/2 0:00,0.7525,1.5483,0.744435,0.828844,0.119937,0.010022,0.700035,0.651
1993/10/3 0:00,0.76,1.5545,0.743218,0.832085,0.119933,0.009914,0.698324,0.6535
1993/10/4 0:00,0.7628,1.548,0.73828,0.819336,0.119927,0.009756,0.696379,0.6558
1993/10/5 0:00,0.762,1.5505,0.7303,0.826105,0.119918,0.009751,0.697788,0.6578
1993/10/6 0:00,0.7594,1.552,0.732064,0.826788,0.119913,0.00966,0.693001,0.6576
1993/10/7 0:00,0.755,1.546,0.733407,0.826105,0.119908,0.009657,0.691802,0.656
1993/10/8 0:00,0.7601,1.546,0.735943,0.831601,0.120006,0.009597,0.690131,0.6578
1993/10/9 0:00,0.7565,1.5525,0.734754,0.848536,0.119907,0.009685,0.692185,0.6605
1993/10/10 0:00,0.7538,1.5695,0.736648,0.873134,0.120057,0.00999,0.69701,0.6634
1993/10/11 0:00,0.7455,1.5795,0.739372,0.880669,0.119913,0.010152,0.699056,0.663
1993/10/12 0:00,0.7493,1.5715,0.742721,0.869943,0.119913,0.010012,0.692665,0.6603
1993/10/13 0:00,0.7474,1.5708,0.742942,0.860585,0.119916,0.009918,0.693481,0.6574
1993/10/14 0:00,0.7485,1.5722,0.741015,0.868056,0.119918,0.009983,0.699545,0.6559
1993/10/15 0:00,0.7525,1.5805,0.740192,0.87184,0.11992,0.010027,0.702346,0.655
1993/10/16 0:00,0.7555,1.5795,0.743771,0.865052,0.119926,0.010091,0.702741,0.658
1993/10/17 0:00,0.762,1.5909,0.746603,0.869036,0.119926,0.009929,0.694927,0.6579
1993/10/18 0:00,0.7658,1.5808,0.752729,0.861326,0.119926,0.009838,0.697107,0.656
1993/10/19 0:00,0.7631,1.5837,0.751202,0.868282,0.119926,0.009928,0.698178,0.6583
1993/10/20 0:00,0.7598,1.584,0.748783,0.872068,0.119933,0.009975,0.701508,0.66
1993/10/21 0:00,0.7612,1.5812,0.750863,0.87108,0.119941,0.009916,0.700771,0.6618
1993/10/22 0:00,0.7582,1.5778,0.748615,0.87108,0.119964,0.009936,0.701016,0.6591
1993/10/23 0:00,0.7628,1.573,0.747664,0.865426,0.119976,0.009911,0.70205,0.6605
1993/10/24 0:00,0.7603,1.5735,0.746938,0.867152,0.119985,0.009972,0.702247,0.6614
1993/10/25 0:00,0.759,1.5725,0.747719,0.863185,0.119988,0.009921,0.700771,0.6608
1993/10/26 0:00,0.756,1.575,0.747664,0.869943,0.119979,0.009955,0.702494,0.6605
1993/10/27 0:00,0.757,1.574,0.746993,0.870701,0.119979,0.009967,0.702247,0.658
1993/10/28 0:00,0.7545,1.5695,0.74677,0.866326,0.119989,0.009938,0.701164,0.6575
1993/10/29 0:00,0.752,1.5725,0.747943,0.869187,0.119988,0.009941,0.702247,0.658
1993/10/30 0:00,0.7497,1.5759,0.740741,0.87604,0.119985,0.009975,0.703334,0.6603
1993/10/31 0:00,0.748,1.58,0.730727,0.888099,0.119992,0.01003,0.707965,0.661
1993/11/1 0:00,0.7471,1.581,0.729661,0.884408,0.119996,0.009983,0.706814,0.659
1993/11/2 0:00,0.7485,1.5795,0.731797,0.881057,0.119995,0.009875,0.70497,0.6555
1993/11/3 0:00,0.7553,1.574,0.732064,0.877963,0.119986,0.009823,0.705965,0.6566
1993/11/4 0:00,0.754,1.5795,0.729714,0.883002,0.119985,0.009832,0.706714,0.6565
1993/11/5 0:00,0.761,1.5775,0.734214,0.881834,0.119977,0.009838,0.706464,0.66
1993/11/6 0:00,0.7615,1.5807,0.746213,0.880282,0.119977,0.009779,0.707664,0.66
1993/11/7 0:00,0.7603,1.5778,0.74195,0.877578,0.119982,0.009702,0.705467,0.655
1993/11/8 0:00,0.7585,1.5813,0.744713,0.87604,0.119979,0.009653,0.706314,0.656
1993/11/9 0:00,0.758,1.5805,0.742005,0.879121,0.11998,0.009626,0.708215,0.6545
1993/11/10 0:00,0.753,1.5793,0.739919,0.877809,0.11998,0.00969,0.70932,0.655
1993/11/11 0:00,0.7528,1.5778,0.735835,0.877578,0.119977,0.009692,0.707464,0.654
1993/11/12 0:00,0.7503,1.5805,0.736648,0.874508,0.119979,0.009756,0.706914,0.653
1993/11/13 0:00,0.7358,1.5794,0.737463,0.878194,0.119982,0.009926,0.708215,0.6515
1993/11/14 0:00,0.7378,1.5753,0.739481,0.880669,0.11999,0.009906,0.707864,0.653
1993/11/15 0:00,0.738,1.5555,0.740192,0.874891,0.119992,0.009833,0.707264,0.6508
1993/11/16 0:00,0.7402,1.5605,0.738716,0.877193,0.119996,0.009835,0.708215,0.6502
1993/11/17 0:00,0.735,1.558,0.737626,0.88129,0.120003,0.009911,0.708466,0.6469
1993/11/18 0:00,0.7405,1.5558,0.737463,0.875657,0.119998,0.00979,0.707564,0.6472
1993/11/19 0:00,0.7405,1.5505,0.73959,0.880824,0.120002,0.009801,0.707965,0.6475
1993/11/20 0:00,0.7434,1.5495,0.739919,0.877963,0.120005,0.009867,0.707965,0.6511
1993/11/21 0:00,0.7456,1.5583,0.739098,0.87804,0.120006,0.00984,0.707965,0.6532
1993/11/22 0:00,0.7411,1.565,0.739098,0.881446,0.120008,0.00995,0.708617,0.6525
1993/11/23 0:00,0.74,1.56,0.738443,0.874508,0.120016,0.009852,0.707714,0.6513
1993/11/24 0:00,0.7405,1.5505,0.739481,0.862813,0.120016,0.009823,0.707965,0.6509
1993/11/25 0:00,0.75,1.548,0.737191,0.866176,0.120025,0.009889,0.707965,0.6555
1993/11/26 0:00,0.7485,1.5383,0.736106,0.859919,0.120025,0.009856,0.707965,0.6553
1993/11/27 0:00,0.7424,1.5302,0.735998,0.850702,0.120025,0.009823,0.708717,0.6527
1993/11/28 0:00,0.7372,1.536,0.732064,0.851789,0.120009,0.009881,0.706964,0.6485
1993/11/29 0:00,0.7396,1.536,0.731957,0.855725,0.120003,0.009896,0.706714,0.648
1993/11/30 0:00,0.7384,1.541,0.731422,0.856164,0.120002,0.00986,0.707614,0.6465
1993/12/1 0:00,0.7395,1.5422,0.732172,0.855432,0.12,0.009865,0.707214,0.6468
1993/12/2 0:00,0.739,1.5353,0.730727,0.855798,0.119998,0.009862,0.707214,0.647
1993/12/3 0:00,0.7377,1.5329,0.726956,0.855652,0.119993,0.009906,0.706614,0.646
1993/12/4 0:00,0.736,1.5348,0.724533,0.855213,0.120192,0.009894,0.707364,0.6463
1993/12/5 0:00,0.7405,1.5313,0.726006,0.850991,0.119979,0.009818,0.706215,0.6451
1993/12/6 0:00,0.7444,1.5325,0.726533,0.848896,0.119982,0.009828,0.705866,0.6465
1993/12/7 0:00,0.7379,1.541,0.727537,0.859328,0.11997,0.009852,0.706215,0.653
1993/12/8 0:00,0.741,1.5395,0.727537,0.858369,0.119946,0.00979,0.706215,0.6518
1993/12/9 0:00,0.7405,1.539,0.726691,0.870701,0.119933,0.009833,0.707264,0.6525
1993/12/10 0:00,0.7408,1.542,0.726216,0.866927,0.119939,0.009818,0.706964,0.6525
1993/12/11 0:00,0.741,1.5373,0.731261,0.864528,0.119941,0.009804,0.706714,0.6523
1993/12/12 0:00,0.7415,1.5388,0.734214,0.863931,0.119943,0.009822,0.707064,0.6523
1993/12/13 0:00,0.7395,1.5425,0.733299,0.862664,0.119941,0.009747,0.705965,0.6508
1993/12/14 0:00,0.74,1.5555,0.734592,0.865052,0.119934,0.009768,0.706814,0.6515
1993/12/15 0:00,0.7478,1.56,0.73524,0.867303,0.119934,0.009728,0.706564,0.6544
1993/12/16 0:00,0.745,1.539,0.735024,0.864678,0.119934,0.009721,0.707714,0.6536
1993/12/17 0:00,0.7432,1.5535,0.732332,0.866551,0.119941,0.009682,0.706714,0.6537
1993/12/18 0:00,0.7433,1.5565,0.73654,0.86408,0.119933,0.009623,0.706364,0.6535
1993/12/19 0:00,0.7485,1.5517,0.739098,0.861698,0.119917,0.009583,0.704722,0.6544
1993/12/20 0:00,0.7453,1.5463,0.738498,0.852006,0.1199,0.009398,0.698812,0.6544
1993/12/21 0:00,0.7475,1.552,0.736757,0.861698,0.119898,0.009512,0.702494,0.6575
1993/12/22 0:00,0.7473,1.5495,0.734808,0.859771,0.119883,0.009452,0.701262,0.6594
1993/12/23 0:00,0.7447,1.5475,0.73443,0.85778,0.119884,0.009533,0.702395,0.6585
1993/12/24 0:00,0.7469,1.5456,0.732654,0.859476,0.119893,0.009498,0.702247,0.658
1993/12/25 0:00,0.7465,1.5445,0.732869,0.860807,0.119898,0.009542,0.703235,0.6585
1993/12/26 0:00,0.7445,1.5487,0.733945,0.861698,0.119898,0.009517,0.702741,0.6622
1993/12/27 0:00,0.7431,1.538,0.731689,0.850702,0.119898,0.009445,0.701508,0.663
1993/12/28 0:00,0.74,1.5255,0.73046,0.844096,0.119901,0.009489,0.706314,0.6622
1993/12/29 0:00,0.7389,1.5228,0.733138,0.842744,0.119917,0.009484,0.704722,0.6622
1993/12/30 0:00,0.7355,1.5093,0.732493,0.837381,0.119936,0.009488,0.703482,0.6652
1993/12/31 0:00,0.7318,1.5135,0.73046,0.841326,0.119941,0.009455,0.701754,0.6645
1994/1/1 0:00,0.735,1.5135,0.729395,0.838926,0.119947,0.009452,0.704077,0.662
1994/1/2 0:00,0.7359,1.5092,0.729661,0.837802,0.119957,0.009353,0.703334,0.6654
1994/1/3 0:00,0.737,1.5075,0.726322,0.83661,0.119952,0.009355,0.704722,0.6668
1994/1/4 0:00,0.7382,1.503,0.723484,0.827883,0.119966,0.009381,0.705467,0.6668
1994/1/5 0:00,0.74,1.5063,0.723851,0.827815,0.119976,0.009363,0.704722,0.6672
1994/1/6 0:00,0.7417,1.5037,0.725953,0.824198,0.11998,0.009321,0.703829,0.667
1994/1/7 0:00,0.7443,1.5096,0.727643,0.824878,0.119993,0.00935,0.708968,0.6722
1994/1/8 0:00,0.7474,1.5132,0.727908,0.820008,0.120002,0.009339,0.704225,0.675
1994/1/9 0:00,0.7557,1.519,0.727326,0.821018,0.120009,0.009372,0.705219,0.6764
1994/1/10 0:00,0.7549,1.5352,0.725689,0.835422,0.120003,0.009522,0.708165,0.6763
1994/1/11 0:00,0.7547,1.5402,0.728067,0.831808,0.120019,0.009475,0.706714,0.6763
1994/1/12 0:00,0.7535,1.5365,0.731689,0.827267,0.120032,0.009416,0.706964,0.6727
1994/1/13 0:00,0.7575,1.5374,0.730087,0.829531,0.120048,0.009355,0.705965,0.674
1994/1/14 0:00,0.7545,1.5318,0.728598,0.827472,0.120057,0.009337,0.705766,0.6745
1994/1/15 0:00,0.7543,1.5308,0.728438,0.832293,0.12006,0.009375,0.707314,0.6733
1994/1/16 0:00,0.7532,1.534,0.728757,0.8285,0.120042,0.009352,0.706215,0.673
1994/1/17 0:00,0.7559,1.5371,0.725216,0.834655,0.120048,0.009366,0.707214,0.6747
1994/1/18 0:00,0.7555,1.5385,0.725058,0.833681,0.120031,0.009418,0.707464,0.676
1994/1/19 0:00,0.755,1.5487,0.723589,0.841822,0.119996,0.009492,0.714031,0.6783
1994/1/20 0:00,0.7553,1.5445,0.723851,0.844238,0.119973,0.009425,0.713267,0.6782
1994/1/21 0:00,0.751,1.5425,0.725268,0.842673,0.119973,0.009501,0.712962,0.6762
1994/1/22 0:00,0.7545,1.5435,0.726903,0.846382,0.119973,0.009528,0.710985,0.6745
1994/1/23 0:00,0.756,1.541,0.726111,0.85266,0.119973,0.009548,0.709723,0.6765
1994/1/24 0:00,0.7564,1.54,0.727167,0.848536,0.119949,0.009585,0.711086,0.6763
1994/1/25 0:00,0.7581,1.5398,0.727537,0.846024,0.11991,0.009581,0.709975,0.6739
1994/1/26 0:00,0.7637,1.5335,0.727537,0.83661,0.119894,0.009572,0.707714,0.6697
1994/1/27 0:00,0.7643,1.532,0.728438,0.834028,0.119888,0.009513,0.708115,0.6731
1994/1/28 0:00,0.7618,1.5273,0.729395,0.829669,0.119888,0.009461,0.708215,0.6736
1994/1/29 0:00,0.7602,1.5284,0.729076,0.831808,0.119893,0.009519,0.707814,0.6729
1994/1/30 0:00,0.76,1.529,0.72881,0.833472,0.11989,0.009515,0.708466,0.675
1994/1/31 0:00,0.7622,1.529,0.729022,0.832709,0.119871,0.00949,0.708115,0.675
1994/2/1 0:00,0.7625,1.53,0.729501,0.832085,0.119862,0.009501,0.709723,0.6726
1994/2/2 0:00,0.7678,1.524,0.731636,0.82905,0.119848,0.009439,0.709471,0.6755
1994/2/3 0:00,0.768,1.5238,0.731529,0.832224,0.119814,0.009492,0.710732,0.6792
1994/2/4 0:00,0.77,1.5213,0.731048,0.835422,0.119762,0.009475,0.710227,0.6835
1994/2/5 0:00,0.7737,1.5225,0.730994,0.839278,0.119692,0.009498,0.710732,0.6835
1994/2/6 0:00,0.774,1.5231,0.731101,0.840336,0.119713,0.00948,0.71048,0.689
1994/2/7 0:00,0.7734,1.525,0.733138,0.840901,0.119736,0.009446,0.710227,0.683
1994/2/8 0:00,0.7734,1.53,0.73551,0.839419,0.119722,0.009432,0.71048,0.681
1994/2/9 0:00,0.7742,1.5327,0.735781,0.839349,0.119717,0.009411,0.710732,0.6821
1994/2/10 0:00,0.775,1.5376,0.735348,0.839631,0.119732,0.009395,0.708918,0.6857
1994/2/11 0:00,0.778,1.536,0.734592,0.83661,0.119732,0.00937,0.708968,0.6869
1994/2/12 0:00,0.7769,1.5334,0.734107,0.83717,0.119717,0.009363,0.70922,0.6869
1994/2/13 0:00,0.7735,1.523,0.733837,0.838364,0.11969,0.009417,0.71048,0.6868
1994/2/14 0:00,0.7725,1.524,0.733353,0.838715,0.1197,0.009399,0.710985,0.6825
1994/2/15 0:00,0.7779,1.5181,0.733407,0.83382,0.119713,0.009377,0.703977,0.6828
1994/2/16 0:00,0.7821,1.5239,0.733407,0.839983,0.11971,0.009404,0.71048,0.6783
1994/2/17 0:00,0.7815,1.5262,0.733407,0.840548,0.119706,0.009346,0.710177,0.6807
1994/2/18 0:00,0.784,1.5244,0.738116,0.83696,0.119705,0.0093,0.710732,0.685
1994/2/19 0:00,0.7822,1.5248,0.737518,0.838223,0.119705,0.009304,0.711491,0.6842
1994/2/20 0:00,0.781,1.526,0.73692,0.8371,0.119706,0.009351,0.711491,0.6813
1994/2/21 0:00,0.781,1.5295,0.736431,0.837731,0.119725,0.009338,0.711997,0.6813
1994/2/22 0:00,0.7838,1.5287,0.736974,0.835422,0.119745,0.009288,0.706464,0.6825
1994/2/23 0:00,0.783,1.531,0.736269,0.838926,0.119743,0.009309,0.711389,0.6833
1994/2/24 0:00,0.7861,1.5243,0.735943,0.829325,0.119739,0.009244,0.710227,0.682
1994/2/25 0:00,0.7883,1.5115,0.736757,0.821153,0.119735,0.009211,0.70922,0.681
1994/2/26 0:00,0.7897,1.5125,0.737137,0.825423,0.119726,0.009215,0.710227,0.6763
1994/2/27 0:00,0.79,1.5123,0.737191,0.815528,0.119729,0.009202,0.708466,0.677
1994/2/28 0:00,0.7902,1.5085,0.7373,0.812612,0.11973,0.009228,0.708466,0.6783
1994/3/1 0:00,0.7875,1.5071,0.736648,0.812018,0.119736,0.009235,0.708717,0.6785
1994/3/2 0:00,0.7852,1.507,0.737191,0.815661,0.119743,0.009236,0.709723,0.6819
1994/3/3 0:00,0.7815,1.51,0.734484,0.817996,0.119748,0.009337,0.710227,0.6842
1994/3/4 0:00,0.7815,1.5168,0.734268,0.817996,0.119752,0.009337,0.709723,0.6855
1994/3/5 0:00,0.7865,1.5112,0.733999,0.814664,0.11976,0.009372,0.709471,0.6865
1994/3/6 0:00,0.7894,1.5161,0.734053,0.813339,0.119758,0.009382,0.70922,0.6828
1994/3/7 0:00,0.7845,1.5138,0.734214,0.811293,0.119759,0.009366,0.709723,0.6818
1994/3/8 0:00,0.7885,1.5127,0.732869,0.809127,0.119759,0.009392,0.709874,0.6825
1994/3/9 0:00,0.7883,1.5103,0.733676,0.809062,0.11976,0.009475,0.71048,0.684
1994/3/10 0:00,0.787,1.5094,0.733783,0.810898,0.119752,0.009568,0.711238,0.6865
1994/3/11 0:00,0.7854,1.505,0.734484,0.805477,0.119759,0.009557,0.711491,0.6869
1994/3/12 0:00,0.7896,1.4948,0.733891,0.800192,0.119759,0.009517,0.710985,0.6849
1994/3/13 0:00,0.7951,1.503,0.733945,0.803536,0.119759,0.00957,0.711491,0.689
1994/3/14 0:00,0.7955,1.5042,0.733622,0.805153,0.11976,0.009539,0.712403,0.6855
1994/3/15 0:00,0.7958,1.5072,0.732172,0.80289,0.11976,0.00953,0.712099,0.6866
1994/3/16 0:00,0.7984,1.5125,0.731797,0.806322,0.11976,0.009527,0.712251,0.6886
1994/3/17 0:00,0.8005,1.5215,0.730887,0.810767,0.11976,0.00951,0.711642,0.688
1994/3/18 0:00,0.7983,1.522,0.730994,0.809389,0.119759,0.009542,0.711744,0.6875
1994/3/19 0:00,0.8026,1.5223,0.731743,0.801539,0.119758,0.009479,0.711339,0.6905
1994/3/20 0:00,0.8012,1.5145,0.730674,0.800512,0.119758,0.009527,0.711592,0.6875
1994/3/21 0:00,0.8017,1.5149,0.730353,0.799297,0.11976,0.009452,0.710379,0.6887
1994/3/22 0:00,0.8007,1.513,0.730727,0.797894,0.119759,0.009359,0.709874,0.6872
1994/3/23 0:00,0.8015,1.5133,0.730994,0.794913,0.11976,0.009375,0.709723,0.6872
1994/3/24 0:00,0.8,1.515,0.729927,0.797067,0.119771,0.009387,0.710227,0.686
1994/3/25 0:00,0.7945,1.513,0.727961,0.792079,0.119783,0.009334,0.709975,0.6823
1994/3/26 0:00,0.7928,1.5115,0.728598,0.789079,0.119799,0.009346,0.709723,0.6825
1994/3/27 0:00,0.7943,1.5103,0.728544,0.789889,0.119801,0.009342,0.709572,0.6832
1994/3/28 0:00,0.7935,1.5134,0.727114,0.791327,0.119808,0.009365,0.709119,0.6842
1994/3/29 0:00,0.7914,1.511,0.727484,0.789266,0.119808,0.009268,0.708818,0.6833
1994/3/30 0:00,0.7945,1.5127,0.72648,0.784929,0.119835,0.0092,0.707214,0.6854
1994/3/31 0:00,0.7983,1.5211,0.728969,0.786782,0.120048,0.009194,0.713165,0.6848
1994/4/1 0:00,0.7957,1.5345,0.730727,0.794534,0.119814,0.009289,0.709471,0.6831
1994/4/2 0:00,0.798,1.5495,0.729714,0.799361,0.119825,0.00926,0.709471,0.6795
1994/4/3 0:00,0.801,1.5515,0.730353,0.799041,0.119826,0.009228,0.71048,0.6805
1994/4/4 0:00,0.799,1.5485,0.730407,0.794786,0.119834,0.009158,0.70927,0.678
1994/4/5 0:00,0.793,1.5474,0.732064,0.795292,0.119848,0.009188,0.70922,0.6767
1994/4/6 0:00,0.7855,1.5405,0.732816,0.793021,0.119855,0.009152,0.709421,0.6678
1994/4/7 0:00,0.7914,1.541,0.731582,0.789391,0.119851,0.009155,0.709874,0.6693
1994/4/8 0:00,0.7935,1.5322,0.733138,0.789702,0.119855,0.009168,0.709723,0.6728
1994/4/9 0:00,0.7919,1.5355,0.732279,0.788706,0.119854,0.009132,0.709471,0.6731
1994/4/10 0:00,0.7905,1.5345,0.731636,0.790889,0.119862,0.009135,0.709723,0.6727
1994/4/11 0:00,0.792,1.532,0.73046,0.794281,0.119874,0.009187,0.709471,0.6724
1994/4/12 0:00,0.7921,1.5358,0.731797,0.798085,0.11988,0.009185,0.709471,0.6742
1994/4/13 0:00,0.792,1.545,0.73185,0.800961,0.119872,0.009187,0.709975,0.6748
1994/4/14 0:00,0.7892,1.5435,0.73046,0.800576,0.11987,0.009256,0.709975,0.6749
1994/4/15 0:00,0.7876,1.5433,0.730887,0.797766,0.119878,0.009255,0.710732,0.6773
1994/4/16 0:00,0.7885,1.5418,0.731208,0.797385,0.119887,0.009251,0.709723,0.6786
1994/4/17 0:00,0.7905,1.5383,0.732332,0.791327,0.1199,0.009166,0.709069,0.6787
1994/4/18 0:00,0.7903,1.54,0.734322,0.792519,0.119903,0.009179,0.709471,0.677
1994/4/19 0:00,0.7906,1.5405,0.735294,0.792707,0.119895,0.009172,0.708466,0.6798
1994/4/20 0:00,0.7911,1.5414,0.734592,0.794281,0.119895,0.009132,0.708215,0.6823
1994/4/21 0:00,0.789,1.5462,0.733783,0.799041,0.11989,0.009137,0.714031,0.683
1994/4/22 0:00,0.7856,1.5529,0.732225,0.79968,0.119874,0.009134,0.708466,0.686
1994/4/23 0:00,0.7872,1.5545,0.733407,0.80032,0.11988,0.009127,0.708466,0.6846
1994/4/24 0:00,0.7827,1.5583,0.733299,0.799169,0.119888,0.009083,0.707965,0.6843
1994/4/25 0:00,0.7813,1.5587,0.734754,0.798085,0.119903,0.009065,0.707314,0.6823
1994/4/26 0:00,0.796,1.5522,0.730834,0.789889,0.119904,0.009013,0.707214,0.688
1994/4/27 0:00,0.7934,1.553,0.729341,0.791452,0.119923,0.009014,0.706964,0.6888
1994/4/28 0:00,0.7922,1.5495,0.730194,0.792896,0.119944,0.009068,0.707464,0.6875
1994/4/29 0:00,0.7975,1.5504,0.73046,0.790826,0.11996,0.009076,0.707214,0.688
1994/4/30 0:00,0.7982,1.5555,0.729714,0.795545,0.119962,0.009076,0.706065,0.6885
1994/5/1 0:00,0.7973,1.5525,0.730194,0.794913,0.119963,0.009034,0.704077,0.6875
1994/5/2 0:00,0.7948,1.55,0.730194,0.796242,0.119954,0.009054,0.704622,0.6854
1994/5/3 0:00,0.7912,1.5585,0.729022,0.819202,0.119831,0.009162,0.705965,0.6884
1994/5/4 0:00,0.7875,1.5432,0.728544,0.825423,0.119829,0.009206,0.70497,0.6885
1994/5/5 0:00,0.792,1.5479,0.731101,0.823384,0.119837,0.009265,0.704722,0.6889
1994/5/6 0:00,0.7906,1.5466,0.731315,0.82203,0.119829,0.00924,0.705368,0.693
1994/5/7 0:00,0.7917,1.5512,0.731208,0.828157,0.119847,0.009302,0.703977,0.6952
1994/5/8 0:00,0.7911,1.5515,0.729129,0.824402,0.119858,0.009252,0.705219,0.693
1994/5/9 0:00,0.7912,1.5525,0.728863,0.823859,0.119861,0.009234,0.705766,0.696
1994/5/10 0:00,0.788,1.5572,0.728544,0.827815,0.119865,0.009227,0.706464,0.697
1994/5/11 0:00,0.7873,1.5545,0.727484,0.825764,0.119884,0.009231,0.705716,0.697
1994/5/12 0:00,0.7871,1.557,0.728651,0.828295,0.119888,0.009158,0.706215,0.6949
1994/5/13 0:00,0.7825,1.5558,0.727961,0.83091,0.119891,0.009252,0.707064,0.6942
1994/5/14 0:00,0.7735,1.5556,0.727431,0.834864,0.119894,0.009366,0.707714,0.6892
1994/5/15 0:00,0.7721,1.5572,0.729129,0.832778,0.119897,0.009368,0.707164,0.6832
1994/5/16 0:00,0.773,1.5418,0.727008,0.830565,0.119898,0.009341,0.706215,0.6833
1994/5/17 0:00,0.7729,1.5442,0.726903,0.831255,0.119904,0.009377,0.706215,0.6836
1994/5/18 0:00,0.7758,1.5375,0.727537,0.829944,0.119907,0.009353,0.705716,0.6875
1994/5/19 0:00,0.7772,1.5418,0.728757,0.826788,0.119911,0.009264,0.705716,0.6872
1994/5/20 0:00,0.7782,1.5497,0.728704,0.826241,0.119911,0.009247,0.705069,0.6873
1994/5/21 0:00,0.7785,1.549,0.728704,0.829876,0.119918,0.009249,0.706215,0.6882
1994/5/22 0:00,0.7776,1.5505,0.729129,0.832639,0.119924,0.009283,0.706714,0.6857
1994/5/23 0:00,0.7792,1.5499,0.727379,0.83382,0.119933,0.009295,0.707464,0.6842
1994/5/24 0:00,0.779,1.5483,0.727537,0.827815,0.119941,0.009264,0.707965,0.6855
1994/5/25 0:00,0.7827,1.5504,0.725953,0.829394,0.119944,0.009258,0.707814,0.6871
1994/5/26 0:00,0.7837,1.5468,0.727749,0.825627,0.119949,0.009263,0.709471,0.689
1994/5/27 0:00,0.79,1.5444,0.728067,0.828775,0.119953,0.00927,0.709069,0.689
1994/5/28 0:00,0.7862,1.5473,0.728067,0.82802,0.119954,0.009234,0.708868,0.6899
1994/5/29 0:00,0.7898,1.5497,0.727802,0.833056,0.119946,0.00923,0.708215,0.692
1994/5/30 0:00,0.791,1.5508,0.728969,0.828432,0.119949,0.00924,0.708215,0.6913
1994/5/31 0:00,0.7903,1.553,0.729927,0.833333,0.119946,0.009225,0.708968,0.694
1994/6/1 0:00,0.7905,1.5553,0.729448,0.837872,0.119946,0.009285,0.709723,0.6943
1994/6/2 0:00,0.7868,1.553,0.731208,0.837731,0.119949,0.009278,0.709975,0.692
1994/6/3 0:00,0.7905,1.5593,0.731797,0.838364,0.119953,0.009222,0.711238,0.692
1994/6/4 0:00,0.791,1.5563,0.731743,0.834376,0.119956,0.009217,0.710328,0.6928
1994/6/5 0:00,0.791,1.5612,0.730727,0.832709,0.119957,0.0092,0.71048,0.69
1994/6/6 0:00,0.792,1.5671,0.730034,0.827815,0.119962,0.009151,0.709975,0.6918
1994/6/7 0:00,0.7921,1.567,0.72998,0.829187,0.11996,0.009187,0.710227,0.6922
1994/6/8 0:00,0.7942,1.5667,0.729767,0.828363,0.119963,0.009167,0.710379,0.6939
1994/6/9 0:00,0.7975,1.5607,0.727961,0.82203,0.119966,0.009143,0.710732,0.6941
1994/6/10 0:00,0.8012,1.5582,0.728332,0.820681,0.119969,0.009158,0.710227,0.6953
1994/6/11 0:00,0.7991,1.5569,0.729395,0.810964,0.11997,0.009104,0.711238,0.6944
1994/6/12 0:00,0.8004,1.555,0.728969,0.811293,0.119972,0.00907,0.70922,0.697
1994/6/13 0:00,0.796,1.5538,0.729395,0.806777,0.119973,0.009066,0.709471,0.6947
1994/6/14 0:00,0.7927,1.5544,0.729767,0.805607,0.119976,0.009055,0.709471,0.6955
1994/6/15 0:00,0.787,1.5566,0.729661,0.806842,0.119983,0.009079,0.708466,0.6945
1994/6/16 0:00,0.79,1.5545,0.729341,0.803213,0.119986,0.009059,0.708366,0.6988
1994/6/17 0:00,0.7886,1.5602,0.729076,0.804959,0.119989,0.009157,0.709975,0.7021
1994/6/18 0:00,0.7895,1.5515,0.729235,0.803859,0.119996,0.009142,0.71048,0.6995
1994/6/19 0:00,0.7903,1.5555,0.730994,0.806777,0.120005,0.009102,0.709975,0.6916
1994/6/20 0:00,0.7918,1.5568,0.731797,0.810307,0.120013,0.009102,0.71053,0.6981
1994/6/21 0:00,0.7875,1.558,0.731048,0.807885,0.120016,0.009106,0.710076,0.6978
1994/6/22 0:00,0.7906,1.5633,0.731529,0.809127,0.120012,0.00906,0.709824,0.6986
1994/6/23 0:00,0.793,1.5613,0.731101,0.797766,0.120018,0.009054,0.709723,0.6995
1994/6/24 0:00,0.7911,1.563,0.733568,0.795862,0.120024,0.009021,0.710076,0.6996
1994/6/25 0:00,0.7912,1.5653,0.734214,0.796495,0.120024,0.008957,0.710227,0.699
1994/6/26 0:00,0.7915,1.564,0.733999,0.79713,0.120024,0.008979,0.709723,0.6995
1994/6/27 0:00,0.795,1.5685,0.734214,0.79713,0.120024,0.008956,0.70922,0.6992
1994/6/28 0:00,0.79,1.5661,0.734808,0.797575,0.120026,0.00897,0.70932,0.6987
1994/6/29 0:00,0.7895,1.5623,0.737844,0.795798,0.120038,0.008958,0.708617,0.6994
1994/6/30 0:00,0.7867,1.5635,0.738661,0.796052,0.120038,0.008987,0.708416,0.6922
1994/7/1 0:00,0.789,1.5631,0.738062,0.799488,0.120026,0.008984,0.708868,0.6915
1994/7/2 0:00,0.7894,1.5642,0.738116,0.797639,0.120041,0.008971,0.70922,0.6894
1994/7/3 0:00,0.79,1.5651,0.739864,0.798722,0.120049,0.008986,0.709471,0.6922
1994/7/4 0:00,0.7905,1.5755,0.739317,0.797003,0.120058,0.008956,0.709471,0.6932
1994/7/5 0:00,0.7907,1.5823,0.738607,0.788644,0.120075,0.008906,0.708215,0.6965
1994/7/6 0:00,0.7914,1.5835,0.737735,0.790014,0.120084,0.008917,0.707164,0.6965
1994/7/7 0:00,0.792,1.5863,0.739536,0.787712,0.120091,0.008911,0.707264,0.7002
1994/7/8 0:00,0.7962,1.5903,0.741125,0.786349,0.12008,0.008886,0.706914,0.7065
1994/7/9 0:00,0.7967,1.5916,0.742115,0.791139,0.120048,0.008868,0.706814,0.7131
1994/7/10 0:00,0.7957,1.5953,0.743605,0.790639,0.120048,0.008861,0.706364,0.7098
1994/7/11 0:00,0.7945,1.5968,0.744103,0.797067,0.120048,0.008852,0.705866,0.7102
1994/7/12 0:00,0.7927,1.5918,0.743108,0.795862,0.120048,0.008861,0.705816,0.7008
1994/7/13 0:00,0.7918,1.6062,0.743771,0.793651,0.120048,0.008824,0.706215,0.703
1994/7/14 0:00,0.7904,1.6122,0.743605,0.794597,0.120048,0.008763,0.705567,0.7054
1994/7/15 0:00,0.7909,1.6099,0.743273,0.79713,0.120048,0.008763,0.707464,0.7055
1994/7/16 0:00,0.7918,1.6326,0.745323,0.798085,0.120048,0.008774,0.710076,0.7058
1994/7/17 0:00,0.793,1.6278,0.745768,0.792205,0.120048,0.008788,0.709824,0.707
1994/7/18 0:00,0.7892,1.6358,0.749176,0.787402,0.12007,0.008828,0.709975,0.7083
1994/7/19 0:00,0.7868,1.6435,0.748559,0.786287,0.120078,0.008774,0.710631,0.7085
1994/7/20 0:00,0.787,1.645,0.750188,0.782595,0.120081,0.008755,0.709975,0.7105
1994/7/21 0:00,0.7921,1.64,0.751315,0.782228,0.120084,0.008773,0.710227,0.7113
1994/7/22 0:00,0.783,1.6475,0.750638,0.789266,0.120087,0.008965,0.713114,0.7062
1994/7/23 0:00,0.7885,1.647,0.750751,0.789889,0.120091,0.008958,0.714286,0.7091
1994/7/24 0:00,0.7894,1.647,0.748951,0.791452,0.120096,0.008969,0.713776,0.7068
1994/7/25 0:00,0.7876,1.655,0.749794,0.788395,0.120075,0.008976,0.713419,0.71
1994/7/26 0:00,0.7905,1.6653,0.749457,0.784621,0.120057,0.008986,0.714184,0.712
1994/7/27 0:00,0.79,1.6646,0.748055,0.781739,0.120048,0.008985,0.714541,0.7058
1994/7/28 0:00,0.7916,1.67,0.745212,0.789079,0.120045,0.008984,0.714541,0.7088
1994/7/29 0:00,0.794,1.676,0.744823,0.787092,0.120045,0.008965,0.714286,0.7113
1994/7/30 0:00,0.7995,1.678,0.745156,0.790326,0.120047,0.008989,0.713267,0.7098
1994/7/31 0:00,0.811,1.6887,0.746659,0.789453,0.120032,0.008975,0.713521,0.712
1994/8/1 0:00,0.812,1.68,0.746659,0.787712,0.120024,0.008976,0.713521,0.7148
1994/8/2 0:00,0.8116,1.6695,0.745545,0.777303,0.120024,0.008874,0.713419,0.7123
1994/8/3 0:00,0.8113,1.673,0.74499,0.774893,0.120031,0.008876,0.713674,0.7088
1994/8/4 0:00,0.8111,1.676,0.742611,0.773754,0.120034,0.008824,0.713521,0.7082
1994/8/5 0:00,0.8137,1.682,0.741345,0.767283,0.120031,0.008781,0.712962,0.7108
1994/8/6 0:00,0.818,1.684,0.739919,0.761035,0.120031,0.008787,0.713776,0.7113
1994/8/7 0:00,0.797,1.642,0.74151,0.752729,0.120032,0.008804,0.712504,0.7065
1994/8/8 0:00,0.798,1.6387,0.739372,0.755858,0.120029,0.008839,0.712758,0.712
1994/8/9 0:00,0.798,1.6268,0.736106,0.761151,0.120029,0.008901,0.713878,0.703
1994/8/10 0:00,0.7961,1.6415,0.735564,0.760167,0.120045,0.008862,0.714031,0.7032
1994/8/11 0:00,0.8031,1.6475,0.737735,0.753693,0.120054,0.008828,0.713521,0.707
1994/8/12 0:00,0.8018,1.6505,0.736974,0.753296,0.120057,0.008828,0.714184,0.6985
1994/8/13 0:00,0.792,1.658,0.733945,0.763068,0.12006,0.008857,0.714796,0.6955
1994/8/14 0:00,0.7925,1.657,0.736974,0.761035,0.120055,0.008807,0.714541,0.7006
1994/8/15 0:00,0.7915,1.6603,0.733945,0.759474,0.120062,0.008787,0.714286,0.7015
1994/8/16 0:00,0.793,1.6622,0.731957,0.75358,0.120068,0.008754,0.714133,0.698
1994/8/17 0:00,0.7959,1.672,0.731797,0.757002,0.120073,0.0088,0.714031,0.7077
1994/8/18 0:00,0.7905,1.6722,0.731475,0.750638,0.120078,0.008799,0.714745,0.7055
1994/8/19 0:00,0.794,1.6525,0.730727,0.747943,0.120084,0.008772,0.714541,0.7073
1994/8/20 0:00,0.7943,1.667,0.731261,0.750469,0.120091,0.008753,0.714388,0.7083
1994/8/21 0:00,0.797,1.6715,0.731261,0.747664,0.120081,0.008763,0.713776,0.7075
1994/8/22 0:00,0.796,1.6715,0.732225,0.743494,0.120077,0.008734,0.719166,0.7072
1994/8/23 0:00,0.795,1.6726,0.733299,0.743329,0.120081,0.008702,0.714643,0.706
1994/8/24 0:00,0.795,1.6917,0.730087,0.740576,0.120074,0.008611,0.714286,0.7065
1994/8/25 0:00,0.7957,1.6908,0.730834,0.739919,0.120074,0.00863,0.714133,0.7055
1994/8/26 0:00,0.7944,1.7123,0.730087,0.746826,0.120071,0.008638,0.714541,0.7065
1994/8/27 0:00,0.7895,1.687,0.728014,0.744602,0.120073,0.008659,0.714796,0.7072
1994/8/28 0:00,0.7914,1.69,0.727696,0.735998,0.120073,0.008596,0.712758,0.7075
1994/8/29 0:00,0.7882,1.685,0.730674,0.736323,0.120077,0.008636,0.711086,0.7081
1994/8/30 0:00,0.7891,1.695,0.73692,0.738552,0.120083,0.00867,0.712251,0.7097
1994/8/31 0:00,0.7796,1.6871,0.738934,0.732601,0.120088,0.008631,0.711491,0.7067
1994/9/1 0:00,0.778,1.6945,0.739536,0.730834,0.120094,0.008607,0.711389,0.7065
1994/9/2 0:00,0.7818,1.6814,0.74184,0.726322,0.120096,0.008613,0.711491,0.705
1994/9/3 0:00,0.7783,1.6713,0.74129,0.725163,0.120097,0.00859,0.711997,0.7035
1994/9/4 0:00,0.781,1.6695,0.740466,0.72648,0.1201,0.008554,0.711642,0.703
1994/9/5 0:00,0.7767,1.6785,0.745101,0.727908,0.120103,0.00853,0.711491,0.7037
1994/9/6 0:00,0.7791,1.6762,0.746714,0.726111,0.120109,0.008581,0.712504,0.7064
1994/9/7 0:00,0.78,1.6602,0.746324,0.717103,0.120111,0.008539,0.711339,0.7085
1994/9/8 0:00,0.7774,1.6632,0.747105,0.706964,0.120113,0.008489,0.710732,0.7041
1994/9/9 0:00,0.7756,1.6534,0.748671,0.700624,0.120114,0.008409,0.709975,0.7042
1994/9/10 0:00,0.7716,1.6285,0.745323,0.702741,0.120114,0.008358,0.709975,0.6967
1994/9/11 0:00,0.772,1.6283,0.74151,0.710177,0.120119,0.008399,0.710227,0.6935
1994/9/12 0:00,0.7722,1.624,0.743882,0.702938,0.120123,0.008372,0.710227,0.69
1994/9/13 0:00,0.769,1.6155,0.745879,0.699741,0.120129,0.008252,0.708968,0.6874
1994/9/14 0:00,0.77,1.6207,0.743218,0.701508,0.120135,0.008198,0.710581,0.6883
1994/9/15 0:00,0.7657,1.6183,0.74173,0.702938,0.120137,0.008227,0.710227,0.69
1994/9/16 0:00,0.7625,1.6012,0.74217,0.704722,0.120143,0.008247,0.710227,0.6885
1994/9/17 0:00,0.767,1.6135,0.74438,0.703977,0.120148,0.008218,0.709723,0.6882
1994/9/18 0:00,0.763,1.6207,0.744546,0.701262,0.120153,0.008174,0.709723,0.6898
1994/9/19 0:00,0.7613,1.638,0.744602,0.700035,0.120156,0.008091,0.707214,0.6909
1994/9/20 0:00,0.7648,1.6355,0.74162,0.701508,0.120169,0.008076,0.707464,0.6885
1994/9/21 0:00,0.7611,1.6228,0.741125,0.692137,0.120169,0.00803,0.706964,0.6835
1994/9/22 0:00,0.7572,1.639,0.739754,0.701016,0.120169,0.008147,0.709723,0.6842
1994/9/23 0:00,0.7583,1.644,0.737572,0.697107,0.120169,0.008119,0.706314,0.6876
1994/9/24 0:00,0.759,1.6338,0.737626,0.690465,0.120192,0.008063,0.705965,0.687
1994/9/25 0:00,0.7676,1.623,0.739044,0.688184,0.120161,0.008042,0.704871,0.6946
1994/9/26 0:00,0.7655,1.6207,0.740631,0.683434,0.120156,0.008061,0.705467,0.6935
1994/9/27 0:00,0.7653,1.6022,0.736648,0.680041,0.120162,0.00807,0.701115,0.6894
1994/9/28 0:00,0.7663,1.6138,0.735835,0.671727,0.120137,0.008045,0.699545,0.69
1994/9/29 0:00,0.7702,1.6107,0.735456,0.677186,0.120136,0.008141,0.702001,0.6938
1994/9/30 0:00,0.777,1.6155,0.733945,0.679117,0.120133,0.008112,0.702247,0.694
1994/10/1 0:00,0.777,1.6333,0.734053,0.687002,0.120137,0.008185,0.703482,0.697
1994/10/2 0:00,0.7768,1.6323,0.734646,0.682967,0.120192,0.008201,0.702099,0.6965
1994/10/3 0:00,0.7742,1.633,0.732064,0.676911,0.120123,0.008203,0.700035,0.6942
1994/10/4 0:00,0.7778,1.6265,0.731475,0.67659,0.120123,0.008278,0.701508,0.6908
1994/10/5 0:00,0.7765,1.6287,0.731529,0.678656,0.120114,0.008276,0.701262,0.6924
1994/10/6 0:00,0.7863,1.6175,0.731261,0.677048,0.120106,0.008254,0.701361,0.7007
1994/10/7 0:00,0.7894,1.6155,0.729927,0.672405,0.120116,0.0082,0.701016,0.704
1994/10/8 0:00,0.7841,1.6117,0.730834,0.675128,0.12012,0.00823,0.70028,0.7025
1994/10/9 0:00,0.7873,1.6131,0.732654,0.672948,0.12011,0.008245,0.698568,0.7031
1994/10/10 0:00,0.788,1.6032,0.730994,0.67331,0.12011,0.008205,0.697204,0.704
1994/10/11 0:00,0.7875,1.6005,0.729395,0.678794,0.120116,0.008217,0.697691,0.7026
1994/10/12 0:00,0.7927,1.6058,0.731689,0.679071,0.120117,0.008212,0.697593,0.7045
1994/10/13 0:00,0.794,1.5932,0.733138,0.682314,0.120116,0.008151,0.697253,0.704
1994/10/14 0:00,0.7923,1.5965,0.733514,0.682967,0.120113,0.008114,0.696718,0.6995
1994/10/15 0:00,0.7978,1.6022,0.733353,0.685777,0.120113,0.0081,0.697593,0.6987
1994/10/16 0:00,0.7935,1.59,0.730247,0.685636,0.120109,0.008087,0.697058,0.6948
1994/10/17 0:00,0.786,1.589,0.727484,0.694686,0.120109,0.008167,0.695652,0.6937
1994/10/18 0:00,0.786,1.5968,0.725163,0.691133,0.120107,0.008143,0.694444,0.6903
1994/10/19 0:00,0.7871,1.5948,0.7249,0.689941,0.120107,0.008091,0.690751,0.6914
1994/10/20 0:00,0.7841,1.6015,0.724533,0.685166,0.120111,0.008142,0.691181,0.6921
1994/10/21 0:00,0.787,1.6171,0.725689,0.686625,0.120111,0.008135,0.694927,0.6974
1994/10/22 0:00,0.7817,1.6172,0.725742,0.681431,0.120094,0.008071,0.693337,0.6955
1994/10/23 0:00,0.783,1.6276,0.727484,0.682547,0.120097,0.00805,0.688705,0.6934
1994/10/24 0:00,0.7816,1.6312,0.726216,0.690131,0.1201,0.008087,0.691228,0.6943
1994/10/25 0:00,0.7835,1.6315,0.724113,0.689417,0.1201,0.008071,0.691085,0.6945
1994/10/26 0:00,0.784,1.6448,0.722804,0.695265,0.120113,0.008083,0.692281,0.6947
1994/10/27 0:00,0.7876,1.6485,0.721241,0.693145,0.120116,0.00815,0.69483,0.6973
1994/10/28 0:00,0.7845,1.6425,0.720617,0.692281,0.120101,0.008149,0.693963,0.6963
1994/10/29 0:00,0.779,1.646,0.720098,0.697593,0.120093,0.008143,0.69735,0.6927
1994/10/30 0:00,0.7755,1.6389,0.718236,0.693385,0.120094,0.008047,0.695894,0.6905
1994/10/31 0:00,0.7762,1.6277,0.719735,0.682687,0.120097,0.007957,0.69377,0.6892
1994/11/1 0:00,0.781,1.6233,0.720461,0.680643,0.120097,0.007931,0.693722,0.6886
1994/11/2 0:00,0.7838,1.622,0.720357,0.677048,0.120098,0.007883,0.693337,0.6935
1994/11/3 0:00,0.7814,1.623,0.718597,0.680087,0.120098,0.00794,0.695314,0.6916
1994/11/4 0:00,0.786,1.6245,0.715512,0.682128,0.120093,0.007934,0.694059,0.6938
1994/11/5 0:00,0.779,1.6225,0.715052,0.680782,0.120098,0.007906,0.693481,0.692
1994/11/6 0:00,0.7755,1.6255,0.715973,0.680596,0.120104,0.007915,0.692761,0.6873
1994/11/7 0:00,0.7716,1.6225,0.71541,0.679579,0.120111,0.007952,0.693722,0.687
1994/11/8 0:00,0.7735,1.631,0.715564,0.680735,0.120119,0.007933,0.693818,0.6893
1994/11/9 0:00,0.774,1.6315,0.714592,0.685448,0.120119,0.007944,0.693963,0.6915
1994/11/10 0:00,0.776,1.6353,0.71541,0.689845,0.120123,0.007958,0.694541,0.6938
1994/11/11 0:00,0.778,1.6362,0.716486,0.685119,0.120122,0.007921,0.692521,0.6938
1994/11/12 0:00,0.7765,1.6213,0.717257,0.683807,0.120126,0.007926,0.692281,0.6928
1994/11/13 0:00,0.7755,1.625,0.717978,0.684229,0.120123,0.007939,0.692473,0.692
1994/11/14 0:00,0.7768,1.6235,0.716025,0.680735,0.12013,0.007944,0.693097,0.6935
1994/11/15 0:00,0.7797,1.6232,0.714541,0.680735,0.120122,0.007894,0.692041,0.6949
1994/11/16 0:00,0.7804,1.6312,0.715359,0.681756,0.120122,0.007886,0.692281,0.694
1994/11/17 0:00,0.7795,1.62,0.715768,0.678196,0.120127,0.007872,0.690608,0.693
1994/11/18 0:00,0.7845,1.6238,0.719683,0.680967,0.120127,0.007896,0.691419,0.689
1994/11/19 0:00,0.784,1.6215,0.722909,0.680272,0.120127,0.007901,0.690846,0.6905
1994/11/20 0:00,0.78,1.62,0.723956,0.67838,0.120124,0.007893,0.691563,0.6885
1994/11/21 0:00,0.7772,1.6375,0.725637,0.684229,0.12013,0.007971,0.691563,0.687
1994/11/22 0:00,0.7764,1.6364,0.723746,0.683948,0.120137,0.007994,0.691324,0.6847
1994/11/23 0:00,0.78,1.62,0.722804,0.692521,0.120143,0.008074,0.692761,0.6858
1994/11/24 0:00,0.7784,1.621,0.718907,0.702741,0.120148,0.008283,0.693963,0.6877
1994/11/25 0:00,0.7787,1.6235,0.719424,0.695169,0.120149,0.008407,0.696864,0.695
1994/11/26 0:00,0.7767,1.6319,0.721397,0.695604,0.120152,0.008421,0.696136,0.6945
1994/11/27 0:00,0.778,1.64,0.721709,0.694686,0.120156,0.008451,0.696621,0.6956
1994/11/28 0:00,0.7765,1.6385,0.725111,0.696621,0.120162,0.0086,0.696961,0.6962
1994/11/29 0:00,0.7748,1.6335,0.729661,0.703977,0.120166,0.008663,0.69808,0.693
1994/11/30 0:00,0.7743,1.638,0.728863,0.699888,0.120159,0.008617,0.697107,0.6917
1994/12/1 0:00,0.7742,1.6438,0.727273,0.71048,0.120165,0.008787,0.699056,0.692
1994/12/2 0:00,0.784,1.6465,0.731689,0.711238,0.120162,0.008766,0.698812,0.6953
1994/12/3 0:00,0.7795,1.6235,0.729022,0.706964,0.120159,0.008624,0.698568,0.6935
1994/12/4 0:00,0.765,1.6324,0.72722,0.711845,0.120159,0.008636,0.698812,0.6902
1994/12/5 0:00,0.764,1.629,0.723432,0.705965,0.120169,0.008587,0.698812,0.6908
1994/12/6 0:00,0.7635,1.6382,0.722387,0.706115,0.120158,0.008657,0.699301,0.6896
1994/12/7 0:00,0.7644,1.6405,0.723746,0.708215,0.120158,0.008605,0.69891,0.6902
1994/12/8 0:00,0.763,1.636,0.724743,0.706964,0.120162,0.008591,0.69891,0.6895
1994/12/9 0:00,0.758,1.6343,0.725637,0.700035,0.120168,0.008566,0.698324,0.6879
1994/12/10 0:00,0.7603,1.6342,0.727802,0.695265,0.120165,0.00861,0.698324,0.6885
1994/12/11 0:00,0.7587,1.6272,0.726744,0.69056,0.120171,0.008598,0.699056,0.6887
1994/12/12 0:00,0.761,1.6328,0.726533,0.690512,0.120162,0.008645,0.69979,0.6865
1994/12/13 0:00,0.7608,1.628,0.722543,0.687758,0.120146,0.008666,0.700035,0.6885
1994/12/14 0:00,0.7614,1.6355,0.721241,0.695555,0.120159,0.008879,0.70497,0.6902
1994/12/15 0:00,0.7616,1.6382,0.721397,0.692281,0.120161,0.008881,0.704225,0.6915
1994/12/16 0:00,0.7579,1.637,0.720981,0.695652,0.120159,0.008975,0.704722,0.6905
1994/12/17 0:00,0.7524,1.6352,0.723327,0.693818,0.120142,0.008773,0.702494,0.6907
1994/12/18 0:00,0.7513,1.637,0.724428,0.694203,0.120149,0.008811,0.699741,0.6895
1994/12/19 0:00,0.7485,1.6357,0.722282,0.693674,0.120148,0.008811,0.701262,0.69
1994/12/20 0:00,0.75,1.6385,0.721501,0.691324,0.120152,0.008822,0.700771,0.6894
1994/12/21 0:00,0.7505,1.6384,0.720825,0.690703,0.120156,0.008811,0.701262,0.6895
1994/12/22 0:00,0.7497,1.648,0.720357,0.696233,0.120171,0.008765,0.701262,0.6867
1994/12/23 0:00,0.7525,1.6537,0.718133,0.694493,0.120171,0.008724,0.700771,0.685
1994/12/24 0:00,0.752,1.6688,0.719683,0.697934,0.120169,0.008673,0.698568,0.6827
1994/12/25 0:00,0.7508,1.6643,0.718597,0.694782,0.120172,0.008711,0.699301,0.684
1994/12/26 0:00,0.7513,1.6625,0.716949,0.695265,0.120178,0.008776,0.701115,0.6848
1994/12/27 0:00,0.7495,1.666,0.723746,0.695314,0.120178,0.008832,0.700771,0.6872
1994/12/28 0:00,0.7455,1.662,0.723851,0.689845,0.120062,0.008721,0.699301,0.6789
1994/12/29 0:00,0.755,1.665,0.724113,0.68465,0.120182,0.008725,0.699203,0.679
1994/12/30 0:00,0.7529,1.6574,0.72448,0.685401,0.120181,0.008701,0.699937,0.678
1994/12/31 0:00,0.7525,1.667,0.726216,0.679394,0.120178,0.008732,0.699203,0.678
1995/1/1 0:00,0.7537,1.6885,0.728014,0.682128,0.120172,0.008814,0.698324,0.6775
1995/1/2 0:00,0.7435,1.687,0.726639,0.685401,0.120166,0.008881,0.696476,0.6745
1995/1/3 0:00,0.747,1.6885,0.727537,0.682361,0.120165,0.008868,0.695169,0.6757
1995/1/4 0:00,0.745,1.684,0.728332,0.684838,0.120163,0.008852,0.695797,0.673
1995/1/5 0:00,0.743,1.6881,0.728014,0.68975,0.120174,0.008843,0.698959,0.6724
1995/1/6 0:00,0.7404,1.6935,0.729661,0.684885,0.120184,0.008781,0.694686,0.6697
1995/1/7 0:00,0.736,1.6882,0.73046,0.679348,0.120178,0.00879,0.693481,0.6655
1995/1/8 0:00,0.7343,1.6765,0.729501,0.675539,0.120169,0.00863,0.692857,0.663
1995/1/9 0:00,0.7355,1.6745,0.728014,0.674218,0.120165,0.0086,0.690131,0.6592
1995/1/10 0:00,0.7357,1.675,0.725637,0.674992,0.120178,0.008611,0.685401,0.6557
1995/1/11 0:00,0.743,1.6761,0.727484,0.678887,0.120171,0.008661,0.680643,0.6523
1995/1/12 0:00,0.741,1.6776,0.727484,0.677736,0.120176,0.00863,0.683293,0.6534
1995/1/13 0:00,0.7396,1.6744,0.723694,0.671141,0.120179,0.008645,0.684932,0.6478
1995/1/14 0:00,0.7366,1.6779,0.724008,0.673854,0.120179,0.008632,0.68157,0.6497
1995/1/15 0:00,0.7375,1.6729,0.722961,0.666889,0.120181,0.008624,0.677277,0.653
1995/1/16 0:00,0.7372,1.6628,0.722126,0.660066,0.120185,0.008565,0.677736,0.6525
1995/1/17 0:00,0.7345,1.6292,0.721241,0.657895,0.120478,0.008492,0.681663,0.641
1995/1/18 0:00,0.745,1.6275,0.721761,0.659196,0.120608,0.008475,0.683293,0.6495
1995/1/19 0:00,0.7447,1.621,0.723956,0.660066,0.120611,0.008451,0.681896,0.6502
1995/1/20 0:00,0.7451,1.6388,0.723589,0.660284,0.120608,0.008448,0.67981,0.6498
1995/1/21 0:00,0.7393,1.6348,0.719891,0.655308,0.120188,0.008441,0.677966,0.6433
1995/1/22 0:00,0.7385,1.6283,0.724743,0.655523,0.120185,0.00845,0.681663,0.643
1995/1/23 0:00,0.7392,1.625,0.723851,0.651042,0.120188,0.008385,0.678887,0.6448
1995/1/24 0:00,0.736,1.6008,0.720929,0.652869,0.120192,0.008428,0.67981,0.6393
1995/1/25 0:00,0.7333,1.5875,0.720721,0.653808,0.120188,0.008446,0.678656,0.6385
1995/1/26 0:00,0.7337,1.585,0.717978,0.66357,0.120197,0.008673,0.675219,0.6373
1995/1/27 0:00,0.7368,1.5902,0.71772,0.656599,0.120198,0.008632,0.673718,0.6418
1995/1/28 0:00,0.7381,1.5775,0.717772,0.654236,0.120205,0.008605,0.662471,0.638
1995/1/29 0:00,0.7445,1.5825,0.718081,0.662208,0.120314,0.008637,0.664011,0.6414
1995/1/30 0:00,0.7427,1.5865,0.719062,0.658111,0.120202,0.008493,0.658111,0.6415
1995/1/31 0:00,0.7428,1.609,0.719269,0.664231,0.120309,0.008489,0.659196,0.6421
1995/2/1 0:00,0.7387,1.6088,0.720098,0.661376,0.120214,0.008488,0.658979,0.6435
1995/2/2 0:00,0.7415,1.6035,0.716794,0.659413,0.120207,0.008442,0.661594,0.6443
1995/2/3 0:00,0.7422,1.5923,0.717412,0.654879,0.120192,0.008469,0.66357,0.6403
1995/2/4 0:00,0.7483,1.5905,0.716589,0.659413,0.120205,0.00849,0.667557,0.6403
1995/2/5 0:00,0.7482,1.6081,0.716949,0.667646,0.120207,0.008528,0.669031,0.647
1995/2/6 0:00,0.7463,1.6052,0.718546,0.666844,0.120207,0.008422,0.669344,0.6465
1995/2/7 0:00,0.7465,1.6121,0.716794,0.672269,0.120207,0.008452,0.669344,0.646
1995/2/8 0:00,0.74,1.6103,0.718546,0.668226,0.120204,0.008412,0.659196,0.6435
1995/2/9 0:00,0.7365,1.6158,0.720565,0.674172,0.120214,0.008421,0.655093,0.6433
1995/2/10 0:00,0.7345,1.6203,0.719942,0.671637,0.120215,0.008288,0.660066,0.6385
1995/2/11 0:00,0.7265,1.5897,0.722282,0.664011,0.120217,0.008227,0.659631,0.6335
1995/2/12 0:00,0.7258,1.5846,0.7227,0.667289,0.120208,0.008262,0.658979,0.6342
1995/2/13 0:00,0.7321,1.5855,0.721605,0.668003,0.120205,0.008284,0.658328,0.6378
1995/2/14 0:00,0.7308,1.592,0.72338,0.677828,0.120215,0.008258,0.660066,0.6361
1995/2/15 0:00,0.73,1.5882,0.722282,0.671817,0.12022,0.0084,0.665336,0.636
1995/2/16 0:00,0.727,1.589,0.721917,0.676865,0.120211,0.008385,0.66357,0.6358
1995/2/17 0:00,0.72,1.5968,0.718391,0.67981,0.120208,0.008363,0.661376,0.633
1995/2/18 0:00,0.7215,1.6085,0.717618,0.682035,0.12022,0.008269,0.660939,0.634
1995/2/19 0:00,0.7199,1.6042,0.718288,0.689941,0.12022,0.008306,0.66313,0.636
1995/2/20 0:00,0.7165,1.5941,0.718701,0.690608,0.120234,0.008258,0.661813,0.6337
1995/2/21 0:00,0.7163,1.5985,0.720046,0.68526,0.120228,0.008265,0.659413,0.6363
1995/2/22 0:00,0.7165,1.6137,0.718856,0.681896,0.120231,0.008198,0.658545,0.6305
1995/2/23 0:00,0.7203,1.6112,0.719321,0.685495,0.120244,0.008201,0.658762,0.6335
1995/2/24 0:00,0.7195,1.6025,0.719942,0.679071,0.120252,0.00818,0.654236,0.6347
1995/2/25 0:00,0.7195,1.6115,0.719269,0.678196,0.120259,0.008228,0.660502,0.636
1995/2/26 0:00,0.7206,1.6103,0.720721,0.684885,0.120263,0.008306,0.660502,0.6385
1995/2/27 0:00,0.7255,1.6279,0.722439,0.685965,0.120265,0.008244,0.657678,0.6413
1995/2/28 0:00,0.7227,1.61,0.722596,0.688231,0.120265,0.008273,0.655523,0.6412
1995/3/1 0:00,0.719,1.6142,0.722126,0.68918,0.120262,0.008264,0.653808,0.6375
1995/3/2 0:00,0.725,1.6117,0.72338,0.68738,0.120266,0.008284,0.653381,0.6398
1995/3/3 0:00,0.728,1.6145,0.725111,0.68451,0.120266,0.008278,0.651466,0.6425
1995/3/4 0:00,0.7283,1.6135,0.727431,0.686813,0.120266,0.00821,0.652316,0.6427
1995/3/5 0:00,0.7275,1.613,0.729235,0.690084,0.120266,0.008201,0.648088,0.6415
1995/3/6 0:00,0.7235,1.613,0.728969,0.688658,0.120272,0.008201,0.64612,0.637
1995/3/7 0:00,0.725,1.6195,0.728332,0.692041,0.120272,0.008196,0.641026,0.641
1995/3/8 0:00,0.7285,1.6208,0.728491,0.691802,0.120337,0.008258,0.64288,0.6415
1995/3/9 0:00,0.7356,1.6245,0.727431,0.686766,0.120278,0.008252,0.652742,0.6443
1995/3/10 0:00,0.736,1.6207,0.7249,0.686248,0.120286,0.008324,0.650195,0.646
1995/3/11 0:00,0.7364,1.6197,0.723275,0.684229,0.120291,0.008214,0.647878,0.6459
1995/3/12 0:00,0.7325,1.6235,0.721241,0.685871,0.12028,0.008243,0.645369,0.6445
1995/3/13 0:00,0.7386,1.6187,0.720981,0.686907,0.120276,0.008342,0.645995,0.645
1995/3/14 0:00,0.7325,1.6145,0.721501,0.677736,0.12028,0.00832,0.64288,0.6412
1995/3/15 0:00,0.7295,1.6297,0.722022,0.678794,0.120286,0.008237,0.637959,0.641
1995/3/16 0:00,0.723,1.6338,0.719942,0.671817,0.120291,0.008288,0.633714,0.6365
1995/3/17 0:00,0.706,1.6338,0.718649,0.675995,0.120337,0.008284,0.629327,0.6255
1995/3/18 0:00,0.7015,1.6317,0.719683,0.680967,0.120285,0.008219,0.635122,0.6225
1995/3/19 0:00,0.7,1.6347,0.718391,0.683247,0.120289,0.008215,0.632511,0.621
1995/3/20 0:00,0.691,1.6548,0.715256,0.687191,0.120288,0.008205,0.633834,0.6233
1995/3/21 0:00,0.7025,1.6756,0.709723,0.708466,0.120294,0.008354,0.63593,0.627
1995/3/22 0:00,0.704,1.6721,0.713521,0.705318,0.120291,0.008297,0.633312,0.6265
1995/3/23 0:00,0.7008,1.6655,0.71048,0.711288,0.120285,0.008286,0.632511,0.6235
1995/3/24 0:00,0.703,1.6786,0.70927,0.714541,0.120288,0.008306,0.635526,0.6225
1995/3/25 0:00,0.712,1.6763,0.710985,0.707514,0.120295,0.008262,0.647459,0.6328
1995/3/26 0:00,0.7045,1.6832,0.712301,0.710732,0.120299,0.008208,0.640615,0.6268
1995/3/27 0:00,0.703,1.6775,0.714031,0.710581,0.120305,0.008159,0.636537,0.625
1995/3/28 0:00,0.6978,1.692,0.713012,0.711744,0.120308,0.00812,0.635324,0.6245
1995/3/29 0:00,0.694,1.6905,0.709471,0.716435,0.120312,0.008066,0.63674,0.624
1995/3/30 0:00,0.697,1.6893,0.710682,0.718804,0.120318,0.008055,0.63593,0.6275
1995/3/31 0:00,0.6935,1.7035,0.709723,0.714388,0.120325,0.00793,0.632911,0.6245
1995/4/1 0:00,0.6962,1.701,0.710126,0.715564,0.12033,0.007941,0.633513,0.6255
1995/4/2 0:00,0.696,1.6931,0.707864,0.710985,0.120328,0.007888,0.631114,0.6245
1995/4/3 0:00,0.6989,1.6931,0.706764,0.709421,0.12033,0.007946,0.631712,0.6274
1995/4/4 0:00,0.699,1.6955,0.706964,0.712504,0.120331,0.007946,0.628931,0.628
1995/4/5 0:00,0.6892,1.6911,0.706464,0.712099,0.120333,0.00786,0.62422,0.622
1995/4/6 0:00,0.6882,1.6925,0.70373,0.710076,0.120333,0.007886,0.624415,0.6207
1995/4/7 0:00,0.699,1.6892,0.705716,0.705119,0.120334,0.007946,0.632311,0.6255
1995/4/8 0:00,0.6938,1.69,0.70373,0.711491,0.120336,0.00787,0.628141,0.6233
1995/4/9 0:00,0.6865,1.6805,0.705219,0.710581,0.120337,0.007846,0.626174,0.619
1995/4/10 0:00,0.6835,1.6735,0.702001,0.705219,0.120336,0.007843,0.626174,0.6182
1995/4/11 0:00,0.6825,1.6885,0.702001,0.701508,0.120343,0.007828,0.626959,0.6164
1995/4/12 0:00,0.677,1.6825,0.702001,0.697837,0.120343,0.007743,0.62461,0.6092
1995/4/13 0:00,0.677,1.6817,0.703334,0.697788,0.120338,0.007766,0.621697,0.6067
1995/4/14 0:00,0.676,1.684,0.705219,0.700035,0.120336,0.007769,0.619771,0.605
1995/4/15 0:00,0.6732,1.6705,0.702889,0.69891,0.120337,0.007728,0.619579,0.6027
1995/4/16 0:00,0.6712,1.6585,0.702741,0.694927,0.120337,0.00768,0.618429,0.6
1995/4/17 0:00,0.6705,1.6472,0.703087,0.688468,0.120337,0.007663,0.61862,0.5986
1995/4/18 0:00,0.6675,1.6528,0.703037,0.686342,0.120337,0.007704,0.615006,0.597
1995/4/19 0:00,0.6665,1.6495,0.702149,0.691563,0.120337,0.007747,0.617475,0.6
1995/4/20 0:00,0.666,1.6552,0.702198,0.697593,0.120343,0.007697,0.61237,0.5955
1995/4/21 0:00,0.663,1.6501,0.703829,0.697691,0.120347,0.007649,0.603136,0.596
1995/4/22 0:00,0.6566,1.6333,0.703631,0.699056,0.120337,0.007629,0.59453,0.591
1995/4/23 0:00,0.649,1.6326,0.702395,0.693722,0.120337,0.007641,0.586166,0.579
1995/4/24 0:00,0.6605,1.6507,0.70279,0.697204,0.120337,0.007874,0.594177,0.587
1995/4/25 0:00,0.6565,1.6635,0.702001,0.694734,0.120337,0.00778,0.599161,0.5843
1995/4/26 0:00,0.653,1.6684,0.697934,0.700378,0.120337,0.007746,0.598265,0.581
1995/4/27 0:00,0.6523,1.6617,0.697107,0.69541,0.120337,0.00767,0.596837,0.5788
1995/4/28 0:00,0.6565,1.668,0.696185,0.697447,0.120337,0.007692,0.597907,0.5835
1995/4/29 0:00,0.6558,1.6675,0.696621,0.697058,0.120337,0.007689,0.59952,0.5848
1995/4/30 0:00,0.6559,1.6695,0.696573,0.697253,0.120347,0.007675,0.597729,0.584
1995/5/1 0:00,0.654,1.6683,0.694541,0.690894,0.120337,0.007689,0.598802,0.5835
1995/5/2 0:00,0.6517,1.6552,0.696136,0.686907,0.120337,0.007689,0.596303,0.5823
1995/5/3 0:00,0.6515,1.6427,0.699888,0.684463,0.120337,0.007666,0.59312,0.5803
1995/5/4 0:00,0.65,1.6417,0.701508,0.681663,0.120337,0.007553,0.588408,0.577
1995/5/5 0:00,0.6418,1.633,0.701066,0.675539,0.120337,0.007463,0.581058,0.569
1995/5/6 0:00,0.6347,1.6335,0.698812,0.676133,0.120337,0.007469,0.568505,0.5655
1995/5/7 0:00,0.6415,1.6253,0.699447,0.677277,0.120482,0.007593,0.575043,0.5692
1995/5/8 0:00,0.6353,1.6114,0.69847,0.678794,0.120337,0.007548,0.560538,0.5668
1995/5/9 0:00,0.647,1.6165,0.701508,0.677369,0.120337,0.007603,0.563698,0.5725
1995/5/10 0:00,0.643,1.6221,0.697107,0.678242,0.120337,0.007528,0.556793,0.5705
1995/5/11 0:00,0.6465,1.6345,0.696282,0.677277,0.120337,0.007592,0.564334,0.573
1995/5/12 0:00,0.647,1.6301,0.696961,0.6744,0.120337,0.007609,0.574053,0.577
1995/5/13 0:00,0.6503,1.63,0.695943,0.669658,0.120337,0.007668,0.567215,0.5787
1995/5/14 0:00,0.6614,1.6337,0.696088,0.66778,0.120353,0.007759,0.576701,0.5883
1995/5/15 0:00,0.6657,1.6271,0.694927,0.667423,0.120337,0.007764,0.570776,0.585
1995/5/16 0:00,0.6595,1.6264,0.692665,0.672902,0.120337,0.007843,0.570125,0.5815
1995/5/17 0:00,0.6596,1.6498,0.689275,0.680226,0.120337,0.00786,0.567537,0.5822
1995/5/18 0:00,0.663,1.6687,0.687002,0.692089,0.120337,0.00795,0.565291,0.581
1995/5/19 0:00,0.6694,1.6525,0.68975,0.685636,0.120337,0.007896,0.570125,0.586
1995/5/20 0:00,0.6748,1.6474,0.687521,0.68975,0.120337,0.007935,0.581395,0.5933
1995/5/21 0:00,0.681,1.643,0.686436,0.683854,0.120337,0.007983,0.581564,0.594
1995/5/22 0:00,0.675,1.64,0.6832,0.681524,0.120337,0.007976,0.57971,0.588
1995/5/23 0:00,0.6852,1.6325,0.686719,0.674764,0.120337,0.007868,0.58292,0.5865
1995/5/24 0:00,0.6868,1.638,0.688279,0.678887,0.120788,0.007896,0.585138,0.5915
1995/5/25 0:00,0.6825,1.6423,0.689085,0.680782,0.120337,0.007935,0.595238,0.5863
1995/5/26 0:00,0.6812,1.658,0.691037,0.685401,0.120337,0.008079,0.593472,0.5875
1995/5/27 0:00,0.6765,1.6545,0.695024,0.690942,0.120337,0.00811,0.601323,0.5863
1995/5/28 0:00,0.67,1.6475,0.700035,0.687002,0.120344,0.008048,0.605327,0.5823
1995/5/29 0:00,0.6725,1.6338,0.69667,0.682454,0.120627,0.008046,0.602954,0.5837
1995/5/30 0:00,0.6814,1.623,0.699545,0.682594,0.120337,0.008099,0.614251,0.591
1995/5/31 0:00,0.678,1.6324,0.696233,0.683387,0.120337,0.008095,0.616713,0.587
1995/6/1 0:00,0.677,1.6379,0.695265,0.68918,0.120337,0.008079,0.604778,0.5842
1995/6/2 0:00,0.6725,1.6345,0.692953,0.682361,0.120343,0.007976,0.602047,0.5824
1995/6/3 0:00,0.6685,1.6312,0.694203,0.678841,0.120337,0.007882,0.600601,0.5795
1995/6/4 0:00,0.6702,1.6395,0.696621,0.680735,0.120337,0.007915,0.607165,0.5793
1995/6/5 0:00,0.676,1.6355,0.702494,0.679579,0.120337,0.007921,0.613874,0.5852
1995/6/6 0:00,0.6716,1.6363,0.703977,0.680041,0.120349,0.007829,0.606796,0.5786
1995/6/7 0:00,0.667,1.647,0.701951,0.68937,0.120337,0.007757,0.604595,0.576
1995/6/8 0:00,0.6659,1.6455,0.703334,0.687805,0.120337,0.007803,0.612182,0.5762
1995/6/9 0:00,0.6655,1.6484,0.702642,0.682454,0.120351,0.007775,0.611808,0.5761
1995/6/10 0:00,0.6713,1.6448,0.703977,0.682361,0.120337,0.00783,0.615764,0.5772
1995/6/11 0:00,0.6785,1.6453,0.702445,0.682035,0.120337,0.007929,0.617284,0.584
1995/6/12 0:00,0.6825,1.6472,0.701754,0.682128,0.120337,0.007976,0.619579,0.5875
1995/6/13 0:00,0.6796,1.6525,0.704871,0.68055,0.120337,0.007933,0.610128,0.587
1995/6/14 0:00,0.6745,1.646,0.703136,0.677048,0.120337,0.007887,0.609385,0.583
1995/6/15 0:00,0.668,1.645,0.70497,0.673809,0.12035,0.007836,0.605694,0.579
1995/6/16 0:00,0.6675,1.6325,0.70497,0.669389,0.120221,0.007787,0.605877,0.578
1995/6/17 0:00,0.6672,1.6364,0.707064,0.668896,0.120337,0.007826,0.604047,0.5796
1995/6/18 0:00,0.668,1.6381,0.707214,0.670466,0.120337,0.007835,0.609013,0.5832
1995/6/19 0:00,0.667,1.6467,0.71048,0.669792,0.120337,0.007734,0.61106,0.5785
1995/6/20 0:00,0.6695,1.6561,0.708567,0.673265,0.120337,0.007737,0.616523,0.5807
1995/6/21 0:00,0.676,1.6658,0.70922,0.677277,0.120337,0.007798,0.625782,0.5862
1995/6/22 0:00,0.67,1.6682,0.707314,0.674536,0.120773,0.007728,0.623053,0.5825
1995/6/23 0:00,0.6715,1.6743,0.705965,0.676224,0.120337,0.007727,0.621311,0.5823
1995/6/24 0:00,0.6637,1.6711,0.704771,0.670916,0.120337,0.007682,0.622278,0.566
1995/6/25 0:00,0.6626,1.6678,0.705219,0.669389,0.120337,0.007667,0.620347,0.5633
1995/6/26 0:00,0.6645,1.6643,0.705119,0.666978,0.120337,0.007672,0.623247,0.563
1995/6/27 0:00,0.6655,1.679,0.703235,0.671051,0.120337,0.007676,0.62422,0.561
1995/6/28 0:00,0.6716,1.6751,0.704325,0.671141,0.120337,0.007678,0.620733,0.5622
1995/6/29 0:00,0.67,1.6739,0.709069,0.669344,0.120337,0.007766,0.625,0.5626
1995/6/30 0:00,0.6742,1.686,0.708215,0.671366,0.120337,0.007769,0.625391,0.5637
1995/7/1 0:00,0.674,1.6825,0.706864,0.667913,0.120337,0.007682,0.628931,0.562
1995/7/2 0:00,0.6631,1.6775,0.702988,0.657462,0.120337,0.007567,0.622278,0.5536
1995/7/3 0:00,0.6613,1.6765,0.705219,0.655953,0.120773,0.007502,0.618812,0.5524
1995/7/4 0:00,0.659,1.674,0.705467,0.652103,0.120337,0.007476,0.616333,0.549
1995/7/5 0:00,0.6553,1.6665,0.704473,0.652869,0.120337,0.007491,0.615195,0.5493
1995/7/6 0:00,0.6568,1.6575,0.70373,0.653509,0.120773,0.007405,0.612933,0.5512
1995/7/7 0:00,0.6595,1.6635,0.70497,0.654236,0.120337,0.007423,0.617665,0.5502
1995/7/8 0:00,0.6597,1.6658,0.703087,0.653723,0.120337,0.007481,0.621504,0.5485
1995/7/9 0:00,0.657,1.6683,0.701951,0.662076,0.120337,0.007539,0.62383,0.548
1995/7/10 0:00,0.655,1.6725,0.701705,0.66107,0.120337,0.00768,0.626959,0.5525
1995/7/11 0:00,0.6565,1.6718,0.700967,0.659805,0.120337,0.007754,0.630517,0.5536
1995/7/12 0:00,0.6553,1.6668,0.698324,0.661244,0.120337,0.007721,0.628141,0.552
1995/7/13 0:00,0.647,1.684,0.697107,0.670017,0.120337,0.007731,0.627353,0.549
1995/7/14 0:00,0.649,1.683,0.694686,0.669792,0.120337,0.007725,0.625782,0.5518
1995/7/15 0:00,0.65,1.691,0.695943,0.664849,0.120337,0.007588,0.62383,0.5533
1995/7/16 0:00,0.649,1.684,0.699545,0.666445,0.120337,0.007584,0.624025,0.558
1995/7/17 0:00,0.6455,1.6757,0.70028,0.669478,0.120337,0.007563,0.62422,0.5545
1995/7/18 0:00,0.6487,1.6762,0.698812,0.674536,0.120337,0.007614,0.626566,0.5597
1995/7/19 0:00,0.6515,1.6718,0.697983,0.673854,0.120337,0.007647,0.629802,0.5593
1995/7/20 0:00,0.6535,1.6665,0.697107,0.670691,0.120337,0.007681,0.628536,0.5615
1995/7/21 0:00,0.6507,1.6678,0.696379,0.671006,0.120793,0.007639,0.628536,0.5595
1995/7/22 0:00,0.6473,1.6733,0.695169,0.672948,0.120788,0.007571,0.625,0.5539
1995/7/23 0:00,0.644,1.6673,0.694927,0.669792,0.120337,0.007565,0.627943,0.5513
1995/7/24 0:00,0.6485,1.6702,0.695604,0.668673,0.120337,0.007573,0.629525,0.553
1995/7/25 0:00,0.652,1.6727,0.699203,0.666445,0.120337,0.007555,0.630915,0.5555
1995/7/26 0:00,0.652,1.6675,0.69735,0.671908,0.120804,0.007518,0.631313,0.5552
1995/7/27 0:00,0.645,1.666,0.696864,0.671366,0.120337,0.00752,0.632511,0.5535
1995/7/28 0:00,0.6412,1.6605,0.694927,0.674082,0.120337,0.007591,0.630915,0.5515
1995/7/29 0:00,0.637,1.661,0.694879,0.678656,0.120337,0.007534,0.619579,0.545
1995/7/30 0:00,0.6373,1.6485,0.694444,0.680133,0.120337,0.007514,0.614439,0.5437
1995/7/31 0:00,0.6355,1.638,0.69604,0.675904,0.120337,0.007526,0.617665,0.5448
1995/8/1 0:00,0.6371,1.63,0.697593,0.672948,0.120337,0.007528,0.615195,0.541
1995/8/2 0:00,0.633,1.6347,0.698178,0.675447,0.120337,0.007463,0.607533,0.5365
1995/8/3 0:00,0.6276,1.6308,0.692137,0.675265,0.120337,0.007453,0.602591,0.5345
1995/8/4 0:00,0.627,1.6306,0.690608,0.673854,0.120337,0.00745,0.604047,0.533
1995/8/5 0:00,0.627,1.6278,0.689275,0.672088,0.120337,0.007441,0.60698,0.5352
1995/8/6 0:00,0.6221,1.6235,0.689798,0.672043,0.120337,0.007356,0.604961,0.5324
1995/8/7 0:00,0.6236,1.6232,0.68956,0.674536,0.120337,0.007335,0.604961,0.5312
1995/8/8 0:00,0.6255,1.6332,0.68975,0.677599,0.120337,0.007353,0.606061,0.5323
1995/8/9 0:00,0.6304,1.6305,0.690846,0.682827,0.120337,0.007372,0.610874,0.535
1995/8/10 0:00,0.6315,1.6318,0.689845,0.682594,0.120337,0.007365,0.610501,0.5355
1995/8/11 0:00,0.6225,1.6365,0.687332,0.680272,0.120337,0.007279,0.60423,0.5335
1995/8/12 0:00,0.6215,1.6322,0.686436,0.679256,0.120337,0.00728,0.60006,0.533
1995/8/13 0:00,0.6219,1.6277,0.687002,0.677736,0.120337,0.007199,0.596837,0.5325
1995/8/14 0:00,0.626,1.6308,0.686295,0.674764,0.120337,0.00722,0.596837,0.5358
1995/8/15 0:00,0.615,1.6392,0.686436,0.677277,0.120337,0.007165,0.589275,0.528
1995/8/16 0:00,0.6145,1.6388,0.687616,0.675676,0.120337,0.007196,0.595238,0.5235
1995/8/17 0:00,0.6115,1.6385,0.688231,0.676682,0.120337,0.007229,0.597015,0.5245
1995/8/18 0:00,0.611,1.6395,0.686907,0.681431,0.120337,0.007225,0.592768,0.5245
1995/8/19 0:00,0.6005,1.6351,0.685589,0.677048,0.120337,0.00716,0.587372,0.513
1995/8/20 0:00,0.5995,1.6324,0.685307,0.676956,0.120337,0.007113,0.583942,0.509
1995/8/21 0:00,0.5955,1.6347,0.684838,0.676911,0.120337,0.00713,0.583499,0.508
1995/8/22 0:00,0.587,1.6277,0.68171,0.671817,0.120337,0.007066,0.573066,0.496
1995/8/23 0:00,0.5867,1.6292,0.680226,0.670916,0.120337,0.006981,0.573066,0.4973
1995/8/24 0:00,0.5925,1.6315,0.680967,0.668003,0.120337,0.006927,0.572574,0.5013
1995/8/25 0:00,0.5894,1.6315,0.678426,0.662471,0.120337,0.00683,0.570939,0.496
1995/8/26 0:00,0.5925,1.6525,0.679902,0.66778,0.120337,0.006942,0.575871,0.4963
1995/8/27 0:00,0.6081,1.662,0.683293,0.670241,0.120337,0.007263,0.598623,0.5173
1995/8/28 0:00,0.6067,1.6705,0.680735,0.668226,0.120337,0.007267,0.597015,0.5175
1995/8/29 0:00,0.627,1.6735,0.680504,0.669344,0.120337,0.007452,0.622278,0.5298
1995/8/30 0:00,0.611,1.672,0.679671,0.668003,0.120337,0.007252,0.605327,0.5176
1995/8/31 0:00,0.6078,1.6641,0.680365,0.66379,0.120337,0.007188,0.605327,0.5085
1995/9/1 0:00,0.6074,1.6683,0.680272,0.66313,0.120337,0.007105,0.60241,0.5166
1995/9/2 0:00,0.6054,1.6722,0.681756,0.662076,0.120337,0.007059,0.599341,0.5139
1995/9/3 0:00,0.603,1.6608,0.680596,0.655523,0.120337,0.007005,0.591191,0.506
1995/9/4 0:00,0.6075,1.6645,0.679302,0.654664,0.120337,0.007046,0.582072,0.5063
1995/9/5 0:00,0.6208,1.6695,0.679486,0.660066,0.120337,0.007231,0.593824,0.52
1995/9/6 0:00,0.619,1.6616,0.682221,0.654236,0.120337,0.007212,0.591716,0.5175
1995/9/7 0:00,0.6115,1.6565,0.680921,0.651254,0.120337,0.00707,0.58651,0.5125
1995/9/8 0:00,0.6185,1.6471,0.681431,0.653595,0.120337,0.007176,0.587544,0.5195
1995/9/9 0:00,0.6165,1.6442,0.678887,0.655523,0.120337,0.007134,0.58326,0.516
1995/9/10 0:00,0.6195,1.6375,0.678794,0.654407,0.120337,0.007206,0.590842,0.5205
1995/9/11 0:00,0.6165,1.6369,0.678196,0.65445,0.120337,0.007163,0.585309,0.5166
1995/9/12 0:00,0.6125,1.6315,0.67714,0.648508,0.120337,0.007077,0.582072,0.5128
1995/9/13 0:00,0.614,1.6325,0.675676,0.649984,0.120337,0.00709,0.578536,0.514
1995/9/14 0:00,0.6165,1.6412,0.676315,0.658545,0.120337,0.007093,0.581903,0.5173
1995/9/15 0:00,0.6245,1.6355,0.676133,0.657678,0.120337,0.007151,0.592242,0.5255
1995/9/16 0:00,0.6234,1.6337,0.673401,0.659935,0.120337,0.007109,0.589275,0.5225
1995/9/17 0:00,0.629,1.6387,0.671592,0.66357,0.120337,0.00713,0.592417,0.5267
1995/9/18 0:00,0.6267,1.6427,0.671817,0.664452,0.120337,0.007163,0.584795,0.527
1995/9/19 0:00,0.6301,1.648,0.672043,0.664673,0.120337,0.007202,0.588235,0.527
1995/9/20 0:00,0.6263,1.643,0.670107,0.661244,0.120337,0.007123,0.584795,0.5251
1995/9/21 0:00,0.6211,1.642,0.668583,0.662252,0.120337,0.007087,0.584624,0.5206
1995/9/22 0:00,0.6168,1.6474,0.668762,0.661376,0.120337,0.007065,0.584112,0.517
1995/9/23 0:00,0.6196,1.6594,0.667601,0.668986,0.120337,0.007096,0.584454,0.5195
1995/9/24 0:00,0.609,1.6565,0.664894,0.666889,0.120337,0.00703,0.581058,0.511
1995/9/25 0:00,0.6115,1.6485,0.665646,0.670017,0.120337,0.007055,0.585309,0.5138
1995/9/26 0:00,0.6105,1.644,0.664938,0.672495,0.120337,0.00702,0.582411,0.5135
1995/9/27 0:00,0.6145,1.6415,0.66291,0.672495,0.120337,0.007017,0.582411,0.5173
1995/9/28 0:00,0.607,1.6349,0.661726,0.670466,0.120337,0.006913,0.578704,0.5115
1995/9/29 0:00,0.6035,1.6245,0.659848,0.665779,0.120337,0.006859,0.577034,0.5095
1995/9/30 0:00,0.605,1.633,0.660502,0.668003,0.120337,0.006904,0.578704,0.5135
1995/10/1 0:00,0.609,1.636,0.659848,0.670466,0.120337,0.006926,0.57971,0.5165
1995/10/2 0:00,0.604,1.6332,0.654365,0.670781,0.120337,0.006916,0.573723,0.5135
1995/10/3 0:00,0.5991,1.629,0.657073,0.667468,0.120337,0.006835,0.570613,0.509
1995/10/4 0:00,0.5985,1.6328,0.658892,0.667869,0.120337,0.006824,0.568666,0.5069
1995/10/5 0:00,0.5921,1.6295,0.657333,0.671366,0.120337,0.006796,0.567666,0.5013
1995/10/6 0:00,0.5945,1.629,0.659979,0.674082,0.120337,0.006845,0.570613,0.5027
1995/10/7 0:00,0.5975,1.6265,0.659196,0.671817,0.120337,0.006894,0.571919,0.5038
1995/10/8 0:00,0.594,1.6184,0.658501,0.662691,0.120337,0.006832,0.569152,0.5038
1995/10/9 0:00,0.5925,1.6162,0.656039,0.66538,0.120337,0.00686,0.566893,0.5038
1995/10/10 0:00,0.5938,1.6162,0.654236,0.662032,0.120337,0.006896,0.566412,0.5027
1995/10/11 0:00,0.594,1.6227,0.652103,0.66357,0.120337,0.006952,0.569152,0.5038
1995/10/12 0:00,0.5897,1.6275,0.653381,0.664673,0.120337,0.007013,0.571102,0.4985
1995/10/13 0:00,0.583,1.6363,0.648508,0.665336,0.120337,0.006899,0.565771,0.4925
1995/10/14 0:00,0.5792,1.641,0.645453,0.666844,0.120337,0.006946,0.565931,0.491
1995/10/15 0:00,0.576,1.6395,0.64487,0.665336,0.120337,0.006899,0.563539,0.4912
1995/10/16 0:00,0.5682,1.6385,0.639795,0.664319,0.120337,0.006924,0.563698,0.4885
1995/10/17 0:00,0.555,1.6405,0.634115,0.674764,0.120337,0.007032,0.565291,0.4838
1995/10/18 0:00,0.565,1.672,0.637267,0.688231,0.120337,0.007015,0.56338,0.4928
1995/10/19 0:00,0.572,1.676,0.635122,0.693626,0.120337,0.007097,0.56338,0.495
1995/10/20 0:00,0.5805,1.674,0.643708,0.694203,0.120337,0.007341,0.581734,0.5073
1995/10/21 0:00,0.583,1.6686,0.649984,0.692041,0.120337,0.007259,0.574053,0.5035
1995/10/22 0:00,0.581,1.6762,0.649562,0.704573,0.120337,0.007417,0.569476,0.5005
1995/10/23 0:00,0.5861,1.672,0.655093,0.701656,0.120337,0.007463,0.571102,0.5062
1995/10/24 0:00,0.5897,1.6581,0.655179,0.708065,0.120337,0.00757,0.579374,0.5097
1995/10/25 0:00,0.5875,1.662,0.657462,0.705965,0.120337,0.007329,0.573888,0.5075
1995/10/26 0:00,0.5966,1.6816,0.660284,0.719166,0.120337,0.007445,0.578035,0.5155
1995/10/27 0:00,0.5929,1.6775,0.659457,0.711896,0.120337,0.007506,0.577201,0.5136
1995/10/28 0:00,0.5945,1.6742,0.665779,0.717103,0.120337,0.007516,0.579542,0.514
1995/10/29 0:00,0.5935,1.6758,0.664982,0.716589,0.120337,0.007412,0.579206,0.5075
1995/10/30 0:00,0.5937,1.684,0.655523,0.722022,0.120337,0.007583,0.580046,0.5093
1995/10/31 0:00,0.5875,1.6835,0.653808,0.719424,0.120337,0.00754,0.580383,0.504
1995/11/1 0:00,0.5835,1.6845,0.655008,0.724375,0.120337,0.007496,0.576369,0.5005
1995/11/2 0:00,0.5855,1.6837,0.653808,0.719683,0.120337,0.007396,0.577034,0.496
1995/11/3 0:00,0.5781,1.6798,0.65445,0.716589,0.120337,0.007329,0.578035,0.4905
1995/11/4 0:00,0.5836,1.6945,0.661376,0.720461,0.120337,0.007389,0.583942,0.4939
1995/11/5 0:00,0.5911,1.7023,0.661026,0.724375,0.120337,0.007402,0.591366,0.4968
1995/11/6 0:00,0.5863,1.704,0.661989,0.719424,0.120798,0.007369,0.58997,0.4935
1995/11/7 0:00,0.5975,1.7068,0.666134,0.719683,0.120799,0.007468,0.596837,0.5025
1995/11/8 0:00,0.593,1.6995,0.655222,0.724218,0.120802,0.007321,0.592347,0.5
1995/11/9 0:00,0.597,1.7045,0.650872,0.733138,0.120802,0.007366,0.591611,0.503
1995/11/10 0:00,0.594,1.7026,0.644953,0.739481,0.120802,0.007375,0.592768,0.4987
1995/11/11 0:00,0.594,1.6901,0.642261,0.74239,0.120802,0.007433,0.595593,0.4968
1995/11/12 0:00,0.5887,1.6833,0.64433,0.743937,0.120804,0.007625,0.595948,0.493
1995/11/13 0:00,0.6178,1.6968,0.654108,0.758725,0.120805,0.008066,0.605144,0.5113
1995/11/14 0:00,0.6183,1.7222,0.647878,0.773096,0.120806,0.008414,0.607533,0.5195
1995/11/15 0:00,0.6162,1.703,0.646831,0.755858,0.120806,0.008547,0.607533,0.5205
1995/11/16 0:00,0.6273,1.7015,0.645786,0.752672,0.120808,0.008414,0.612933,0.541
1995/11/17 0:00,0.6294,1.7055,0.646621,0.750469,0.120806,0.008384,0.619579,0.5395
1995/11/18 0:00,0.631,1.7028,0.646705,0.755858,0.120805,0.008511,0.619195,0.5312
1995/11/19 0:00,0.6327,1.703,0.648088,0.760572,0.120808,0.008662,0.617475,0.5357
1995/11/20 0:00,0.6328,1.6995,0.645578,0.755572,0.120805,0.008737,0.617475,0.535
1995/11/21 0:00,0.6285,1.706,0.649773,0.742832,0.120804,0.008468,0.614817,0.5263
1995/11/22 0:00,0.6275,1.7005,0.643087,0.74184,0.120805,0.008558,0.618812,0.526
1995/11/23 0:00,0.6253,1.695,0.647962,0.74499,0.120799,0.008483,0.616903,0.5255
1995/11/24 0:00,0.6184,1.69,0.647459,0.747664,0.120805,0.00847,0.616143,0.5253
1995/11/25 0:00,0.6165,1.683,0.647249,0.742776,0.120806,0.008415,0.614817,0.5225
1995/11/26 0:00,0.6154,1.6722,0.649562,0.740905,0.120808,0.008432,0.613346,0.5202
1995/11/27 0:00,0.616,1.672,0.648508,0.741675,0.120805,0.008506,0.615764,0.522
1995/11/28 0:00,0.6231,1.6758,0.645286,0.743384,0.120808,0.008525,0.616523,0.5258
1995/11/29 0:00,0.625,1.6735,0.648004,0.738116,0.120805,0.008587,0.614628,0.5295
1995/11/30 0:00,0.6252,1.6652,0.652529,0.740741,0.120806,0.008732,0.615574,0.5305
1995/12/1 0:00,0.6254,1.6577,0.656168,0.737518,0.120802,0.008658,0.616903,0.5303
1995/12/2 0:00,0.6286,1.6588,0.655867,0.731529,0.120805,0.00858,0.615764,0.5331
1995/12/3 0:00,0.632,1.663,0.658979,0.736106,0.120806,0.008514,0.616523,0.5395
1995/12/4 0:00,0.634,1.658,0.652955,0.727696,0.120804,0.008422,0.610501,0.5385
1995/12/5 0:00,0.6348,1.6585,0.651466,0.714541,0.120806,0.008198,0.602954,0.536
1995/12/6 0:00,0.6223,1.658,0.646831,0.718391,0.120808,0.008138,0.603682,0.528
1995/12/7 0:00,0.632,1.6568,0.645453,0.716589,0.120809,0.008145,0.603865,0.5295
1995/12/8 0:00,0.6392,1.6635,0.644122,0.719062,0.120802,0.008151,0.604412,0.5378
1995/12/9 0:00,0.6385,1.6755,0.643087,0.728067,0.120805,0.008354,0.613121,0.5385
1995/12/10 0:00,0.6343,1.6775,0.645703,0.727802,0.120805,0.008244,0.612182,0.5345
1995/12/11 0:00,0.6457,1.672,0.642797,0.727431,0.120804,0.008235,0.612933,0.539
1995/12/12 0:00,0.6437,1.6677,0.645161,0.720981,0.120804,0.008358,0.615574,0.5412
1995/12/13 0:00,0.6436,1.6542,0.647165,0.718804,0.120806,0.008311,0.613874,0.537
1995/12/14 0:00,0.641,1.654,0.646329,0.710934,0.120806,0.008269,0.61106,0.5325
1995/12/15 0:00,0.6417,1.6582,0.645745,0.709723,0.120805,0.008275,0.610874,0.5338
1995/12/16 0:00,0.64,1.6613,0.647668,0.71048,0.120806,0.00821,0.609756,0.5315
1995/12/17 0:00,0.6339,1.6522,0.650787,0.706614,0.120799,0.008114,0.606244,0.5285
1995/12/18 0:00,0.628,1.6485,0.656383,0.716178,0.120799,0.008116,0.606061,0.527
1995/12/19 0:00,0.6305,1.654,0.652316,0.725531,0.120799,0.008183,0.607718,0.5245
1995/12/20 0:00,0.631,1.6625,0.650703,0.729927,0.120802,0.008322,0.607165,0.5275
1995/12/21 0:00,0.6245,1.6645,0.651975,0.731689,0.120804,0.008418,0.607533,0.5232
1995/12/22 0:00,0.6175,1.6615,0.651466,0.729395,0.120806,0.008379,0.602954,0.5213
1995/12/23 0:00,0.6204,1.653,0.650449,0.726956,0.120809,0.008359,0.602954,0.5214
1995/12/24 0:00,0.6155,1.654,0.647794,0.732118,0.120809,0.008365,0.603318,0.5185
1995/12/25 0:00,0.6165,1.658,0.647878,0.735132,0.120809,0.008469,0.606428,0.5155
1995/12/26 0:00,0.6195,1.667,0.648761,0.746491,0.120811,0.008542,0.607165,0.5214
1995/12/27 0:00,0.6208,1.6835,0.648424,0.752162,0.120811,0.008563,0.606061,0.5225
1995/12/28 0:00,0.6204,1.6885,0.64914,0.749738,0.120806,0.00869,0.608199,0.521
1995/12/29 0:00,0.6235,1.6853,0.648508,0.745434,0.120805,0.008567,0.606061,0.5222
1995/12/30 0:00,0.6187,1.6765,0.649773,0.743992,0.120805,0.008645,0.60698,0.522
1995/12/31 0:00,0.6231,1.675,0.648424,0.741455,0.120806,0.008596,0.606612,0.5248
1996/1/1 0:00,0.6211,1.6803,0.647333,0.74173,0.120806,0.008645,0.606907,0.5215
1996/1/2 0:00,0.617,1.68,0.645411,0.733676,0.120804,0.008615,0.605694,0.52
1996/1/3 0:00,0.6145,1.6775,0.643915,0.732332,0.120799,0.008558,0.605327,0.5183
1996/1/4 0:00,0.6114,1.6767,0.644496,0.733676,0.120801,0.008619,0.604778,0.5237
1996/1/5 0:00,0.611,1.6723,0.644538,0.726744,0.120795,0.008603,0.6035,0.5235
1996/1/6 0:00,0.607,1.6745,0.644122,0.728863,0.120799,0.00863,0.6035,0.52
1996/1/7 0:00,0.6114,1.6836,0.64433,0.733676,0.120793,0.008664,0.603682,0.5243
1996/1/8 0:00,0.6129,1.6665,0.645494,0.724375,0.120792,0.008705,0.603318,0.5262
1996/1/9 0:00,0.6123,1.6628,0.650407,0.728067,0.120789,0.008843,0.605694,0.527
1996/1/10 0:00,0.618815,1.658702,0.654721,0.732123,0.120803,0.008923,0.603268,0.533597
1996/1/11 0:00,0.621309,1.657777,0.658267,0.730345,0.120798,0.009006,0.599125,0.537268
1996/1/12 0:00,0.628873,1.654724,0.661988,0.719339,0.120746,0.00887,0.596348,0.538449
1996/1/13 0:00,0.633995,1.649213,0.661662,0.72136,0.120783,0.008961,0.598683,0.540536
1996/1/14 0:00,0.633268,1.642054,0.661051,0.716249,0.120756,0.008967,0.595851,0.540374
1996/1/15 0:00,0.640779,1.637376,0.664165,0.715872,0.120823,0.009182,0.597693,0.546912
1996/1/16 0:00,0.640666,1.631878,0.662867,0.720654,0.120805,0.008917,0.596067,0.547186
1996/1/17 0:00,0.631021,1.650364,0.654042,0.735719,0.120838,0.008817,0.592101,0.54147
1996/1/18 0:00,0.632701,1.652755,0.654219,0.733764,0.120822,0.008827,0.594567,0.540019
1996/1/19 0:00,0.634897,1.651038,0.653952,0.725096,0.120768,0.008757,0.595441,0.540687
1996/1/20 0:00,0.634195,1.652671,0.653851,0.724001,0.120807,0.008737,0.59451,0.537895
1996/1/21 0:00,0.638337,1.654142,0.653223,0.727491,0.120825,0.008795,0.59441,0.536803
1996/1/22 0:00,0.640028,1.647475,0.657098,0.719496,0.120816,0.008817,0.595638,0.540631
1996/1/23 0:00,0.639895,1.652134,0.661182,0.721457,0.120828,0.008791,0.597894,0.542473
1996/1/24 0:00,0.635181,1.654556,0.658585,0.722921,0.120857,0.008722,0.594999,0.537004
1996/1/25 0:00,0.631676,1.657309,0.66035,0.723983,0.120843,0.008793,0.592604,0.534128
1996/1/26 0:00,0.630414,1.658507,0.658226,0.72159,0.120819,0.00877,0.594257,0.536293
1996/1/27 0:00,0.627282,1.649958,0.657526,0.713144,0.120823,0.008645,0.592132,0.535831
1996/1/28 0:00,0.625712,1.647557,0.655308,0.70661,0.120749,0.008595,0.592003,0.53447
1996/1/29 0:00,0.629716,1.645655,0.662996,0.707059,0.120816,0.008622,0.592117,0.538922
1996/1/30 0:00,0.633323,1.640574,0.663419,0.702993,0.120766,0.008689,0.591495,0.543682
1996/1/31 0:00,0.639557,1.644102,0.660914,0.708354,0.120822,0.008914,0.5931,0.545906
1996/2/1 0:00,0.641029,1.63869,0.660962,0.70704,0.120763,0.008887,0.593355,0.550085
1996/2/2 0:00,0.649468,1.638308,0.670105,0.706348,0.120814,0.008923,0.591792,0.553544
1996/2/3 0:00,0.651704,1.636462,0.672604,0.705339,0.12077,0.008835,0.592902,0.551361
1996/2/4 0:00,0.652847,1.637591,0.672089,0.705999,0.120787,0.008751,0.591503,0.559763
1996/2/5 0:00,0.646998,1.635834,0.669502,0.705405,0.120826,0.008743,0.591076,0.554797
1996/2/6 0:00,0.645543,1.628983,0.669501,0.710028,0.12079,0.008736,0.591267,0.551549
1996/2/7 0:00,0.649558,1.624379,0.671592,0.706252,0.120844,0.008719,0.592239,0.551787
1996/2/8 0:00,0.646131,1.631394,0.669995,0.706265,0.120794,0.008745,0.590952,0.549646
1996/2/9 0:00,0.645934,1.628206,0.669032,0.703884,0.120857,0.008648,0.590504,0.547045
1996/2/10 0:00,0.63854,1.631305,0.667156,0.700126,0.120761,0.008475,0.589136,0.538495
1996/2/11 0:00,0.633196,1.633841,0.666978,0.7025,0.120778,0.008405,0.589185,0.538221
1996/2/12 0:00,0.635578,1.633253,0.672159,0.70186,0.120756,0.008345,0.588087,0.539158
1996/2/13 0:00,0.637923,1.625748,0.671006,0.691627,0.120794,0.008262,0.586278,0.54124
1996/2/14 0:00,0.640067,1.623664,0.66856,0.690948,0.120803,0.008306,0.584171,0.542191
1996/2/15 0:00,0.639067,1.612951,0.668649,0.689974,0.120806,0.008244,0.58075,0.536854
1996/2/16 0:00,0.632308,1.597131,0.667423,0.689382,0.120791,0.008197,0.580025,0.531187
1996/2/17 0:00,0.627032,1.605173,0.664542,0.696932,0.120808,0.008385,0.579609,0.527068
1996/2/18 0:00,0.621313,1.603187,0.663527,0.689929,0.120779,0.00843,0.580185,0.525281
1996/2/19 0:00,0.618524,1.607508,0.656708,0.683574,0.12081,0.008349,0.579994,0.524072
1996/2/20 0:00,0.620168,1.614054,0.657566,0.685936,0.120765,0.008305,0.576444,0.528607
1996/2/21 0:00,0.623145,1.614632,0.654944,0.68456,0.120801,0.008221,0.576706,0.530263
1996/2/22 0:00,0.624118,1.607539,0.6555,0.680346,0.120821,0.008096,0.576591,0.528175
1996/2/23 0:00,0.627709,1.608682,0.659283,0.680373,0.120804,0.008159,0.578402,0.531717
1996/2/24 0:00,0.630994,1.609536,0.659914,0.683793,0.12083,0.008215,0.57864,0.532584
1996/2/25 0:00,0.635837,1.616696,0.659239,0.681518,0.120797,0.008236,0.577901,0.534609
1996/2/26 0:00,0.634885,1.626859,0.655883,0.687676,0.120808,0.008346,0.578206,0.535328
1996/2/27 0:00,0.635231,1.631727,0.657077,0.684733,0.120812,0.008356,0.575501,0.534064
1996/2/28 0:00,0.636051,1.633917,0.656188,0.684596,0.120805,0.008398,0.576701,0.527562
1996/2/29 0:00,0.631652,1.621727,0.654664,0.682597,0.12081,0.008492,0.582441,0.532528
1996/3/1 0:00,0.626605,1.625086,0.654171,0.681964,0.120771,0.008488,0.580861,0.529462
1996/3/2 0:00,0.627447,1.629041,0.657225,0.690438,0.12081,0.008458,0.579436,0.52744
1996/3/3 0:00,0.630136,1.630868,0.658354,0.687547,0.120838,0.008507,0.579673,0.531925
1996/3/4 0:00,0.630328,1.630311,0.659869,0.68362,0.120793,0.008542,0.580284,0.531124
1996/3/5 0:00,0.634137,1.628642,0.663769,0.683207,0.120794,0.008469,0.578253,0.533849
1996/3/6 0:00,0.638134,1.636819,0.663679,0.685225,0.120838,0.008474,0.57751,0.536736
1996/3/7 0:00,0.639719,1.640028,0.665071,0.686707,0.120808,0.00853,0.579994,0.539736
1996/3/8 0:00,0.636404,1.632377,0.662098,0.68163,0.120779,0.00847,0.578716,0.537717
1996/3/9 0:00,0.634783,1.620602,0.660566,0.674422,0.120763,0.00832,0.577505,0.535605
1996/3/10 0:00,0.632189,1.613362,0.661047,0.672402,0.120762,0.008352,0.576746,0.534267
1996/3/11 0:00,0.626669,1.611437,0.661025,0.67155,0.120781,0.008335,0.57709,0.530595
1996/3/12 0:00,0.633799,1.614653,0.662868,0.677502,0.120816,0.008443,0.578963,0.534984
1996/3/13 0:00,0.635145,1.607327,0.665912,0.674924,0.120826,0.00832,0.578214,0.535002
1996/3/14 0:00,0.631745,1.601364,0.666778,0.670064,0.12079,0.008194,0.576369,0.532375
1996/3/15 0:00,0.638017,1.592266,0.665625,0.67987,0.120769,0.008275,0.576661,0.530707
1996/3/16 0:00,0.628148,1.597247,0.666134,0.675198,0.12083,0.008243,0.576657,0.532159
1996/3/17 0:00,0.624907,1.609646,0.667356,0.679552,0.120823,0.008276,0.578147,0.529983
1996/3/18 0:00,0.63004,1.606756,0.665779,0.674624,0.120797,0.008268,0.576888,0.535261
1996/3/19 0:00,0.635001,1.614502,0.669254,0.675793,0.120801,0.008331,0.580876,0.542929
1996/3/20 0:00,0.637088,1.612868,0.671297,0.672017,0.120822,0.008329,0.582174,0.541096
1996/3/21 0:00,0.637645,1.613627,0.669904,0.672199,0.120771,0.00841,0.590893,0.54192
1996/3/22 0:00,0.636543,1.610847,0.670849,0.667914,0.120807,0.008396,0.591285,0.539595
1996/3/23 0:00,0.647493,1.611489,0.673354,0.666778,0.1208,0.008478,0.585952,0.545693
1996/3/24 0:00,0.651647,1.608269,0.674289,0.662561,0.120826,0.008476,0.586114,0.549023
1996/3/25 0:00,0.647607,1.614976,0.671366,0.663924,0.120755,0.00846,0.584899,0.548461
1996/3/26 0:00,0.647021,1.608174,0.67195,0.663372,0.120823,0.008343,0.583246,0.547042
1996/3/27 0:00,0.650999,1.611962,0.674971,0.66256,0.120777,0.008351,0.585513,0.547924
1996/3/28 0:00,0.651675,1.616551,0.676849,0.663106,0.120767,0.00838,0.585216,0.548267
1996/3/29 0:00,0.648596,1.610533,0.676538,0.66083,0.120825,0.008403,0.589306,0.54758
1996/3/30 0:00,0.650231,1.618002,0.675977,0.662865,0.120778,0.008318,0.588139,0.548963
1996/3/31 0:00,0.654669,1.6147,0.677277,0.660171,0.120851,0.008388,0.588856,0.551296
1996/4/1 0:00,0.658612,1.610534,0.681871,0.658744,0.120839,0.008381,0.589977,0.55584
1996/4/2 0:00,0.662386,1.609318,0.686197,0.655152,0.120803,0.008375,0.589883,0.559763
1996/4/3 0:00,0.665492,1.607571,0.689624,0.656061,0.120762,0.008324,0.587126,0.561217
1996/4/4 0:00,0.663657,1.620789,0.68793,0.659851,0.120793,0.008262,0.586207,0.559189
1996/4/5 0:00,0.662079,1.632903,0.686333,0.66778,0.120823,0.008275,0.587983,0.557464
1996/4/6 0:00,0.668629,1.638925,0.686676,0.669862,0.120787,0.008279,0.587993,0.563655
1996/4/7 0:00,0.670714,1.635065,0.685867,0.670579,0.12085,0.008273,0.589161,0.560951
1996/4/8 0:00,0.66932,1.629441,0.685484,0.671005,0.120755,0.008276,0.588921,0.561133
1996/4/9 0:00,0.670533,1.622042,0.687934,0.666023,0.120774,0.008271,0.589355,0.562507
1996/4/10 0:00,0.667579,1.620138,0.684625,0.665203,0.1208,0.008274,0.588308,0.560115
1996/4/11 0:00,0.668716,1.618673,0.68539,0.662865,0.120818,0.008217,0.585859,0.560554
1996/4/12 0:00,0.665448,1.617281,0.683495,0.663878,0.120794,0.008155,0.584035,0.557893
1996/4/13 0:00,0.666222,1.619166,0.684859,0.665912,0.120786,0.008123,0.584521,0.55913
1996/4/14 0:00,0.670802,1.620273,0.684971,0.665802,0.12078,0.00811,0.584463,0.561826
1996/4/15 0:00,0.66315,1.616896,0.68197,0.664851,0.12079,0.008036,0.580681,0.552322
1996/4/16 0:00,0.661464,1.61165,0.681995,0.662909,0.120806,0.008057,0.580773,0.548495
1996/4/17 0:00,0.660267,1.601173,0.684687,0.658887,0.120807,0.008067,0.581022,0.545207
1996/4/18 0:00,0.657851,1.602069,0.685299,0.663172,0.120794,0.008132,0.581026,0.543745
1996/4/19 0:00,0.649029,1.595526,0.679299,0.657552,0.120823,0.008195,0.578284,0.533903
1996/4/20 0:00,0.648524,1.595653,0.678395,0.65522,0.120805,0.008249,0.577823,0.53545
1996/4/21 0:00,0.652736,1.602499,0.679212,0.655335,0.120763,0.008277,0.579667,0.535804
1996/4/22 0:00,0.649607,1.603269,0.677251,0.654466,0.120786,0.008244,0.578947,0.53437
1996/4/23 0:00,0.641113,1.610352,0.674014,0.656903,0.120771,0.008286,0.580007,0.529141
1996/4/24 0:00,0.644317,1.607955,0.675765,0.651283,0.12079,0.00826,0.579551,0.536247
1996/4/25 0:00,0.647551,1.606159,0.677347,0.650755,0.120795,0.008229,0.579338,0.525368
1996/4/26 0:00,0.65565,1.608355,0.679935,0.650595,0.120785,0.008197,0.579078,0.532109
1996/4/27 0:00,0.658325,1.601595,0.679294,0.648421,0.120786,0.008242,0.579631,0.531876
1996/4/28 0:00,0.659592,1.606532,0.679889,0.655539,0.120845,0.008336,0.584097,0.530867
1996/4/29 0:00,0.657954,1.599878,0.679256,0.655711,0.120784,0.008383,0.584127,0.533262
1996/4/30 0:00,0.662668,1.59986,0.684632,0.656191,0.120781,0.00842,0.582979,0.535806
1996/5/1 0:00,0.664807,1.610598,0.685224,0.658501,0.120789,0.008466,0.584546,0.540308
1996/5/2 0:00,0.663991,1.608832,0.685299,0.653688,0.120758,0.008304,0.583684,0.539083
1996/5/3 0:00,0.658567,1.592778,0.683237,0.652583,0.120816,0.008286,0.584956,0.535931
1996/5/4 0:00,0.656455,1.587821,0.685473,0.646026,0.120804,0.008327,0.586769,0.534102
1996/5/5 0:00,0.658461,1.593407,0.684394,0.646922,0.120784,0.008358,0.587859,0.534835
1996/5/6 0:00,0.652882,1.592483,0.682762,0.649468,0.120829,0.0083,0.584801,0.531635
1996/5/7 0:00,0.651136,1.589233,0.679389,0.64653,0.120791,0.008173,0.585489,0.530161
1996/5/8 0:00,0.653887,1.589247,0.680749,0.646804,0.120829,0.008246,0.588727,0.530905
1996/5/9 0:00,0.656749,1.578158,0.678613,0.64631,0.120841,0.008189,0.587862,0.533864
1996/5/10 0:00,0.658108,1.584557,0.680016,0.649854,0.120839,0.008209,0.587554,0.536736
1996/5/11 0:00,0.662229,1.590194,0.68357,0.653537,0.120819,0.008234,0.587358,0.535185
1996/5/12 0:00,0.658068,1.582439,0.681027,0.648615,0.120774,0.008242,0.586668,0.533849
1996/5/13 0:00,0.657308,1.579097,0.677645,0.644941,0.120812,0.008278,0.587126,0.530764
1996/5/14 0:00,0.661136,1.57519,0.679076,0.643473,0.120775,0.008273,0.587275,0.529424
1996/5/15 0:00,0.67024,1.580012,0.68269,0.637836,0.120804,0.00826,0.589115,0.533956
1996/5/16 0:00,0.665912,1.5754,0.681933,0.636723,0.120754,0.008175,0.589203,0.529371
1996/5/17 0:00,0.666001,1.569664,0.681515,0.638972,0.120816,0.008195,0.589219,0.529811
1996/5/18 0:00,0.664342,1.560125,0.680749,0.637331,0.120817,0.008188,0.589514,0.526684
1996/5/19 0:00,0.665424,1.557452,0.680479,0.635907,0.120785,0.00816,0.588482,0.524122
1996/5/20 0:00,0.664939,1.552024,0.679112,0.634041,0.120846,0.008179,0.588821,0.527073
1996/5/21 0:00,0.662647,1.554702,0.67488,0.631476,0.120773,0.008178,0.588183,0.524477
1996/5/22 0:00,0.659084,1.55621,0.674334,0.634467,0.120797,0.008231,0.588322,0.522508
1996/5/23 0:00,0.658801,1.563409,0.675762,0.636694,0.120809,0.008294,0.58817,0.523003
1996/5/24 0:00,0.663023,1.566658,0.674784,0.636468,0.120818,0.008302,0.588672,0.524925
1996/5/25 0:00,0.660634,1.56314,0.674245,0.634874,0.120794,0.008268,0.586445,0.523942
1996/5/26 0:00,0.65084,1.562149,0.670555,0.635185,0.120797,0.00839,0.586744,0.520362
1996/5/27 0:00,0.647703,1.570278,0.670042,0.648777,0.120825,0.008413,0.587364,0.521524
1996/5/28 0:00,0.648027,1.575828,0.666223,0.654917,0.120798,0.008458,0.589355,0.527822
1996/5/29 0:00,0.647112,1.585595,0.66589,0.653912,0.120823,0.008523,0.588482,0.527173
1996/5/30 0:00,0.647745,1.578034,0.663549,0.654438,0.120808,0.008584,0.588966,0.532259
1996/5/31 0:00,0.647371,1.591162,0.662472,0.663548,0.120811,0.008576,0.594179,0.526726
1996/6/1 0:00,0.644606,1.589558,0.661116,0.664209,0.120792,0.008609,0.592413,0.523829
1996/6/2 0:00,0.644353,1.594834,0.662277,0.665779,0.120756,0.008609,0.595797,0.52352
1996/6/3 0:00,0.649734,1.613642,0.663064,0.670536,0.120847,0.008677,0.591924,0.528086
1996/6/4 0:00,0.651944,1.61977,0.664144,0.670306,0.12085,0.00873,0.593637,0.531111
1996/6/5 0:00,0.653914,1.617114,0.668786,0.667802,0.120764,0.008682,0.594291,0.533237
1996/6/6 0:00,0.658612,1.620711,0.671165,0.672924,0.120767,0.00875,0.596792,0.536333
1996/6/7 0:00,0.654207,1.619083,0.669254,0.674492,0.1208,0.008772,0.597097,0.532121
1996/6/8 0:00,0.652839,1.616118,0.664916,0.67288,0.120839,0.00873,0.600336,0.529234
1996/6/9 0:00,0.653399,1.605838,0.664959,0.668539,0.120793,0.008668,0.599665,0.529455
1996/6/10 0:00,0.651942,1.618911,0.666667,0.671658,0.120801,0.008737,0.60036,0.527609
1996/6/11 0:00,0.648375,1.609916,0.671296,0.66518,0.120827,0.008689,0.59762,0.528538
1996/6/12 0:00,0.649831,1.60872,0.673672,0.66359,0.120809,0.00864,0.597203,0.529886
1996/6/13 0:00,0.651627,1.60438,0.676457,0.659454,0.12082,0.008649,0.596338,0.530158
1996/6/14 0:00,0.649448,1.601211,0.67488,0.659352,0.120761,0.008712,0.598408,0.527409
1996/6/15 0:00,0.649468,1.603828,0.675999,0.657275,0.12077,0.008753,0.594682,0.525064
1996/6/16 0:00,0.647238,1.601236,0.674309,0.656818,0.120793,0.008909,0.597431,0.533764
1996/6/17 0:00,0.636497,1.619159,0.669568,0.665868,0.120803,0.009,0.596483,0.53401
1996/6/18 0:00,0.639425,1.61356,0.668831,0.666912,0.120784,0.008978,0.596683,0.533397
1996/6/19 0:00,0.63578,1.608289,0.668673,0.660462,0.12083,0.008952,0.594768,0.530911
1996/6/20 0:00,0.636659,1.594515,0.66845,0.656283,0.120837,0.00896,0.591506,0.527229
1996/6/21 0:00,0.634134,1.587179,0.66836,0.652844,0.120772,0.008991,0.59153,0.515786
1996/6/22 0:00,0.630141,1.587304,0.665646,0.651434,0.120778,0.008946,0.591156,0.511326
1996/6/23 0:00,0.632954,1.588815,0.670107,0.653557,0.120753,0.008951,0.592487,0.513165
1996/6/24 0:00,0.632851,1.588133,0.670396,0.652191,0.120788,0.008995,0.592902,0.513105
1996/6/25 0:00,0.638024,1.607652,0.669007,0.6614,0.120829,0.009146,0.594205,0.516696
1996/6/26 0:00,0.638571,1.602186,0.673353,0.660719,0.120794,0.009153,0.594616,0.51448
1996/6/27 0:00,0.64548,1.608332,0.669321,0.669702,0.120813,0.009159,0.593388,0.518912
1996/6/28 0:00,0.646891,1.604382,0.670379,0.663415,0.120796,0.009075,0.592016,0.517901
1996/6/29 0:00,0.646819,1.604881,0.669814,0.661924,0.120786,0.009007,0.591361,0.526421
1996/6/30 0:00,0.649043,1.618157,0.672045,0.662009,0.120827,0.009014,0.590075,0.528058
1996/7/1 0:00,0.652097,1.633246,0.675741,0.659048,0.120762,0.009259,0.592948,0.532486
1996/7/2 0:00,0.65163,1.616016,0.678262,0.647786,0.12083,0.009168,0.59215,0.534077
1996/7/3 0:00,0.657331,1.61038,0.68034,0.648043,0.120841,0.009428,0.593587,0.53547
1996/7/4 0:00,0.653869,1.608292,0.678972,0.649101,0.120797,0.009491,0.592527,0.52948
1996/7/5 0:00,0.649166,1.612675,0.677511,0.647722,0.120792,0.009643,0.592101,0.524126
1996/7/6 0:00,0.646283,1.624415,0.677575,0.649594,0.120799,0.009525,0.591068,0.523899
1996/7/7 0:00,0.648752,1.621561,0.678494,0.648202,0.120853,0.009345,0.59051,0.52638
1996/7/8 0:00,0.642252,1.622626,0.676133,0.648451,0.120801,0.009402,0.589143,0.521973
1996/7/9 0:00,0.647451,1.631875,0.679188,0.652228,0.120771,0.009533,0.588138,0.525926
1996/7/10 0:00,0.650863,1.637028,0.680834,0.655224,0.12084,0.009619,0.585236,0.524714
1996/7/11 0:00,0.648149,1.636674,0.678235,0.649623,0.120801,0.009595,0.582144,0.521071
1996/7/12 0:00,0.652747,1.643368,0.678678,0.65401,0.120792,0.009599,0.585064,0.518686
1996/7/13 0:00,0.653219,1.646343,0.679263,0.650586,0.120765,0.009424,0.586563,0.516237
1996/7/14 0:00,0.655154,1.649923,0.682442,0.6568,0.120796,0.009419,0.58344,0.512748
1996/7/15 0:00,0.653063,1.642027,0.683132,0.663771,0.12079,0.009362,0.585379,0.518208
1996/7/16 0:00,0.653176,1.646499,0.680272,0.665092,0.120805,0.009359,0.588353,0.517586
1996/7/17 0:00,0.65363,1.653732,0.678802,0.672743,0.120855,0.009509,0.590198,0.516301
1996/7/18 0:00,0.661048,1.655214,0.680365,0.672741,0.120809,0.009399,0.592492,0.522896
1996/7/19 0:00,0.663349,1.652233,0.680716,0.672062,0.120819,0.009348,0.597611,0.523458
1996/7/20 0:00,0.660324,1.655463,0.680367,0.672605,0.120789,0.009296,0.595793,0.522264
1996/7/21 0:00,0.660635,1.653284,0.679739,0.673329,0.120753,0.009294,0.595023,0.518682
1996/7/22 0:00,0.654362,1.651717,0.678157,0.667045,0.120785,0.009321,0.594127,0.515004
1996/7/23 0:00,0.656109,1.652747,0.677695,0.674759,0.120814,0.009403,0.596044,0.517997
1996/7/24 0:00,0.65001,1.652338,0.674926,0.676469,0.120768,0.009314,0.593459,0.511409
1996/7/25 0:00,0.650039,1.65821,0.674405,0.679666,0.12079,0.009359,0.595071,0.511346
1996/7/26 0:00,0.647889,1.669894,0.673714,0.685567,0.120768,0.009491,0.596598,0.511095
1996/7/27 0:00,0.644191,1.670903,0.669075,0.683998,0.120799,0.009535,0.596993,0.508435
1996/7/28 0:00,0.649166,1.672155,0.671251,0.681128,0.120796,0.009475,0.597407,0.510692
1996/7/29 0:00,0.646037,1.664086,0.671521,0.676473,0.120765,0.009417,0.597504,0.513736
1996/7/30 0:00,0.647554,1.677174,0.673177,0.679362,0.120829,0.009428,0.598658,0.514618
1996/7/31 0:00,0.649994,1.657325,0.676985,0.667579,0.120767,0.009454,0.600481,0.516226
1996/8/1 0:00,0.65113,1.663368,0.678402,0.667423,0.120823,0.009494,0.602022,0.514971
1996/8/2 0:00,0.650403,1.65317,0.680011,0.661159,0.120753,0.009548,0.600277,0.514268
1996/8/3 0:00,0.643837,1.64692,0.679448,0.658326,0.120835,0.009594,0.597906,0.508255
1996/8/4 0:00,0.645851,1.6401,0.678916,0.656037,0.120759,0.009511,0.59982,0.510799
1996/8/5 0:00,0.63732,1.6435,0.679101,0.655738,0.120829,0.009587,0.601395,0.507638
1996/8/6 0:00,0.638093,1.640966,0.681537,0.653912,0.120808,0.00959,0.60286,0.508641
1996/8/7 0:00,0.640702,1.644487,0.680466,0.653685,0.120775,0.009598,0.600493,0.510067
1996/8/8 0:00,0.644007,1.643622,0.680398,0.651587,0.1208,0.009529,0.598491,0.51188
1996/8/9 0:00,0.638355,1.639632,0.682572,0.648283,0.120815,0.009569,0.600096,0.515428
1996/8/10 0:00,0.638593,1.61914,0.684053,0.644284,0.1208,0.00941,0.598277,0.512838
1996/8/11 0:00,0.636983,1.615811,0.680967,0.644062,0.120804,0.009456,0.598982,0.510442
1996/8/12 0:00,0.638318,1.620724,0.678382,0.646945,0.120788,0.00953,0.598527,0.509604
1996/8/13 0:00,0.640064,1.625238,0.679489,0.649925,0.120758,0.009562,0.596764,0.511636
1996/8/14 0:00,0.643096,1.614997,0.683725,0.641821,0.120818,0.0095,0.600012,0.5158
1996/8/15 0:00,0.646561,1.622736,0.683072,0.642926,0.120844,0.009536,0.600733,0.520971
1996/8/16 0:00,0.64172,1.616805,0.680278,0.643606,0.120798,0.009448,0.598718,0.51877
1996/8/17 0:00,0.639765,1.623574,0.681546,0.648298,0.120825,0.009486,0.599005,0.51404
1996/8/18 0:00,0.640156,1.616366,0.683539,0.643574,0.120821,0.009442,0.598348,0.513224
1996/8/19 0:00,0.638694,1.617101,0.683649,0.643459,0.120781,0.00942,0.599257,0.509629
1996/8/20 0:00,0.637129,1.62096,0.683883,0.645216,0.120809,0.009536,0.599114,0.511031
1996/8/21 0:00,0.635953,1.62404,0.682529,0.64147,0.1208,0.009604,0.599041,0.510886
1996/8/22 0:00,0.633171,1.609789,0.680806,0.635942,0.120788,0.00956,0.60006,0.510799
1996/8/23 0:00,0.635729,1.615102,0.680831,0.637644,0.121392,0.009577,0.598205,0.513891
1996/8/24 0:00,0.635302,1.605561,0.68063,0.632958,0.120828,0.009785,0.598385,0.511146
1996/8/25 0:00,0.636723,1.601802,0.677787,0.630031,0.12083,0.009762,0.595013,0.514158
1996/8/26 0:00,0.636393,1.595341,0.678911,0.629001,0.120803,0.009818,0.594648,0.510517
1996/8/27 0:00,0.635468,1.596757,0.678198,0.627811,0.120835,0.009768,0.595182,0.510002
1996/8/28 0:00,0.633285,1.597035,0.676195,0.627069,0.120844,0.009734,0.592729,0.507568
1996/8/29 0:00,0.633524,1.600712,0.675817,0.62806,0.120829,0.00975,0.59424,0.505124
1996/8/30 0:00,0.634253,1.623649,0.678334,0.641364,0.120811,0.009701,0.594977,0.505718
1996/8/31 0:00,0.635716,1.622557,0.677741,0.639566,0.120821,0.009764,0.595922,0.507277
1996/9/1 0:00,0.637744,1.624328,0.676469,0.640577,0.120801,0.009719,0.595262,0.508778
1996/9/2 0:00,0.640056,1.623829,0.678155,0.635549,0.120804,0.009755,0.596223,0.507686
1996/9/3 0:00,0.636682,1.622665,0.676317,0.634822,0.120839,0.009761,0.597041,0.493928
1996/9/4 0:00,0.633388,1.623368,0.675791,0.632164,0.120788,0.009687,0.596388,0.491575
1996/9/5 0:00,0.635723,1.611084,0.674831,0.628956,0.120759,0.009663,0.595084,0.495225
1996/9/6 0:00,0.635653,1.608077,0.674218,0.629411,0.120832,0.00965,0.596337,0.492363
1996/9/7 0:00,0.642531,1.613205,0.676429,0.634656,0.120786,0.009712,0.596776,0.508516
1996/9/8 0:00,0.642187,1.607766,0.676841,0.629226,0.120828,0.009684,0.597121,0.506613
1996/9/9 0:00,0.641799,1.604023,0.675542,0.629059,0.120767,0.009743,0.599102,0.504516
1996/9/10 0:00,0.643887,1.609616,0.676721,0.631247,0.120766,0.009806,0.598623,0.513722
1996/9/11 0:00,0.644362,1.605333,0.677413,0.630073,0.120851,0.009852,0.600096,0.512382
1996/9/12 0:00,0.645153,1.616016,0.678724,0.634115,0.120789,0.009839,0.598169,0.515821
1996/9/13 0:00,0.643032,1.6153,0.681515,0.630842,0.120816,0.009716,0.598718,0.515331
1996/9/14 0:00,0.650494,1.616268,0.689322,0.625916,0.120756,0.009802,0.600901,0.520654
1996/9/15 0:00,0.653761,1.611572,0.688025,0.624836,0.120785,0.009771,0.600024,0.522398
1996/9/16 0:00,0.657118,1.615811,0.693342,0.627771,0.120834,0.009794,0.6006,0.522598
1996/9/17 0:00,0.656404,1.635972,0.68843,0.642394,0.120811,0.009707,0.604973,0.519489
1996/9/18 0:00,0.655218,1.641833,0.689106,0.644044,0.120788,0.00964,0.604167,0.517872
1996/9/19 0:00,0.654365,1.647577,0.686775,0.643445,0.120763,0.009499,0.600312,0.514888
1996/9/20 0:00,0.655656,1.638863,0.684863,0.640346,0.120835,0.009504,0.602082,0.516582
1996/9/21 0:00,0.656363,1.637846,0.686693,0.636543,0.120777,0.009492,0.601987,0.516728
1996/9/22 0:00,0.657374,1.64914,0.686475,0.641054,0.120771,0.009431,0.599413,0.517026
1996/9/23 0:00,0.657851,1.646524,0.686946,0.63861,0.120768,0.009458,0.599245,0.518323
1996/9/24 0:00,0.668294,1.649633,0.689527,0.637186,0.120785,0.009426,0.598838,0.524324
1996/9/25 0:00,0.6666,1.63667,0.689506,0.627102,0.120793,0.009456,0.596848,0.520944
1996/9/26 0:00,0.663813,1.631286,0.689413,0.62482,0.120854,0.009529,0.597635,0.516995
1996/9/27 0:00,0.664098,1.636883,0.689815,0.626953,0.120844,0.009484,0.598195,0.517491
1996/9/28 0:00,0.664232,1.644252,0.688494,0.626966,0.120786,0.009486,0.596099,0.515964
1996/9/29 0:00,0.666711,1.654148,0.690746,0.628268,0.120775,0.009482,0.596563,0.513171
1996/9/30 0:00,0.663331,1.651196,0.694964,0.626935,0.120831,0.009536,0.596718,0.51034
1996/10/1 0:00,0.654038,1.652015,0.694167,0.62117,0.120821,0.009479,0.594852,0.506481
1996/10/2 0:00,0.654083,1.649383,0.694649,0.622675,0.120803,0.009443,0.593216,0.507457
1996/10/3 0:00,0.650299,1.638737,0.695507,0.621266,0.120785,0.009448,0.590488,0.506867
1996/10/4 0:00,0.654721,1.636224,0.696814,0.612777,0.120773,0.009531,0.591743,0.506946
1996/10/5 0:00,0.627544,1.621043,0.69012,0.605574,0.120807,0.009331,0.585847,0.486354
1996/10/6 0:00,0.638465,1.618954,0.688947,0.606513,0.120772,0.009318,0.587779,0.495396
1996/10/7 0:00,0.631356,1.614749,0.691001,0.604681,0.120784,0.009283,0.589115,0.490443
1996/10/8 0:00,0.636421,1.606045,0.692654,0.605903,0.120803,0.009223,0.58864,0.490024
1996/10/9 0:00,0.638919,1.603244,0.694304,0.61418,0.120805,0.009268,0.59,0.497389
1996/10/10 0:00,0.632451,1.589904,0.691186,0.607154,0.120786,0.009298,0.591436,0.494729
1996/10/11 0:00,0.634327,1.591658,0.691802,0.609064,0.120765,0.009196,0.590405,0.493803
1996/10/12 0:00,0.634978,1.609616,0.69133,0.613176,0.120816,0.009132,0.58928,0.494046
1996/10/13 0:00,0.634356,1.611775,0.692606,0.616318,0.120799,0.009168,0.591686,0.49159
1996/10/14 0:00,0.632524,1.605712,0.689655,0.614185,0.120803,0.00919,0.591288,0.493751
1996/10/15 0:00,0.628056,1.591529,0.689292,0.613865,0.120796,0.009185,0.590113,0.491759
1996/10/16 0:00,0.628685,1.588886,0.687543,0.608812,0.120765,0.009209,0.589497,0.487215
1996/10/17 0:00,0.630342,1.595213,0.685983,0.612714,0.12081,0.0092,0.589408,0.487666
1996/10/18 0:00,0.629938,1.604311,0.68924,0.613493,0.120809,0.009147,0.586561,0.490335
1996/10/19 0:00,0.632451,1.605176,0.688266,0.614453,0.12077,0.009073,0.586201,0.493485
1996/10/20 0:00,0.629714,1.597973,0.68893,0.614459,0.120842,0.00901,0.58699,0.49138
1996/10/21 0:00,0.626943,1.599866,0.687677,0.615328,0.120816,0.009002,0.585956,0.490461
1996/10/22 0:00,0.62554,1.617566,0.685062,0.625329,0.120792,0.009005,0.584899,0.49242
1996/10/23 0:00,0.61975,1.605561,0.683352,0.622023,0.120789,0.008998,0.583324,0.486959
1996/10/24 0:00,0.615915,1.598021,0.68316,0.61538,0.120742,0.009034,0.583265,0.485357
1996/10/25 0:00,0.617615,1.592341,0.688343,0.610386,0.120854,0.009021,0.584678,0.487205
1996/10/26 0:00,0.612694,1.589595,0.689042,0.604996,0.120818,0.00915,0.584971,0.483558
1996/10/27 0:00,0.613684,1.593359,0.688167,0.600962,0.120805,0.00908,0.58185,0.484845
1996/10/28 0:00,0.606879,1.581316,0.688679,0.603513,0.120854,0.009164,0.58022,0.483806
1996/10/29 0:00,0.608761,1.585976,0.69012,0.607488,0.120793,0.009317,0.582683,0.4907
1996/10/30 0:00,0.6065,1.578631,0.688459,0.600372,0.120825,0.009309,0.579891,0.487156
1996/10/31 0:00,0.603079,1.580168,0.688805,0.597634,0.120789,0.009286,0.579561,0.486395
1996/11/1 0:00,0.60306,1.569929,0.688262,0.596921,0.120796,0.009294,0.581275,0.483207
1996/11/2 0:00,0.60406,1.578484,0.687118,0.597028,0.120796,0.009337,0.581602,0.4812
1996/11/3 0:00,0.613184,1.582275,0.687032,0.599197,0.120732,0.009385,0.58547,0.490996
1996/11/4 0:00,0.613445,1.576742,0.686758,0.598695,0.120807,0.009421,0.587375,0.494098
1996/11/5 0:00,0.614061,1.578831,0.686051,0.601782,0.120752,0.009493,0.585119,0.492149
1996/11/6 0:00,0.616438,1.571071,0.684877,0.597992,0.120754,0.009512,0.586033,0.491554
1996/11/7 0:00,0.611916,1.570015,0.682985,0.599065,0.120745,0.009466,0.583538,0.487349
1996/11/8 0:00,0.607978,1.573787,0.678032,0.599808,0.120795,0.009468,0.58327,0.484258
1996/11/9 0:00,0.608343,1.572371,0.678032,0.600108,0.120734,0.009465,0.583562,0.484403
1996/11/10 0:00,0.605221,1.572014,0.680896,0.603742,0.120733,0.009374,0.582465,0.482952
1996/11/11 0:00,0.609922,1.567643,0.68154,0.604217,0.120762,0.009384,0.582305,0.4874
1996/11/12 0:00,0.606479,1.567757,0.680915,0.596374,0.120798,0.009384,0.583893,0.487551
1996/11/13 0:00,0.602541,1.577285,0.680267,0.597751,0.120834,0.009323,0.583747,0.486751
1996/11/14 0:00,0.608483,1.5878,0.681657,0.609109,0.120744,0.009305,0.584473,0.489049
1996/11/15 0:00,0.612555,1.591064,0.686214,0.610704,0.120724,0.009372,0.583037,0.497199
1996/11/16 0:00,0.613339,1.5865,0.687015,0.608199,0.120732,0.009408,0.58276,0.502451
1996/11/17 0:00,0.609083,1.586776,0.687603,0.602348,0.120729,0.009466,0.582979,0.4996
1996/11/18 0:00,0.609856,1.592478,0.685589,0.599066,0.120803,0.009468,0.581908,0.4988
1996/11/19 0:00,0.60346,1.593503,0.687251,0.601179,0.12078,0.009518,0.581932,0.494752
1996/11/20 0:00,0.606482,1.594038,0.689396,0.600721,0.120818,0.009532,0.582518,0.4981
1996/11/21 0:00,0.60106,1.597439,0.689781,0.602943,0.12081,0.009517,0.582532,0.497451
1996/11/22 0:00,0.603541,1.594519,0.6868,0.613477,0.120804,0.009489,0.581545,0.50015
1996/11/23 0:00,0.602779,1.587659,0.689076,0.612104,0.120792,0.009534,0.583703,0.501501
1996/11/24 0:00,0.597679,1.579058,0.68711,0.608727,0.120804,0.009495,0.583722,0.498301
1996/11/25 0:00,0.598439,1.58011,0.686342,0.609133,0.12074,0.009402,0.581918,0.496901
1996/11/26 0:00,0.5949,1.585941,0.682432,0.608542,0.120743,0.009493,0.582063,0.4981
1996/11/27 0:00,0.5949,1.585941,0.682432,0.608542,0.120743,0.009493,0.582063,0.4981
1996/11/28 0:00,0.59888,1.587782,0.683995,0.607351,0.120758,0.00946,0.583086,0.498599
1996/11/29 0:00,0.596519,1.5829,0.680566,0.607201,0.120794,0.00945,0.585876,0.497249
1996/11/30 0:00,0.592182,1.588623,0.675497,0.612929,0.120782,0.009648,0.586108,0.495348
1996/12/1 0:00,0.593738,1.5825,0.672992,0.604499,0.120836,0.009591,0.58828,0.494648
1996/12/2 0:00,0.59654,1.581158,0.676546,0.602252,0.120795,0.009559,0.588267,0.4978
1996/12/3 0:00,0.594019,1.579532,0.678402,0.597061,0.120834,0.00955,0.588984,0.496101
1996/12/4 0:00,0.592741,1.580084,0.678293,0.597194,0.120771,0.009475,0.590027,0.493551
1996/12/5 0:00,0.593619,1.578073,0.67887,0.598205,0.120781,0.009477,0.587831,0.494047
1996/12/6 0:00,0.595138,1.576627,0.677944,0.592525,0.120738,0.009476,0.587424,0.495802
1996/12/7 0:00,0.588059,1.575358,0.680902,0.58483,0.120816,0.009429,0.586986,0.486695
1996/12/8 0:00,0.589118,1.573157,0.67719,0.585212,0.120728,0.009415,0.585995,0.486357
1996/12/9 0:00,0.585607,1.56697,0.67764,0.578317,0.120786,0.009383,0.587055,0.4876
1996/12/10 0:00,0.580416,1.555644,0.674427,0.58312,0.120823,0.009256,0.585075,0.483597
1996/12/11 0:00,0.585341,1.558712,0.676658,0.585166,0.120811,0.009224,0.582799,0.486305
1996/12/12 0:00,0.592459,1.561119,0.672835,0.579701,0.120786,0.009189,0.581694,0.491748
1996/12/13 0:00,0.587676,1.558724,0.670307,0.577719,0.120774,0.009171,0.580885,0.488349
1996/12/14 0:00,0.592563,1.531188,0.668852,0.575285,0.120714,0.009294,0.580656,0.490547
1996/12/15 0:00,0.587882,1.532006,0.670892,0.577318,0.120716,0.009231,0.58049,0.485857
1996/12/16 0:00,0.58099,1.535861,0.670827,0.580793,0.1208,0.009172,0.579912,0.480052
1996/12/17 0:00,0.583167,1.52409,0.671275,0.584414,0.120819,0.009154,0.577971,0.478752
1996/12/18 0:00,0.578069,1.503301,0.672743,0.583037,0.120823,0.00922,0.579667,0.4749
1996/12/19 0:00,0.578069,1.503301,0.672743,0.583037,0.120823,0.00922,0.579667,0.4749
1996/12/20 0:00,0.575327,1.517652,0.672858,0.589602,0.120829,0.009203,0.578588,0.47461
1996/12/21 0:00,0.57623,1.497101,0.672565,0.584435,0.120819,0.009175,0.578652,0.472553
1996/12/22 0:00,0.570428,1.49505,0.672136,0.58049,0.120862,0.009153,0.578147,0.463968
1996/12/23 0:00,0.5685,1.491051,0.667,0.574747,0.120856,0.009173,0.577101,0.456137
1996/12/24 0:00,0.574057,1.4794,0.667111,0.57544,0.120812,0.009215,0.578138,0.456091
1996/12/25 0:00,0.571814,1.484403,0.668874,0.580162,0.12078,0.009356,0.579066,0.457146
1996/12/26 0:00,0.5763,1.481059,0.667713,0.582843,0.12082,0.009369,0.577409,0.460962
1996/12/27 0:00,0.572428,1.473689,0.663702,0.582261,0.120758,0.009332,0.575871,0.451936
1996/12/28 0:00,0.56767,1.476238,0.661636,0.579054,0.120764,0.009288,0.577067,0.452755
1996/12/29 0:00,0.570614,1.474658,0.664983,0.584596,0.120755,0.00932,0.577476,0.454218
1996/12/30 0:00,0.578073,1.496801,0.666933,0.596992,0.120753,0.009353,0.576701,0.461216
1996/12/31 0:00,0.578189,1.49755,0.666733,0.596753,0.120753,0.00935,0.576874,0.461446
1997/1/1 0:00,0.573128,1.496102,0.665381,0.593635,0.120764,0.009323,0.577025,0.458483
1997/1/2 0:00,0.572314,1.495499,0.668896,0.593765,0.120803,0.009183,0.57789,0.457837
1997/1/3 0:00,0.570957,1.497951,0.670896,0.595096,0.120827,0.009198,0.579091,0.4565
1997/1/4 0:00,0.583575,1.512198,0.677557,0.599748,0.120756,0.009294,0.581685,0.470412
1997/1/5 0:00,0.581616,1.512856,0.677616,0.601734,0.120873,0.009364,0.580334,0.468066
1997/1/6 0:00,0.5887,1.522648,0.677938,0.609783,0.120837,0.00947,0.580456,0.472458
1997/1/7 0:00,0.5893,1.518559,0.675793,0.612773,0.120858,0.009455,0.581686,0.469959
1997/1/8 0:00,0.586,1.508703,0.677848,0.61025,0.120826,0.009379,0.579863,0.467407
1997/1/9 0:00,0.589241,1.5084,0.67895,0.609743,0.120755,0.009386,0.580441,0.469488
1997/1/10 0:00,0.594122,1.512395,0.67847,0.612923,0.120841,0.009389,0.581039,0.472642
1997/1/11 0:00,0.60226,1.505247,0.681137,0.616281,0.120783,0.009376,0.580767,0.475462
1997/1/12 0:00,0.598001,1.508847,0.680063,0.608481,0.120868,0.009403,0.580952,0.467606
1997/1/13 0:00,0.608022,1.511096,0.678996,0.61336,0.12088,0.009418,0.579436,0.475895
1997/1/14 0:00,0.602199,1.512256,0.681379,0.616918,0.120832,0.009436,0.577743,0.476638
1997/1/15 0:00,0.60464,1.510396,0.681663,0.614005,0.120793,0.009464,0.577027,0.476291
1997/1/16 0:00,0.59938,1.512605,0.679421,0.612862,0.120838,0.009487,0.577092,0.474247
1997/1/17 0:00,0.59924,1.505601,0.678264,0.609074,0.120803,0.009488,0.576327,0.4733
1997/1/18 0:00,0.595419,1.5042,0.677984,0.606428,0.120867,0.009595,0.577201,0.469706
1997/1/19 0:00,0.593119,1.49925,0.671932,0.602423,0.120812,0.009489,0.576537,0.468506
1997/1/20 0:00,0.60148,1.497251,0.674289,0.607655,0.120799,0.009462,0.577016,0.471147
1997/1/21 0:00,0.60132,1.508051,0.673085,0.609345,0.120846,0.009476,0.576072,0.467247
1997/1/22 0:00,0.60132,1.511395,0.675542,0.607647,0.120814,0.009541,0.576759,0.466007
1997/1/23 0:00,0.601,1.512456,0.674447,0.614256,0.120811,0.00951,0.578253,0.469853
1997/1/24 0:00,0.59884,1.512846,0.675198,0.611587,0.120805,0.009427,0.577534,0.467953
1997/1/25 0:00,0.59918,1.5121,0.674767,0.610545,0.120813,0.009413,0.577389,0.465333
1997/1/26 0:00,0.594597,1.513743,0.672448,0.615247,0.120852,0.009406,0.575993,0.463061
1997/1/27 0:00,0.591716,1.505499,0.673401,0.614548,0.120819,0.009294,0.57621,0.458546
1997/1/28 0:00,0.586765,1.505348,0.67367,0.614855,0.120844,0.009295,0.575922,0.458546
1997/1/29 0:00,0.594738,1.517259,0.674904,0.615655,0.120759,0.009355,0.575499,0.463232
1997/1/30 0:00,0.591118,1.512246,0.676998,0.615087,0.120745,0.009345,0.573988,0.461346
1997/1/31 0:00,0.591204,1.514506,0.676087,0.612107,0.120816,0.00929,0.574268,0.460438
1997/2/1 0:00,0.590595,1.5017,0.674403,0.603511,0.120726,0.00931,0.574375,0.461892
1997/2/2 0:00,0.5853,1.503199,0.675583,0.604061,0.120774,0.009275,0.574621,0.460454
1997/2/3 0:00,0.585734,1.496599,0.674013,0.604875,0.120827,0.009245,0.572533,0.460862
1997/2/4 0:00,0.584108,1.4926,0.67542,0.604203,0.120774,0.009238,0.57241,0.458654
1997/2/5 0:00,0.582242,1.494447,0.67824,0.595982,0.120839,0.009261,0.573288,0.457046
1997/2/6 0:00,0.575885,1.4961,0.677942,0.595877,0.120743,0.009244,0.572803,0.456009
1997/2/7 0:00,0.584941,1.512603,0.679908,0.603815,0.120779,0.009224,0.573065,0.463107
1997/2/8 0:00,0.585383,1.515306,0.681601,0.600528,0.1208,0.009167,0.57346,0.461531
1997/2/9 0:00,0.584066,1.516507,0.682432,0.603636,0.120765,0.009179,0.573017,0.459962
1997/2/10 0:00,0.590141,1.518941,0.681106,0.606075,0.120827,0.009172,0.57351,0.461162
1997/2/11 0:00,0.591296,1.515703,0.682196,0.604864,0.120807,0.009183,0.576983,0.4611
1997/2/12 0:00,0.588282,1.506597,0.678702,0.599102,0.12083,0.00916,0.577374,0.458246
1997/2/13 0:00,0.57909,1.49985,0.676158,0.597466,0.120833,0.009142,0.577489,0.453782
1997/2/14 0:00,0.578211,1.49765,0.672697,0.598336,0.120766,0.009126,0.577079,0.455082
1997/2/15 0:00,0.581068,1.493201,0.674601,0.594445,0.120851,0.009188,0.57853,0.452936
1997/2/16 0:00,0.584675,1.494199,0.676359,0.589828,0.120791,0.009217,0.579429,0.454327
1997/2/17 0:00,0.583792,1.492797,0.673336,0.585577,0.120836,0.009226,0.581386,0.454564
1997/2/18 0:00,0.584283,1.505149,0.669703,0.587572,0.120774,0.009196,0.579213,0.454064
1997/2/19 0:00,0.586,1.508046,0.67279,0.585553,0.120799,0.009192,0.579798,0.454255
1997/2/20 0:00,0.582116,1.502249,0.672587,0.581888,0.120752,0.009242,0.580831,0.452436
1997/2/21 0:00,0.578558,1.50055,0.674287,0.584859,0.120726,0.009266,0.583071,0.45071
1997/2/22 0:00,0.581675,1.505,0.674444,0.588599,0.120827,0.009199,0.583766,0.4519
1997/2/23 0:00,0.578284,1.503451,0.674444,0.581348,0.120816,0.009195,0.583548,0.447679
1997/2/24 0:00,0.583025,1.504049,0.673761,0.58548,0.120827,0.00916,0.581168,0.44882
1997/2/25 0:00,0.588176,1.505402,0.675152,0.58215,0.120729,0.009183,0.581951,0.450235
1997/2/26 0:00,0.590795,1.4992,0.677623,0.586116,0.120823,0.009215,0.582804,0.450355
1997/2/27 0:00,0.593137,1.497249,0.678428,0.586421,0.120814,0.009192,0.581957,0.451745
1997/2/28 0:00,0.589164,1.491846,0.678266,0.580117,0.120811,0.009271,0.582702,0.45101
1997/3/1 0:00,0.589305,1.4874,0.677325,0.576846,0.120774,0.009238,0.583586,0.44941
1997/3/2 0:00,0.567557,1.4803,0.674513,0.575583,0.120807,0.009334,0.58185,0.428957
1997/3/3 0:00,0.571929,1.483793,0.673491,0.580671,0.120771,0.009342,0.581289,0.4297
1997/3/4 0:00,0.571629,1.477852,0.673739,0.58061,0.120811,0.009342,0.581284,0.435787
1997/3/5 0:00,0.573229,1.469506,0.674013,0.584029,0.120835,0.009405,0.582363,0.434913
1997/3/6 0:00,0.572328,1.463793,0.67472,0.582445,0.12075,0.009374,0.580874,0.4313
1997/3/7 0:00,0.570314,1.444022,0.674397,0.574144,0.120754,0.009434,0.580821,0.425472
1997/3/8 0:00,0.574443,1.455954,0.678034,0.578266,0.120742,0.009404,0.581957,0.430486
1997/3/9 0:00,0.572086,1.448945,0.679859,0.573592,0.120816,0.009382,0.581052,0.422742
1997/3/10 0:00,0.576315,1.463646,0.679506,0.580773,0.120804,0.009462,0.580598,0.429628
1997/3/11 0:00,0.573243,1.454536,0.678654,0.576325,0.120836,0.009407,0.578856,0.428243
1997/3/12 0:00,0.5673,1.447855,0.676158,0.569039,0.120782,0.009457,0.578868,0.426585
1997/3/13 0:00,0.555278,1.43273,0.674014,0.560574,0.120751,0.009507,0.577941,0.413976
1997/3/14 0:00,0.558832,1.425042,0.677964,0.563169,0.120721,0.009475,0.577156,0.420532
1997/3/15 0:00,0.555656,1.411741,0.676343,0.561262,0.120769,0.009439,0.575813,0.421484
1997/3/16 0:00,0.558412,1.402021,0.675902,0.565953,0.12078,0.009389,0.574045,0.4287
1997/3/17 0:00,0.553823,1.409705,0.677,0.566733,0.120855,0.009332,0.574275,0.421673
1997/3/18 0:00,0.552476,1.414707,0.671254,0.56696,0.120861,0.009338,0.57505,0.418467
1997/3/19 0:00,0.551,1.409295,0.672136,0.565382,0.120803,0.009292,0.574118,0.420558
1997/3/20 0:00,0.543546,1.39852,0.673313,0.561077,0.120778,0.009357,0.572696,0.414007
1997/3/21 0:00,0.542771,1.402379,0.672583,0.561707,0.12084,0.009349,0.573295,0.412835
1997/3/22 0:00,0.538331,1.410505,0.674104,0.559709,0.120846,0.00938,0.573025,0.408796
1997/3/23 0:00,0.538715,1.413165,0.674174,0.564851,0.120769,0.009395,0.573394,0.403098
1997/3/24 0:00,0.543946,1.452564,0.671932,0.577043,0.12078,0.009262,0.571797,0.411064
1997/3/25 0:00,0.546645,1.453273,0.671999,0.575207,0.120831,0.009293,0.572508,0.41
1997/3/26 0:00,0.5476,1.451919,0.672249,0.576491,0.120834,0.009317,0.574291,0.411582
1997/3/27 0:00,0.54972,1.465614,0.672153,0.580705,0.120792,0.009283,0.574292,0.414724
1997/3/28 0:00,0.548935,1.462607,0.666644,0.578951,0.12075,0.009298,0.573559,0.414541
1997/3/29 0:00,0.542217,1.472442,0.665049,0.57701,0.120788,0.009237,0.574449,0.406822
1997/3/30 0:00,0.544354,1.468394,0.664519,0.577941,0.120836,0.009201,0.574779,0.406263
1997/3/31 0:00,0.542583,1.462315,0.663018,0.575754,0.120763,0.009195,0.57323,0.405741
1997/4/1 0:00,0.535854,1.452845,0.666289,0.577043,0.120836,0.00919,0.571951,0.40108
1997/4/2 0:00,0.537293,1.453345,0.66749,0.575092,0.120836,0.009166,0.571821,0.402839
1997/4/3 0:00,0.531716,1.44746,0.668986,0.572172,0.120788,0.009184,0.572181,0.401151
1997/4/4 0:00,0.533757,1.447189,0.664938,0.5716,0.120725,0.009174,0.571608,0.402711
1997/4/5 0:00,0.53286,1.455554,0.665734,0.57346,0.120741,0.009251,0.571412,0.404038
1997/4/6 0:00,0.534886,1.4584,0.666089,0.577052,0.120842,0.009255,0.571837,0.405931
1997/4/7 0:00,0.528988,1.460046,0.664076,0.572041,0.120745,0.009288,0.570109,0.397599
1997/4/8 0:00,0.5318,1.473242,0.658325,0.57379,0.120784,0.009286,0.569784,0.39958
1997/4/9 0:00,0.526153,1.448374,0.661987,0.564178,0.120777,0.009248,0.570711,0.397449
1997/4/10 0:00,0.519296,1.438081,0.657896,0.562129,0.120833,0.009252,0.570109,0.393579
1997/4/11 0:00,0.521341,1.446016,0.658282,0.566051,0.12074,0.009244,0.569509,0.39601
1997/4/12 0:00,0.518798,1.445611,0.661877,0.559758,0.120839,0.009277,0.571021,0.393153
1997/4/13 0:00,0.528597,1.444977,0.662712,0.561523,0.120805,0.009211,0.571037,0.40221
1997/4/14 0:00,0.529947,1.455613,0.660896,0.559262,0.120845,0.009179,0.569573,0.40183
1997/4/15 0:00,0.527436,1.454596,0.662408,0.558077,0.120855,0.009244,0.570711,0.40269
1997/4/16 0:00,0.524305,1.442411,0.659285,0.554622,0.120763,0.00925,0.570369,0.401611
1997/4/17 0:00,0.516642,1.425485,0.6607,0.548617,0.120747,0.00926,0.570125,0.39906
1997/4/18 0:00,0.520656,1.431934,0.657137,0.550911,0.120815,0.009223,0.569801,0.39941
1997/4/19 0:00,0.52544,1.462654,0.653553,0.557255,0.120838,0.009198,0.570597,0.405012
1997/4/20 0:00,0.512906,1.448126,0.652845,0.553611,0.120795,0.009181,0.569476,0.394011
1997/4/21 0:00,0.52091,1.44885,0.65666,0.5564,0.120749,0.009186,0.570695,0.39485
1997/4/22 0:00,0.528406,1.445972,0.652824,0.563472,0.120768,0.009238,0.57397,0.39944
1997/4/23 0:00,0.522855,1.443911,0.653228,0.565489,0.120771,0.009263,0.575258,0.39934
1997/4/24 0:00,0.52875,1.448626,0.652611,0.571298,0.120791,0.009324,0.577968,0.40075
1997/4/25 0:00,0.527014,1.429378,0.653123,0.56653,0.120817,0.009315,0.575689,0.397981
1997/4/26 0:00,0.528709,1.422658,0.651827,0.564924,0.120816,0.00931,0.57544,0.39827
1997/4/27 0:00,0.524555,1.414617,0.648274,0.560905,0.120783,0.009319,0.574317,0.396491
1997/4/28 0:00,0.52785,1.431377,0.647387,0.570964,0.120805,0.009286,0.575043,0.40071
1997/4/29 0:00,0.519754,1.429007,0.647474,0.565808,0.120795,0.009281,0.573872,0.394361
1997/4/30 0:00,0.520656,1.435213,0.647688,0.565467,0.120788,0.009267,0.573263,0.397201
1997/5/1 0:00,0.52031,1.425472,0.646304,0.564834,0.120756,0.00922,0.572869,0.39685
1997/5/2 0:00,0.52026,1.42505,0.643908,0.561505,0.12078,0.009183,0.571135,0.39888
1997/5/3 0:00,0.521111,1.422631,0.643331,0.561163,0.120767,0.009196,0.57138,0.40235
1997/5/4 0:00,0.513954,1.422208,0.641203,0.55613,0.120804,0.009087,0.569233,0.395831
1997/5/5 0:00,0.513557,1.423373,0.641816,0.558193,0.120767,0.009105,0.569703,0.3947
1997/5/6 0:00,0.516708,1.41885,0.645301,0.557125,0.120757,0.00909,0.56993,0.397591
1997/5/7 0:00,0.523205,1.407387,0.645845,0.555639,0.120763,0.009084,0.56946,0.39944
1997/5/8 0:00,0.522257,1.40183,0.646642,0.554542,0.120755,0.008992,0.56844,0.39949
1997/5/9 0:00,0.520758,1.405069,0.649685,0.554087,0.120754,0.00899,0.569168,0.40036
1997/5/10 0:00,0.524855,1.418241,0.652485,0.563364,0.12079,0.009052,0.570272,0.406419
1997/5/11 0:00,0.524652,1.417983,0.649307,0.568027,0.120746,0.009076,0.569282,0.405709
1997/5/12 0:00,0.522511,1.421689,0.646928,0.569622,0.120768,0.008999,0.569152,0.404169
1997/5/13 0:00,0.536665,1.433233,0.651886,0.57883,0.120749,0.008976,0.571951,0.415517
1997/5/14 0:00,0.54072,1.44028,0.647122,0.580046,0.120764,0.009004,0.571478,0.422665
1997/5/15 0:00,0.542713,1.447605,0.647768,0.588062,0.120816,0.009005,0.572738,0.423638
1997/5/16 0:00,0.543,1.43367,0.648524,0.582358,0.120768,0.009023,0.574614,0.423423
1997/5/17 0:00,0.54975,1.446261,0.654749,0.589717,0.120768,0.009062,0.576103,0.4297
1997/5/18 0:00,0.546555,1.445166,0.653377,0.586218,0.120759,0.009021,0.575622,0.42608
1997/5/19 0:00,0.542954,1.450655,0.658195,0.585315,0.120779,0.009029,0.576868,0.423965
1997/5/20 0:00,0.539754,1.4548,0.656254,0.584371,0.120755,0.009014,0.576984,0.421666
1997/5/21 0:00,0.540962,1.445655,0.65453,0.579947,0.120816,0.008892,0.575341,0.421208
1997/5/22 0:00,0.5423,1.466057,0.658022,0.58703,0.120783,0.008888,0.575473,0.422739
1997/5/23 0:00,0.546155,1.473503,0.658478,0.595527,0.120795,0.008888,0.576735,0.428357
1997/5/24 0:00,0.545955,1.477459,0.657807,0.598354,0.120791,0.008881,0.5743,0.4286
1997/5/25 0:00,0.541412,1.467166,0.655303,0.593419,0.120762,0.008935,0.576618,0.4293
1997/5/26 0:00,0.547705,1.467453,0.656188,0.595645,0.120783,0.008863,0.576618,0.434326
1997/5/27 0:00,0.552816,1.476752,0.657028,0.600727,0.120771,0.008924,0.577968,0.43923
1997/5/28 0:00,0.55655,1.47925,0.657591,0.604055,0.12078,0.008901,0.57867,0.439606
1997/5/29 0:00,0.555906,1.47905,0.659261,0.610909,0.120783,0.008822,0.579794,0.441262
1997/5/30 0:00,0.559218,1.483557,0.662031,0.613365,0.120806,0.008802,0.579257,0.442229
1997/5/31 0:00,0.557411,1.486154,0.661747,0.610773,0.120745,0.008773,0.577401,0.442611
1997/6/1 0:00,0.555561,1.487602,0.661002,0.607204,0.120752,0.008723,0.577467,0.441568
1997/6/2 0:00,0.554527,1.492252,0.6666,0.610855,0.120751,0.008719,0.576984,0.439624
1997/6/3 0:00,0.559112,1.492503,0.667468,0.620623,0.120745,0.008742,0.576984,0.44315
1997/6/4 0:00,0.55905,1.489052,0.668159,0.62121,0.120743,0.008696,0.576203,0.442067
1997/6/5 0:00,0.564426,1.504798,0.670129,0.627141,0.120796,0.008735,0.57857,0.447111
1997/6/6 0:00,0.56557,1.50025,0.66807,0.623539,0.120746,0.008748,0.576918,0.446577
1997/6/7 0:00,0.5688,1.50055,0.665026,0.623748,0.120787,0.008568,0.576635,0.450525
1997/6/8 0:00,0.569764,1.50385,0.667245,0.625426,0.120774,0.008593,0.577918,0.453273
1997/6/9 0:00,0.561819,1.488305,0.66883,0.616956,0.120792,0.008636,0.577334,0.444667
1997/6/10 0:00,0.557956,1.488602,0.668919,0.61879,0.120792,0.008592,0.576851,0.44535
1997/6/11 0:00,0.55525,1.487956,0.666311,0.615901,0.120818,0.00857,0.576701,0.445677
1997/6/12 0:00,0.5601,1.4959,0.66921,0.619512,0.120825,0.008489,0.576768,0.450755
1997/6/13 0:00,0.552826,1.47715,0.665358,0.611483,0.120773,0.008421,0.576004,0.441579
1997/6/14 0:00,0.555817,1.4714,0.665003,0.611783,0.120833,0.008471,0.57617,0.445455
1997/6/15 0:00,0.553205,1.472114,0.663944,0.610392,0.120765,0.0085,0.576918,0.444156
1997/6/16 0:00,0.555055,1.471411,0.661901,0.61359,0.120819,0.008404,0.575424,0.44625
1997/6/17 0:00,0.556211,1.46275,0.661659,0.610373,0.120765,0.008525,0.575821,0.446861
1997/6/18 0:00,0.556928,1.464261,0.661417,0.611194,0.120748,0.008549,0.576369,0.448166
1997/6/19 0:00,0.555267,1.47065,0.664539,0.613657,0.12074,0.008536,0.574333,0.447455
1997/6/20 0:00,0.550755,1.465853,0.662383,0.607718,0.120748,0.008477,0.574284,0.444567
1997/6/21 0:00,0.543554,1.449505,0.659801,0.600078,0.120796,0.008536,0.574383,0.433033
1997/6/22 0:00,0.545623,1.463407,0.664473,0.608035,0.120748,0.008571,0.572672,0.434807
1997/6/23 0:00,0.542859,1.46125,0.664209,0.604675,0.120745,0.008539,0.573855,0.436275
1997/6/24 0:00,0.543918,1.457808,0.665668,0.603035,0.120803,0.008573,0.572361,0.435456
1997/6/25 0:00,0.545709,1.462515,0.665402,0.608249,0.120773,0.008594,0.573855,0.44045
1997/6/26 0:00,0.550965,1.469703,0.667022,0.613436,0.120752,0.008599,0.57435,0.444917
1997/6/27 0:00,0.555572,1.476657,0.669525,0.611283,0.120812,0.008681,0.575689,0.45031
1997/6/28 0:00,0.552911,1.472958,0.667691,0.611091,0.120792,0.008636,0.574828,0.446055
1997/6/29 0:00,0.550415,1.470665,0.663062,0.610253,0.120787,0.008712,0.574663,0.442761
1997/6/30 0:00,0.54876,1.457713,0.662054,0.603374,0.120806,0.008686,0.572639,0.443856
1997/7/1 0:00,0.542721,1.453,0.661439,0.604558,0.120783,0.008604,0.572623,0.43765
1997/7/2 0:00,0.534717,1.440706,0.662339,0.598211,0.120777,0.008541,0.57282,0.432884
1997/7/3 0:00,0.535957,1.452364,0.661222,0.604558,0.120825,0.008494,0.572623,0.436619
1997/7/4 0:00,0.535904,1.44905,0.657093,0.602707,0.120794,0.008535,0.573033,0.435369
1997/7/5 0:00,0.531012,1.458054,0.65718,0.598916,0.120813,0.008591,0.573066,0.43245
1997/7/6 0:00,0.526508,1.452519,0.654772,0.595172,0.120814,0.008608,0.572984,0.425537
1997/7/7 0:00,0.528014,1.45111,0.651781,0.593289,0.120781,0.008687,0.575506,0.4286
1997/7/8 0:00,0.528158,1.4487,0.64954,0.595965,0.120808,0.00863,0.575755,0.4297
1997/7/9 0:00,0.525405,1.4399,0.650907,0.592145,0.120773,0.008644,0.57463,0.427557
1997/7/10 0:00,0.524407,1.443167,0.649217,0.592228,0.120754,0.008587,0.573312,0.428072
1997/7/11 0:00,0.522102,1.441218,0.650783,0.591403,0.120803,0.008609,0.573148,0.427157
1997/7/12 0:00,0.522307,1.443006,0.650213,0.589355,0.120751,0.008569,0.573115,0.429314
1997/7/13 0:00,0.525158,1.44985,0.651292,0.592841,0.12073,0.00861,0.573477,0.43435
1997/7/14 0:00,0.5252,1.4437,0.654255,0.595498,0.120789,0.008609,0.574449,0.432634
1997/7/15 0:00,0.5262,1.44746,0.654554,0.599365,0.120772,0.008527,0.573872,0.43085
1997/7/16 0:00,0.528561,1.448815,0.650146,0.602017,0.120745,0.008534,0.572803,0.431984
1997/7/17 0:00,0.529115,1.472555,0.646344,0.609059,0.120764,0.008405,0.572279,0.437125
1997/7/18 0:00,0.522657,1.468003,0.647728,0.605327,0.120803,0.00841,0.570581,0.431314
1997/7/19 0:00,0.51875,1.465617,0.648086,0.603112,0.120758,0.008442,0.569866,0.430114
1997/7/20 0:00,0.51305,1.462561,0.64874,0.606625,0.120752,0.00834,0.569055,0.425287
1997/7/21 0:00,0.510601,1.469606,0.644924,0.605538,0.120805,0.008361,0.569201,0.421408
1997/7/22 0:00,0.5119,1.472958,0.647011,0.605206,0.120763,0.008354,0.569217,0.424008
1997/7/23 0:00,0.509253,1.466413,0.646236,0.605462,0.12077,0.008298,0.567891,0.419358
1997/7/24 0:00,0.505351,1.457804,0.644079,0.601245,0.120705,0.00832,0.568586,0.417158
1997/7/25 0:00,0.5024,1.447421,0.647623,0.593518,0.120786,0.008324,0.568246,0.41885
1997/7/26 0:00,0.495198,1.445028,0.642357,0.591493,0.120771,0.008253,0.565467,0.411209
1997/7/27 0:00,0.492849,1.430528,0.638544,0.58253,0.120767,0.008143,0.562715,0.408218
1997/7/28 0:00,0.4993,1.427357,0.638035,0.583844,0.120779,0.008106,0.565323,0.4195
1997/7/29 0:00,0.501701,1.427186,0.639711,0.58818,0.120802,0.008154,0.565036,0.421158
1997/7/30 0:00,0.5014,1.435663,0.63823,0.591333,0.120767,0.008126,0.563079,0.418266
1997/7/31 0:00,0.4908,1.421816,0.634756,0.581912,0.12077,0.008064,0.559268,0.412268
1997/8/1 0:00,0.493998,1.421132,0.637846,0.580387,0.120782,0.008139,0.560994,0.414434
1997/8/2 0:00,0.491996,1.432613,0.639642,0.58199,0.120803,0.008122,0.559143,0.407746
1997/8/3 0:00,0.4982,1.433077,0.641013,0.583207,0.120778,0.008151,0.557864,0.409636
1997/8/4 0:00,0.494649,1.430014,0.635826,0.579143,0.120791,0.008215,0.557072,0.410277
1997/8/5 0:00,0.49415,1.426357,0.635232,0.578847,0.120767,0.008083,0.55537,0.4093
1997/8/6 0:00,0.485543,1.4168,0.634437,0.574128,0.120794,0.007947,0.554093,0.402799
1997/8/7 0:00,0.483297,1.415026,0.633673,0.574235,0.120808,0.007918,0.550858,0.39711
1997/8/8 0:00,0.483697,1.425,0.632635,0.579839,0.120751,0.007935,0.551298,0.40019
1997/8/9 0:00,0.484347,1.433363,0.634287,0.58844,0.120779,0.007945,0.550964,0.402369
1997/8/10 0:00,0.491398,1.432727,0.634854,0.589147,0.120772,0.008061,0.553036,0.404129
1997/8/11 0:00,0.493249,1.430934,0.6363,0.589102,0.120774,0.007993,0.550555,0.404988
1997/8/12 0:00,0.49635,1.444822,0.639481,0.590264,0.120793,0.007977,0.550555,0.406569
1997/8/13 0:00,0.493349,1.444017,0.639683,0.587281,0.120784,0.008032,0.55101,0.40075
1997/8/14 0:00,0.4997,1.433084,0.642579,0.583577,0.120758,0.008066,0.55457,0.402869
1997/8/15 0:00,0.507804,1.4335,0.641818,0.583127,0.120778,0.008118,0.555694,0.405859
1997/8/16 0:00,0.508601,1.437156,0.640039,0.58473,0.120758,0.008048,0.554017,0.408437
1997/8/17 0:00,0.511206,1.436969,0.639969,0.583696,0.120782,0.00804,0.552196,0.410627
1997/8/18 0:00,0.505803,1.432314,0.640943,0.57722,0.120753,0.008078,0.552837,0.404679
1997/8/19 0:00,0.50005,1.429757,0.638352,0.577511,0.120785,0.008138,0.553863,0.40226
1997/8/20 0:00,0.5032,1.426472,0.638932,0.577868,0.120749,0.008184,0.555772,0.40431
1997/8/21 0:00,0.514802,1.445766,0.645467,0.586589,0.120788,0.008257,0.553419,0.410195
1997/8/22 0:00,0.51475,1.445622,0.645661,0.586531,0.1208,0.008258,0.553419,0.410195
1997/8/23 0:00,0.507451,1.437425,0.645761,0.586599,0.120817,0.008246,0.553449,0.411386
1997/8/24 0:00,0.505701,1.432827,0.64689,0.583511,0.120782,0.008167,0.551618,0.410909
1997/8/25 0:00,0.507653,1.44085,0.64593,0.586084,0.120821,0.00819,0.550116,0.410495
1997/8/26 0:00,0.51115,1.441318,0.64834,0.587285,0.120794,0.00811,0.55007,0.412044
1997/8/27 0:00,0.508604,1.433876,0.648212,0.579546,0.1208,0.008053,0.549677,0.411036
1997/8/28 0:00,0.5124,1.4331,0.651316,0.577502,0.120751,0.008094,0.549149,0.413335
1997/8/29 0:00,0.51705,1.434213,0.652654,0.579544,0.120751,0.008189,0.5518,0.418908
1997/8/30 0:00,0.520702,1.435276,0.652868,0.580587,0.120799,0.008233,0.550373,0.422616
1997/8/31 0:00,0.518102,1.434783,0.652096,0.576596,0.120811,0.00824,0.549707,0.420616
1997/9/1 0:00,0.518852,1.437625,0.651249,0.578047,0.120775,0.008244,0.548802,0.42155
1997/9/2 0:00,0.517955,1.43805,0.64844,0.577445,0.120787,0.008264,0.547885,0.420566
1997/9/3 0:00,0.516408,1.425622,0.648023,0.573782,0.120747,0.008245,0.549058,0.418433
1997/9/4 0:00,0.522707,1.424358,0.648907,0.574384,0.120766,0.008199,0.548366,0.424565
1997/9/5 0:00,0.52391,1.42195,0.647785,0.573634,0.120755,0.008153,0.550539,0.42425
1997/9/6 0:00,0.522804,1.418041,0.644652,0.570915,0.120755,0.008164,0.551739,0.422123
1997/9/7 0:00,0.519358,1.418524,0.644015,0.57089,0.120767,0.008113,0.549345,0.419208
1997/9/8 0:00,0.521304,1.4237,0.646636,0.573691,0.120818,0.008117,0.550418,0.418391
1997/9/9 0:00,0.524305,1.430057,0.649706,0.576294,0.120758,0.008101,0.551907,0.4226
1997/9/10 0:00,0.527703,1.430934,0.651102,0.574838,0.120797,0.008151,0.554232,0.424938
1997/9/11 0:00,0.529362,1.43925,0.651143,0.573979,0.120795,0.008089,0.551648,0.428072
1997/9/12 0:00,0.527558,1.439168,0.650571,0.572123,0.120757,0.008149,0.552257,0.426507
1997/9/13 0:00,0.523152,1.427357,0.648986,0.565722,0.120799,0.008142,0.552593,0.424065
1997/9/14 0:00,0.516052,1.418891,0.644681,0.561703,0.120803,0.008327,0.555247,0.419274
1997/9/15 0:00,0.521452,1.407587,0.6463,0.563031,0.12078,0.00834,0.555432,0.423581
1997/9/16 0:00,0.519258,1.421824,0.6472,0.563504,0.120815,0.008289,0.552746,0.423873
1997/9/17 0:00,0.521159,1.42045,0.647659,0.562584,0.120771,0.008257,0.551876,0.42345
1997/9/18 0:00,0.51921,1.422258,0.651102,0.56153,0.120795,0.008323,0.552822,0.421008
1997/9/19 0:00,0.512906,1.425387,0.647916,0.562261,0.120782,0.008308,0.55244,0.416858
1997/9/20 0:00,0.507452,1.418058,0.650251,0.556654,0.12078,0.008387,0.552639,0.409436
1997/9/21 0:00,0.507252,1.418991,0.650592,0.557016,0.120794,0.008394,0.551557,0.409018
1997/9/22 0:00,0.50765,1.413459,0.651079,0.557878,0.120793,0.008385,0.551222,0.4103
1997/9/23 0:00,0.510102,1.413626,0.653057,0.562727,0.120782,0.008317,0.551953,0.411518
1997/9/24 0:00,0.5159,1.391472,0.656447,0.557399,0.12079,0.008319,0.551815,0.413367
1997/9/25 0:00,0.520908,1.391404,0.657114,0.558474,0.120761,0.008319,0.553021,0.416084
1997/9/26 0:00,0.522204,1.379262,0.65798,0.557647,0.120797,0.008278,0.552792,0.419374
1997/9/27 0:00,0.522011,1.372313,0.658021,0.553403,0.120821,0.008201,0.551374,0.4171
1997/9/28 0:00,0.52566,1.3733,0.656206,0.559188,0.120815,0.008216,0.550737,0.418491
1997/9/29 0:00,0.528103,1.390694,0.658867,0.559154,0.120743,0.008192,0.550691,0.4223
1997/9/30 0:00,0.5275,1.40138,0.65798,0.564689,0.120812,0.008239,0.55104,0.417441
1997/10/1 0:00,0.524052,1.402279,0.657806,0.56392,0.120817,0.008192,0.550358,0.416717
1997/10/2 0:00,0.52325,1.405569,0.651759,0.56227,0.12078,0.008109,0.550312,0.414426
1997/10/3 0:00,0.521058,1.40125,0.651565,0.558552,0.120755,0.008137,0.550358,0.414526
1997/10/4 0:00,0.520602,1.395592,0.652273,0.559969,0.120805,0.008071,0.549224,0.41405
1997/10/5 0:00,0.516205,1.414534,0.656446,0.561873,0.120757,0.008027,0.548742,0.412459
1997/10/6 0:00,0.517157,1.41215,0.656206,0.564119,0.120821,0.008042,0.549073,0.4133
1997/10/7 0:00,0.517505,1.4129,0.657631,0.565466,0.12082,0.008065,0.549753,0.414
1997/10/8 0:00,0.521657,1.416225,0.65889,0.566795,0.12082,0.00808,0.549858,0.416992
1997/10/9 0:00,0.518352,1.416442,0.658888,0.566049,0.120795,0.008043,0.548893,0.416675
1997/10/10 0:00,0.505951,1.408259,0.657009,0.555192,0.120793,0.008018,0.548576,0.406188
1997/10/11 0:00,0.511756,1.415217,0.660085,0.557524,0.120773,0.008017,0.548682,0.406547
1997/10/12 0:00,0.511252,1.416675,0.660391,0.557103,0.120768,0.008057,0.548802,0.407019
1997/10/13 0:00,0.517609,1.406447,0.662011,0.557041,0.120797,0.00804,0.548622,0.408368
1997/10/14 0:00,0.5174,1.406197,0.662011,0.556777,0.120759,0.008036,0.548396,0.407578
1997/10/15 0:00,0.514557,1.402419,0.661091,0.549739,0.120773,0.007957,0.54784,0.403329
1997/10/16 0:00,0.509501,1.411409,0.656616,0.557522,0.120771,0.007947,0.54766,0.404198
1997/10/17 0:00,0.5109,1.408137,0.657264,0.557591,0.120821,0.007975,0.547121,0.406887
1997/10/18 0:00,0.50995,1.411209,0.658132,0.562301,0.120756,0.007978,0.544944,0.406178
1997/10/19 0:00,0.505852,1.407487,0.655156,0.565225,0.120794,0.008039,0.544974,0.40455
1997/10/20 0:00,0.506001,1.406697,0.652438,0.564605,0.120807,0.008071,0.545331,0.405619
1997/10/21 0:00,0.507304,1.404988,0.651587,0.564924,0.120795,0.008044,0.54484,0.406659
1997/10/22 0:00,0.507303,1.39878,0.650485,0.564405,0.120773,0.007973,0.544603,0.405378
1997/10/23 0:00,0.509751,1.40085,0.650216,0.570044,0.120818,0.008005,0.545494,0.406787
1997/10/24 0:00,0.515902,1.421258,0.650442,0.580814,0.12078,0.008071,0.546523,0.413984
1997/10/25 0:00,0.513455,1.426487,0.648863,0.578957,0.120795,0.008108,0.548186,0.413526
1997/10/26 0:00,0.508254,1.419482,0.647198,0.576646,0.120803,0.008036,0.54766,0.408918
1997/10/27 0:00,0.50925,1.420366,0.649223,0.579471,0.120788,0.008048,0.550176,0.4119
1997/10/28 0:00,0.508751,1.423673,0.649787,0.581557,0.120754,0.008071,0.550373,0.411885
1997/10/29 0:00,0.509252,1.426972,0.652036,0.581523,0.120767,0.008085,0.554831,0.41185
1997/10/30 0:00,0.508302,1.42305,0.652353,0.580211,0.12078,0.008116,0.557336,0.412294
1997/10/31 0:00,0.50565,1.425622,0.654192,0.579089,0.120797,0.007985,0.553741,0.41235
1997/11/1 0:00,0.509602,1.424908,0.652123,0.579143,0.120756,0.007995,0.554585,0.413026
1997/11/2 0:00,0.518109,1.43362,0.650695,0.583399,0.120794,0.008026,0.554816,0.417042
1997/11/3 0:00,0.52041,1.431564,0.651719,0.585138,0.120771,0.008087,0.561672,0.419024
1997/11/4 0:00,0.518,1.428621,0.652996,0.58574,0.120758,0.008088,0.562825,0.417791
1997/11/5 0:00,0.517507,1.417816,0.65565,0.584747,0.120817,0.008071,0.561309,0.41939
1997/11/6 0:00,0.5156,1.41655,0.651098,0.582127,0.120753,0.008091,0.562129,0.418408
1997/11/7 0:00,0.5196,1.415825,0.651992,0.585549,0.120777,0.008092,0.562572,0.424073
1997/11/8 0:00,0.512051,1.425415,0.649794,0.59193,0.120764,0.008207,0.566813,0.425315
1997/11/9 0:00,0.513005,1.423457,0.64949,0.590264,0.12082,0.008183,0.568246,0.425357
1997/11/10 0:00,0.517755,1.4201,0.650044,0.591349,0.120767,0.008162,0.569103,0.427757
1997/11/11 0:00,0.521704,1.428214,0.650865,0.595396,0.120778,0.008202,0.569265,0.430385
1997/11/12 0:00,0.528853,1.440518,0.654664,0.60151,0.120815,0.008366,0.572984,0.43332
1997/11/13 0:00,0.524055,1.443211,0.650146,0.599616,0.120817,0.008311,0.572377,0.432214
1997/11/14 0:00,0.5354,1.444261,0.648445,0.603719,0.120758,0.008314,0.570679,0.438831
1997/11/15 0:00,0.532903,1.444,0.647417,0.60215,0.120759,0.008283,0.568877,0.436406
1997/11/16 0:00,0.535368,1.45465,0.646033,0.604705,0.120771,0.008363,0.570776,0.439262
1997/11/17 0:00,0.53441,1.448126,0.648249,0.600517,0.120758,0.008303,0.570125,0.439762
1997/11/18 0:00,0.534314,1.446916,0.649328,0.601819,0.120808,0.008343,0.569979,0.44103
1997/11/19 0:00,0.53496,1.442711,0.649556,0.600643,0.120812,0.008327,0.572459,0.440406
1997/11/20 0:00,0.528706,1.442579,0.64924,0.60009,0.120817,0.008343,0.572197,0.437812
1997/11/21 0:00,0.53015,1.452659,0.649279,0.601389,0.120783,0.008328,0.57089,0.440612
1997/11/22 0:00,0.529359,1.45105,0.646842,0.598814,0.120818,0.008324,0.571804,0.439374
1997/11/23 0:00,0.531853,1.457004,0.647375,0.604481,0.120821,0.008368,0.572672,0.441373
1997/11/24 0:00,0.529064,1.453055,0.64491,0.601921,0.120758,0.008405,0.57468,0.438962
1997/11/25 0:00,0.527414,1.453605,0.644739,0.598557,0.120805,0.008419,0.574399,0.43675
1997/11/26 0:00,0.52071,1.442756,0.641077,0.586699,0.120808,0.008374,0.572197,0.431277
1997/11/27 0:00,0.520402,1.456517,0.642167,0.58576,0.120805,0.008285,0.571184,0.431964
1997/11/28 0:00,0.520406,1.455023,0.641945,0.5919,0.12082,0.00827,0.571429,0.433513
1997/11/29 0:00,0.519352,1.46042,0.638727,0.597603,0.120809,0.008328,0.572738,0.43442
1997/11/30 0:00,0.513605,1.4565,0.639836,0.592068,0.120796,0.008264,0.571396,0.430421
1997/12/1 0:00,0.516702,1.46731,0.639987,0.602653,0.120806,0.008367,0.575374,0.426857
1997/12/2 0:00,0.51685,1.46925,0.639276,0.604748,0.120759,0.008388,0.575457,0.425037
1997/12/3 0:00,0.514851,1.471314,0.639046,0.616542,0.120798,0.008523,0.577284,0.423573
1997/12/4 0:00,0.50235,1.465404,0.636975,0.622784,0.120785,0.008492,0.576951,0.411318
1997/12/5 0:00,0.49755,1.467066,0.635867,0.625399,0.120808,0.008515,0.576984,0.413043
1997/12/6 0:00,0.491599,1.468013,0.637012,0.626523,0.12081,0.008501,0.574548,0.411418
1997/12/7 0:00,0.492097,1.465704,0.636514,0.629785,0.120798,0.008591,0.575457,0.411318
1997/12/8 0:00,0.484742,1.455972,0.636326,0.633079,0.120797,0.008573,0.572951,0.40205
1997/12/9 0:00,0.491747,1.462769,0.636549,0.625606,0.12078,0.008507,0.564892,0.402029
1997/12/10 0:00,0.4932,1.469909,0.636448,0.629174,0.120814,0.008499,0.564302,0.407028
1997/12/11 0:00,0.491299,1.474408,0.635962,0.624867,0.120794,0.00849,0.565851,0.404338
1997/12/12 0:00,0.487995,1.4741,0.633076,0.620132,0.120807,0.00835,0.566813,0.40137
1997/12/13 0:00,0.491848,1.4721,0.633226,0.61556,0.120771,0.008359,0.56646,0.406897
1997/12/14 0:00,0.495448,1.479002,0.63539,0.618487,0.120795,0.008317,0.565307,0.406238
1997/12/15 0:00,0.4951,1.468553,0.637889,0.617189,0.120771,0.008284,0.562351,0.404897
1997/12/16 0:00,0.495848,1.47581,0.637511,0.615626,0.120771,0.008286,0.562746,0.406897
1997/12/17 0:00,0.5011,1.475702,0.637584,0.617303,0.120771,0.008293,0.562287,0.409686
1997/12/18 0:00,0.507151,1.483203,0.639885,0.618684,0.120783,0.008306,0.559362,0.414284
1997/12/19 0:00,0.5072,1.473003,0.640133,0.622045,0.120773,0.008343,0.557072,0.416225
1997/12/20 0:00,0.5007,1.45785,0.638628,0.615162,0.120758,0.008324,0.554739,0.412459
1997/12/21 0:00,0.5022,1.450625,0.637831,0.613977,0.120771,0.008309,0.551511,0.412943
1997/12/22 0:00,0.50135,1.443978,0.638972,0.607697,0.120798,0.008236,0.550131,0.414426
1997/12/23 0:00,0.51205,1.4517,0.640164,0.615304,0.1208,0.008268,0.550312,0.41974
1997/12/24 0:00,0.515453,1.448316,0.64197,0.615001,0.120823,0.008277,0.552501,0.420916
1997/12/25 0:00,0.511602,1.447471,0.639159,0.611536,0.120773,0.008248,0.550464,0.418491
1997/12/26 0:00,0.510602,1.44605,0.636587,0.609552,0.120818,0.008243,0.550721,0.417825
1997/12/27 0:00,0.507404,1.443511,0.633684,0.610794,0.12078,0.008259,0.549753,0.415892
1997/12/28 0:00,0.5087,1.432177,0.634747,0.608169,0.120771,0.008244,0.548712,0.417025
1997/12/29 0:00,0.509805,1.42398,0.63367,0.602712,0.120805,0.00817,0.546926,0.418341
1997/12/30 0:00,0.507501,1.425072,0.636132,0.602217,0.120783,0.008151,0.54784,0.418658
1997/12/31 0:00,0.50855,1.428157,0.635214,0.603483,0.120797,0.008137,0.5473,0.418041
1998/1/1 0:00,0.502351,1.42538,0.635419,0.604573,0.120806,0.008134,0.548546,0.41195
1998/1/2 0:00,0.5024,1.435632,0.634357,0.605651,0.120768,0.008142,0.54727,0.412318
1998/1/3 0:00,0.504852,1.453159,0.635033,0.613742,0.120753,0.008194,0.546852,0.413934
1998/1/4 0:00,0.504251,1.45076,0.63367,0.615366,0.120795,0.008199,0.548381,0.413176
1998/1/5 0:00,0.5032,1.455,0.62999,0.612257,0.120795,0.008166,0.548652,0.410777
1998/1/6 0:00,0.5086,1.4615,0.628279,0.613177,0.120818,0.008205,0.548441,0.41475
1998/1/7 0:00,0.50915,1.4588,0.627707,0.61024,0.12082,0.008223,0.54933,0.41595
1998/1/8 0:00,0.51445,1.4593,0.627963,0.608939,0.120821,0.008255,0.550131,0.4205
1998/1/9 0:00,0.51525,1.4636,0.625391,0.611247,0.120823,0.008267,0.551815,0.4195
1998/1/10 0:00,0.51615,1.4542,0.625469,0.609793,0.120823,0.008326,0.551709,0.4202
1998/1/11 0:00,0.52035,1.4536,0.623908,0.611322,0.120824,0.008308,0.548697,0.42215
1998/1/12 0:00,0.52045,1.4409,0.62751,0.598337,0.120824,0.00822,0.54757,0.4213
1998/1/13 0:00,0.51905,1.4417,0.627943,0.601558,0.120821,0.008228,0.548035,0.42
1998/1/14 0:00,0.51765,1.432,0.629961,0.601649,0.120817,0.008168,0.545852,0.41745
1998/1/15 0:00,0.52235,1.4277,0.629109,0.603519,0.120815,0.008138,0.54484,0.41425
1998/1/16 0:00,0.52255,1.4136,0.630517,0.602882,0.120815,0.008114,0.542667,0.41505
1998/1/17 0:00,0.51985,1.4192,0.627235,0.606281,0.120817,0.008154,0.544736,0.4148
1998/1/18 0:00,0.51665,1.4169,0.624493,0.604851,0.120818,0.008121,0.544425,0.41
1998/1/19 0:00,0.51685,1.4114,0.624922,0.601938,0.120818,0.008068,0.544514,0.41015
1998/1/20 0:00,0.51735,1.4099,0.625489,0.599862,0.120818,0.008056,0.543907,0.41025
1998/1/21 0:00,0.51885,1.4116,0.624805,0.601251,0.120818,0.008059,0.545346,0.413
1998/1/22 0:00,0.52335,1.4149,0.627235,0.603245,0.120817,0.00807,0.54539,0.4154
1998/1/23 0:00,0.52145,1.4244,0.630955,0.606465,0.120817,0.008123,0.545792,0.41425
1998/1/24 0:00,0.51795,1.4266,0.632391,0.603938,0.120811,0.008075,0.545464,0.4121
1998/1/25 0:00,0.52185,1.4247,0.635789,0.609292,0.120811,0.008109,0.546001,0.41615
1998/1/26 0:00,0.51875,1.4213,0.634035,0.604412,0.120817,0.008074,0.543892,0.41495
1998/1/27 0:00,0.51555,1.4217,0.636436,0.604887,0.120815,0.008055,0.544677,0.41225
1998/1/28 0:00,0.51765,1.4154,0.635586,0.602591,0.120814,0.008053,0.545167,0.41505
1998/1/29 0:00,0.51895,1.4282,0.635647,0.607017,0.120814,0.008021,0.546732,0.41725
1998/1/30 0:00,0.51435,1.43325,0.63478,0.602954,0.120814,0.007966,0.545479,0.41505
1998/1/31 0:00,0.51455,1.4347,0.633633,0.601251,0.120817,0.007933,0.545643,0.4151
1998/2/1 0:00,0.51495,1.4369,0.633754,0.603064,0.12082,0.007921,0.545673,0.41715
1998/2/2 0:00,0.51995,1.447,0.638447,0.608902,0.12082,0.007933,0.546448,0.4206
1998/2/3 0:00,0.51875,1.4417,0.637714,0.60529,0.120821,0.007927,0.546299,0.4186
1998/2/4 0:00,0.51925,1.45335,0.641355,0.613346,0.12082,0.007856,0.544381,0.41765
1998/2/5 0:00,0.51755,1.4597,0.638978,0.61222,0.120818,0.007841,0.544247,0.41785
1998/2/6 0:00,0.51535,1.4563,0.635243,0.61177,0.12082,0.007828,0.544573,0.41685
1998/2/7 0:00,0.51095,1.451,0.63484,0.610426,0.120821,0.007803,0.545881,0.4149
1998/2/8 0:00,0.50515,1.4494,0.633312,0.61361,0.120823,0.007781,0.544218,0.4118
1998/2/9 0:00,0.50785,1.43955,0.630736,0.604485,0.120821,0.007717,0.544514,0.41445
1998/2/10 0:00,0.50815,1.4449,0.62692,0.593542,0.120821,0.007649,0.542594,0.4147
1998/2/11 0:00,0.50755,1.454,0.624493,0.591366,0.120821,0.007644,0.5437,0.416
1998/2/12 0:00,0.50775,1.4525,0.6259,0.595238,0.120823,0.007594,0.539142,0.4155
1998/2/13 0:00,0.51035,1.4499,0.627727,0.596944,0.120821,0.007612,0.54019,0.41525
1998/2/14 0:00,0.51025,1.4548,0.628082,0.601431,0.120823,0.007598,0.541565,0.4158
1998/2/15 0:00,0.51525,1.4459,0.626253,0.608014,0.120823,0.007567,0.539884,0.42245
1998/2/16 0:00,0.51495,1.439,0.626253,0.605877,0.120823,0.007592,0.540789,0.42585
1998/2/17 0:00,0.52085,1.44655,0.626782,0.604942,0.120823,0.007643,0.542446,0.42905
1998/2/18 0:00,0.51905,1.4404,0.6259,0.606134,0.12082,0.007628,0.542094,0.4275
1998/2/19 0:00,0.52395,1.4391,0.626645,0.604047,0.120821,0.007534,0.540906,0.43075
1998/2/20 0:00,0.52385,1.4383,0.625782,0.603573,0.120821,0.007522,0.540599,0.4283
1998/2/21 0:00,0.52325,1.4393,0.626017,0.602156,0.120823,0.007561,0.5428,0.42615
1998/2/22 0:00,0.52415,1.44805,0.624512,0.601884,0.120823,0.007559,0.541932,0.42435
1998/2/23 0:00,0.51785,1.4496,0.627156,0.603682,0.120821,0.007575,0.54539,0.42245
1998/2/24 0:00,0.51895,1.4444,0.629089,0.60183,0.120821,0.007627,0.547555,0.42415
1998/2/25 0:00,0.51555,1.4364,0.626331,0.601685,0.120821,0.007579,0.545554,0.4211
1998/2/26 0:00,0.51365,1.4363,0.62054,0.5997,0.12082,0.007571,0.545405,0.42145
1998/2/27 0:00,0.51445,1.43885,0.618582,0.60241,0.120821,0.007554,0.545316,0.4246
1998/2/28 0:00,0.51725,1.4355,0.620155,0.601685,0.12082,0.007543,0.545539,0.42735
1998/3/1 0:00,0.51925,1.4292,0.621697,0.601866,0.120821,0.007469,0.543331,0.42925
1998/3/2 0:00,0.51815,1.4249,0.624376,0.598408,0.120824,0.007431,0.543774,0.4266
1998/3/3 0:00,0.51985,1.4244,0.623519,0.597657,0.120821,0.007422,0.543774,0.4271
1998/3/4 0:00,0.519,1.4098,0.621987,0.587458,0.120824,0.007418,0.543434,0.42365
1998/3/5 0:00,0.51575,1.4101,0.623986,0.586235,0.120821,0.007488,0.545494,0.42225
1998/3/6 0:00,0.51075,1.4138,0.62822,0.58782,0.120823,0.007488,0.545019,0.42065
1998/3/7 0:00,0.50655,1.415,0.629901,0.584761,0.120824,0.007523,0.544989,0.4163
1998/3/8 0:00,0.50825,1.4117,0.627805,0.581328,0.120824,0.007462,0.544618,0.417
1998/3/9 0:00,0.50965,1.41435,0.628852,0.582479,0.120823,0.007508,0.544144,0.41715
1998/3/10 0:00,0.51075,1.4234,0.626233,0.589206,0.120823,0.007556,0.545643,0.4181
1998/3/11 0:00,0.50955,1.416,0.625743,0.589518,0.120824,0.007469,0.543493,0.41705
1998/3/12 0:00,0.50865,1.4118,0.622801,0.589692,0.120821,0.007485,0.544366,0.417
1998/3/13 0:00,0.50925,1.4147,0.625684,0.591856,0.120823,0.007484,0.546209,0.4169
1998/3/14 0:00,0.51055,1.41345,0.625919,0.591926,0.120821,0.007427,0.545108,0.41795
1998/3/15 0:00,0.51265,1.4221,0.628792,0.59393,0.12082,0.007506,0.546314,0.42015
1998/3/16 0:00,0.50915,1.4344,0.628299,0.592979,0.12082,0.007535,0.546807,0.418
1998/3/17 0:00,0.51005,1.428,0.628871,0.587993,0.12082,0.007498,0.546269,0.4182
1998/3/18 0:00,0.51725,1.4309,0.628042,0.589136,0.12082,0.007572,0.550206,0.42185
1998/3/19 0:00,0.51715,1.432,0.629188,0.589067,0.12082,0.007541,0.548095,0.42255
1998/3/20 0:00,0.51825,1.4284,0.6282,0.587959,0.12082,0.007539,0.548095,0.42225
1998/3/21 0:00,0.51875,1.4314,0.628852,0.592347,0.120817,0.007487,0.546642,0.42165
1998/3/22 0:00,0.51725,1.4269,0.629406,0.587786,0.12082,0.007476,0.546852,0.4196
1998/3/23 0:00,0.51715,1.4259,0.628694,0.587976,0.120823,0.007452,0.546852,0.41845
1998/3/24 0:00,0.51365,1.4323,0.62639,0.591139,0.120824,0.00746,0.546105,0.41885
1998/3/25 0:00,0.51375,1.4249,0.624688,0.588893,0.120824,0.007472,0.54609,0.41725
1998/3/26 0:00,0.51375,1.4164,0.621678,0.58548,0.120821,0.00743,0.545256,0.41755
1998/3/27 0:00,0.51555,1.4206,0.621581,0.586304,0.120823,0.007444,0.547645,0.41955
1998/3/28 0:00,0.51725,1.4166,0.62422,0.588963,0.120824,0.007482,0.546075,0.4214
1998/3/29 0:00,0.51925,1.4184,0.627825,0.585703,0.120823,0.007497,0.545405,0.42275
1998/3/30 0:00,0.52025,1.4231,0.628694,0.588547,0.120821,0.007563,0.547405,0.42545
1998/3/31 0:00,0.52055,1.4247,0.629842,0.590702,0.120824,0.007567,0.548035,0.42495
1998/4/1 0:00,0.52275,1.42185,0.632111,0.594106,0.120823,0.007642,0.547975,0.4289
1998/4/2 0:00,0.52525,1.4285,0.631672,0.599449,0.120815,0.007872,0.550237,0.4284
1998/4/3 0:00,0.52305,1.42225,0.63012,0.593067,0.120815,0.007781,0.548862,0.43075
1998/4/4 0:00,0.52195,1.4205,0.631592,0.595344,0.120818,0.007791,0.549647,0.42795
1998/4/5 0:00,0.51975,1.4143,0.630279,0.595274,0.120821,0.007743,0.548817,0.42835
1998/4/6 0:00,0.52005,1.416,0.627077,0.596979,0.120815,0.007718,0.547765,0.42905
1998/4/7 0:00,0.52575,1.4217,0.631194,0.601793,0.120809,0.007711,0.548878,0.4362
1998/4/8 0:00,0.52545,1.4268,0.630398,0.602664,0.120812,0.007612,0.547345,0.43655
1998/4/9 0:00,0.52335,1.4245,0.631074,0.602954,0.120809,0.007575,0.547016,0.4333
1998/4/10 0:00,0.53035,1.4287,0.632992,0.604485,0.120811,0.007609,0.547256,0.43995
1998/4/11 0:00,0.53015,1.4263,0.633633,0.603427,0.120814,0.007574,0.547106,0.4392
1998/4/12 0:00,0.53255,1.42495,0.634357,0.601486,0.120817,0.007524,0.545479,0.43985
1998/4/13 0:00,0.52995,1.4259,0.631233,0.600709,0.120818,0.007496,0.543596,0.4375
1998/4/14 0:00,0.52765,1.4257,0.628535,0.599449,0.120815,0.007511,0.540657,0.43565
1998/4/15 0:00,0.52785,1.4246,0.627117,0.595841,0.120814,0.007536,0.542211,0.4357
1998/4/16 0:00,0.53355,1.4258,0.626723,0.594583,0.120811,0.007531,0.542358,0.4407
1998/4/17 0:00,0.53355,1.4251,0.626841,0.595912,0.120811,0.007509,0.541624,0.4407
1998/4/18 0:00,0.53495,1.4309,0.625117,0.601793,0.120811,0.007492,0.540921,0.4409
1998/4/19 0:00,0.53435,1.4361,0.627707,0.601251,0.120814,0.007506,0.541506,0.4422
1998/4/20 0:00,0.53275,1.436,0.629287,0.602954,0.120812,0.007534,0.542947,0.44015
1998/4/21 0:00,0.53155,1.4334,0.627549,0.599916,0.120815,0.007554,0.542741,0.4414
1998/4/22 0:00,0.53015,1.4315,0.629406,0.600402,0.120817,0.007594,0.544989,0.43855
1998/4/23 0:00,0.52785,1.4308,0.626999,0.596694,0.120815,0.007594,0.544885,0.4346
1998/4/24 0:00,0.52845,1.4368,0.626684,0.600384,0.120818,0.007632,0.544603,0.4351
1998/4/25 0:00,0.53035,1.4364,0.627628,0.598623,0.120815,0.007648,0.544915,0.4371
1998/4/26 0:00,0.53475,1.4386,0.629683,0.602664,0.120812,0.007605,0.544366,0.44295
1998/4/27 0:00,0.53385,1.4365,0.630438,0.600258,0.120814,0.007572,0.544544,0.4406
1998/4/28 0:00,0.53165,1.4373,0.630239,0.599341,0.120815,0.007569,0.544514,0.4391
1998/4/29 0:00,0.53355,1.4396,0.632031,0.600709,0.120814,0.007626,0.54536,0.44095
1998/4/30 0:00,0.53785,1.4459,0.635001,0.60595,0.120814,0.007651,0.546822,0.4456
1998/5/1 0:00,0.53845,1.4486,0.634639,0.607128,0.120814,0.007694,0.548306,0.44605
1998/5/2 0:00,0.54015,1.4468,0.636132,0.60698,0.120809,0.007666,0.549089,0.4472
1998/5/3 0:00,0.53945,1.4497,0.635445,0.605144,0.120814,0.007695,0.550721,0.4466
1998/5/4 0:00,0.53825,1.4474,0.63589,0.60595,0.120812,0.007678,0.549813,0.44565
1998/5/5 0:00,0.54365,1.4497,0.638325,0.609162,0.120811,0.007731,0.551207,0.44935
1998/5/6 0:00,0.54405,1.4546,0.638733,0.613855,0.120811,0.007764,0.552578,0.4507
1998/5/7 0:00,0.54405,1.4574,0.640328,0.615669,0.120812,0.007818,0.554324,0.44975
1998/5/8 0:00,0.53925,1.4592,0.638162,0.617742,0.120817,0.007811,0.552578,0.448
1998/5/9 0:00,0.53835,1.458,0.637918,0.618448,0.120812,0.007776,0.551025,0.44755
1998/5/10 0:00,0.54015,1.4659,0.641026,0.62422,0.120812,0.007844,0.553817,0.44805
1998/5/11 0:00,0.53475,1.4628,0.640123,0.621388,0.120812,0.007822,0.552029,0.44515
1998/5/12 0:00,0.53965,1.4682,0.639591,0.629366,0.120812,0.007867,0.554109,0.4489
1998/5/13 0:00,0.54035,1.4686,0.63804,0.631513,0.120809,0.00787,0.55571,0.4487
1998/5/14 0:00,0.53925,1.467,0.638284,0.628457,0.120809,0.007808,0.553174,0.44835
1998/5/15 0:00,0.53945,1.4555,0.636902,0.621581,0.120808,0.007759,0.552395,0.4493
1998/5/16 0:00,0.54285,1.4595,0.638692,0.625274,0.120808,0.00778,0.5527,0.45135
1998/5/17 0:00,0.54385,1.4627,0.642261,0.627825,0.120815,0.007834,0.553986,0.4533
1998/5/18 0:00,0.54745,1.4577,0.643211,0.626802,0.120818,0.007827,0.5548,0.45625
1998/5/19 0:00,0.54805,1.4503,0.641766,0.619444,0.120817,0.00778,0.552883,0.4559
1998/5/20 0:00,0.54795,1.4548,0.643294,0.623131,0.120818,0.007822,0.553894,0.45815
1998/5/21 0:00,0.54875,1.45595,0.642921,0.626331,0.12082,0.007811,0.554001,0.4605
1998/5/22 0:00,0.55165,1.45935,0.646956,0.633633,0.120818,0.007928,0.55701,0.4637
1998/5/23 0:00,0.55565,1.4592,0.648677,0.633854,0.120818,0.007976,0.563746,0.4668
1998/5/24 0:00,0.55685,1.4598,0.649857,0.633995,0.120818,0.008061,0.558628,0.4682
1998/5/25 0:00,0.55775,1.45965,0.652529,0.637308,0.120817,0.008044,0.557724,0.4729
1998/5/26 0:00,0.55525,1.4546,0.651254,0.633473,0.120815,0.007994,0.554939,0.4683
1998/5/27 0:00,0.55655,1.45695,0.652146,0.631912,0.120815,0.008016,0.555895,0.4711
1998/5/28 0:00,0.55615,1.4568,0.652188,0.631951,0.120818,0.008011,0.556019,0.4738
1998/5/29 0:00,0.56165,1.4597,0.652955,0.635405,0.120823,0.00803,0.557522,0.47645
1998/5/30 0:00,0.56295,1.4628,0.651593,0.637308,0.120823,0.008039,0.559566,0.4768
1998/5/31 0:00,0.56355,1.4648,0.651678,0.639816,0.120823,0.008096,0.559441,0.4749
1998/6/1 0:00,0.57145,1.4629,0.654965,0.640287,0.120821,0.008085,0.560036,0.48595
1998/6/2 0:00,0.57245,1.4597,0.653211,0.639284,0.12082,0.008061,0.559722,0.4896
1998/6/3 0:00,0.57375,1.4592,0.652486,0.638692,0.120818,0.008035,0.557802,0.48865
1998/6/4 0:00,0.57385,1.4597,0.652273,0.642013,0.120817,0.008051,0.556793,0.49115
1998/6/5 0:00,0.57065,1.4578,0.651721,0.641952,0.120817,0.008024,0.558285,0.4873
1998/6/6 0:00,0.56775,1.4607,0.64973,0.641355,0.120817,0.008018,0.557771,0.48665
1998/6/7 0:00,0.56905,1.4722,0.650703,0.642921,0.12082,0.007983,0.558581,0.48865
1998/6/8 0:00,0.57025,1.4717,0.651169,0.639182,0.120818,0.007956,0.55966,0.4928
1998/6/9 0:00,0.56585,1.4717,0.649562,0.639202,0.120818,0.007992,0.559942,0.48765
1998/6/10 0:00,0.56045,1.4771,0.646705,0.640636,0.120846,0.008054,0.559237,0.48415
1998/6/11 0:00,0.55875,1.4793,0.646621,0.639795,0.120812,0.008047,0.558972,0.4842
1998/6/12 0:00,0.56475,1.4915,0.647375,0.645494,0.120809,0.008045,0.557849,0.4877
1998/6/13 0:00,0.56495,1.492,0.649182,0.65102,0.120811,0.008069,0.560255,0.48695
1998/6/14 0:00,0.57225,1.4983,0.654579,0.656254,0.120814,0.008097,0.562193,0.49105
1998/6/15 0:00,0.57355,1.4956,0.657203,0.660764,0.120815,0.008216,0.564493,0.49665
1998/6/16 0:00,0.57015,1.5013,0.657376,0.661463,0.120817,0.008212,0.565547,0.49255
1998/6/17 0:00,0.57175,1.5087,0.659848,0.667468,0.120815,0.00824,0.565451,0.4932
1998/6/18 0:00,0.56385,1.5245,0.658631,0.668941,0.120814,0.008321,0.565771,0.4895
1998/6/19 0:00,0.56465,1.5287,0.661726,0.672178,0.120815,0.008355,0.565931,0.49095
1998/6/20 0:00,0.56135,1.5326,0.659674,0.675356,0.120815,0.008357,0.565787,0.486
1998/6/21 0:00,0.56195,1.5332,0.659413,0.6744,0.120817,0.008349,0.565243,0.48755
1998/6/22 0:00,0.56385,1.5357,0.654707,0.672585,0.120817,0.00834,0.565451,0.4893
1998/6/23 0:00,0.56025,1.5272,0.652571,0.669389,0.12082,0.008339,0.565531,0.4883
1998/6/24 0:00,0.55585,1.5258,0.654151,0.668315,0.12082,0.008325,0.565099,0.4845
1998/6/25 0:00,0.56405,1.54245,0.657117,0.673854,0.120821,0.008432,0.567924,0.49035
1998/6/26 0:00,0.56735,1.546,0.659413,0.673764,0.120823,0.008463,0.569476,0.49205
1998/6/27 0:00,0.56665,1.5492,0.657678,0.673582,0.120821,0.008485,0.571102,0.4882
1998/6/28 0:00,0.55875,1.5519,0.655824,0.673627,0.12082,0.00854,0.571494,0.4835
1998/6/29 0:00,0.56055,1.5536,0.652656,0.675904,0.120821,0.00856,0.573132,0.4866
1998/6/30 0:00,0.55645,1.57,0.651466,0.686719,0.120817,0.008618,0.575175,0.4844
1998/7/1 0:00,0.55135,1.57035,0.648929,0.688279,0.120818,0.008606,0.574878,0.482
1998/7/2 0:00,0.55365,1.57325,0.64792,0.690417,0.12082,0.008579,0.574696,0.4827
1998/7/3 0:00,0.55615,1.5729,0.64792,0.691181,0.120818,0.008615,0.577101,0.48775
1998/7/4 0:00,0.54725,1.5778,0.640082,0.692137,0.120817,0.008597,0.576602,0.4805
1998/7/5 0:00,0.54245,1.5669,0.632231,0.682035,0.120815,0.008519,0.573888,0.4742
1998/7/6 0:00,0.54095,1.5761,0.636335,0.688658,0.120818,0.008595,0.574185,0.4693
1998/7/7 0:00,0.54145,1.5836,0.637552,0.69377,0.120817,0.008574,0.573888,0.4682
1998/7/8 0:00,0.54165,1.56435,0.635647,0.673083,0.120821,0.008357,0.566926,0.4695
1998/7/9 0:00,0.54375,1.5735,0.635122,0.675037,0.120823,0.00832,0.566733,0.4678
1998/7/10 0:00,0.54235,1.5633,0.631273,0.673174,0.120821,0.00835,0.566926,0.4651
1998/7/11 0:00,0.53835,1.5611,0.628615,0.678933,0.120823,0.008385,0.569055,0.46195
1998/7/12 0:00,0.53915,1.569,0.630636,0.680133,0.12082,0.008415,0.571004,0.4636
1998/7/13 0:00,0.52945,1.5622,0.626763,0.6749,0.120821,0.008353,0.569152,0.4574
1998/7/14 0:00,0.53105,1.5387,0.630795,0.662427,0.12082,0.008273,0.564876,0.453
1998/7/15 0:00,0.53565,1.5384,0.633593,0.667601,0.120818,0.008315,0.567054,0.45485
1998/7/16 0:00,0.53405,1.5311,0.632551,0.660764,0.120821,0.008249,0.564557,0.4541
1998/7/17 0:00,0.5352,1.5247,0.635849,0.66569,0.120823,0.008325,0.566893,0.4579
1998/7/18 0:00,0.53985,1.53115,0.634921,0.669299,0.12082,0.008403,0.568473,0.46325
1998/7/19 0:00,0.53625,1.5379,0.638651,0.673219,0.120821,0.008461,0.569103,0.4571
1998/7/20 0:00,0.53725,1.5355,0.639509,0.669389,0.120823,0.008518,0.572148,0.46285
1998/7/21 0:00,0.54275,1.535,0.641272,0.671276,0.12082,0.008521,0.572574,0.4658
1998/7/22 0:00,0.54635,1.5397,0.641108,0.671456,0.12082,0.008504,0.572246,0.468
1998/7/23 0:00,0.54175,1.5271,0.635809,0.665336,0.12082,0.008434,0.57107,0.466
1998/7/24 0:00,0.54635,1.5295,0.638081,0.667067,0.12082,0.008419,0.571755,0.4698
1998/7/25 0:00,0.54415,1.5307,0.642756,0.667557,0.120823,0.008438,0.571608,0.46495
1998/7/26 0:00,0.54165,1.5201,0.641231,0.65822,0.120823,0.008343,0.56912,0.4671
1998/7/27 0:00,0.54355,1.5222,0.642591,0.661113,0.120821,0.008361,0.568666,0.4674
1998/7/28 0:00,0.54475,1.5217,0.642674,0.660349,0.120821,0.008349,0.568666,0.4697
1998/7/29 0:00,0.55435,1.5336,0.643832,0.670916,0.120821,0.00847,0.572393,0.47185
1998/7/30 0:00,0.55135,1.53345,0.641149,0.665956,0.12082,0.008409,0.570972,0.46915
1998/7/31 0:00,0.55225,1.5489,0.641313,0.669389,0.120821,0.008463,0.571298,0.46895
1998/8/1 0:00,0.55015,1.54945,0.64156,0.667312,0.120821,0.008445,0.571657,0.47
1998/8/2 0:00,0.55135,1.5487,0.642178,0.668628,0.120818,0.008467,0.571576,0.47
1998/8/3 0:00,0.54825,1.5625,0.64433,0.679625,0.120817,0.00854,0.572902,0.4676
1998/8/4 0:00,0.54505,1.5656,0.637349,0.677599,0.120815,0.00848,0.57223,0.4661
1998/8/5 0:00,0.54285,1.5664,0.636213,0.678702,0.120814,0.00845,0.57241,0.46655
1998/8/6 0:00,0.54685,1.5578,0.64119,0.672857,0.120817,0.008436,0.571902,0.47025
1998/8/7 0:00,0.54735,1.5524,0.636011,0.6664,0.120817,0.008328,0.569022,0.46885
1998/8/8 0:00,0.54805,1.5506,0.633714,0.664319,0.120817,0.008297,0.568537,0.47085
1998/8/9 0:00,0.55165,1.5601,0.630477,0.668494,0.12082,0.008331,0.56802,0.4757
1998/8/10 0:00,0.55005,1.5515,0.632831,0.662383,0.12082,0.008212,0.564334,0.4719
1998/8/11 0:00,0.55055,1.5396,0.632471,0.658241,0.12082,0.008175,0.561703,0.4722
1998/8/12 0:00,0.54805,1.542,0.632231,0.663262,0.120818,0.008199,0.563698,0.4704
1998/8/13 0:00,0.54785,1.5493,0.633593,0.665447,0.120964,0.008229,0.563857,0.47115
1998/8/14 0:00,0.54945,1.5583,0.635284,0.674809,0.120964,0.008219,0.564876,0.4728
1998/8/15 0:00,0.54595,1.5539,0.635566,0.669882,0.120817,0.008099,0.561482,0.4704
1998/8/16 0:00,0.54345,1.5493,0.631951,0.667156,0.120814,0.008066,0.561388,0.46765
1998/8/17 0:00,0.54225,1.5534,0.631433,0.667423,0.120815,0.00812,0.562177,0.4683
1998/8/18 0:00,0.54665,1.5573,0.633032,0.667111,0.120817,0.008141,0.560538,0.4741
1998/8/19 0:00,0.54465,1.5588,0.635163,0.666289,0.120814,0.008184,0.561262,0.4696
1998/8/20 0:00,0.54365,1.56015,0.633593,0.669792,0.120812,0.008148,0.562525,0.47085
1998/8/21 0:00,0.54375,1.5714,0.632992,0.67815,0.120811,0.008236,0.562825,0.46995
1998/8/22 0:00,0.54545,1.5618,0.632151,0.671096,0.120811,0.008149,0.559534,0.47425
1998/8/23 0:00,0.54385,1.569,0.629525,0.676613,0.120811,0.008153,0.560538,0.47325
1998/8/24 0:00,0.54645,1.5695,0.628299,0.676842,0.120811,0.008159,0.56101,0.4779
1998/8/25 0:00,0.54675,1.5651,0.627786,0.670691,0.120811,0.008109,0.560852,0.47845
1998/8/26 0:00,0.54935,1.5656,0.627038,0.671908,0.120811,0.008043,0.558191,0.4835
1998/8/27 0:00,0.54655,1.5545,0.626096,0.667379,0.120811,0.008047,0.559394,0.48125
1998/8/28 0:00,0.54845,1.5656,0.626331,0.67659,0.120814,0.00811,0.559691,0.48055
1998/8/29 0:00,0.54775,1.5646,0.62901,0.673469,0.120815,0.008094,0.557662,0.47855
1998/8/30 0:00,0.54775,1.5625,0.630318,0.675265,0.120817,0.008059,0.560695,0.4805
1998/8/31 0:00,0.54685,1.5577,0.630517,0.674946,0.12082,0.008042,0.555062,0.4786
1998/9/1 0:00,0.54705,1.551,0.630597,0.668271,0.12082,0.008018,0.554508,0.48025
1998/9/2 0:00,0.54885,1.554,0.631512,0.668852,0.12082,0.008035,0.558503,0.48105
1998/9/3 0:00,0.55125,1.5503,0.636862,0.661682,0.120818,0.007989,0.559785,0.48185
1998/9/4 0:00,0.55485,1.54285,0.639345,0.66177,0.120818,0.008005,0.560193,0.4835
1998/9/5 0:00,0.55265,1.54635,0.63861,0.662691,0.120815,0.007988,0.560036,0.4827
1998/9/6 0:00,0.55295,1.5478,0.6391,0.664364,0.120817,0.008026,0.561419,0.4843
1998/9/7 0:00,0.55445,1.55445,0.638855,0.666089,0.120817,0.008026,0.561798,0.48585
1998/9/8 0:00,0.55465,1.55185,0.637552,0.665336,0.120812,0.008049,0.56338,0.48665
1998/9/9 0:00,0.55885,1.5603,0.641684,0.672043,0.120811,0.008091,0.563539,0.48915
1998/9/10 0:00,0.55585,1.5563,0.639468,0.670286,0.120812,0.008137,0.565259,0.48605
1998/9/11 0:00,0.55315,1.5581,0.639141,0.672224,0.120814,0.008138,0.564398,0.48255
1998/9/12 0:00,0.56105,1.5568,0.642591,0.681524,0.120811,0.008175,0.567537,0.4964
1998/9/13 0:00,0.56035,1.55985,0.642013,0.682827,0.120815,0.008191,0.568764,0.49615
1998/9/14 0:00,0.56385,1.5637,0.643749,0.685166,0.120815,0.008205,0.566829,0.4983
1998/9/15 0:00,0.56625,1.5802,0.642591,0.68937,0.120815,0.008247,0.567312,0.49895
1998/9/16 0:00,0.56465,1.5909,0.638774,0.693025,0.120815,0.008347,0.568634,0.49815
1998/9/17 0:00,0.56115,1.5865,0.637349,0.690608,0.120815,0.008367,0.568634,0.4936
1998/9/18 0:00,0.56035,1.5887,0.633192,0.691419,0.120815,0.00835,0.567215,0.4931
1998/9/19 0:00,0.56025,1.5865,0.634719,0.687758,0.120815,0.00833,0.565931,0.4969
1998/9/20 0:00,0.56325,1.58055,0.634639,0.685565,0.120815,0.008305,0.567795,0.49985
1998/9/21 0:00,0.56425,1.5795,0.631114,0.6888,0.120815,0.0083,0.567408,0.49965
1998/9/22 0:00,0.56245,1.58035,0.629366,0.686342,0.120815,0.008249,0.567601,0.49765
1998/9/23 0:00,0.55815,1.579,0.630994,0.68306,0.120815,0.008173,0.565675,0.4963
1998/9/24 0:00,0.55965,1.5739,0.631313,0.682128,0.120815,0.008156,0.565195,0.49735
1998/9/25 0:00,0.56235,1.5823,0.633794,0.682408,0.120815,0.008149,0.565195,0.50215
1998/9/26 0:00,0.56335,1.57785,0.633553,0.676865,0.120815,0.008126,0.565227,0.51415
1998/9/27 0:00,0.55965,1.5649,0.63589,0.673423,0.120815,0.008189,0.564239,0.4995
1998/9/28 0:00,0.55955,1.5515,0.63484,0.673491,0.120815,0.008218,0.566765,0.4956
1998/9/29 0:00,0.55655,1.547,0.63589,0.671276,0.120815,0.008173,0.566348,0.49455
1998/9/30 0:00,0.56035,1.552,0.63589,0.673832,0.120815,0.008185,0.567537,0.4951
1998/10/1 0:00,0.56055,1.5572,0.638896,0.672902,0.120815,0.008158,0.565867,0.4982
1998/10/2 0:00,0.55895,1.555,0.641684,0.673537,0.120815,0.008023,0.56427,0.49765
1998/10/3 0:00,0.55875,1.5683,0.642715,0.676567,0.120815,0.008024,0.564908,0.498
1998/10/4 0:00,0.56055,1.56985,0.641601,0.680041,0.120815,0.008029,0.564653,0.50105
1998/10/5 0:00,0.56095,1.5715,0.639591,0.681083,0.120815,0.00798,0.563,0.5012
1998/10/6 0:00,0.55965,1.5717,0.640861,0.684697,0.120815,0.008087,0.566316,0.50385
1998/10/7 0:00,0.56085,1.5771,0.642839,0.683878,0.120815,0.008089,0.567408,0.5029
1998/10/8 0:00,0.56575,1.5819,0.643376,0.68956,0.120815,0.00815,0.568182,0.5085
1998/10/9 0:00,0.56515,1.589,0.64041,0.692785,0.120815,0.008292,0.572246,0.51265
1998/10/10 0:00,0.56685,1.5924,0.64041,0.693193,0.120815,0.008243,0.571984,0.51455
1998/10/11 0:00,0.56595,1.5988,0.645828,0.701115,0.120815,0.008246,0.572279,0.51765
1998/10/12 0:00,0.56555,1.6044,0.644288,0.702395,0.120815,0.008303,0.573345,0.51655
1998/10/13 0:00,0.56325,1.6,0.642096,0.713623,0.120815,0.008334,0.575308,0.51655
1998/10/14 0:00,0.56335,1.6045,0.63678,0.71803,0.120815,0.008342,0.575457,0.5217
1998/10/15 0:00,0.5634,1.6034,0.633152,0.71803,0.120815,0.00844,0.576319,0.52335
1998/10/16 0:00,0.56405,1.5941,0.63804,0.712962,0.120815,0.00833,0.57346,0.5228
1998/10/17 0:00,0.56925,1.6094,0.640164,0.716949,0.120815,0.008382,0.574614,0.5284
1998/10/18 0:00,0.57455,1.6052,0.640656,0.716332,0.120815,0.008363,0.574911,0.5314
1998/10/19 0:00,0.57375,1.6037,0.640246,0.714541,0.120815,0.00832,0.573921,0.53025
1998/10/20 0:00,0.57665,1.6128,0.640697,0.720747,0.120815,0.008398,0.576136,0.5329
1998/10/21 0:00,0.57585,1.60485,0.644122,0.717669,0.120815,0.008357,0.574878,0.5325
1998/10/22 0:00,0.58345,1.6072,0.648004,0.723589,0.120815,0.008398,0.575606,0.5394
1998/10/23 0:00,0.58505,1.6003,0.648677,0.721397,0.12082,0.008408,0.575805,0.54165
1998/10/24 0:00,0.58325,1.6063,0.649646,0.722387,0.120773,0.008479,0.577701,0.5388
1998/10/25 0:00,0.58455,1.605,0.650745,0.72197,0.120817,0.008463,0.576735,0.53905
1998/10/26 0:00,0.58765,1.61105,0.651339,0.727379,0.120815,0.008485,0.577417,0.54455
1998/10/27 0:00,0.58945,1.60655,0.651381,0.729634,0.120814,0.008424,0.576934,0.5502
1998/10/28 0:00,0.58855,1.6163,0.652656,0.733353,0.120817,0.008465,0.576701,0.5476
1998/10/29 0:00,0.58635,1.61825,0.652997,0.732923,0.120815,0.008453,0.577284,0.54225
1998/10/30 0:00,0.58985,1.636,0.656685,0.738443,0.12082,0.008427,0.577884,0.54915
1998/10/31 0:00,0.58905,1.64045,0.653937,0.736513,0.120821,0.008427,0.576851,0.5476
1998/11/1 0:00,0.59005,1.6472,0.656469,0.737246,0.12082,0.008448,0.577868,0.54925
1998/11/2 0:00,0.58745,1.64935,0.654108,0.734916,0.120773,0.008377,0.575225,0.5454
1998/11/3 0:00,0.58515,1.6466,0.657592,0.732091,0.12082,0.008339,0.574911,0.54275
1998/11/4 0:00,0.58335,1.637,0.657073,0.730594,0.120773,0.008297,0.574086,0.542
1998/11/5 0:00,0.59155,1.64725,0.66011,0.741207,0.120773,0.008347,0.57549,0.54945
1998/11/6 0:00,0.58965,1.64135,0.657505,0.735294,0.120773,0.008331,0.574185,0.5479
1998/11/7 0:00,0.59175,1.63775,0.659239,0.73918,0.120773,0.008346,0.574713,0.54935
1998/11/8 0:00,0.58985,1.6321,0.656901,0.737626,0.120773,0.008305,0.572918,0.5498
1998/11/9 0:00,0.58915,1.6248,0.653894,0.7303,0.120812,0.008249,0.568893,0.54925
1998/11/10 0:00,0.59265,1.6205,0.654793,0.732628,0.120809,0.008277,0.570483,0.5522
1998/11/11 0:00,0.58875,1.6162,0.654151,0.730194,0.120809,0.008244,0.568602,0.5488
1998/11/12 0:00,0.59475,1.6223,0.658805,0.737817,0.120809,0.008301,0.570255,0.5541
1998/11/13 0:00,0.59215,1.6066,0.656383,0.728544,0.120809,0.008292,0.569606,0.5512
1998/11/14 0:00,0.58995,1.5988,0.657246,0.7282,0.120809,0.008318,0.569282,0.54935
1998/11/15 0:00,0.58975,1.5907,0.659152,0.726665,0.120809,0.008403,0.571363,0.5499
1998/11/16 0:00,0.59415,1.5971,0.661332,0.731261,0.120809,0.008415,0.571102,0.5532
1998/11/17 0:00,0.59875,1.5933,0.663966,0.736594,0.120809,0.008455,0.573378,0.5586
1998/11/18 0:00,0.59795,1.5771,0.665469,0.73078,0.120809,0.008447,0.573987,0.5586
1998/11/19 0:00,0.60485,1.588,0.670241,0.737681,0.120809,0.008485,0.575225,0.56555
1998/11/20 0:00,0.60545,1.5739,0.669523,0.73635,0.120809,0.008526,0.577117,0.5645
1998/11/21 0:00,0.60735,1.5821,0.669748,0.737844,0.120809,0.008543,0.576302,0.5657
1998/11/22 0:00,0.61175,1.57425,0.674082,0.738716,0.120809,0.008476,0.575573,0.5593
1998/11/23 0:00,0.61465,1.5786,0.673718,0.746882,0.120809,0.008504,0.575921,0.5619
1998/11/24 0:00,0.61265,1.5817,0.676224,0.746826,0.120809,0.008485,0.576153,0.5605
1998/11/25 0:00,0.61545,1.6013,0.679486,0.75188,0.120809,0.008526,0.577167,0.5645
1998/11/26 0:00,0.61335,1.6034,0.681896,0.749148,0.120811,0.008542,0.57607,0.5626
1998/11/27 0:00,0.61475,1.6016,0.68306,0.755002,0.120814,0.008562,0.57612,0.5594
1998/11/28 0:00,0.60335,1.6066,0.678979,0.752304,0.120817,0.008536,0.575209,0.55365
1998/11/29 0:00,0.59505,1.60035,0.673491,0.734835,0.120815,0.008426,0.570581,0.54685
1998/11/30 0:00,0.59405,1.566,0.678518,0.723223,0.120814,0.008415,0.566476,0.54835
1998/12/1 0:00,0.58945,1.5628,0.674127,0.718288,0.120812,0.008302,0.564239,0.5485
1998/12/2 0:00,0.59295,1.5645,0.675219,0.719839,0.120812,0.008307,0.566011,0.5533
1998/12/3 0:00,0.59525,1.5758,0.676178,0.723223,0.120811,0.008294,0.566428,0.5526
1998/12/4 0:00,0.60155,1.5646,0.683434,0.723249,0.120814,0.008335,0.565771,0.55035
1998/12/5 0:00,0.60325,1.5763,0.680828,0.733084,0.120815,0.008362,0.566316,0.5537
1998/12/6 0:00,0.60425,1.5831,0.681245,0.740631,0.120811,0.00848,0.566958,0.5547
1998/12/7 0:00,0.60605,1.5808,0.678426,0.740247,0.120812,0.008485,0.565451,0.55565
1998/12/8 0:00,0.60245,1.5674,0.680226,0.724795,0.120817,0.008408,0.564621,0.55225
1998/12/9 0:00,0.60175,1.572,0.678702,0.7249,0.120815,0.008372,0.562272,0.5483
1998/12/10 0:00,0.59785,1.5526,0.675767,0.716563,0.120814,0.008335,0.561514,0.5397
1998/12/11 0:00,0.60565,1.5631,0.682082,0.724743,0.120811,0.008328,0.560931,0.5481
1998/12/12 0:00,0.60685,1.5724,0.687427,0.720617,0.120812,0.00836,0.563253,0.5474
1998/12/13 0:00,0.60385,1.57105,0.688516,0.71736,0.120814,0.00829,0.561199,0.5457
1998/12/14 0:00,0.60495,1.5718,0.687758,0.720098,0.120811,0.00831,0.561766,0.54715
1998/12/15 0:00,0.60645,1.5704,0.690179,0.718288,0.120812,0.008315,0.561325,0.55245
1998/12/16 0:00,0.61465,1.5627,0.68738,0.720773,0.120815,0.008302,0.565931,0.55465
1998/12/17 0:00,0.61945,1.5764,0.69056,0.727961,0.120817,0.008328,0.563,0.5602
1998/12/18 0:00,0.61615,1.59375,0.691515,0.735673,0.120817,0.008334,0.560491,0.55545
1998/12/19 0:00,0.62285,1.595,0.694975,0.735402,0.120817,0.008373,0.563539,0.5596
1998/12/20 0:00,0.62675,1.5999,0.699643,0.737518,0.120815,0.008415,0.564016,0.5615
1998/12/21 0:00,0.63595,1.6064,0.710328,0.744103,0.120815,0.00843,0.571527,0.5673
1998/12/22 0:00,0.64275,1.6156,0.718184,0.755059,0.120817,0.00851,0.572967,0.57455
1998/12/23 0:00,0.63545,1.5962,0.714388,0.753125,0.120818,0.008574,0.575374,0.5673
1998/12/24 0:00,0.64175,1.602,0.716692,0.761325,0.12082,0.008543,0.574548,0.5744
1998/12/25 0:00,0.64645,1.60845,0.71958,0.764584,0.12082,0.008532,0.57549,0.57595
1998/12/26 0:00,0.64855,1.61035,0.719891,0.762718,0.120817,0.008546,0.577167,0.5795
1998/12/27 0:00,0.64835,1.609,0.720617,0.761383,0.120817,0.008581,0.576868,0.5764
1998/12/28 0:00,0.64565,1.6163,0.72722,0.757863,0.120818,0.008598,0.579609,0.5746
1998/12/29 0:00,0.64055,1.6212,0.723537,0.754575,0.12082,0.008579,0.581564,0.57105
1998/12/30 0:00,0.65265,1.62855,0.73244,0.76743,0.120817,0.008661,0.579357,0.5776
1998/12/31 0:00,0.65575,1.6324,0.738007,0.770832,0.12082,0.008536,0.578369,0.58505
1999/1/1 0:00,0.65865,1.6408,0.741785,0.774533,0.12082,0.00857,0.58008,0.5868
1999/1/2 0:00,0.65465,1.6348,0.736811,0.770179,0.120818,0.008504,0.579039,0.5809
1999/1/3 0:00,0.65605,1.6323,0.728332,0.770001,0.12082,0.008521,0.580552,0.58295
1999/1/4 0:00,0.65905,1.6367,0.727802,0.776096,0.120818,0.008559,0.580349,0.5845
1999/1/5 0:00,0.65895,1.6407,0.727431,0.774954,0.120818,0.008556,0.580349,0.58275
1999/1/6 0:00,0.66145,1.6415,0.7303,0.778271,0.120814,0.008571,0.581362,0.5862
1999/1/7 0:00,0.64925,1.6373,0.722335,0.770475,0.120817,0.008435,0.576203,0.5749
1999/1/8 0:00,0.65165,1.6525,0.729714,0.777907,0.120817,0.008457,0.579206,0.57735
1999/1/9 0:00,0.65305,1.6355,0.728438,0.770416,0.12082,0.00838,0.577234,0.5766
1999/1/10 0:00,0.65005,1.6265,0.728969,0.76646,0.12082,0.008366,0.576469,0.5754
1999/1/11 0:00,0.65755,1.6373,0.730567,0.769764,0.12082,0.00843,0.578135,0.5801
1999/1/12 0:00,0.66165,1.62875,0.732869,0.762573,0.120818,0.008386,0.579039,0.5808
1999/1/13 0:00,0.66365,1.63045,0.734862,0.758495,0.120817,0.008412,0.579609,0.5829
1999/1/14 0:00,0.66645,1.6602,0.745434,0.770594,0.120817,0.008494,0.582072,0.5784
1999/1/15 0:00,0.65615,1.64455,0.736214,0.759907,0.120817,0.00846,0.579962,0.5729
1999/1/16 0:00,0.65605,1.6518,0.733783,0.759359,0.12082,0.00849,0.577951,0.5744
1999/1/17 0:00,0.66295,1.6665,0.739645,0.763242,0.120817,0.008495,0.576834,0.5776
1999/1/18 0:00,0.66645,1.6678,0.741785,0.763417,0.120814,0.008498,0.575308,0.5793
1999/1/19 0:00,0.66855,1.6743,0.749794,0.770772,0.12082,0.00852,0.577951,0.5803
1999/1/20 0:00,0.66885,1.6801,0.745212,0.766607,0.120818,0.0085,0.578871,0.58315
1999/1/21 0:00,0.66965,1.6855,0.748167,0.764,0.12082,0.008467,0.579039,0.58505
1999/1/22 0:00,0.67365,1.679,0.748615,0.755801,0.12082,0.008485,0.577768,0.5851
1999/1/23 0:00,0.67255,1.6795,0.74217,0.759763,0.120817,0.008435,0.578001,0.58645
1999/1/24 0:00,0.66805,1.66375,0.735078,0.752842,0.120814,0.008438,0.575656,0.585
1999/1/25 0:00,0.66335,1.6666,0.736052,0.755116,0.120812,0.008487,0.574779,0.5867
1999/1/26 0:00,0.67065,1.66785,0.742446,0.748391,0.120809,0.008456,0.57169,0.5861
1999/1/27 0:00,0.66335,1.66185,0.73959,0.740521,0.120809,0.008375,0.569752,0.5787
1999/1/28 0:00,0.66785,1.6486,0.74239,0.74107,0.120811,0.008358,0.569557,0.5822
1999/1/29 0:00,0.67265,1.65525,0.74217,0.73959,0.120808,0.008351,0.56794,0.58725
1999/1/30 0:00,0.67715,1.66275,0.739372,0.744823,0.120809,0.008376,0.569265,0.59495
1999/1/31 0:00,0.68125,1.665,0.748447,0.744241,0.120809,0.008466,0.572082,0.59535
1999/2/1 0:00,0.68105,1.6686,0.748307,0.741235,0.120808,0.008462,0.571216,0.59585
1999/2/2 0:00,0.67875,1.6672,0.746157,0.741592,0.120808,0.008469,0.571216,0.59485
1999/2/3 0:00,0.66085,1.6352,0.733138,0.730807,0.120811,0.008463,0.569655,0.59085
1999/2/4 0:00,0.65775,1.63785,0.727855,0.735564,0.120808,0.008487,0.572836,0.5884
1999/2/5 0:00,0.65935,1.6141,0.727882,0.727961,0.120815,0.008495,0.569768,0.58925
1999/2/6 0:00,0.65075,1.5929,0.718907,0.721865,0.120814,0.008483,0.56844,0.5796
1999/2/7 0:00,0.65445,1.5982,0.720383,0.72685,0.120817,0.008458,0.569136,0.5832
1999/2/8 0:00,0.65175,1.59685,0.715256,0.730087,0.120815,0.008421,0.567376,0.5805
1999/2/9 0:00,0.64665,1.5786,0.710177,0.733192,0.120817,0.008426,0.568085,0.5727
1999/2/10 0:00,0.65135,1.5983,0.711212,0.737599,0.12082,0.008433,0.569152,0.5746
1999/2/11 0:00,0.65085,1.59535,0.705716,0.733568,0.120817,0.008409,0.569184,0.57445
1999/2/12 0:00,0.66045,1.60695,0.715717,0.743108,0.120815,0.008416,0.570255,0.58185
1999/2/13 0:00,0.66545,1.6136,0.717154,0.742198,0.120814,0.008403,0.571919,0.5865
1999/2/14 0:00,0.66295,1.6194,0.723746,0.74355,0.120808,0.008416,0.572639,0.5883
1999/2/15 0:00,0.66315,1.6255,0.721501,0.742942,0.120809,0.008372,0.571298,0.5872
1999/2/16 0:00,0.66275,1.6234,0.721293,0.739208,0.120808,0.008338,0.569801,0.5882
1999/2/17 0:00,0.65165,1.6175,0.714337,0.733353,0.120812,0.008315,0.569233,0.5828
1999/2/18 0:00,0.64915,1.6101,0.711491,0.72998,0.120811,0.008295,0.568343,0.583
1999/2/19 0:00,0.65085,1.611,0.715052,0.733487,0.120814,0.008318,0.568085,0.5864
1999/2/20 0:00,0.64755,1.6104,0.712251,0.74195,0.120809,0.008305,0.56802,0.5835
1999/2/21 0:00,0.64865,1.6164,0.71495,0.74217,0.120809,0.008344,0.566958,0.5833
1999/2/22 0:00,0.64785,1.6096,0.711997,0.738934,0.120812,0.008313,0.566926,0.5789
1999/2/23 0:00,0.65155,1.6186,0.717875,0.740604,0.120811,0.008405,0.569249,0.58035
1999/2/24 0:00,0.65125,1.6011,0.717283,0.73373,0.120814,0.008404,0.569022,0.5823
1999/2/25 0:00,0.65695,1.6022,0.722335,0.730247,0.120817,0.008425,0.569801,0.5872
1999/2/26 0:00,0.65835,1.6073,0.724848,0.73185,0.120815,0.008391,0.570028,0.5891
1999/2/27 0:00,0.65695,1.6026,0.717772,0.728067,0.120817,0.008397,0.571919,0.5869
1999/2/28 0:00,0.65995,1.5965,0.721266,0.728916,0.12082,0.008391,0.571396,0.5898
1999/3/1 0:00,0.65735,1.5893,0.718546,0.720254,0.12082,0.008375,0.571429,0.5856
1999/3/2 0:00,0.65615,1.58765,0.716332,0.720461,0.120821,0.008452,0.572246,0.58435
1999/3/3 0:00,0.66025,1.5943,0.712962,0.71541,0.12082,0.008463,0.574548,0.5895
1999/3/4 0:00,0.65345,1.5784,0.711187,0.712454,0.120823,0.008485,0.575374,0.58535
1999/3/5 0:00,0.65225,1.5743,0.713089,0.706414,0.120823,0.008499,0.570174,0.5864
1999/3/6 0:00,0.63785,1.5695,0.712301,0.704672,0.120817,0.008511,0.5712,0.566
1999/3/7 0:00,0.64085,1.5778,0.716949,0.706914,0.120814,0.008521,0.570174,0.572
1999/3/8 0:00,0.64745,1.5772,0.721657,0.714388,0.120814,0.008569,0.570499,0.5782
1999/3/9 0:00,0.64745,1.57855,0.722465,0.715001,0.120814,0.008564,0.570499,0.5782
1999/3/10 0:00,0.64365,1.5703,0.724559,0.711769,0.120817,0.008568,0.570353,0.5742
1999/3/11 0:00,0.63705,1.56805,0.717875,0.704622,0.120815,0.008584,0.569395,0.5654
1999/3/12 0:00,0.64005,1.57135,0.724165,0.706065,0.12082,0.008623,0.569898,0.5688
1999/3/13 0:00,0.64835,1.58895,0.729315,0.724113,0.120817,0.008555,0.570369,0.5741
1999/3/14 0:00,0.64845,1.583,0.727379,0.718907,0.120817,0.00856,0.568634,0.5766
1999/3/15 0:00,0.65675,1.5916,0.731368,0.722961,0.120817,0.008538,0.571396,0.58225
1999/3/16 0:00,0.66325,1.59845,0.730834,0.721657,0.120811,0.008581,0.571102,0.5858
1999/3/17 0:00,0.66535,1.6094,0.731716,0.725163,0.120809,0.008616,0.570125,0.58395
1999/3/18 0:00,0.68055,1.648,0.744851,0.735024,0.120812,0.008909,0.577201,0.59805
1999/3/19 0:00,0.67835,1.6484,0.740192,0.738934,0.120812,0.008921,0.577768,0.5962
1999/3/20 0:00,0.67285,1.65705,0.737572,0.742115,0.120812,0.008979,0.577968,0.5887
1999/3/21 0:00,0.6786,1.6667,0.740083,0.756086,0.120817,0.009033,0.578469,0.5914
1999/3/22 0:00,0.6843,1.6722,0.742501,0.759965,0.120815,0.009068,0.579072,0.59695
1999/3/23 0:00,0.68425,1.6699,0.746213,0.758898,0.120815,0.009034,0.57971,0.59815
1999/3/24 0:00,0.69005,1.66145,0.752021,0.760167,0.120817,0.009102,0.581125,0.59725
1999/3/25 0:00,0.6901,1.6631,0.748167,0.757002,0.120815,0.00916,0.580383,0.6009
1999/3/26 0:00,0.69265,1.66455,0.757576,0.762428,0.120817,0.00922,0.580636,0.60005
1999/3/27 0:00,0.69025,1.6653,0.757461,0.756401,0.12082,0.009218,0.580467,0.59705
1999/3/28 0:00,0.69065,1.6728,0.754945,0.758725,0.120821,0.00919,0.575407,0.59615
1999/3/29 0:00,0.6888,1.6683,0.754148,0.75092,0.120821,0.009124,0.574713,0.594
1999/3/30 0:00,0.69175,1.6802,0.761325,0.755173,0.120823,0.009151,0.575606,0.59635
1999/3/31 0:00,0.692,1.6755,0.758725,0.750019,0.120823,0.009118,0.57554,0.59575
1999/4/1 0:00,0.69255,1.6737,0.756544,0.752021,0.120823,0.009061,0.572902,0.5973
1999/4/2 0:00,0.69985,1.67335,0.761006,0.75123,0.120824,0.00913,0.574614,0.6037
1999/4/3 0:00,0.69985,1.695,0.764701,0.761383,0.120823,0.009126,0.573493,0.6087
1999/4/4 0:00,0.6993,1.69375,0.764584,0.76063,0.12082,0.009153,0.574152,0.6102
1999/4/5 0:00,0.70485,1.6953,0.763475,0.758956,0.120821,0.009212,0.573017,0.61205
1999/4/6 0:00,0.70315,1.6918,0.762195,0.756201,0.120821,0.009237,0.573033,0.61025
1999/4/7 0:00,0.70455,1.7012,0.76266,0.752106,0.120823,0.00924,0.575705,0.61305
1999/4/8 0:00,0.70755,1.7007,0.763534,0.754375,0.120821,0.009238,0.577001,0.61295
1999/4/9 0:00,0.7074,1.6956,0.757404,0.74638,0.120823,0.009106,0.574927,0.6128
1999/4/10 0:00,0.69905,1.6802,0.748783,0.73524,0.120823,0.008998,0.572935,0.6093
1999/4/11 0:00,0.70255,1.6793,0.751399,0.734107,0.120821,0.009122,0.573789,0.6128
1999/4/12 0:00,0.7083,1.6743,0.750188,0.728863,0.120821,0.009103,0.574548,0.61545
1999/4/13 0:00,0.70655,1.669,0.747328,0.726322,0.120818,0.009066,0.574185,0.61265
1999/4/14 0:00,0.7099,1.67325,0.755458,0.731582,0.120817,0.00913,0.574779,0.61775
1999/4/15 0:00,0.71685,1.6735,0.76333,0.73185,0.120817,0.009256,0.576784,0.6218
1999/4/16 0:00,0.716,1.6666,0.76176,0.735348,0.120818,0.009202,0.576469,0.6263
1999/4/17 0:00,0.71745,1.673,0.767577,0.739919,0.120817,0.00919,0.577667,0.62655
1999/4/18 0:00,0.7203,1.6866,0.769882,0.747887,0.120817,0.009249,0.579878,0.6299
1999/4/19 0:00,0.72055,1.6878,0.766842,0.753551,0.120817,0.009236,0.581547,0.63
1999/4/20 0:00,0.7164,1.6914,0.766812,0.757978,0.120818,0.009151,0.580248,0.6298
1999/4/21 0:00,0.72125,1.6998,0.766842,0.764789,0.120821,0.009248,0.581801,0.63435
1999/4/22 0:00,0.72145,1.6981,0.767195,0.767224,0.120821,0.009153,0.583976,0.63905
1999/4/23 0:00,0.7215,1.7021,0.766636,0.768521,0.120818,0.009152,0.581632,0.6397
1999/4/24 0:00,0.72415,1.70405,0.770001,0.77006,0.120817,0.009202,0.580316,0.6407
1999/4/25 0:00,0.71695,1.6958,0.757805,0.758265,0.120815,0.009148,0.581024,0.6374
1999/4/26 0:00,0.7196,1.6983,0.758553,0.75933,0.120817,0.009116,0.579945,0.6396
1999/4/27 0:00,0.7234,1.7113,0.766342,0.772977,0.120814,0.009165,0.580501,0.641
1999/4/28 0:00,0.72445,1.7211,0.769556,0.775795,0.120817,0.009117,0.579794,0.6401
1999/4/29 0:00,0.72735,1.7193,0.766812,0.770386,0.120814,0.009136,0.58003,0.64415
1999/4/30 0:00,0.73215,1.72975,0.770713,0.777122,0.120814,0.009198,0.58003,0.64615
1999/5/1 0:00,0.73445,1.7214,0.761847,0.775825,0.120817,0.009244,0.583158,0.6445
1999/5/2 0:00,0.7367,1.7302,0.766401,0.784498,0.120818,0.009285,0.581818,0.64555
1999/5/3 0:00,0.74025,1.7336,0.770802,0.789079,0.120815,0.009313,0.584283,0.64745
1999/5/4 0:00,0.73955,1.74305,0.766254,0.789983,0.120815,0.009317,0.583942,0.64705
1999/5/5 0:00,0.74035,1.74475,0.765257,0.789359,0.120817,0.009226,0.583124,0.64815
1999/5/6 0:00,0.73595,1.74255,0.753154,0.782993,0.120815,0.009238,0.582547,0.64405
1999/5/7 0:00,0.74145,1.7454,0.759936,0.789422,0.120815,0.009276,0.584027,0.6492
1999/5/8 0:00,0.74275,1.7447,0.760254,0.791202,0.120814,0.009289,0.585069,0.6479
1999/5/9 0:00,0.74385,1.75545,0.753949,0.793777,0.120815,0.0093,0.585926,0.65155
1999/5/10 0:00,0.74065,1.76135,0.751512,0.796337,0.120818,0.009316,0.585035,0.648
1999/5/11 0:00,0.73905,1.77135,0.751936,0.799105,0.120818,0.009284,0.585377,0.64635
1999/5/12 0:00,0.73655,1.76895,0.751767,0.798531,0.120817,0.009274,0.585652,0.6438
1999/5/13 0:00,0.73325,1.7647,0.751371,0.796052,0.120818,0.009302,0.585086,0.64195
1999/5/14 0:00,0.73615,1.7637,0.757146,0.794502,0.120818,0.009308,0.585532,0.63995
1999/5/15 0:00,0.7433,1.77345,0.762864,0.800737,0.120818,0.009351,0.587561,0.65005
1999/5/16 0:00,0.7512,1.78355,0.771843,0.804441,0.120821,0.009312,0.58827,0.6551
1999/5/17 0:00,0.76055,1.7961,0.777726,0.811557,0.120818,0.009354,0.58827,0.6622
1999/5/18 0:00,0.76775,1.8066,0.77991,0.810406,0.120817,0.009418,0.58898,0.67105
1999/5/19 0:00,0.7712,1.82355,0.778755,0.813306,0.120815,0.009417,0.588945,0.67425
1999/5/20 0:00,0.76845,1.81995,0.775524,0.806614,0.120814,0.009416,0.589866,0.67085
1999/5/21 0:00,0.77795,1.84585,0.785855,0.819034,0.120817,0.009378,0.591226,0.68295
1999/5/22 0:00,0.77905,1.8502,0.784406,0.81696,0.120817,0.009398,0.591174,0.6841
1999/5/23 0:00,0.77795,1.8435,0.785824,0.817829,0.12082,0.009414,0.590023,0.6821
1999/5/24 0:00,0.77435,1.8335,0.776036,0.811655,0.12082,0.009417,0.58997,0.6761
1999/5/25 0:00,0.76965,1.8252,0.77241,0.8036,0.120821,0.009418,0.588547,0.67075
1999/5/26 0:00,0.75745,1.79865,0.768256,0.788955,0.120821,0.009387,0.58763,0.6591
1999/5/27 0:00,0.76775,1.8191,0.774863,0.800993,0.120817,0.009336,0.58584,0.6656
1999/5/28 0:00,0.77255,1.8314,0.769704,0.806842,0.120815,0.00935,0.589136,0.67265
1999/5/29 0:00,0.77905,1.8427,0.770802,0.809651,0.120815,0.009425,0.591017,0.67735
1999/5/30 0:00,0.77625,1.82965,0.763068,0.805023,0.120815,0.00945,0.590458,0.67505
1999/5/31 0:00,0.7793,1.82545,0.765961,0.805834,0.120815,0.009465,0.590354,0.6782
1999/6/1 0:00,0.77015,1.81675,0.7527,0.79526,0.120815,0.009413,0.589136,0.67555
1999/6/2 0:00,0.7595,1.81445,0.750413,0.793053,0.120817,0.009438,0.586923,0.66955
1999/6/3 0:00,0.7561,1.8173,0.746324,0.791515,0.120817,0.009467,0.590214,0.6727
1999/6/4 0:00,0.76235,1.83315,0.750582,0.799776,0.120814,0.009478,0.590284,0.6838
1999/6/5 0:00,0.76155,1.8337,0.747943,0.799105,0.120812,0.009446,0.590877,0.68665
1999/6/6 0:00,0.7672,1.8439,0.7527,0.805477,0.120812,0.009459,0.593542,0.68945
1999/6/7 0:00,0.77955,1.8711,0.751343,0.808963,0.120814,0.009478,0.596605,0.69955
1999/6/8 0:00,0.78635,1.8846,0.75792,0.811787,0.120815,0.009477,0.598552,0.7006
1999/6/9 0:00,0.78905,1.8917,0.757949,0.812513,0.120814,0.00949,0.597336,0.69945
1999/6/10 0:00,0.7899,1.8842,0.759647,0.80782,0.120817,0.009482,0.598015,0.70145
1999/6/11 0:00,0.79215,1.8896,0.760341,0.810406,0.120814,0.009483,0.597336,0.70625
1999/6/12 0:00,0.79845,1.90445,0.762951,0.814664,0.120817,0.009463,0.5973,0.70955
1999/6/13 0:00,0.78905,1.8859,0.755344,0.804473,0.120817,0.00936,0.59577,0.7
1999/6/14 0:00,0.79105,1.89525,0.752814,0.805542,0.120815,0.009331,0.593683,0.70035
1999/6/15 0:00,0.77065,1.86525,0.748783,0.795102,0.120814,0.009218,0.589431,0.68105
1999/6/16 0:00,0.78105,1.89165,0.752927,0.807168,0.120815,0.009248,0.592066,0.692
1999/6/17 0:00,0.7721,1.8719,0.749148,0.793714,0.120817,0.009175,0.590214,0.68775
1999/6/18 0:00,0.77125,1.86145,0.74499,0.788924,0.120817,0.009121,0.587165,0.68735
1999/6/19 0:00,0.7733,1.8684,0.7494,0.792958,0.120818,0.009172,0.58898,0.68635
1999/6/20 0:00,0.77415,1.8689,0.747803,0.788986,0.12082,0.009178,0.587699,0.69065
1999/6/21 0:00,0.76305,1.84005,0.744574,0.771962,0.12082,0.00908,0.585446,0.681
1999/6/22 0:00,0.75045,1.8287,0.746742,0.771962,0.12082,0.009084,0.584232,0.6707
1999/6/23 0:00,0.75085,1.8227,0.750497,0.773276,0.120817,0.009002,0.582717,0.6676
1999/6/24 0:00,0.7604,1.8482,0.75706,0.784529,0.120812,0.008926,0.581903,0.67555
1999/6/25 0:00,0.75975,1.8508,0.758236,0.784899,0.120821,0.008992,0.586786,0.6779
1999/6/26 0:00,0.75875,1.82715,0.755344,0.779879,0.120821,0.008973,0.585686,0.6765
1999/6/27 0:00,0.73845,1.81,0.757088,0.786937,0.120814,0.009016,0.58471,0.64835
1999/6/28 0:00,0.73045,1.7995,0.748811,0.780884,0.120815,0.009032,0.582581,0.64265
1999/6/29 0:00,0.73605,1.8048,0.749092,0.78376,0.120812,0.009066,0.585995,0.6461
1999/6/30 0:00,0.74215,1.8136,0.749766,0.782473,0.120812,0.009185,0.587372,0.65055
1999/7/1 0:00,0.74045,1.8173,0.747049,0.783331,0.120811,0.009232,0.58846,0.64965
1999/7/2 0:00,0.75175,1.83575,0.753239,0.795292,0.12082,0.009358,0.591716,0.6601
1999/7/3 0:00,0.7491,1.8336,0.750525,0.788644,0.120814,0.009367,0.591191,0.65505
1999/7/4 0:00,0.75345,1.84685,0.749822,0.79545,0.120812,0.009362,0.592136,0.6631
1999/7/5 0:00,0.7478,1.82555,0.745935,0.784406,0.120814,0.009418,0.591733,0.65395
1999/7/6 0:00,0.73785,1.80655,0.751908,0.781097,0.120815,0.00942,0.591821,0.645
1999/7/7 0:00,0.7513,1.8225,0.764205,0.781555,0.120815,0.009447,0.593401,0.6553
1999/7/8 0:00,0.75345,1.82685,0.765433,0.780488,0.120815,0.009464,0.594001,0.65705
1999/7/9 0:00,0.763301,1.82685,0.765433,0.780488,0.120815,0.009464,0.594001,0.65705
1999/7/10 0:00,0.76805,1.85755,0.765316,0.791484,0.120818,0.009646,0.598301,0.6691
1999/7/11 0:00,0.75545,1.8283,0.760109,0.773754,0.120818,0.009596,0.597997,0.6558
1999/7/12 0:00,0.75295,1.8228,0.760745,0.766078,0.120818,0.009513,0.595026,0.65015
1999/7/13 0:00,0.76145,1.84305,0.76266,0.777242,0.120818,0.009456,0.594177,0.657
1999/7/14 0:00,0.76855,1.8384,0.751965,0.778847,0.120818,0.009511,0.60051,0.66395
1999/7/15 0:00,0.75015,1.8163,0.749822,0.768965,0.120818,0.00935,0.597907,0.64965
1999/7/16 0:00,0.7353,1.791,0.743716,0.770861,0.120814,0.009199,0.594813,0.63565
1999/7/17 0:00,0.74045,1.78855,0.743522,0.771784,0.120815,0.00923,0.595912,0.63785
1999/7/18 0:00,0.7451,1.7983,0.743467,0.774954,0.120818,0.009281,0.594972,0.64095
1999/7/19 0:00,0.74595,1.80835,0.743494,0.775314,0.12082,0.009221,0.595026,0.6438
1999/7/20 0:00,0.73225,1.78545,0.736865,0.762166,0.12082,0.009192,0.594036,0.6291
1999/7/21 0:00,0.73055,1.77505,0.735916,0.761905,0.120818,0.009145,0.591366,0.6215
1999/7/22 0:00,0.73525,1.77555,0.737354,0.763884,0.120817,0.009135,0.589588,0.6283
1999/7/23 0:00,0.7361,1.792,0.7397,0.770297,0.12082,0.009136,0.589692,0.63135
1999/7/24 0:00,0.7205,1.7769,0.727696,0.771903,0.120815,0.009067,0.588305,0.62565
1999/7/25 0:00,0.72025,1.77095,0.728438,0.76861,0.120815,0.009064,0.586958,0.6247
1999/7/26 0:00,0.7309,1.79635,0.729049,0.78061,0.120815,0.00914,0.590528,0.6332
1999/7/27 0:00,0.73225,1.79145,0.728651,0.784252,0.120815,0.009187,0.592979,0.63675
1999/7/28 0:00,0.72285,1.79535,0.726586,0.778119,0.120815,0.009092,0.591331,0.6299
1999/7/29 0:00,0.71785,1.79155,0.725268,0.777091,0.120815,0.009057,0.591156,0.62675
1999/7/30 0:00,0.6961,1.7748,0.719787,0.769556,0.120818,0.00881,0.580619,0.6055
1999/7/31 0:00,0.6975,1.75665,0.721735,0.771218,0.120812,0.008856,0.581531,0.60655
1999/8/1 0:00,0.69905,1.77305,0.720617,0.772618,0.120812,0.008855,0.581395,0.6132
1999/8/2 0:00,0.68705,1.761,0.717592,0.767607,0.120814,0.008729,0.579005,0.59835
1999/8/3 0:00,0.69185,1.76055,0.719399,0.771694,0.120814,0.008756,0.578955,0.60455
1999/8/4 0:00,0.68635,1.76925,0.715768,0.783607,0.120814,0.008747,0.579408,0.599
1999/8/5 0:00,0.6873,1.7679,0.719502,0.779666,0.120815,0.008754,0.579139,0.59955
1999/8/6 0:00,0.69625,1.7838,0.726744,0.782748,0.120818,0.008845,0.582649,0.60725
1999/8/7 0:00,0.69925,1.7885,0.728863,0.780427,0.120815,0.008915,0.583431,0.60955
1999/8/8 0:00,0.6972,1.7894,0.729954,0.781891,0.120815,0.008856,0.582683,0.6079
1999/8/9 0:00,0.70795,1.8105,0.728969,0.785978,0.120818,0.008939,0.583976,0.6171
1999/8/10 0:00,0.70755,1.8145,0.73006,0.786318,0.120818,0.008939,0.584095,0.62145
1999/8/11 0:00,0.714,1.835,0.734322,0.80032,0.120818,0.00907,0.586166,0.63065
1999/8/12 0:00,0.71655,1.8334,0.73408,0.79818,0.120818,0.009141,0.588998,0.6339
1999/8/13 0:00,0.7058,1.83975,0.730914,0.801796,0.120821,0.009035,0.586029,0.62665
1999/8/14 0:00,0.68915,1.8399,0.733783,0.799361,0.12082,0.009012,0.584864,0.61695
1999/8/15 0:00,0.6984,1.8411,0.740933,0.80782,0.120821,0.00901,0.584693,0.62495
1999/8/16 0:00,0.70585,1.8409,0.742859,0.808277,0.120821,0.00912,0.587027,0.6322
1999/8/17 0:00,0.7009,1.8386,0.7414,0.807755,0.120821,0.009121,0.586029,0.628
1999/8/18 0:00,0.68965,1.8291,0.735673,0.796749,0.120821,0.009061,0.583465,0.6198
1999/8/19 0:00,0.6966,1.8413,0.735835,0.802955,0.12082,0.00915,0.583805,0.63415
1999/8/20 0:00,0.68735,1.8124,0.727299,0.796083,0.120823,0.009005,0.581971,0.6245
1999/8/21 0:00,0.69705,1.8325,0.730353,0.800769,0.120823,0.009133,0.583771,0.6378
1999/8/22 0:00,0.68725,1.8282,0.726137,0.789048,0.120823,0.009087,0.581598,0.62935
1999/8/23 0:00,0.68305,1.8348,0.728943,0.798563,0.120823,0.009123,0.582276,0.6223
1999/8/24 0:00,0.68945,1.8389,0.733353,0.803955,0.120823,0.009194,0.58214,0.62765
1999/8/25 0:00,0.6904,1.83195,0.732252,0.802407,0.120823,0.00918,0.580956,0.62935
1999/8/26 0:00,0.68765,1.8205,0.736187,0.800384,0.120823,0.009154,0.58045,0.62775
1999/8/27 0:00,0.68775,1.8164,0.73551,0.798276,0.120821,0.009217,0.581531,0.62445
1999/8/28 0:00,0.70045,1.8251,0.743799,0.803665,0.120823,0.009338,0.58401,0.63515
1999/8/29 0:00,0.69985,1.8264,0.741015,0.801892,0.120821,0.009297,0.585497,0.63605
1999/8/30 0:00,0.69955,1.8297,0.741427,0.800032,0.120823,0.009265,0.584454,0.64135
1999/8/31 0:00,0.69065,1.8064,0.743633,0.789515,0.120823,0.009237,0.583022,0.6306
1999/9/1 0:00,0.69775,1.8195,0.749906,0.799808,0.120823,0.00919,0.581971,0.63595
1999/9/2 0:00,0.70525,1.8207,0.75092,0.800096,0.120821,0.00922,0.583124,0.6407
1999/9/3 0:00,0.71265,1.83315,0.756945,0.812513,0.120823,0.009228,0.584351,0.6473
1999/9/4 0:00,0.71255,1.8282,0.754091,0.808865,0.12082,0.00916,0.582513,0.6474
1999/9/5 0:00,0.71345,1.8412,0.752955,0.808473,0.12082,0.009132,0.582751,0.64955
1999/9/6 0:00,0.72275,1.8549,0.75663,0.815195,0.12082,0.009208,0.585583,0.6558
1999/9/7 0:00,0.72025,1.8496,0.759273,0.816627,0.120818,0.009179,0.585823,0.65605
1999/9/8 0:00,0.72335,1.86035,0.759013,0.817661,0.120818,0.009262,0.587648,0.65715
1999/9/9 0:00,0.72715,1.8615,0.75861,0.816293,0.12082,0.009241,0.589727,0.66075
1999/9/10 0:00,0.72485,1.8579,0.756115,0.812942,0.12082,0.009236,0.588616,0.65845
1999/9/11 0:00,0.72395,1.8569,0.756372,0.813537,0.120821,0.009162,0.587303,0.6528
1999/9/12 0:00,0.72275,1.8531,0.755515,0.808636,0.120821,0.009108,0.585823,0.65085
1999/9/13 0:00,0.73215,1.8725,0.762602,0.815727,0.120823,0.009195,0.588235,0.6592
1999/9/14 0:00,0.73235,1.86805,0.765169,0.8141,0.120823,0.009237,0.588235,0.656
1999/9/15 0:00,0.72735,1.85095,0.761383,0.80331,0.120821,0.009219,0.586029,0.65245
1999/9/16 0:00,0.71525,1.841,0.756687,0.800224,0.120823,0.009106,0.582819,0.64015
1999/9/17 0:00,0.71295,1.84185,0.759244,0.799904,0.120823,0.009105,0.581937,0.6408
1999/9/18 0:00,0.70875,1.83195,0.75706,0.789266,0.120823,0.009078,0.579845,0.63535
1999/9/19 0:00,0.7092,1.84075,0.750469,0.790889,0.120821,0.009094,0.580552,0.6359
1999/9/20 0:00,0.69995,1.8217,0.750525,0.783914,0.120821,0.009016,0.579509,0.628
1999/9/21 0:00,0.69775,1.82425,0.752191,0.783699,0.12082,0.008953,0.578905,0.62915
1999/9/22 0:00,0.69915,1.8165,0.754802,0.781067,0.120818,0.008924,0.579609,0.63345
1999/9/23 0:00,0.70265,1.8218,0.750835,0.780153,0.120818,0.008972,0.581767,0.6367
1999/9/24 0:00,0.70275,1.82395,0.750751,0.781311,0.120817,0.009017,0.582479,0.63905
1999/9/25 0:00,0.70275,1.82395,0.750751,0.781311,0.120817,0.009017,0.582479,0.63905
1999/9/26 0:00,0.70295,1.82145,0.758294,0.780396,0.120817,0.008988,0.580889,0.6431
1999/9/27 0:00,0.70405,1.82565,0.759763,0.783546,0.120817,0.009003,0.580551,0.64535
1999/9/28 0:00,0.70315,1.82325,0.75884,0.784037,0.120818,0.008944,0.580046,0.6433
1999/9/29 0:00,0.714,1.8433,0.762776,0.799744,0.120818,0.009056,0.58214,0.65315
1999/9/30 0:00,0.71535,1.84125,0.758438,0.797416,0.120818,0.009035,0.582751,0.65275
1999/10/1 0:00,0.71255,1.8284,0.75749,0.793336,0.120817,0.00899,0.582768,0.65145
1999/10/2 0:00,0.71415,1.8303,0.754489,0.793053,0.120818,0.009029,0.584044,0.6548
1999/10/3 0:00,0.71425,1.8236,0.750863,0.795798,0.120818,0.009017,0.58309,0.65725
1999/10/4 0:00,0.71695,1.8441,0.763942,0.807624,0.12082,0.009046,0.584044,0.66515
1999/10/5 0:00,0.71845,1.84,0.765521,0.805964,0.12082,0.00905,0.583431,0.66485
1999/10/6 0:00,0.71555,1.82785,0.764848,0.803923,0.120821,0.0091,0.583771,0.66375
1999/10/7 0:00,0.71535,1.82405,0.766665,0.803406,0.120821,0.009142,0.583771,0.6634
1999/10/8 0:00,0.72435,1.8317,0.771367,0.804602,0.12082,0.009141,0.585138,0.6718
1999/10/9 0:00,0.72385,1.82055,0.770713,0.79968,0.120821,0.009157,0.583942,0.673
1999/10/10 0:00,0.71355,1.80795,0.764584,0.787371,0.120821,0.009107,0.58483,0.6626
1999/10/11 0:00,0.70475,1.79255,0.765257,0.785639,0.120821,0.009117,0.583942,0.64725
1999/10/12 0:00,0.70575,1.79655,0.766342,0.785453,0.120823,0.009079,0.583839,0.6503
1999/10/13 0:00,0.70315,1.79685,0.764409,0.785453,0.120823,0.009118,0.58326,0.6515
1999/10/14 0:00,0.699252,1.7956,0.758869,0.781555,0.120821,0.009103,0.583294,0.64965
1999/10/15 0:00,0.69925,1.7956,0.758869,0.781555,0.120821,0.009103,0.583294,0.64965
1999/10/16 0:00,0.70445,1.80185,0.762079,0.789546,0.120823,0.00916,0.584624,0.65555
1999/10/17 0:00,0.70025,1.7919,0.764321,0.792424,0.120823,0.009134,0.586579,0.65335
1999/10/18 0:00,0.69615,1.79,0.769083,0.792896,0.120821,0.009132,0.587061,0.64675
1999/10/19 0:00,0.69095,1.7744,0.768994,0.78703,0.120821,0.009044,0.587061,0.64685
1999/10/20 0:00,0.69405,1.78365,0.769764,0.788302,0.120823,0.009113,0.587579,0.64825
1999/10/21 0:00,0.69245,1.7745,0.775855,0.787805,0.120821,0.009141,0.58827,0.64605
1999/10/22 0:00,0.692449,1.7745,0.775855,0.787805,0.120821,0.009141,0.58827,0.646049
1999/10/23 0:00,0.68915,1.78855,0.77679,0.79425,0.12082,0.009135,0.588928,0.65305
1999/10/24 0:00,0.69645,1.7979,0.775194,0.796337,0.120823,0.00914,0.589206,0.6562
1999/10/25 0:00,0.69935,1.79845,0.768846,0.795197,0.120823,0.009109,0.590615,0.65965
1999/10/26 0:00,0.70235,1.7984,0.773635,0.794565,0.120821,0.009128,0.591821,0.66145
1999/10/27 0:00,0.69515,1.77705,0.771426,0.787557,0.12082,0.009093,0.591121,0.65725
1999/10/28 0:00,0.69845,1.7932,0.774923,0.788488,0.120823,0.009121,0.592207,0.66015
1999/10/29 0:00,0.69795,1.79235,0.770743,0.788115,0.120821,0.009098,0.591751,0.65995
1999/10/30 0:00,0.777821,1.985218,0.858431,0.881018,0.133506,0.010066,0.591716,0.733665
1999/10/31 0:00,0.70395,1.79675,0.77691,0.797321,0.120823,0.00911,0.592101,0.66395
1999/11/1 0:00,0.70585,1.792,0.778665,0.791609,0.120823,0.009048,0.590772,0.66205
1999/11/2 0:00,0.71355,1.7973,0.781311,0.793242,0.120823,0.009024,0.590179,0.66645
1999/11/3 0:00,0.71205,1.80615,0.783546,0.793367,0.120823,0.009038,0.591681,0.66605
1999/11/4 0:00,0.71395,1.8096,0.786287,0.793367,0.120823,0.008988,0.590807,0.66635
1999/11/5 0:00,0.71795,1.8137,0.786473,0.794029,0.120823,0.00898,0.589449,0.67015
1999/11/6 0:00,0.71685,1.8001,0.787185,0.794092,0.120823,0.009013,0.591401,0.66975
1999/11/7 0:00,0.717927,1.813565,0.786473,0.794029,0.120823,0.00898,0.589449,0.670151
1999/11/8 0:00,0.716846,1.80018,0.787216,0.794092,0.109292,0.009013,0.591401,0.669748
1999/11/9 0:00,0.721652,1.78715,0.785238,0.790608,0.120823,0.009024,0.593331,0.671001
1999/11/10 0:00,0.72385,1.78225,0.792833,0.792299,0.120823,0.008991,0.593401,0.6735
1999/11/11 0:00,0.723851,1.782213,0.792833,0.792267,0.120823,0.008991,0.593401,0.673491
1999/11/12 0:00,0.72815,1.7853,0.79447,0.794786,0.120823,0.009045,0.593754,0.67735
1999/11/13 0:00,0.73345,1.79875,0.797544,0.799361,0.120824,0.009145,0.594849,0.6822
1999/11/14 0:00,0.72935,1.7915,0.795229,0.795672,0.120824,0.009097,0.593331,0.6779
1999/11/15 0:00,0.72305,1.79355,0.794439,0.797512,0.120824,0.009107,0.593296,0.6764
1999/11/16 0:00,0.72855,1.79715,0.795672,0.803439,0.120824,0.009118,0.594036,0.68065
1999/11/17 0:00,0.73135,1.80455,0.797162,0.811359,0.120824,0.009158,0.595841,0.68635
1999/11/18 0:00,0.72525,1.79795,0.795798,0.811886,0.120824,0.009151,0.595841,0.68505
1999/11/19 0:00,0.72675,1.8045,0.794407,0.813339,0.120824,0.009231,0.597443,0.68505
1999/11/20 0:00,0.73605,1.8171,0.802987,0.818632,0.120824,0.009275,0.597889,0.6913
1999/11/21 0:00,0.73695,1.8271,0.804376,0.821254,0.120824,0.009306,0.597693,0.6925
1999/11/22 0:00,0.74175,1.8306,0.811326,0.828775,0.120824,0.009318,0.600168,0.69705
1999/11/23 0:00,0.74715,1.8418,0.819001,0.835666,0.120824,0.009374,0.600853,0.7005
1999/11/24 0:00,0.74585,1.83385,0.815927,0.831808,0.120824,0.009368,0.601323,0.6969
1999/11/25 0:00,0.74465,1.82785,0.816127,0.828295,0.120824,0.009398,0.601034,0.68635
1999/11/26 0:00,0.74575,1.8298,0.817661,0.833403,0.120824,0.009409,0.601214,0.6828
1999/11/27 0:00,0.74825,1.8378,0.821288,0.83668,0.120824,0.009453,0.600601,0.6838
1999/11/28 0:00,0.74855,1.83885,0.820311,0.838153,0.120824,0.009451,0.600601,0.68645
1999/11/29 0:00,0.74575,1.8324,0.817628,0.831221,0.120824,0.009399,0.599952,0.6839
1999/11/30 0:00,0.74575,1.8388,0.81586,0.828775,0.120824,0.009418,0.599916,0.6859
1999/12/1 0:00,0.75645,1.849,0.827369,0.838012,0.120824,0.009413,0.600348,0.6908
1999/12/2 0:00,0.75735,1.84315,0.828295,0.84168,0.120824,0.009427,0.604157,0.69065
1999/12/3 0:00,0.76355,1.85475,0.837346,0.849762,0.120824,0.009491,0.604412,0.69385
1999/12/4 0:00,0.75715,1.85455,0.838118,0.845809,0.120824,0.009475,0.605914,0.69135
1999/12/5 0:00,0.76015,1.85535,0.833889,0.844702,0.120824,0.009443,0.604157,0.6882
1999/12/6 0:00,0.75965,1.8459,0.835247,0.845952,0.120824,0.009344,0.603282,0.68455
1999/12/7 0:00,0.76475,1.8428,0.83605,0.84969,0.120824,0.009383,0.6035,0.6875
1999/12/8 0:00,0.76965,1.8563,0.837767,0.85408,0.120824,0.009471,0.60584,0.69395
1999/12/9 0:00,0.76995,1.8475,0.831739,0.84717,0.120824,0.009481,0.605254,0.69745
1999/12/10 0:00,0.77355,1.8541,0.83668,0.851209,0.120824,0.009482,0.605914,0.70095
1999/12/11 0:00,0.78205,1.8583,0.837661,0.859882,0.120824,0.00961,0.607644,0.70835
1999/12/12 0:00,0.77615,1.85035,0.830013,0.854336,0.120824,0.009597,0.605583,0.70275
1999/12/13 0:00,0.78425,1.85885,0.83949,0.861883,0.120824,0.009702,0.607533,0.71055
1999/12/14 0:00,0.78255,1.85785,0.842957,0.859513,0.120824,0.009685,0.607977,0.7094
1999/12/15 0:00,0.78605,1.8683,0.843561,0.863968,0.120824,0.009667,0.608754,0.70965
1999/12/16 0:00,0.78604,1.86846,0.843526,0.864006,0.120824,0.009667,0.608754,0.709673
1999/12/17 0:00,0.79305,1.8921,0.849834,0.877655,0.120824,0.00975,0.610054,0.71765
1999/12/18 0:00,0.78935,1.8925,0.848716,0.877039,0.120824,0.009744,0.611284,0.71675
1999/12/19 0:00,0.77695,1.8903,0.842247,0.875235,0.120824,0.009697,0.609236,0.7136
1999/12/20 0:00,0.77655,1.91155,0.841751,0.879044,0.120824,0.009734,0.611621,0.71855
1999/12/21 0:00,0.77675,1.9326,0.844737,0.876578,0.120824,0.009739,0.613046,0.71745
1999/12/22 0:00,0.77505,1.92275,0.838469,0.868659,0.120824,0.009691,0.610203,0.71595
1999/12/23 0:00,0.78165,1.94355,0.839631,0.883509,0.120824,0.0098,0.61207,0.721
1999/12/24 0:00,0.77725,1.9423,0.83462,0.878735,0.120824,0.009731,0.611733,0.72345
1999/12/25 0:00,0.77445,1.9456,0.828569,0.876732,0.120824,0.00972,0.611378,0.7184
1999/12/26 0:00,0.75775,1.9334,0.822639,0.870095,0.120824,0.009606,0.607792,0.7152
1999/12/27 0:00,0.75435,1.9272,0.819303,0.870095,0.120824,0.009564,0.60698,0.70985
1999/12/28 0:00,0.74965,1.91135,0.816127,0.860511,0.120824,0.009494,0.604558,0.70185
1999/12/29 0:00,0.75865,1.9254,0.814531,0.867002,0.120824,0.009537,0.607017,0.7096
1999/12/30 0:00,0.75665,1.9287,0.809553,0.866476,0.120824,0.009475,0.605657,0.70915
1999/12/31 0:00,0.76225,1.9408,0.812117,0.875925,0.120824,0.009579,0.609775,0.7163
2000/1/1 0:00,0.75625,1.9318,0.810143,0.862627,0.120824,0.009544,0.606907,0.70975
2000/1/2 0:00,0.76485,1.9399,0.81357,0.865276,0.120824,0.009576,0.607718,0.71535
2000/1/3 0:00,0.764877,1.939864,0.813537,0.865276,0.120824,0.009576,0.607718,0.715359
2000/1/4 0:00,0.76535,1.9263,0.812414,0.866852,0.120824,0.009578,0.609645,0.71045
2000/1/5 0:00,0.76385,1.9137,0.805348,0.86734,0.120824,0.009594,0.609515,0.71195
2000/1/6 0:00,0.76665,1.92225,0.811227,0.874241,0.120824,0.009649,0.610612,0.7134
2000/1/7 0:00,0.77955,1.9325,0.822402,0.883392,0.120824,0.009679,0.611546,0.71955
2000/1/8 0:00,0.77385,1.9181,0.82481,0.882106,0.120824,0.009629,0.610352,0.71355
2000/1/9 0:00,0.77385,1.918101,0.916456,0.980075,0.134249,0.010699,0.678168,0.713552
2000/1/10 0:00,0.77945,1.9044,0.828157,0.871346,0.120824,0.009733,0.610128,0.7142
2000/1/11 0:00,0.76545,1.8819,0.817895,0.855615,0.120824,0.009557,0.605877,0.7021
2000/1/12 0:00,0.76485,1.88115,0.813703,0.852842,0.120824,0.009589,0.606575,0.70075
2000/1/13 0:00,0.76185,1.8752,0.811655,0.851245,0.120824,0.009553,0.606134,0.698
2000/1/14 0:00,0.76535,1.88615,0.816693,0.854299,0.120824,0.00962,0.608939,0.7041
2000/1/15 0:00,0.75735,1.8711,0.811853,0.844131,0.120824,0.009532,0.606759,0.6943
2000/1/16 0:00,0.75715,1.871,0.810438,0.844131,0.120824,0.009531,0.606061,0.6943
2000/1/17 0:00,0.76005,1.8766,0.817795,0.846955,0.120824,0.00959,0.607866,0.6955
2000/1/18 0:00,0.76275,1.8777,0.821456,0.849546,0.120824,0.009628,0.609013,0.69905
2000/1/19 0:00,0.76415,1.88685,0.831532,0.854701,0.120824,0.009765,0.611845,0.70385
2000/1/20 0:00,0.76665,1.8832,0.830634,0.853643,0.120824,0.009763,0.6141,0.70575
2000/1/21 0:00,0.75885,1.8683,0.823215,0.844416,0.120824,0.009749,0.610724,0.699
2000/1/22 0:00,0.75875,1.87035,0.820042,0.847889,0.120824,0.009799,0.61065,0.69935
2000/1/23 0:00,0.75875,1.8714,0.820042,0.847889,0.120824,0.009799,0.61065,0.6993
2000/1/24 0:00,0.76035,1.8616,0.823181,0.847601,0.120824,0.009802,0.612145,0.6992
2000/1/25 0:00,0.75565,1.86885,0.818733,0.845094,0.120824,0.009746,0.611359,0.6953
2000/1/26 0:00,0.76235,1.8789,0.81823,0.848896,0.120824,0.009796,0.613742,0.70365
2000/1/27 0:00,0.75735,1.86795,0.810045,0.839067,0.120824,0.009719,0.61093,0.70235
2000/1/28 0:00,0.76935,1.8734,0.818766,0.843953,0.120824,0.00974,0.611883,0.71465
2000/1/29 0:00,0.76935,1.8734,0.818766,0.843953,0.120824,0.00974,0.611883,0.71465
2000/1/30 0:00,0.76935,1.87975,0.817361,0.845594,0.120824,0.009729,0.61222,0.7143
2000/1/31 0:00,0.76745,1.87325,0.809881,0.843384,0.120824,0.009649,0.610575,0.71325
2000/2/1 0:00,0.77385,1.88065,0.812117,0.842247,0.120824,0.009694,0.612257,0.71735
2000/2/2 0:00,0.77375,1.8826,0.806224,0.841715,0.120824,0.009677,0.611883,0.71365
2000/2/3 0:00,0.7748,1.88855,0.804829,0.843312,0.120824,0.009682,0.612033,0.7125
2000/2/4 0:00,0.7748,1.88855,0.804829,0.843312,0.120824,0.009682,0.612033,0.7125
2000/2/5 0:00,0.77525,1.8823,0.805737,0.840972,0.120824,0.009651,0.610762,0.71025
2000/2/6 0:00,0.77085,1.88,0.804699,0.837802,0.120824,0.009621,0.609385,0.70945
2000/2/7 0:00,0.77515,1.8881,0.80952,0.842105,0.120824,0.009656,0.611583,0.71255
2000/2/8 0:00,0.77075,1.8808,0.804991,0.83129,0.120824,0.009556,0.610016,0.71115
2000/2/9 0:00,0.77125,1.873,0.800256,0.824097,0.120824,0.009611,0.613215,0.7104
2000/2/10 0:00,0.7725,1.873,0.80457,0.830048,0.120824,0.009613,0.613346,0.7123
2000/2/11 0:00,0.77075,1.86855,0.797512,0.823181,0.120824,0.009564,0.610054,0.7047
2000/2/12 0:00,0.76375,1.8547,0.796813,0.818364,0.120824,0.009454,0.606649,0.69915
2000/2/13 0:00,0.76595,1.8574,0.799808,0.818498,0.120824,0.00945,0.606061,0.6993
2000/2/14 0:00,0.77645,1.8582,0.799265,0.821423,0.120824,0.009402,0.60361,0.7054
2000/2/15 0:00,0.78355,1.86545,0.80551,0.827198,0.120824,0.009456,0.605583,0.71295
2000/2/16 0:00,0.7852,1.8685,0.809651,0.82481,0.120824,0.009454,0.606134,0.7128
2000/2/17 0:00,0.7852,1.8685,0.809651,0.82481,0.120824,0.009454,0.606134,0.7128
2000/2/18 0:00,0.78835,1.8889,0.81126,0.835143,0.120824,0.009531,0.609199,0.71735
2000/2/19 0:00,0.78655,1.8903,0.812117,0.839384,0.120824,0.009546,0.610314,0.71605
2000/2/20 0:00,0.78265,1.8788,0.809848,0.840619,0.120824,0.009502,0.608865,0.71325
2000/2/21 0:00,0.78555,1.8849,0.809127,0.840866,0.120824,0.009455,0.608754,0.7161
2000/2/22 0:00,0.79025,1.89455,0.811754,0.844737,0.120824,0.009466,0.610389,0.72355
2000/2/23 0:00,0.78925,1.8966,0.81057,0.845881,0.120824,0.009471,0.610538,0.7251
2000/2/24 0:00,0.79435,1.9109,0.81636,0.863111,0.120824,0.009609,0.615044,0.728
2000/2/25 0:00,0.79215,1.91075,0.811952,0.859845,0.120824,0.009552,0.614968,0.72725
2000/2/26 0:00,0.78785,1.9098,0.803084,0.860289,0.120824,0.009523,0.6141,0.72355
2000/2/27 0:00,0.78335,1.91235,0.804117,0.855432,0.120824,0.009505,0.611939,0.7194
2000/2/28 0:00,0.78665,1.91875,0.807755,0.858259,0.120824,0.009494,0.612595,0.7223
2000/2/29 0:00,0.78665,1.919,0.807396,0.858369,0.120824,0.009494,0.612595,0.7223
2000/3/1 0:00,0.793,1.92385,0.8141,0.862813,0.120824,0.009596,0.614817,0.72965
2000/3/2 0:00,0.78175,1.91705,0.804343,0.855469,0.120824,0.009561,0.615385,0.7239
2000/3/3 0:00,0.78165,1.9104,0.804635,0.849907,0.120824,0.009537,0.614364,0.7249
2000/3/4 0:00,0.7814,1.9072,0.802472,0.848356,0.120824,0.009521,0.614723,0.72685
2000/3/5 0:00,0.78825,1.91365,0.807168,0.850159,0.120824,0.009507,0.614024,0.73105
2000/3/6 0:00,0.79085,1.923,0.810866,0.855688,0.120824,0.009547,0.614137,0.7328
2000/3/7 0:00,0.79065,1.923,0.810866,0.855286,0.120824,0.009544,0.614137,0.7328
2000/3/8 0:00,0.79065,1.9118,0.809913,0.849546,0.120824,0.009492,0.614364,0.73455
2000/3/9 0:00,0.79705,1.9239,0.819706,0.855615,0.120824,0.009549,0.616257,0.73875
2000/3/10 0:00,0.79235,1.92135,0.825525,0.858885,0.120824,0.009596,0.617208,0.73335
2000/3/11 0:00,0.79015,1.9235,0.830082,0.867077,0.120824,0.009597,0.616599,0.73805
2000/3/12 0:00,0.78985,1.92095,0.82573,0.864865,0.120824,0.009596,0.616941,0.7378
2000/3/13 0:00,0.79395,1.9261,0.830323,0.868885,0.120824,0.009606,0.617627,0.741
2000/3/14 0:00,0.79485,1.92525,0.829291,0.870398,0.120824,0.009635,0.617551,0.73975
2000/3/15 0:00,0.78785,1.91775,0.830186,0.863782,0.120824,0.009553,0.616637,0.73855
2000/3/16 0:00,0.79055,1.9157,0.830668,0.858922,0.120824,0.009581,0.616295,0.74165
2000/3/17 0:00,0.79335,1.92535,0.831359,0.867152,0.120824,0.009602,0.617208,0.7444
2000/3/18 0:00,0.79115,1.91955,0.828192,0.862627,0.120824,0.009537,0.61546,0.74235
2000/3/19 0:00,0.79095,1.9139,0.828706,0.857008,0.120824,0.009534,0.614515,0.7404
2000/3/20 0:00,0.79485,1.92225,0.833403,0.859107,0.120824,0.009545,0.614893,0.7449
2000/3/21 0:00,0.79485,1.92225,0.832778,0.859107,0.120824,0.009545,0.614893,0.7449
2000/3/22 0:00,0.78755,1.8993,0.825287,0.849473,0.120824,0.009499,0.613422,0.7384
2000/3/23 0:00,0.79125,1.9,0.832778,0.850521,0.120824,0.009524,0.611771,0.73895
2000/3/24 0:00,0.77525,1.8737,0.822774,0.837872,0.120824,0.009466,0.609756,0.72175
2000/3/25 0:00,0.77245,1.8715,0.82203,0.835736,0.120824,0.009407,0.608088,0.7154
2000/3/26 0:00,0.77175,1.87,0.821862,0.833542,0.120824,0.009401,0.608384,0.71325
2000/3/27 0:00,0.77155,1.87065,0.82149,0.833403,0.120824,0.009402,0.608421,0.7141
2000/3/28 0:00,0.77155,1.87065,0.821862,0.833403,0.120824,0.009402,0.608421,0.7141
2000/3/29 0:00,0.76985,1.86565,0.817728,0.829187,0.120824,0.009348,0.605547,0.7087
2000/3/30 0:00,0.77185,1.87365,0.82447,0.830841,0.120824,0.009308,0.605217,0.71125
2000/3/31 0:00,0.77275,1.8831,0.822098,0.83675,0.120824,0.009312,0.605694,0.70975
2000/4/1 0:00,0.77335,1.8892,0.827027,0.838153,0.120824,0.009344,0.606244,0.7134
2000/4/2 0:00,0.77255,1.88445,0.823316,0.832362,0.120824,0.009321,0.603173,0.71
2000/4/3 0:00,0.769,1.88145,0.823384,0.828981,0.120824,0.009324,0.603318,0.7082
2000/4/4 0:00,0.77115,1.88155,0.824266,0.830461,0.120824,0.009324,0.603318,0.711
2000/4/5 0:00,0.76655,1.8722,0.818967,0.825151,0.120824,0.009225,0.599916,0.705
2000/4/6 0:00,0.76715,1.8777,0.819941,0.827643,0.120824,0.009224,0.601757,0.70845
2000/4/7 0:00,0.76475,1.8775,0.816993,0.828913,0.120824,0.009199,0.601721,0.71125
2000/4/8 0:00,0.76845,1.876,0.818967,0.831947,0.120824,0.009224,0.60361,0.71545
2000/4/9 0:00,0.76905,1.8746,0.813868,0.8296,0.120824,0.009205,0.603173,0.7144
2000/4/10 0:00,0.77215,1.88605,0.813173,0.835317,0.120824,0.009231,0.604778,0.7165
2000/4/11 0:00,0.77215,1.88605,0.818532,0.835317,0.120824,0.009231,0.604778,0.7165
2000/4/12 0:00,0.77395,1.8887,0.810077,0.835561,0.120824,0.009267,0.606024,0.7199
2000/4/13 0:00,0.77255,1.8845,0.805867,0.830979,0.120824,0.009236,0.606061,0.71825
2000/4/14 0:00,0.77815,1.89405,0.807852,0.833125,0.120824,0.009316,0.608347,0.7263
2000/4/15 0:00,0.77195,1.8806,0.805023,0.823249,0.120824,0.009242,0.603974,0.7217
2000/4/16 0:00,0.77085,1.8933,0.80538,0.832848,0.120824,0.009298,0.603901,0.7176
2000/4/17 0:00,0.76835,1.8934,0.806484,0.833264,0.120824,0.00928,0.603865,0.7161
2000/4/18 0:00,0.76825,1.89305,0.805315,0.833264,0.120824,0.009295,0.603865,0.7161
2000/4/19 0:00,0.76485,1.9029,0.801603,0.841326,0.120824,0.009301,0.604084,0.7147
2000/4/20 0:00,0.76975,1.9173,0.805575,0.844737,0.120824,0.009344,0.605694,0.72055
2000/4/21 0:00,0.77525,1.9195,0.805477,0.849473,0.120824,0.009352,0.607423,0.7272
2000/4/22 0:00,0.77705,1.9132,0.808375,0.85034,0.120824,0.009342,0.606575,0.7288
2000/4/23 0:00,0.78315,1.9161,0.810833,0.847099,0.120824,0.009448,0.607349,0.7328
2000/4/24 0:00,0.78135,1.91585,0.810833,0.847242,0.120824,0.009445,0.606943,0.73115
2000/4/25 0:00,0.78135,1.91585,0.810767,0.847242,0.120824,0.009445,0.606943,0.73115
2000/4/26 0:00,0.77815,1.9102,0.806907,0.840124,0.120824,0.009457,0.607312,0.7285
2000/4/27 0:00,0.77715,1.904,0.802729,0.840124,0.120824,0.00943,0.60687,0.7228
2000/4/28 0:00,0.77705,1.90665,0.8026,0.840902,0.120824,0.009445,0.607275,0.72275
2000/4/29 0:00,0.77925,1.90925,0.799456,0.838891,0.120824,0.009438,0.60746,0.7285
2000/4/30 0:00,0.78195,1.9102,0.795862,0.839701,0.120824,0.009536,0.61192,0.73245
2000/5/1 0:00,0.78055,1.9085,0.795735,0.836645,0.120824,0.009543,0.610612,0.7325
2000/5/2 0:00,0.78055,1.9085,0.793934,0.836645,0.120824,0.009543,0.610612,0.7325
2000/5/3 0:00,0.77945,1.89415,0.79526,0.833472,0.120824,0.009517,0.610612,0.7285
2000/5/4 0:00,0.77435,1.89215,0.797703,0.834411,0.120824,0.009525,0.610128,0.72635
2000/5/5 0:00,0.77845,1.9011,0.800352,0.84023,0.120824,0.009595,0.611621,0.73245
2000/5/6 0:00,0.78135,1.9042,0.803374,0.835771,0.120824,0.009571,0.611135,0.7351
2000/5/7 0:00,0.77595,1.8925,0.803245,0.828638,0.120824,0.00954,0.609088,0.73285
2000/5/8 0:00,0.77525,1.8913,0.805283,0.829359,0.120824,0.009522,0.609607,0.7328
2000/5/9 0:00,0.7763,1.8913,0.804246,0.829359,0.120824,0.009522,0.609607,0.7322
2000/5/10 0:00,0.77305,1.8828,0.808048,0.828878,0.120824,0.009469,0.608236,0.7301
2000/5/11 0:00,0.77555,1.8824,0.808179,0.83212,0.120824,0.009469,0.60831,0.73075
2000/5/12 0:00,0.77565,1.875,0.801539,0.830358,0.120824,0.009465,0.608143,0.73115
2000/5/13 0:00,0.76805,1.8647,0.800096,0.822944,0.120824,0.009375,0.604997,0.7196
2000/5/14 0:00,0.76265,1.8545,0.792801,0.818163,0.120824,0.00934,0.603537,0.71305
2000/5/15 0:00,0.7608,1.8509,0.790326,0.817929,0.120824,0.009314,0.603136,0.7123
2000/5/16 0:00,0.76135,1.84945,0.789422,0.816993,0.120824,0.00931,0.603136,0.71285
2000/5/17 0:00,0.75695,1.83535,0.787061,0.817327,0.120824,0.009336,0.603355,0.70775
2000/5/18 0:00,0.75705,1.83945,0.78911,0.818867,0.120824,0.009328,0.604047,0.70895
2000/5/19 0:00,0.75795,1.836,0.79255,0.818833,0.120824,0.009336,0.605547,0.71045
2000/5/20 0:00,0.75785,1.83665,0.791609,0.817528,0.120824,0.009299,0.60381,0.71165
2000/5/21 0:00,0.75465,1.8251,0.791077,0.809946,0.120824,0.009251,0.601576,0.70735
2000/5/22 0:00,0.755,1.8268,0.790733,0.811392,0.120824,0.009246,0.601685,0.7081
2000/5/23 0:00,0.75585,1.8273,0.79321,0.810668,0.120824,0.009247,0.601214,0.7094
2000/5/24 0:00,0.75915,1.8288,0.795577,0.812513,0.120824,0.009285,0.6027,0.70935
2000/5/25 0:00,0.76195,1.82795,0.793651,0.813041,0.120824,0.009296,0.604485,0.71315
2000/5/26 0:00,0.76295,1.8321,0.790639,0.816193,0.120824,0.009282,0.603391,0.71415
2000/5/27 0:00,0.76035,1.8225,0.788955,0.810012,0.120824,0.009261,0.602228,0.7117
2000/5/28 0:00,0.76125,1.8226,0.79233,0.810143,0.120824,0.009255,0.602609,0.7137
2000/5/29 0:00,0.76305,1.8242,0.794786,0.812612,0.120824,0.009259,0.602555,0.71505
2000/5/30 0:00,0.76315,1.82495,0.795925,0.812942,0.120824,0.009259,0.602555,0.71505
2000/5/31 0:00,0.76115,1.8235,0.795925,0.807233,0.120824,0.009266,0.601938,0.7123
2000/6/1 0:00,0.75755,1.8224,0.797894,0.802955,0.120824,0.009264,0.601214,0.7059
2000/6/2 0:00,0.75065,1.81445,0.801796,0.79869,0.120824,0.009234,0.597425,0.7013
2000/6/3 0:00,0.75495,1.81765,0.801828,0.800576,0.120824,0.00924,0.598372,0.70135
2000/6/4 0:00,0.75665,1.81575,0.802375,0.798977,0.120824,0.009286,0.600384,0.70245
2000/6/5 0:00,0.7548,1.81495,0.804182,0.795229,0.120824,0.009266,0.598802,0.6997
2000/6/6 0:00,0.7548,1.81595,0.802343,0.795165,0.120824,0.009262,0.598802,0.6997
2000/6/7 0:00,0.76555,1.81955,0.803632,0.801507,0.120824,0.009369,0.601757,0.70875
2000/6/8 0:00,0.76815,1.8299,0.800833,0.801571,0.120824,0.009373,0.601993,0.71385
2000/6/9 0:00,0.76955,1.83825,0.803052,0.8036,0.120824,0.009364,0.602773,0.7161
2000/6/10 0:00,0.76735,1.81955,0.795703,0.796083,0.120824,0.009285,0.600709,0.71215
2000/6/11 0:00,0.76165,1.81135,0.800416,0.788426,0.120824,0.009209,0.598731,0.70705
2000/6/12 0:00,0.76145,1.81255,0.798244,0.788364,0.120824,0.0092,0.598337,0.7095
2000/6/13 0:00,0.76105,1.80175,0.794881,0.782442,0.120824,0.009125,0.594513,0.7043
2000/6/14 0:00,0.76535,1.80595,0.795608,0.782503,0.120824,0.009145,0.596588,0.70935
2000/6/15 0:00,0.76725,1.8184,0.806387,0.785855,0.120824,0.009138,0.59755,0.71075
2000/6/16 0:00,0.77275,1.81975,0.807396,0.784314,0.120824,0.009167,0.596908,0.71555
2000/6/17 0:00,0.77655,1.8238,0.809684,0.79092,0.120824,0.009177,0.598176,0.7163
2000/6/18 0:00,0.7776,1.83265,0.814531,0.796622,0.120824,0.00921,0.599125,0.7173
2000/6/19 0:00,0.7776,1.83265,0.810176,0.796622,0.120824,0.00921,0.599125,0.7153
2000/6/20 0:00,0.77575,1.824,0.811293,0.785731,0.120824,0.009135,0.596872,0.71435
2000/6/21 0:00,0.77745,1.82655,0.812282,0.787371,0.120824,0.009224,0.598569,0.71545
2000/6/22 0:00,0.77875,1.8219,0.808898,0.786782,0.120824,0.009189,0.598229,0.71635
2000/6/23 0:00,0.7727,1.819,0.810668,0.783269,0.120824,0.009186,0.59839,0.7074
2000/6/24 0:00,0.76685,1.8207,0.8108,0.783883,0.120824,0.009149,0.597015,0.70435
2000/6/25 0:00,0.76925,1.82315,0.810964,0.784714,0.120824,0.009155,0.596801,0.70595
2000/6/26 0:00,0.76975,1.8283,0.812315,0.789141,0.120824,0.009143,0.596552,0.7079
2000/6/27 0:00,0.76625,1.8174,0.812282,0.782075,0.120824,0.00911,0.594495,0.70145
2000/6/28 0:00,0.76305,1.8055,0.817361,0.781769,0.120824,0.009075,0.593507,0.6992
2000/6/29 0:00,0.76005,1.786,0.814531,0.777847,0.120824,0.009006,0.593401,0.69195
2000/6/30 0:00,0.75235,1.7718,0.805899,0.772141,0.120824,0.008958,0.591226,0.6843
2000/7/1 0:00,0.75195,1.7686,0.80525,0.771248,0.120824,0.008947,0.59011,0.6835
2000/7/2 0:00,0.75205,1.76755,0.804214,0.770713,0.120824,0.008949,0.590284,0.68315
2000/7/3 0:00,0.75055,1.76075,0.804959,0.767489,0.120824,0.008961,0.590423,0.68
2000/7/4 0:00,0.74085,1.75345,0.803374,0.76643,0.120824,0.008941,0.589258,0.67535
2000/7/5 0:00,0.74295,1.75835,0.809192,0.767931,0.120824,0.008943,0.589518,0.67635
2000/7/6 0:00,0.74245,1.7365,0.819941,0.768167,0.120824,0.008914,0.588097,0.6733
2000/7/7 0:00,0.74195,1.73775,0.81823,0.770001,0.120824,0.008913,0.588132,0.6735
2000/7/8 0:00,0.74195,1.73775,0.821659,0.770001,0.120824,0.008907,0.588132,0.6735
2000/7/9 0:00,0.75605,1.773364,0.829944,0.783914,0.120824,0.009018,0.592768,0.6851
2000/7/10 0:00,0.74785,1.75295,0.827815,0.774653,0.120824,0.008911,0.59004,0.679306
2000/7/11 0:00,0.75325,1.76075,0.827301,0.775855,0.120824,0.008919,0.592031,0.67685
2000/7/12 0:00,0.74995,1.7542,0.82122,0.77226,0.120824,0.008911,0.592312,0.67435
2000/7/13 0:00,0.74845,1.7504,0.819303,0.770654,0.120824,0.008907,0.592452,0.67315
2000/7/14 0:00,0.75365,1.748,0.822098,0.772648,0.120824,0.008933,0.593261,0.67725
2000/7/15 0:00,0.74955,1.7387,0.820076,0.766283,0.120824,0.008852,0.591244,0.6739
2000/7/16 0:00,0.75335,1.72965,0.81706,0.768669,0.120824,0.008793,0.591209,0.67405
2000/7/17 0:00,0.76325,1.7469,0.821997,0.776337,0.120824,0.009042,0.604376,0.6844
2000/7/18 0:00,0.76695,1.7434,0.822335,0.774533,0.123288,0.009015,0.603209,0.68725
2000/7/19 0:00,0.7652,1.74115,0.820244,0.771605,0.123288,0.008981,0.6027,0.6864
2000/7/20 0:00,0.7652,1.74115,0.822166,0.771605,0.123288,0.008981,0.6027,0.6864
2000/7/21 0:00,0.76225,1.7425,0.820446,0.770416,0.123282,0.00895,0.601594,0.68305
2000/7/22 0:00,0.75865,1.74285,0.813041,0.770119,0.123306,0.008915,0.599467,0.6829
2000/7/23 0:00,0.75485,1.7423,0.808734,0.770001,0.123262,0.008898,0.600132,0.67935
2000/7/24 0:00,0.75615,1.7516,0.809029,0.773664,0.123335,0.00889,0.59988,0.68085
2000/7/25 0:00,0.7591,1.75805,0.814764,0.776578,0.123371,0.008903,0.60192,0.6831
2000/7/26 0:00,0.75665,1.7583,0.817595,0.777001,0.123371,0.008892,0.601034,0.6803
2000/7/27 0:00,0.76095,1.769,0.823893,0.782503,0.123387,0.008913,0.602555,0.68395
2000/7/28 0:00,0.7651,1.77125,0.827027,0.784283,0.123408,0.008987,0.604431,0.6879
2000/7/29 0:00,0.77105,1.78065,0.824063,0.791766,0.123379,0.008998,0.605657,0.69145
2000/7/30 0:00,0.77335,1.7798,0.825798,0.794218,0.123416,0.008988,0.605162,0.69165
2000/7/31 0:00,0.7684,1.7759,0.821727,0.790764,0.1234,0.008906,0.604412,0.68975
2000/8/1 0:00,0.76515,1.78735,0.824674,0.793399,0.12332,0.008946,0.605089,0.69295
2000/8/2 0:00,0.7605,1.784,0.823282,0.793179,0.12335,0.008929,0.604485,0.6914
2000/8/3 0:00,0.76465,1.7955,0.825662,0.79526,0.123362,0.009049,0.607607,0.69505
2000/8/4 0:00,0.77375,1.80725,0.832154,0.800384,0.123454,0.009093,0.606796,0.7047
2000/8/5 0:00,0.77225,1.81435,0.837346,0.801314,0.123487,0.009136,0.60573,0.70675
2000/8/6 0:00,0.77185,1.8148,0.835561,0.801667,0.123487,0.009142,0.603355,0.70825
2000/8/7 0:00,0.7725,1.81455,0.834516,0.80186,0.123487,0.009142,0.603355,0.7076
2000/8/8 0:00,0.76835,1.8105,0.833264,0.796622,0.123501,0.009146,0.603355,0.7057
2000/8/9 0:00,0.76805,1.8095,0.833889,0.794534,0.123454,0.009149,0.603719,0.70365
2000/8/10 0:00,0.75995,1.80625,0.824198,0.792738,0.123461,0.00911,0.601685,0.70085
2000/8/11 0:00,0.75465,1.79415,0.819706,0.786287,0.123446,0.009046,0.600474,0.69645
2000/8/12 0:00,0.75465,1.80255,0.829463,0.787247,0.123371,0.0091,0.5997,0.6966
2000/8/13 0:00,0.75475,1.7993,0.834899,0.785114,0.123439,0.009095,0.599,0.69635
2000/8/14 0:00,0.75595,1.7989,0.840336,0.790608,0.123449,0.009061,0.597729,0.69605
2000/8/15 0:00,0.75945,1.80485,0.841043,0.794976,0.123454,0.009095,0.598337,0.69895
2000/8/16 0:00,0.75815,1.8071,0.835876,0.797639,0.12351,0.009112,0.598015,0.69715
2000/8/17 0:00,0.75605,1.8003,0.833472,0.79466,0.12351,0.009075,0.597336,0.6951
2000/8/18 0:00,0.75605,1.8003,0.833472,0.79466,0.12351,0.009075,0.597318,0.6951
2000/8/19 0:00,0.75335,1.79995,0.835946,0.792079,0.123527,0.009044,0.594689,0.69465
2000/8/20 0:00,0.74665,1.7832,0.838469,0.786782,0.123498,0.008967,0.593049,0.68785
2000/8/21 0:00,0.75055,1.7974,0.840407,0.793588,0.12346,0.008994,0.593542,0.69205
2000/8/22 0:00,0.76195,1.8296,0.844167,0.808342,0.123535,0.009097,0.596143,0.70425
2000/8/23 0:00,0.76555,1.8393,0.841397,0.813935,0.123556,0.009111,0.598176,0.7062
2000/8/24 0:00,0.76795,1.84375,0.840902,0.810898,0.123556,0.009155,0.597693,0.71025
2000/8/25 0:00,0.76675,1.8422,0.84122,0.808505,0.123585,0.009117,0.596374,0.70755
2000/8/26 0:00,0.76815,1.8396,0.843597,0.806679,0.12359,0.009085,0.595877,0.70575
2000/8/27 0:00,0.77005,1.83915,0.844916,0.80331,0.123571,0.009045,0.595806,0.70435
2000/8/28 0:00,0.77505,1.8417,0.852043,0.805932,0.123541,0.009128,0.597211,0.7078
2000/8/29 0:00,0.773,1.83835,0.850051,0.804182,0.123541,0.009114,0.597407,0.7077
2000/8/30 0:00,0.77475,1.83945,0.849221,0.804311,0.123541,0.009117,0.597407,0.70785
2000/8/31 0:00,0.77155,1.8228,0.843277,0.794913,0.123524,0.0091,0.596178,0.70465
2000/9/1 0:00,0.769,1.82235,0.846024,0.792896,0.123573,0.009036,0.595114,0.70275
2000/9/2 0:00,0.77165,1.8252,0.845559,0.795165,0.123548,0.009072,0.595806,0.70925
2000/9/3 0:00,0.76745,1.80515,0.841503,0.789079,0.123591,0.009054,0.595557,0.7055
2000/9/4 0:00,0.76685,1.8042,0.845809,0.787092,0.123629,0.008987,0.594619,0.70375
2000/9/5 0:00,0.76715,1.80855,0.847027,0.78765,0.123629,0.008986,0.594672,0.7046
2000/9/6 0:00,0.76545,1.8027,0.847422,0.78416,0.123629,0.008977,0.594354,0.7006
2000/9/7 0:00,0.76735,1.80565,0.854117,0.783638,0.123654,0.008992,0.59453,0.70175
2000/9/8 0:00,0.76985,1.8047,0.854518,0.78373,0.123597,0.008971,0.594849,0.7014
2000/9/9 0:00,0.77085,1.81095,0.855395,0.787123,0.123625,0.008992,0.595344,0.69965
2000/9/10 0:00,0.76285,1.7924,0.853461,0.782228,0.123593,0.008958,0.594742,0.69405
2000/9/11 0:00,0.75825,1.7778,0.853279,0.775675,0.123638,0.008915,0.593507,0.68705
2000/9/12 0:00,0.75725,1.77245,0.852551,0.773066,0.123638,0.008903,0.593243,0.68655
2000/9/13 0:00,0.75675,1.77825,0.853315,0.775404,0.123594,0.0089,0.592487,0.68425
2000/9/14 0:00,0.75355,1.76585,0.848428,0.770179,0.123577,0.00881,0.590249,0.6787
2000/9/15 0:00,0.75635,1.76185,0.846274,0.771307,0.123579,0.008822,0.590493,0.6841
2000/9/16 0:00,0.75945,1.7615,0.853679,0.771337,0.12355,0.008841,0.591611,0.69075
2000/9/17 0:00,0.76115,1.7643,0.859771,0.772857,0.123576,0.008811,0.591034,0.69125
2000/9/18 0:00,0.76115,1.76475,0.860104,0.773395,0.123576,0.008812,0.591034,0.6911
2000/9/19 0:00,0.76325,1.7594,0.860104,0.773395,0.123576,0.008748,0.590214,0.691099
2000/9/20 0:00,0.76325,1.7594,0.853388,0.767931,0.123576,0.008748,0.590214,0.69465
2000/9/21 0:00,0.75615,1.76295,0.84538,0.771962,0.123576,0.008777,0.590877,0.69295
2000/9/22 0:00,0.75775,1.77215,0.845023,0.783576,0.123576,0.008806,0.594106,0.6968
2000/9/23 0:00,0.75685,1.75945,0.852043,0.781555,0.123576,0.008787,0.59356,0.696
2000/9/24 0:00,0.75735,1.76085,0.851789,0.782228,0.123576,0.00879,0.594177,0.69565
2000/9/25 0:00,0.7571,1.76065,0.851426,0.78183,0.123576,0.008782,0.594177,0.6956
2000/9/26 0:00,0.75795,1.75225,0.85197,0.777152,0.123646,0.008751,0.593401,0.6973
2000/9/27 0:00,0.75255,1.7463,0.850159,0.775374,0.123664,0.008733,0.591244,0.6919
2000/9/28 0:00,0.75415,1.7518,0.854044,0.777152,0.123641,0.008742,0.591436,0.69605
2000/9/29 0:00,0.74795,1.74855,0.846382,0.770179,0.123617,0.008701,0.590197,0.68985
2000/9/30 0:00,0.75325,1.7666,0.842993,0.778452,0.123661,0.008769,0.592101,0.69495
2000/10/1 0:00,0.75235,1.77025,0.84317,0.77815,0.123661,0.008771,0.592522,0.69665
2000/10/2 0:00,0.75225,1.76975,0.843917,0.77815,0.123661,0.008765,0.592522,0.69665
2000/10/3 0:00,0.751525,1.75465,0.848104,0.774443,0.123616,0.008712,0.591139,0.6974
2000/10/4 0:00,0.74695,1.7482,0.845416,0.767902,0.123657,0.008634,0.589936,0.6951
2000/10/5 0:00,0.74995,1.76245,0.850232,0.772559,0.123606,0.008658,0.589936,0.69795
2000/10/6 0:00,0.75315,1.76975,0.852915,0.773186,0.123585,0.008656,0.59004,0.7007
2000/10/7 0:00,0.74895,1.7744,0.844416,0.777257,0.123614,0.008634,0.589883,0.7001
2000/10/8 0:00,0.74935,1.76925,0.840937,0.773814,0.123614,0.008628,0.589936,0.7002
2000/10/9 0:00,0.74945,1.76885,0.842424,0.773754,0.123614,0.008623,0.58971,0.69965
2000/10/10 0:00,0.74995,1.7691,0.841397,0.776337,0.123632,0.00867,0.590371,0.7018
2000/10/11 0:00,0.755325,1.7859,0.849473,0.783331,0.123585,0.008715,0.591944,0.70455
2000/10/12 0:00,0.75465,1.7767,0.85481,0.78061,0.123608,0.00864,0.590877,0.70295
2000/10/13 0:00,0.75685,1.7831,0.852842,0.785361,0.123672,0.008662,0.592364,0.70665
2000/10/14 0:00,0.75095,1.77665,0.850485,0.782687,0.12368,0.008649,0.590755,0.70465
2000/10/15 0:00,0.7501,1.7736,0.851499,0.782779,0.12368,0.00864,0.591646,0.7037
2000/10/16 0:00,0.74965,1.77325,0.849005,0.78064,0.12368,0.008644,0.591646,0.70345
2000/10/17 0:00,0.74825,1.77145,0.850304,0.775314,0.123713,0.008594,0.590145,0.70065
2000/10/18 0:00,0.744925,1.76415,0.845273,0.774954,0.123693,0.008573,0.589762,0.698
2000/10/19 0:00,0.74075,1.76975,0.846418,0.780229,0.123683,0.008558,0.58957,0.69175
2000/10/20 0:00,0.74105,1.77325,0.846633,0.777635,0.123661,0.008545,0.589206,0.69145
2000/10/21 0:00,0.73445,1.75865,0.85197,0.771248,0.123677,0.008488,0.588547,0.68515
2000/10/22 0:00,0.73315,1.7638,0.853862,0.772977,0.123677,0.008451,0.587717,0.68345
2000/10/23 0:00,0.73305,1.74955,0.844595,0.764555,0.123677,0.008449,0.587596,0.68315
2000/10/24 0:00,0.73085,1.7416,0.840018,0.763927,0.123677,0.008479,0.587959,0.6787
2000/10/25 0:00,0.733225,1.74125,0.839454,0.762704,0.123645,0.008522,0.587579,0.68145
2000/10/26 0:00,0.73335,1.74045,0.840972,0.76063,0.12366,0.008521,0.587717,0.6832
2000/10/27 0:00,0.73245,1.74135,0.841008,0.760572,0.12369,0.008493,0.587786,0.68785
2000/10/28 0:00,0.7326,1.7422,0.840371,0.761876,0.12369,0.00847,0.587234,0.687
2000/10/29 0:00,0.7326,1.74185,0.841326,0.762835,0.12369,0.008489,0.587234,0.68695
2000/10/30 0:00,0.73305,1.7422,0.840124,0.762951,0.12369,0.008476,0.58763,0.68605
2000/10/31 0:00,0.72825,1.73885,0.838012,0.759619,0.123715,0.008419,0.586545,0.68065
2000/11/1 0:00,0.73205,1.7359,0.838399,0.759417,0.123728,0.00841,0.587475,0.68435
2000/11/2 0:00,0.7313,1.71865,0.838118,0.754774,0.123733,0.008402,0.587544,0.68505
2000/11/3 0:00,0.73335,1.72025,0.841609,0.759301,0.123693,0.008418,0.588132,0.68725
2000/11/4 0:00,0.73325,1.71555,0.841255,0.761093,0.123713,0.008396,0.588253,0.6873
2000/11/5 0:00,0.73365,1.71675,0.841078,0.760746,0.123738,0.008391,0.588408,0.68835
2000/11/6 0:00,0.73645,1.7167,0.845559,0.758208,0.123712,0.008405,0.588582,0.68965
2000/11/7 0:00,0.73665,1.7204,0.85168,0.762369,0.123703,0.008414,0.588893,0.69125
2000/11/8 0:00,0.7385,1.72315,0.852769,0.762311,0.123787,0.008421,0.590615,0.69465
2000/11/9 0:00,0.73725,1.7216,0.852697,0.759028,0.123779,0.008383,0.591017,0.6945
2000/11/10 0:00,0.7358,1.71545,0.85317,0.758438,0.123767,0.008358,0.590755,0.69715
2000/11/11 0:00,0.735,1.71545,0.853643,0.757203,0.123767,0.008352,0.590755,0.69705
2000/11/12 0:00,0.7344,1.71285,0.856128,0.757576,0.123767,0.008352,0.589814,0.69665
2000/11/13 0:00,0.74155,1.72855,0.856788,0.765726,0.123749,0.00841,0.591296,0.70395
2000/11/14 0:00,0.73755,1.7165,0.855139,0.760167,0.123793,0.008351,0.590179,0.7005
2000/11/15 0:00,0.74005,1.72955,0.857449,0.760514,0.123793,0.008351,0.591506,0.70435
2000/11/16 0:00,0.74215,1.73265,0.858443,0.758898,0.12379,0.0083,0.591261,0.70525
2000/11/17 0:00,0.74825,1.7336,0.862255,0.758984,0.12379,0.008299,0.591891,0.71275
2000/11/18 0:00,0.74825,1.73345,0.861326,0.760081,0.12379,0.008296,0.592171,0.71275
2000/11/19 0:00,0.74635,1.73205,0.861401,0.758956,0.12379,0.008265,0.591751,0.71375
2000/11/20 0:00,0.75065,1.7409,0.864267,0.764848,0.123775,0.008271,0.593049,0.7179
2000/11/21 0:00,0.75245,1.7414,0.863968,0.766049,0.123818,0.008282,0.593578,0.71475
2000/11/22 0:00,0.74835,1.7352,0.863073,0.761644,0.123831,0.008268,0.593472,0.7034
2000/11/23 0:00,0.74995,1.752,0.863148,0.768965,0.123793,0.008302,0.59393,0.7006
2000/11/24 0:00,0.75005,1.7547,0.866176,0.767902,0.123824,0.008287,0.594195,0.7025
2000/11/25 0:00,0.7522,1.7547,0.863521,0.767872,0.123824,0.008306,0.594195,0.7042
2000/11/26 0:00,0.75,1.75195,0.863483,0.766812,0.123824,0.008278,0.593965,0.70345
2000/11/27 0:00,0.75665,1.7746,0.869074,0.775795,0.123841,0.008341,0.595274,0.71095
2000/11/28 0:00,0.75315,1.76995,0.869792,0.773395,0.123877,0.008333,0.59805,0.7056
2000/11/29 0:00,0.75535,1.77305,0.868508,0.780001,0.123864,0.008523,0.599125,0.70775
2000/11/30 0:00,0.74635,1.76545,0.863744,0.774773,0.123879,0.008633,0.599862,0.69055
2000/12/1 0:00,0.74415,1.7727,0.862032,0.775134,0.12386,0.008646,0.600817,0.69075
2000/12/2 0:00,0.74385,1.7727,0.865464,0.775134,0.12386,0.008646,0.600276,0.69075
2000/12/3 0:00,0.74385,1.772701,0.865464,0.775134,0.12386,0.008646,0.600276,0.69075
2000/12/4 0:00,0.74075,1.7631,0.855249,0.773754,0.12387,0.008615,0.602065,0.68825
2000/12/5 0:00,0.735,1.7556,0.85266,0.764614,0.123873,0.00854,0.600258,0.68305
2000/12/6 0:00,0.734388,1.745181,0.860303,0.765694,0.124323,0.008609,0.601766,0.674799
2000/12/7 0:00,0.73145,1.7382,0.856861,0.762631,0.123826,0.008574,0.599359,0.6721
2000/12/8 0:00,0.72935,1.7342,0.855945,0.761586,0.123879,0.008601,0.600565,0.67365
2000/12/9 0:00,0.72585,1.7292,0.85168,0.760341,0.123848,0.008514,0.599484,0.67245
2000/12/10 0:00,0.72905,1.7196,0.858074,0.760225,0.12391,0.008487,0.599952,0.68135
2000/12/11 0:00,0.7317,1.72445,0.858922,0.760919,0.123925,0.008481,0.600601,0.6835
2000/12/12 0:00,0.73195,1.7204,0.860733,0.759157,0.123913,0.008466,0.601504,0.6825
2000/12/13 0:00,0.73275,1.72105,0.855725,0.760456,0.123913,0.008481,0.601504,0.6827
2000/12/14 0:00,0.73275,1.721049,0.855725,0.760456,0.123913,0.008511,0.601504,0.6827
2000/12/15 0:00,0.74205,1.7479,0.864827,0.776126,0.123937,0.008627,0.606538,0.68625
2000/12/16 0:00,0.74685,1.7581,0.870474,0.783331,0.123946,0.008607,0.607681,0.68735
2000/12/17 0:00,0.7476,1.7557,0.8604,0.783423,0.123982,0.008626,0.607294,0.68655
2000/12/18 0:00,0.7526,1.7692,0.857817,0.786627,0.123985,0.008752,0.611359,0.6907
2000/12/19 0:00,0.75225,1.76555,0.856311,0.782457,0.124006,0.008715,0.611172,0.69315
2000/12/20 0:00,0.749975,1.7637,0.859624,0.780579,0.124,0.008729,0.611714,0.69425
2000/12/21 0:00,0.75485,1.76605,0.86285,0.784745,0.123946,0.008747,0.613855,0.6971
2000/12/22 0:00,0.74995,1.7601,0.86103,0.778089,0.123979,0.008727,0.613648,0.69355
2000/12/23 0:00,0.75515,1.7772,0.862924,0.783269,0.123919,0.008758,0.614439,0.69885
2000/12/24 0:00,0.75535,1.77445,0.862664,0.782564,0.123919,0.008749,0.614439,0.6974
2000/12/25 0:00,0.75765,1.7782,0.862255,0.784991,0.123919,0.00878,0.615347,0.7
2000/12/26 0:00,0.75325,1.76605,0.863707,0.781525,0.123957,0.008688,0.611677,0.69525
2000/12/27 0:00,0.7511,1.76595,0.860511,0.780488,0.123959,0.008641,0.611733,0.6883
2000/12/28 0:00,0.74795,1.76145,0.853497,0.780518,0.123924,0.008676,0.613553,0.68685
2000/12/29 0:00,0.74765,1.7568,0.859254,0.777907,0.123936,0.008654,0.612745,0.68175
2000/12/30 0:00,0.74765,1.77115,0.863483,0.783576,0.124068,0.008649,0.614194,0.67905
2000/12/31 0:00,0.7469,1.77075,0.862329,0.783515,0.124068,0.008643,0.614269,0.6783
2001/1/1 0:00,0.74935,1.77345,0.867039,0.785608,0.124068,0.008681,0.615157,0.68165
2001/1/2 0:00,0.75325,1.7864,0.869452,0.794281,0.124017,0.008737,0.616713,0.68375
2001/1/3 0:00,0.75145,1.7828,0.867228,0.791515,0.124036,0.008678,0.615271,0.68295
2001/1/4 0:00,0.75285,1.78435,0.868432,0.790826,0.124026,0.008637,0.616029,0.68635
2001/1/5 0:00,0.75265,1.7812,0.870133,0.788084,0.124031,0.008598,0.615101,0.68405
2001/1/6 0:00,0.75015,1.7688,0.87036,0.778968,0.124035,0.008545,0.614364,0.6818
2001/1/7 0:00,0.7491,1.76725,0.87222,0.776669,0.124035,0.008494,0.614024,0.682
2001/1/8 0:00,0.75785,1.7782,0.878233,0.781769,0.124035,0.008523,0.616067,0.68775
2001/1/9 0:00,0.75335,1.77575,0.876732,0.776548,0.124035,0.00848,0.613572,0.68535
2001/1/10 0:00,0.75285,1.77815,0.873897,0.777242,0.124035,0.008437,0.611509,0.68985
2001/1/11 0:00,0.74935,1.76255,0.874049,0.772439,0.124035,0.008408,0.61177,0.68785
2001/1/12 0:00,0.7492,1.76255,0.872106,0.772618,0.124034,0.008408,0.611714,0.6863
2001/1/13 0:00,0.7465,1.76055,0.874279,0.772648,0.124131,0.008429,0.614364,0.68375
2001/1/14 0:00,0.74145,1.74685,0.872106,0.768226,0.124113,0.008396,0.613346,0.6814
2001/1/15 0:00,0.741079,1.745977,0.87167,0.767842,0.124051,0.008392,0.61304,0.681059
2001/1/16 0:00,0.73995,1.7412,0.869338,0.769704,0.124146,0.00844,0.612632,0.67615
2001/1/17 0:00,0.740691,1.742943,0.870209,0.770475,0.124271,0.008448,0.613246,0.676827
2001/1/18 0:00,0.73465,1.7443,0.863036,0.765111,0.124222,0.008484,0.615915,0.67805
2001/1/19 0:00,0.7378,1.7443,0.866251,0.765111,0.124222,0.008484,0.614779,0.6791
2001/1/20 0:00,0.73675,1.74325,0.866852,0.764468,0.124222,0.008508,0.614931,0.67815
2001/1/21 0:00,0.73715,1.74215,0.865539,0.764643,0.124276,0.008511,0.613987,0.6747
2001/1/22 0:00,0.741,1.7359,0.866626,0.765199,0.124262,0.008507,0.614175,0.67705
2001/1/23 0:00,0.73835,1.7393,0.863782,0.762311,0.124135,0.008475,0.613234,0.67425
2001/1/24 0:00,0.7413,1.7389,0.864846,0.763417,0.124243,0.008505,0.61207,0.67095
2001/1/25 0:00,0.74005,1.74235,0.870284,0.763709,0.124239,0.008464,0.612314,0.6684
2001/1/26 0:00,0.7383,1.74235,0.868961,0.763417,0.124239,0.00847,0.612314,0.6673
2001/1/27 0:00,0.73855,1.7426,0.868885,0.764029,0.124239,0.008463,0.612783,0.66835
2001/1/28 0:00,0.73965,1.7441,0.872182,0.764468,0.124254,0.008446,0.61361,0.6698
2001/1/29 0:00,0.73855,1.7459,0.871764,0.764584,0.124224,0.00842,0.613346,0.66085
2001/1/30 0:00,0.735608,1.738944,0.86829,0.761538,0.123729,0.008387,0.610903,0.658217
2001/1/31 0:00,0.7402,1.7521,0.867717,0.764117,0.124326,0.008572,0.615271,0.6634
2001/2/1 0:00,0.73795,1.74065,0.869187,0.756744,0.124332,0.008563,0.615082,0.65785
2001/2/2 0:00,0.73755,1.7385,0.876386,0.755629,0.124367,0.008598,0.615972,0.66025
2001/2/3 0:00,0.74315,1.755,0.879314,0.763475,0.124372,0.008641,0.617303,0.66355
2001/2/4 0:00,0.74605,1.749025,0.880824,0.761267,0.124425,0.00862,0.617589,0.66485
2001/2/5 0:00,0.74695,1.7536,0.883002,0.769645,0.124431,0.008618,0.619732,0.6664
2001/2/6 0:00,0.74395,1.753325,0.880941,0.769157,0.124421,0.008581,0.616903,0.66525
2001/2/7 0:00,0.74395,1.753325,0.880941,0.769157,0.124421,0.008581,0.616903,0.66525
2001/2/8 0:00,0.7462,1.758,0.881756,0.773575,0.124421,0.008588,0.617151,0.66625
2001/2/9 0:00,0.74045,1.7496,0.876962,0.77006,0.124425,0.008508,0.61459,0.65685
2001/2/10 0:00,0.73435,1.7374,0.870398,0.761992,0.124341,0.008508,0.612877,0.65045
2001/2/11 0:00,0.732154,1.732203,0.867794,0.759713,0.123969,0.008483,0.611043,0.648504
2001/2/12 0:00,0.735094,1.73916,0.87128,0.762764,0.124467,0.008517,0.613497,0.651109
2001/2/13 0:00,0.73355,1.7357,0.860622,0.761035,0.124234,0.008458,0.61361,0.6462
2001/2/14 0:00,0.73355,1.7357,0.860622,0.761035,0.124234,0.008458,0.61361,0.6462
2001/2/15 0:00,0.73205,1.7278,0.861549,0.760052,0.12427,0.008412,0.614288,0.64285
2001/2/16 0:00,0.73465,1.7352,0.864043,0.76266,0.124216,0.008425,0.615271,0.63765
2001/2/17 0:00,0.73875,1.7465,0.865202,0.767725,0.12427,0.008511,0.616789,0.64245
2001/2/18 0:00,0.73865,1.748,0.865688,0.771664,0.124401,0.008505,0.617589,0.64485
2001/2/19 0:00,0.73775,1.7565,0.867227,0.775795,0.124394,0.008556,0.618353,0.6407
2001/2/20 0:00,0.729,1.7562,0.863483,0.775434,0.124504,0.008626,0.619118,0.6342
2001/2/21 0:00,0.729,1.7564,0.863483,0.775374,0.124504,0.008626,0.619118,0.6342
2001/2/22 0:00,0.72725,1.7551,0.862329,0.774204,0.124504,0.008609,0.618353,0.63165
2001/2/23 0:00,0.71925,1.75345,0.861512,0.772648,0.12451,0.008588,0.619003,0.6237
2001/2/24 0:00,0.71865,1.74735,0.858406,0.768787,0.124564,0.008525,0.617627,0.62425
2001/2/25 0:00,0.71915,1.74635,0.85789,0.765931,0.124552,0.008552,0.61862,0.6268
2001/2/26 0:00,0.71105,1.73395,0.85767,0.759474,0.124558,0.008485,0.616865,0.6148
2001/2/27 0:00,0.70995,1.74335,0.856751,0.762777,0.124535,0.008512,0.61717,0.60845
2001/2/28 0:00,0.70835,1.7437,0.856935,0.76365,0.124535,0.008522,0.618276,0.61005
2001/3/1 0:00,0.70755,1.748,0.855688,0.764438,0.124667,0.008596,0.617971,0.6074
2001/3/2 0:00,0.70565,1.7429,0.85481,0.763854,0.12467,0.008486,0.616257,0.6043
2001/3/3 0:00,0.70865,1.73525,0.853352,0.763563,0.124597,0.008487,0.616941,0.60765
2001/3/4 0:00,0.705827,1.728337,0.849952,0.760521,0.1241,0.008453,0.614483,0.605229
2001/3/5 0:00,0.7149,1.7375,0.856494,0.76646,0.124727,0.008491,0.618774,0.61595
2001/3/6 0:00,0.71615,1.73745,0.857155,0.766518,0.124727,0.00849,0.618869,0.61565
2001/3/7 0:00,0.71685,1.7356,0.855945,0.766284,0.124727,0.008468,0.617932,0.61655
2001/3/8 0:00,0.714175,1.73925,0.853315,0.766401,0.124673,0.008482,0.619118,0.60655
2001/3/9 0:00,0.72305,1.75505,0.85966,0.774533,0.124733,0.00852,0.621697,0.61095
2001/3/10 0:00,0.72645,1.752,0.860844,0.778938,0.124828,0.008504,0.621736,0.61385
2001/3/11 0:00,0.72905,1.7507,0.866063,0.773769,0.124875,0.008491,0.6222,0.61115
2001/3/12 0:00,0.72535,1.7421,0.870436,0.768403,0.124814,0.008453,0.622181,0.60835
2001/3/13 0:00,0.7273,1.7421,0.870246,0.768433,0.124814,0.008453,0.622142,0.60815
2001/3/14 0:00,0.72795,1.74365,0.870663,0.769349,0.124814,0.008466,0.622471,0.60915
2001/3/15 0:00,0.72865,1.74265,0.870587,0.767077,0.1249,0.008435,0.619963,0.6087
2001/3/16 0:00,0.731576,1.749649,0.874084,0.770158,0.125402,0.008469,0.622453,0.611145
2001/3/17 0:00,0.7324,1.75095,0.870322,0.770149,0.124814,0.008439,0.62004,0.62545
2001/3/18 0:00,0.73925,1.7711,0.873134,0.781769,0.124712,0.008481,0.624551,0.62525
2001/3/19 0:00,0.74285,1.7825,0.876924,0.78796,0.124626,0.008549,0.625117,0.6316
